Run,Assay Type,AvgSpotLen,Bases,BioSample,Bytes,Center Name,Consent,DATASTORE filetype,DATASTORE provider,DATASTORE region,Experiment,Instrument,LibraryLayout,LibrarySelection,LibrarySource,Organism,Platform,ReleaseDate,create_date,version,Sample Name,SRA Study,BioProject,Library Name,ENA-FIRST-PUBLIC (run),ENA-LAST-UPDATE (run),Sample_Name,common_name,external_id,INSDC_center_name,INSDC_first_public,INSDC_last_update,INSDC_status,Submitter_Id,INSDC_center_alias,cell_type,ena_first_public,ena_last_update,Collection_Date,geo_loc_name_country,geo_loc_name_country_continent,scientific_name,geographic_location_(country_and/or_sea),tissue,BREED,sex,BioSampleModel,ENA_first_public,ena_last_update,AGE,dev_stage,replicate,geo_loc_name,isolate,strain,Cultivar,Ecotype,BIOMATERIAL_PROVIDER,source_name,Developmental_Stage,GEO_Accession (exp),treatment,Number_of_samples,sample_type,Animal_age_at_collection,assay_type (exp),experiment_target (exp),experimental_protocol (exp),EXTRACTION_PROTOCOL (exp),Group,health_status_at_collection,library_generation_pcr_product_isolation_protocol (exp),library_generation_protocol (exp),library_preparation_date (exp),library_preparation_location (exp),library_preparation_location_latitude (exp),library_preparation_location_longitude (exp),material,Organism_part,physiological_conditions,preparation_reverse_transcription_protocol (exp),project (exp),project,read_strand (exp),rna_integrity_number (exp),rna_preparation_3_adapter_ligation_protocol (exp),rna_preparation_5_adapter_ligation_protocol (exp),rna_purity_260-230_ratio (exp),rna_purity_260-280_ratio (exp),Sample_ID,sample_storage (exp),sample_storage_processing (exp),sampling_to_preparation_interval (exp),sequencing_date (exp),sequencing_location (exp),sequencing_location_latitude (exp),sequencing_location_longitude (exp),specimen_collection_date,specimen_collection_protocol,submission_description,submission_identifier,submission_title,ngdc_project_id,NGDC_release_date (exp),NGDC_release_date (run),ngdc_release_date,ngdc_sample_id,NGDC_submission_date (exp),NGDC_submission_date (run),batch (run),Label,tissue_type,body_site,isolation_source
SRR8334553,RNA-Seq,302,10947270178,SAMN10605343,4392142409,SOUTHWEST UNIVERSITY OF SCIENCE AND TECHNOLOGY,public,"fastq,run.zq,sra","gs,ncbi,s3","gs.us-east1,ncbi.public,s3.us-east-1",SRX5146039,Illumina HiSeq 2500,PAIRED,cDNA,METATRANSCRIPTOMIC,Bos taurus,ILLUMINA,2018-12-18T00:00:00Z,2018-12-17T22:56:00Z,1,CY-2,SRP173738,PRJNA510475,CY-2,,,,,,,,,,,,,,,,,,,,Testis,cattleyak,male,Model organism or animal,,,12 months,,,,,,,,,,,,,,,,,,,,,,,,,,,,,,,,,,,,,,,,,,,,,,,,,,,,,,,,,,,,,,,,
SRR8335507,RNA-Seq,300,11218038900,SAMN10607402,4126905462,SOUTHWEST UNIVERSITY OF SCIENCE AND TECHNOLOGY,public,"fastq,run.zq,sra","gs,ncbi,s3","gs.us-east1,ncbi.public,s3.us-east-1",SRX5151004,Illumina HiSeq 2500,PAIRED,cDNA,METATRANSCRIPTOMIC,Bos taurus,ILLUMINA,2018-12-18T00:00:00Z,2018-12-18T10:23:00Z,1,CY-3,SRP173780,PRJNA510552,CY-3,,,,,,,,,,,,,,,,,,,,Testis,Cattleyak,male,Model organism or animal,,,12 months,,,,,,,,,,,,,,,,,,,,,,,,,,,,,,,,,,,,,,,,,,,,,,,,,,,,,,,,,,,,,,,,
SRR1045090,FL-cDNA,72,483161328,SAMN02438375,343903017,PSU,public,"fastq,run.zq,sra","gs,ncbi,s3","gs.us-east1,ncbi.public,s3.us-east-1",SRX388838,Illumina Genome Analyzer IIx,PAIRED,cDNA,TRANSCRIPTOMIC,Bos taurus,ILLUMINA,2015-07-22T00:00:00Z,2015-12-09T18:39:00Z,2,Direct cDNA selection of the bovine Y chromosome,SRP033585,PRJNA230872,,,,,,,,,,,,,,,,,USA,North America,,,,,male,,,,"4 days\, 20 days\, 3 months\, 8 months and 2 years","4 days\, 20 days\, 3 months\, 8 months and 2 years",,USA,,,,,,,,,,,Tissue sample,,,,,,,,,,,,,,,,,,,,,,,,,,,,,,,,,,,,,,,,,,,,,,,Direct cDNA selection of the bovine Y chromosome,Testis,,Bovine testicular tissue
SRR8325899,RNA-Seq,302,13236235086,SAMN10600681,5335153381,SOUTHWEST UNIVERSITY OF SCIENCE AND TECHNOLOGY,public,"fastq,run.zq,sra","gs,ncbi,s3","gs.us-east1,ncbi.public,s3.us-east-1",SRX5137716,Illumina HiSeq 2500,PAIRED,cDNA,METATRANSCRIPTOMIC,Bos taurus,ILLUMINA,2018-12-17T00:00:00Z,2018-12-16T08:47:00Z,1,CY-1,SRP173548,PRJNA510232,CY-1,,,,,,,,,,,,,,,,,,,,Testis,cattleyak,male,Model organism or animal,,,12 months,,,,,,,,,,,,,,,,,,,,,,,,,,,,,,,,,,,,,,,,,,,,,,,,,,,,,,,,,,,,,,,,
SRR1000689,RNA-Seq,200,23825610400,SAMN02361203,14740225955,WHITEHEAD INSTITUTE FOR BIOMEDICAL RESEARCH,public,"fastq,sra","gs,ncbi,s3","gs.us-east1,ncbi.public,s3.us-east-1",SRX358238,Illumina HiSeq 2000,PAIRED,unspecified,TRANSCRIPTOMIC,Bos taurus,ILLUMINA,2015-07-22T00:00:00Z,2015-07-22T18:28:00Z,3,bull_testis,SRP030211,PRJNA221163,,,,,,,,,,,,,,,,,USA,North America,,,,Hereford,male,,,,,adult,,USA,L1 Domino 99375,,,,,,,,,,tissue sample,,,,,,,,,,,,,,,,,,,,,,,,,,,,,,,,,,,,,,,,,,,,,,,Domino,testis,testis,
SRR999276,RNA-Seq,108,1229684004,SAMN02361029,798827223,NATIONAL CENTER FOR GENOME RESOURCES,public,"fastq,sra","gs,ncbi,s3","gs.us-east1,ncbi.public,s3.us-east-1",SRX357345,Illumina Genome Analyzer IIx,PAIRED,RANDOM,TRANSCRIPTOMIC,Bos taurus,ILLUMINA,2015-07-22T00:00:00Z,2015-07-28T11:38:00Z,2,sample_id_5006156,SRP030134,,645_2Y_idx5,,,,,,,,,,,,,,,,,,,,Testis,,,,,,,,,,,,,,,,maturity-2 years,,,,,,,,,,,,,,,,,,,,,,,,,,,,,,5006156,,,,,,,,,,,,,,,,,,,,,,,,
SRR999277,RNA-Seq,108,1335693672,SAMN02361029,807709506,NATIONAL CENTER FOR GENOME RESOURCES,public,"fastq,sra","gs,ncbi,s3","gs.us-east1,ncbi.public,s3.us-east-1",SRX357346,Illumina Genome Analyzer IIx,PAIRED,RANDOM,TRANSCRIPTOMIC,Bos taurus,ILLUMINA,2015-07-22T00:00:00Z,2015-07-28T11:34:00Z,2,sample_id_5006156,SRP030134,,645_2Y_idx5,,,,,,,,,,,,,,,,,,,,Testis,,,,,,,,,,,,,,,,maturity-2 years,,,,,,,,,,,,,,,,,,,,,,,,,,,,,,5006156,,,,,,,,,,,,,,,,,,,,,,,,
SRR999278,RNA-Seq,108,764175384,SAMN02361030,501136615,NATIONAL CENTER FOR GENOME RESOURCES,public,"fastq,sra","gs,ncbi,s3","gs.us-east1,ncbi.public,s3.us-east-1",SRX357347,Illumina Genome Analyzer IIx,PAIRED,RANDOM,TRANSCRIPTOMIC,Bos taurus,ILLUMINA,2015-07-22T00:00:00Z,2015-07-28T11:30:00Z,2,sample_id_5006157,SRP030134,,74_8M_idx6,,,,,,,,,,,,,,,,,,,,Testis,,,,,,,,,,,,,,,,puberty-8 months,,,,,,,,,,,,,,,,,,,,,,,,,,,,,,5006157,,,,,,,,,,,,,,,,,,,,,,,,
SRR999279,RNA-Seq,108,839773224,SAMN02361030,514242260,NATIONAL CENTER FOR GENOME RESOURCES,public,"fastq,sra","gs,ncbi,s3","gs.us-east1,ncbi.public,s3.us-east-1",SRX357348,Illumina Genome Analyzer IIx,PAIRED,RANDOM,TRANSCRIPTOMIC,Bos taurus,ILLUMINA,2015-07-22T00:00:00Z,2015-07-28T11:30:00Z,2,sample_id_5006157,SRP030134,,74_8M_idx6,,,,,,,,,,,,,,,,,,,,Testis,,,,,,,,,,,,,,,,puberty-8 months,,,,,,,,,,,,,,,,,,,,,,,,,,,,,,5006157,,,,,,,,,,,,,,,,,,,,,,,,
SRR999280,RNA-Seq,108,1238764968,SAMN02361031,814256096,NATIONAL CENTER FOR GENOME RESOURCES,public,"fastq,sra","gs,ncbi,s3","gs.us-east1,ncbi.public,s3.us-east-1",SRX357349,Illumina Genome Analyzer IIx,PAIRED,RANDOM,TRANSCRIPTOMIC,Bos taurus,ILLUMINA,2015-07-22T00:00:00Z,2015-07-28T11:26:00Z,2,sample_id_5006158,SRP030134,,789_rod_idx7,,,,,,,,,,,,,,,,,,,,Testis,,,,,,,,,,,,,,,,postnatal-20 days,,,,"Total RNA,Total RNA",,,,,,,,,,,,,,,,,,,,,,,,,,5006158,,,,,,,,,,,,,,,,,,,,,,,,
SRR999281,RNA-Seq,108,1356062364,SAMN02361031,837106586,NATIONAL CENTER FOR GENOME RESOURCES,public,"fastq,sra","gs,ncbi,s3","gs.us-east1,ncbi.public,s3.us-east-1",SRX357350,Illumina Genome Analyzer IIx,PAIRED,RANDOM,TRANSCRIPTOMIC,Bos taurus,ILLUMINA,2015-07-22T00:00:00Z,2015-07-28T11:21:00Z,2,sample_id_5006158,SRP030134,,789_rod_idx7,,,,,,,,,,,,,,,,,,,,Testis,,,,,,,,,,,,,,,,postnatal-20 days,,,,"Total RNA,Total RNA",,,,,,,,,,,,,,,,,,,,,,,,,,5006158,,,,,,,,,,,,,,,,,,,,,,,,
ERR11530953,RNA-Seq,302,35514532882,SAMEA113578977,10966885533,ETH ZURICH,public,"sra,fastq,run.zq","ncbi,gs,s3","s3.us-east-1,ncbi.public,gs.us-east1",ERX10935498,Illumina NovaSeq 6000,PAIRED,RANDOM,TRANSCRIPTOMIC,Bos taurus,ILLUMINA,2023-09-16T00:00:00Z,2023-10-05T03:37:00Z,1,SAMEA113578977,ERP131230,PRJEB46995,,2023-06-09,2023-06-09,2023_06_4,cattle,SAMEA113578977,ETH ZURICH,2023-06-08T12:25:07Z,2023-06-08T12:25:07Z,public,2023_06_4,ETH ZURICH,sperm,2023-06-08,2023-06-08,2022,Switzerland,Europe,Bos taurus,Switzerland,,,,,,,,,,,,,,,,,,,,,,,,,,,,,,,,,,,,,,,,,,,,,,,,,,,,,,,,,,,,,,,,,,,,,,,
ERR11530954,RNA-Seq,302,36092227776,SAMEA113578968,11056695487,ETH ZURICH,public,"run.zq,fastq,sra","gs,s3,ncbi","s3.us-east-1,gs.us-east1,ncbi.public",ERX10935499,Illumina NovaSeq 6000,PAIRED,RANDOM,TRANSCRIPTOMIC,Bos taurus,ILLUMINA,2023-09-16T00:00:00Z,2023-09-19T14:51:00Z,1,SAMEA113578968,ERP131230,PRJEB46995,,2023-06-09,2023-06-09,2023_06_11,cattle,SAMEA113578968,ETH ZURICH,2023-06-08T12:25:07Z,2023-06-08T12:25:07Z,public,2023_06_11,ETH ZURICH,sperm,2023-06-08,2023-06-08,2022,Switzerland,Europe,Bos taurus,Switzerland,,,,,,,,,,,,,,,,,,,,,,,,,,,,,,,,,,,,,,,,,,,,,,,,,,,,,,,,,,,,,,,,,,,,,,,
ERR11530955,RNA-Seq,302,39666348852,SAMEA113578967,12123155073,ETH ZURICH,public,"sra,fastq,run.zq","gs,ncbi,s3","s3.us-east-1,gs.us-east1,ncbi.public",ERX10935500,Illumina NovaSeq 6000,PAIRED,RANDOM,TRANSCRIPTOMIC,Bos taurus,ILLUMINA,2023-09-16T00:00:00Z,2023-09-19T15:01:00Z,1,SAMEA113578967,ERP131230,PRJEB46995,,2023-06-09,2023-06-10,2023_06_10,cattle,SAMEA113578967,ETH ZURICH,2023-06-08T12:25:07Z,2023-06-08T12:25:07Z,public,2023_06_10,ETH ZURICH,sperm,2023-06-08,2023-06-08,2022,Switzerland,Europe,Bos taurus,Switzerland,,,,,,,,,,,,,,,,,,,,,,,,,,,,,,,,,,,,,,,,,,,,,,,,,,,,,,,,,,,,,,,,,,,,,,,
ERR11530956,RNA-Seq,302,45692591544,SAMEA113578971,13918047854,ETH ZURICH,public,"sra,fastq,run.zq","s3,gs,ncbi","s3.us-east-1,gs.us-east1,ncbi.public",ERX10935501,Illumina NovaSeq 6000,PAIRED,RANDOM,TRANSCRIPTOMIC,Bos taurus,ILLUMINA,2023-09-16T00:00:00Z,2023-10-05T03:34:00Z,1,SAMEA113578971,ERP131230,PRJEB46995,,2023-06-09,2023-06-09,2023_06_14,cattle,SAMEA113578971,ETH ZURICH,2023-06-08T12:25:07Z,2023-06-08T12:25:07Z,public,2023_06_14,ETH ZURICH,sperm,2023-06-08,2023-06-08,2022,Switzerland,Europe,Bos taurus,Switzerland,,,,,,,,,,,,,,,,,,,,,,,,,,,,,,,,,,,,,,,,,,,,,,,,,,,,,,,,,,,,,,,,,,,,,,,
ERR11530957,RNA-Seq,302,46634804062,SAMEA113578974,14235655396,ETH ZURICH,public,"run.zq,fastq,sra","gs,ncbi,s3","gs.us-east1,s3.us-east-1,ncbi.public",ERX10935502,Illumina NovaSeq 6000,PAIRED,RANDOM,TRANSCRIPTOMIC,Bos taurus,ILLUMINA,2023-09-16T00:00:00Z,2023-09-19T15:04:00Z,1,SAMEA113578974,ERP131230,PRJEB46995,,2023-06-09,2023-06-09,2023_06_1,cattle,SAMEA113578974,ETH ZURICH,2023-06-08T12:25:07Z,2023-06-08T12:25:07Z,public,2023_06_1,ETH ZURICH,sperm,2023-06-08,2023-06-08,2022,Switzerland,Europe,Bos taurus,Switzerland,,,,,,,,,,,,,,,,,,,,,,,,,,,,,,,,,,,,,,,,,,,,,,,,,,,,,,,,,,,,,,,,,,,,,,,
ERR11530958,RNA-Seq,302,39436396086,SAMEA113578982,12123086133,ETH ZURICH,public,"fastq,sra,run.zq","ncbi,s3,gs","ncbi.public,gs.us-east1,s3.us-east-1",ERX10935503,Illumina NovaSeq 6000,PAIRED,RANDOM,TRANSCRIPTOMIC,Bos taurus,ILLUMINA,2023-09-16T00:00:00Z,2023-09-19T15:02:00Z,1,SAMEA113578982,ERP131230,PRJEB46995,,2023-06-09,2023-06-09,2023_06_9,cattle,SAMEA113578982,ETH ZURICH,2023-06-08T12:25:07Z,2023-06-08T12:25:07Z,public,2023_06_9,ETH ZURICH,sperm,2023-06-08,2023-06-08,2022,Switzerland,Europe,Bos taurus,Switzerland,,,,,,,,,,,,,,,,,,,,,,,,,,,,,,,,,,,,,,,,,,,,,,,,,,,,,,,,,,,,,,,,,,,,,,,
ERR11530959,RNA-Seq,302,42579277772,SAMEA113578981,13164713471,ETH ZURICH,public,"run.zq,fastq,sra","s3,gs,ncbi","s3.us-east-1,ncbi.public,gs.us-east1",ERX10935504,Illumina NovaSeq 6000,PAIRED,RANDOM,TRANSCRIPTOMIC,Bos taurus,ILLUMINA,2023-09-16T00:00:00Z,2023-09-19T14:58:00Z,1,SAMEA113578981,ERP131230,PRJEB46995,,2023-06-09,2023-06-09,2023_06_8,cattle,SAMEA113578981,ETH ZURICH,2023-06-08T12:25:07Z,2023-06-08T12:25:07Z,public,2023_06_8,ETH ZURICH,sperm,2023-06-08,2023-06-08,2022,Switzerland,Europe,Bos taurus,Switzerland,,,,,,,,,,,,,,,,,,,,,,,,,,,,,,,,,,,,,,,,,,,,,,,,,,,,,,,,,,,,,,,,,,,,,,,
ERR11530960,RNA-Seq,302,41259042794,SAMEA113578969,12561166259,ETH ZURICH,public,"sra,fastq,run.zq","ncbi,s3,gs","gs.us-east1,ncbi.public,s3.us-east-1",ERX10935505,Illumina NovaSeq 6000,PAIRED,RANDOM,TRANSCRIPTOMIC,Bos taurus,ILLUMINA,2023-09-16T00:00:00Z,2023-09-19T14:59:00Z,1,SAMEA113578969,ERP131230,PRJEB46995,,2023-06-09,2023-06-09,2023_06_12,cattle,SAMEA113578969,ETH ZURICH,2023-06-08T12:25:07Z,2023-06-08T12:25:07Z,public,2023_06_12,ETH ZURICH,sperm,2023-06-08,2023-06-08,2022,Switzerland,Europe,Bos taurus,Switzerland,,,,,,,,,,,,,,,,,,,,,,,,,,,,,,,,,,,,,,,,,,,,,,,,,,,,,,,,,,,,,,,,,,,,,,,
ERR11530961,RNA-Seq,302,46912734964,SAMEA113578973,14447030249,ETH ZURICH,public,"fastq,run.zq,sra","gs,ncbi,s3","s3.us-east-1,ncbi.public,gs.us-east1",ERX10935506,Illumina NovaSeq 6000,PAIRED,RANDOM,TRANSCRIPTOMIC,Bos taurus,ILLUMINA,2023-09-16T00:00:00Z,2023-09-19T15:18:00Z,1,SAMEA113578973,ERP131230,PRJEB46995,,2023-06-09,2023-06-09,2023_06_16,cattle,SAMEA113578973,ETH ZURICH,2023-06-08T12:25:07Z,2023-06-08T12:25:07Z,public,2023_06_16,ETH ZURICH,sperm,2023-06-08,2023-06-08,2022,Switzerland,Europe,Bos taurus,Switzerland,,,,,,,,,,,,,,,,,,,,,,,,,,,,,,,,,,,,,,,,,,,,,,,,,,,,,,,,,,,,,,,,,,,,,,,
ERR11530962,RNA-Seq,302,39548137596,SAMEA113578979,12104932844,ETH ZURICH,public,"sra,fastq,run.zq","ncbi,s3,gs","s3.us-east-1,gs.us-east1,ncbi.public",ERX10935507,Illumina NovaSeq 6000,PAIRED,RANDOM,TRANSCRIPTOMIC,Bos taurus,ILLUMINA,2023-09-16T00:00:00Z,2023-09-19T14:59:00Z,1,SAMEA113578979,ERP131230,PRJEB46995,,2023-06-09,2023-06-09,2023_06_6,cattle,SAMEA113578979,ETH ZURICH,2023-06-08T12:25:07Z,2023-06-08T12:25:07Z,public,2023_06_6,ETH ZURICH,sperm,2023-06-08,2023-06-08,2022,Switzerland,Europe,Bos taurus,Switzerland,,,,,,,,,,,,,,,,,,,,,,,,,,,,,,,,,,,,,,,,,,,,,,,,,,,,,,,,,,,,,,,,,,,,,,,
ERR11530963,RNA-Seq,302,36292143018,SAMEA113578970,11162776547,ETH ZURICH,public,"fastq,run.zq,sra","gs,ncbi,s3","s3.us-east-1,gs.us-east1,ncbi.public",ERX10935508,Illumina NovaSeq 6000,PAIRED,RANDOM,TRANSCRIPTOMIC,Bos taurus,ILLUMINA,2023-09-16T00:00:00Z,2023-10-05T03:15:00Z,1,SAMEA113578970,ERP131230,PRJEB46995,,2023-06-09,2023-06-09,2023_06_13,cattle,SAMEA113578970,ETH ZURICH,2023-06-08T12:25:07Z,2023-06-08T12:25:07Z,public,2023_06_13,ETH ZURICH,sperm,2023-06-08,2023-06-08,2022,Switzerland,Europe,Bos taurus,Switzerland,,,,,,,,,,,,,,,,,,,,,,,,,,,,,,,,,,,,,,,,,,,,,,,,,,,,,,,,,,,,,,,,,,,,,,,
ERR11530964,RNA-Seq,302,43606549798,SAMEA113578975,13330327797,ETH ZURICH,public,"run.zq,sra,fastq","gs,ncbi,s3","ncbi.public,s3.us-east-1,gs.us-east1",ERX10935509,Illumina NovaSeq 6000,PAIRED,RANDOM,TRANSCRIPTOMIC,Bos taurus,ILLUMINA,2023-09-16T00:00:00Z,2023-09-19T15:06:00Z,1,SAMEA113578975,ERP131230,PRJEB46995,,2023-06-09,2023-06-10,2023_06_2,cattle,SAMEA113578975,ETH ZURICH,2023-06-08T12:25:07Z,2023-06-08T12:25:07Z,public,2023_06_2,ETH ZURICH,sperm,2023-06-08,2023-06-08,2022,Switzerland,Europe,Bos taurus,Switzerland,,,,,,,,,,,,,,,,,,,,,,,,,,,,,,,,,,,,,,,,,,,,,,,,,,,,,,,,,,,,,,,,,,,,,,,
ERR11530965,RNA-Seq,302,40249088656,SAMEA113578980,12427311695,ETH ZURICH,public,"fastq,run.zq,sra","ncbi,gs,s3","gs.us-east1,ncbi.public,s3.us-east-1",ERX10935510,Illumina NovaSeq 6000,PAIRED,RANDOM,TRANSCRIPTOMIC,Bos taurus,ILLUMINA,2023-09-16T00:00:00Z,2023-09-19T15:21:00Z,1,SAMEA113578980,ERP131230,PRJEB46995,,2023-06-09,2023-06-10,2023_06_7,cattle,SAMEA113578980,ETH ZURICH,2023-06-08T12:25:07Z,2023-06-08T12:25:07Z,public,2023_06_7,ETH ZURICH,sperm,2023-06-08,2023-06-08,2022,Switzerland,Europe,Bos taurus,Switzerland,,,,,,,,,,,,,,,,,,,,,,,,,,,,,,,,,,,,,,,,,,,,,,,,,,,,,,,,,,,,,,,,,,,,,,,
ERR11530966,RNA-Seq,302,37470676878,SAMEA113578972,11515336165,ETH ZURICH,public,"fastq,sra,run.zq","ncbi,s3,gs","s3.us-east-1,ncbi.public,gs.us-east1",ERX10935511,Illumina NovaSeq 6000,PAIRED,RANDOM,TRANSCRIPTOMIC,Bos taurus,ILLUMINA,2023-09-16T00:00:00Z,2023-09-19T15:09:00Z,1,SAMEA113578972,ERP131230,PRJEB46995,,2023-06-09,2023-06-09,2023_06_15,cattle,SAMEA113578972,ETH ZURICH,2023-06-08T12:25:07Z,2023-06-08T12:25:07Z,public,2023_06_15,ETH ZURICH,sperm,2023-06-08,2023-06-08,2022,Switzerland,Europe,Bos taurus,Switzerland,,,,,,,,,,,,,,,,,,,,,,,,,,,,,,,,,,,,,,,,,,,,,,,,,,,,,,,,,,,,,,,,,,,,,,,
ERR11530967,RNA-Seq,302,41322731272,SAMEA113578976,12790848947,ETH ZURICH,public,"sra,run.zq,fastq","s3,ncbi,gs","ncbi.public,s3.us-east-1,gs.us-east1",ERX10935512,Illumina NovaSeq 6000,PAIRED,RANDOM,TRANSCRIPTOMIC,Bos taurus,ILLUMINA,2023-09-16T00:00:00Z,2023-10-05T03:40:00Z,1,SAMEA113578976,ERP131230,PRJEB46995,,2023-06-09,2023-06-09,2023_06_3,cattle,SAMEA113578976,ETH ZURICH,2023-06-08T12:25:07Z,2023-06-08T12:25:07Z,public,2023_06_3,ETH ZURICH,sperm,2023-06-08,2023-06-08,2022,Switzerland,Europe,Bos taurus,Switzerland,,,,,,,,,,,,,,,,,,,,,,,,,,,,,,,,,,,,,,,,,,,,,,,,,,,,,,,,,,,,,,,,,,,,,,,
ERR11530968,RNA-Seq,302,37251367498,SAMEA113578978,11421132730,ETH ZURICH,public,"fastq,run.zq,sra","s3,gs,ncbi","s3.us-east-1,gs.us-east1,ncbi.public",ERX10935513,Illumina NovaSeq 6000,PAIRED,RANDOM,TRANSCRIPTOMIC,Bos taurus,ILLUMINA,2023-09-16T00:00:00Z,2023-09-19T14:47:00Z,1,SAMEA113578978,ERP131230,PRJEB46995,,2023-06-09,2023-06-09,2023_06_5,cattle,SAMEA113578978,ETH ZURICH,2023-06-08T12:25:07Z,2023-06-08T12:25:07Z,public,2023_06_5,ETH ZURICH,sperm,2023-06-08,2023-06-08,2022,Switzerland,Europe,Bos taurus,Switzerland,,,,,,,,,,,,,,,,,,,,,,,,,,,,,,,,,,,,,,,,,,,,,,,,,,,,,,,,,,,,,,,,,,,,,,,
ERR11559982,RNA-Seq,302,40771901694,SAMEA113601195,12625323191,ETH ZURICH,public,"sra,run.zq,fastq","s3,ncbi,gs","gs.us-east1,s3.us-east-1,ncbi.public",ERX10964210,Illumina NovaSeq 6000,PAIRED,RANDOM,TRANSCRIPTOMIC,Bos taurus,ILLUMINA,2023-09-16T00:00:00Z,2023-09-25T01:20:00Z,1,SAMEA113601195,ERP131230,PRJEB46995,,2023-06-16,2023-06-16,XMM_003_epi,cattle,SAMEA113601195,ETH ZURICH,2023-06-16T12:24:56Z,2023-06-16T12:24:56Z,public,XMM_003_epi,ETH ZURICH,epididymis,2023-06-16,2023-06-16,2022,Switzerland,Europe,Bos taurus,Switzerland,,,,,,,,,,,,,,,,,,,,,,,,,,,,,,,,,,,,,,,,,,,,,,,,,,,,,,,,,,,,,,,,,,,,,,,
ERR11559983,RNA-Seq,302,45760176728,SAMEA113601196,14199638257,ETH ZURICH,public,"fastq,sra,run.zq","ncbi,gs,s3","gs.us-east1,s3.us-east-1,ncbi.public",ERX10964211,Illumina NovaSeq 6000,PAIRED,RANDOM,TRANSCRIPTOMIC,Bos taurus,ILLUMINA,2023-09-16T00:00:00Z,2023-09-25T01:23:00Z,1,SAMEA113601196,ERP131230,PRJEB46995,,2023-06-16,2023-06-16,XMM_004_epi,cattle,SAMEA113601196,ETH ZURICH,2023-06-16T12:24:56Z,2023-06-16T12:24:56Z,public,XMM_004_epi,ETH ZURICH,epididymis,2023-06-16,2023-06-16,2022,Switzerland,Europe,Bos taurus,Switzerland,,,,,,,,,,,,,,,,,,,,,,,,,,,,,,,,,,,,,,,,,,,,,,,,,,,,,,,,,,,,,,,,,,,,,,,
ERR11559984,RNA-Seq,302,43801679246,SAMEA113601197,13464854321,ETH ZURICH,public,"sra,run.zq,fastq","gs,ncbi,s3","gs.us-east1,ncbi.public,s3.us-east-1",ERX10964212,Illumina NovaSeq 6000,PAIRED,RANDOM,TRANSCRIPTOMIC,Bos taurus,ILLUMINA,2023-09-16T00:00:00Z,2023-09-25T01:23:00Z,1,SAMEA113601197,ERP131230,PRJEB46995,,2023-06-16,2023-06-16,XMM_005_epi,cattle,SAMEA113601197,ETH ZURICH,2023-06-16T12:24:56Z,2023-06-16T12:24:56Z,public,XMM_005_epi,ETH ZURICH,epididymis,2023-06-16,2023-06-16,2022,Switzerland,Europe,Bos taurus,Switzerland,,,,,,,,,,,,,,,,,,,,,,,,,,,,,,,,,,,,,,,,,,,,,,,,,,,,,,,,,,,,,,,,,,,,,,,
ERR11559985,RNA-Seq,302,43159645970,SAMEA113601198,13368944776,ETH ZURICH,public,"sra,run.zq,fastq","s3,gs,ncbi","s3.us-east-1,gs.us-east1,ncbi.public",ERX10964213,Illumina NovaSeq 6000,PAIRED,RANDOM,TRANSCRIPTOMIC,Bos taurus,ILLUMINA,2023-09-16T00:00:00Z,2023-10-26T17:10:00Z,1,SAMEA113601198,ERP131230,PRJEB46995,,2023-06-16,2023-06-16,XMM_006_epi,cattle,SAMEA113601198,ETH ZURICH,2023-06-16T12:24:56Z,2023-06-16T12:24:56Z,public,XMM_006_epi,ETH ZURICH,epididymis,2023-06-16,2023-06-16,2022,Switzerland,Europe,Bos taurus,Switzerland,,,,,,,,,,,,,,,,,,,,,,,,,,,,,,,,,,,,,,,,,,,,,,,,,,,,,,,,,,,,,,,,,,,,,,,
ERR11559986,RNA-Seq,302,40338568538,SAMEA113601199,12418902151,ETH ZURICH,public,"run.zq,sra,fastq","s3,ncbi,gs","ncbi.public,gs.us-east1,s3.us-east-1",ERX10964214,Illumina NovaSeq 6000,PAIRED,RANDOM,TRANSCRIPTOMIC,Bos taurus,ILLUMINA,2023-09-16T00:00:00Z,2023-09-25T01:18:00Z,1,SAMEA113601199,ERP131230,PRJEB46995,,2023-06-16,2023-06-16,XMM_007_epi,cattle,SAMEA113601199,ETH ZURICH,2023-06-16T12:24:55Z,2023-06-16T12:24:55Z,public,XMM_007_epi,ETH ZURICH,epididymis,2023-06-16,2023-06-16,2022,Switzerland,Europe,Bos taurus,Switzerland,,,,,,,,,,,,,,,,,,,,,,,,,,,,,,,,,,,,,,,,,,,,,,,,,,,,,,,,,,,,,,,,,,,,,,,
ERR11559987,RNA-Seq,302,45900279964,SAMEA113601200,14478961700,ETH ZURICH,public,"sra,fastq,run.zq","s3,ncbi,gs","gs.us-east1,s3.us-east-1,ncbi.public",ERX10964215,Illumina NovaSeq 6000,PAIRED,RANDOM,TRANSCRIPTOMIC,Bos taurus,ILLUMINA,2023-09-16T00:00:00Z,2023-10-26T18:19:00Z,1,SAMEA113601200,ERP131230,PRJEB46995,,2023-06-16,2023-06-16,XMM_008_epi,cattle,SAMEA113601200,ETH ZURICH,2023-06-16T12:24:55Z,2023-06-16T12:24:55Z,public,XMM_008_epi,ETH ZURICH,epididymis,2023-06-16,2023-06-16,2022,Switzerland,Europe,Bos taurus,Switzerland,,,,,,,,,,,,,,,,,,,,,,,,,,,,,,,,,,,,,,,,,,,,,,,,,,,,,,,,,,,,,,,,,,,,,,,
ERR11559988,RNA-Seq,302,42425034594,SAMEA113601201,13232413352,ETH ZURICH,public,"run.zq,sra,fastq","ncbi,gs,s3","s3.us-east-1,ncbi.public,gs.us-east1",ERX10964216,Illumina NovaSeq 6000,PAIRED,RANDOM,TRANSCRIPTOMIC,Bos taurus,ILLUMINA,2023-09-16T00:00:00Z,2023-09-25T01:23:00Z,1,SAMEA113601201,ERP131230,PRJEB46995,,2023-06-16,2023-06-16,XMM_010_epi,cattle,SAMEA113601201,ETH ZURICH,2023-06-16T12:24:55Z,2023-06-16T12:24:55Z,public,XMM_010_epi,ETH ZURICH,epididymis,2023-06-16,2023-06-16,2022,Switzerland,Europe,Bos taurus,Switzerland,,,,,,,,,,,,,,,,,,,,,,,,,,,,,,,,,,,,,,,,,,,,,,,,,,,,,,,,,,,,,,,,,,,,,,,
ERR11559989,RNA-Seq,302,50482706258,SAMEA113601202,15570470586,ETH ZURICH,public,"run.zq,fastq,sra","gs,ncbi,s3","gs.us-east1,s3.us-east-1,ncbi.public",ERX10964217,Illumina NovaSeq 6000,PAIRED,RANDOM,TRANSCRIPTOMIC,Bos taurus,ILLUMINA,2023-09-16T00:00:00Z,2023-09-25T01:46:00Z,1,SAMEA113601202,ERP131230,PRJEB46995,,2023-06-16,2023-06-16,XMM_011_epi,cattle,SAMEA113601202,ETH ZURICH,2023-06-16T12:24:55Z,2023-06-16T12:24:55Z,public,XMM_011_epi,ETH ZURICH,epididymis,2023-06-16,2023-06-16,2022,Switzerland,Europe,Bos taurus,Switzerland,,,,,,,,,,,,,,,,,,,,,,,,,,,,,,,,,,,,,,,,,,,,,,,,,,,,,,,,,,,,,,,,,,,,,,,
ERR11559990,RNA-Seq,302,42149078168,SAMEA113601203,13010731187,ETH ZURICH,public,"run.zq,sra,fastq","gs,s3,ncbi","s3.us-east-1,ncbi.public,gs.us-east1",ERX10964218,Illumina NovaSeq 6000,PAIRED,RANDOM,TRANSCRIPTOMIC,Bos taurus,ILLUMINA,2023-09-16T00:00:00Z,2023-09-25T01:34:00Z,1,SAMEA113601203,ERP131230,PRJEB46995,,2023-06-16,2023-06-16,XMM_013_epi,cattle,SAMEA113601203,ETH ZURICH,2023-06-16T12:24:55Z,2023-06-16T12:24:55Z,public,XMM_013_epi,ETH ZURICH,epididymis,2023-06-16,2023-06-16,2022,Switzerland,Europe,Bos taurus,Switzerland,,,,,,,,,,,,,,,,,,,,,,,,,,,,,,,,,,,,,,,,,,,,,,,,,,,,,,,,,,,,,,,,,,,,,,,
ERR11559991,RNA-Seq,302,52702339818,SAMEA113601204,16291615139,ETH ZURICH,public,"run.zq,sra,fastq","s3,ncbi,gs","gs.us-east1,s3.us-east-1,ncbi.public",ERX10964219,Illumina NovaSeq 6000,PAIRED,RANDOM,TRANSCRIPTOMIC,Bos taurus,ILLUMINA,2023-09-16T00:00:00Z,2023-09-25T01:47:00Z,1,SAMEA113601204,ERP131230,PRJEB46995,,2023-06-16,2023-06-16,XMM_014_epi,cattle,SAMEA113601204,ETH ZURICH,2023-06-16T12:24:55Z,2023-06-16T12:24:55Z,public,XMM_014_epi,ETH ZURICH,epididymis,2023-06-16,2023-06-16,2022,Switzerland,Europe,Bos taurus,Switzerland,,,,,,,,,,,,,,,,,,,,,,,,,,,,,,,,,,,,,,,,,,,,,,,,,,,,,,,,,,,,,,,,,,,,,,,
ERR11559992,RNA-Seq,302,51702702302,SAMEA113601205,15970998845,ETH ZURICH,public,"fastq,sra,run.zq","s3,ncbi,gs","ncbi.public,s3.us-east-1,gs.us-east1",ERX10964220,Illumina NovaSeq 6000,PAIRED,RANDOM,TRANSCRIPTOMIC,Bos taurus,ILLUMINA,2023-09-16T00:00:00Z,2023-09-25T01:30:00Z,1,SAMEA113601205,ERP131230,PRJEB46995,,2023-06-16,2023-06-16,XMM_015_epi,cattle,SAMEA113601205,ETH ZURICH,2023-06-16T12:24:55Z,2023-06-16T12:24:55Z,public,XMM_015_epi,ETH ZURICH,epididymis,2023-06-16,2023-06-16,2022,Switzerland,Europe,Bos taurus,Switzerland,,,,,,,,,,,,,,,,,,,,,,,,,,,,,,,,,,,,,,,,,,,,,,,,,,,,,,,,,,,,,,,,,,,,,,,
ERR11559993,RNA-Seq,302,46298190332,SAMEA113601206,14415241858,ETH ZURICH,public,"fastq,sra,run.zq","ncbi,gs,s3","ncbi.public,s3.us-east-1,gs.us-east1",ERX10964221,Illumina NovaSeq 6000,PAIRED,RANDOM,TRANSCRIPTOMIC,Bos taurus,ILLUMINA,2023-09-16T00:00:00Z,2023-09-25T01:43:00Z,1,SAMEA113601206,ERP131230,PRJEB46995,,2023-06-16,2023-06-17,XMM_016_epi,cattle,SAMEA113601206,ETH ZURICH,2023-06-16T12:24:55Z,2023-06-16T12:24:55Z,public,XMM_016_epi,ETH ZURICH,epididymis,2023-06-16,2023-06-16,2022,Switzerland,Europe,Bos taurus,Switzerland,,,,,,,,,,,,,,,,,,,,,,,,,,,,,,,,,,,,,,,,,,,,,,,,,,,,,,,,,,,,,,,,,,,,,,,
ERR11559994,RNA-Seq,302,48075714918,SAMEA113601207,14930240727,ETH ZURICH,public,"sra,run.zq,fastq","s3,ncbi,gs","gs.us-east1,ncbi.public,s3.us-east-1",ERX10964222,Illumina NovaSeq 6000,PAIRED,RANDOM,TRANSCRIPTOMIC,Bos taurus,ILLUMINA,2023-09-16T00:00:00Z,2023-09-26T00:54:00Z,1,SAMEA113601207,ERP131230,PRJEB46995,,2023-06-16,2023-06-16,XMM_018_epi,cattle,SAMEA113601207,ETH ZURICH,2023-06-16T12:24:55Z,2023-06-16T12:24:55Z,public,XMM_018_epi,ETH ZURICH,epididymis,2023-06-16,2023-06-16,2022,Switzerland,Europe,Bos taurus,Switzerland,,,,,,,,,,,,,,,,,,,,,,,,,,,,,,,,,,,,,,,,,,,,,,,,,,,,,,,,,,,,,,,,,,,,,,,
ERR11559995,RNA-Seq,302,40473737698,SAMEA113601208,12517956442,ETH ZURICH,public,"sra,fastq,run.zq","gs,s3,ncbi","s3.us-east-1,gs.us-east1,ncbi.public",ERX10964223,Illumina NovaSeq 6000,PAIRED,RANDOM,TRANSCRIPTOMIC,Bos taurus,ILLUMINA,2023-09-16T00:00:00Z,2023-09-26T00:42:00Z,1,SAMEA113601208,ERP131230,PRJEB46995,,2023-06-16,2023-06-16,XMM_019_epi,cattle,SAMEA113601208,ETH ZURICH,2023-06-16T12:24:55Z,2023-06-16T12:24:55Z,public,XMM_019_epi,ETH ZURICH,epididymis,2023-06-16,2023-06-16,2022,Switzerland,Europe,Bos taurus,Switzerland,,,,,,,,,,,,,,,,,,,,,,,,,,,,,,,,,,,,,,,,,,,,,,,,,,,,,,,,,,,,,,,,,,,,,,,
ERR11559996,RNA-Seq,302,48996031832,SAMEA113601209,15152702961,ETH ZURICH,public,"sra,fastq,run.zq","s3,gs,ncbi","gs.us-east1,ncbi.public,s3.us-east-1",ERX10964224,Illumina NovaSeq 6000,PAIRED,RANDOM,TRANSCRIPTOMIC,Bos taurus,ILLUMINA,2023-09-16T00:00:00Z,2023-09-26T01:07:00Z,1,SAMEA113601209,ERP131230,PRJEB46995,,2023-06-16,2023-06-16,XMM_020_epi,cattle,SAMEA113601209,ETH ZURICH,2023-06-16T12:24:55Z,2023-06-16T12:24:55Z,public,XMM_020_epi,ETH ZURICH,epididymis,2023-06-16,2023-06-16,2022,Switzerland,Europe,Bos taurus,Switzerland,,,,,,,,,,,,,,,,,,,,,,,,,,,,,,,,,,,,,,,,,,,,,,,,,,,,,,,,,,,,,,,,,,,,,,,
ERR11559997,RNA-Seq,302,59168459402,SAMEA113601210,18263854015,ETH ZURICH,public,"run.zq,sra,fastq","s3,gs,ncbi","s3.us-east-1,gs.us-east1,ncbi.public",ERX10964225,Illumina NovaSeq 6000,PAIRED,RANDOM,TRANSCRIPTOMIC,Bos taurus,ILLUMINA,2023-09-16T00:00:00Z,2023-09-26T00:56:00Z,1,SAMEA113601210,ERP131230,PRJEB46995,,2023-06-16,2023-06-16,XMM_021_epi,cattle,SAMEA113601210,ETH ZURICH,2023-06-16T12:24:55Z,2023-06-16T12:24:55Z,public,XMM_021_epi,ETH ZURICH,epididymis,2023-06-16,2023-06-16,2022,Switzerland,Europe,Bos taurus,Switzerland,,,,,,,,,,,,,,,,,,,,,,,,,,,,,,,,,,,,,,,,,,,,,,,,,,,,,,,,,,,,,,,,,,,,,,,
ERR11559998,RNA-Seq,302,41935012716,SAMEA113601211,12984513690,ETH ZURICH,public,"run.zq,sra,fastq","ncbi,gs,s3","gs.us-east1,s3.us-east-1,ncbi.public",ERX10964226,Illumina NovaSeq 6000,PAIRED,RANDOM,TRANSCRIPTOMIC,Bos taurus,ILLUMINA,2023-09-16T00:00:00Z,2023-09-26T00:44:00Z,1,SAMEA113601211,ERP131230,PRJEB46995,,2023-06-16,2023-06-16,XMM_022_epi,cattle,SAMEA113601211,ETH ZURICH,2023-06-16T12:24:55Z,2023-06-16T12:24:55Z,public,XMM_022_epi,ETH ZURICH,epididymis,2023-06-16,2023-06-16,2022,Switzerland,Europe,Bos taurus,Switzerland,,,,,,,,,,,,,,,,,,,,,,,,,,,,,,,,,,,,,,,,,,,,,,,,,,,,,,,,,,,,,,,,,,,,,,,
ERR11559999,RNA-Seq,302,45574813658,SAMEA113601212,14078019236,ETH ZURICH,public,"run.zq,sra,fastq","gs,ncbi,s3","gs.us-east1,ncbi.public,s3.us-east-1",ERX10964227,Illumina NovaSeq 6000,PAIRED,RANDOM,TRANSCRIPTOMIC,Bos taurus,ILLUMINA,2023-09-16T00:00:00Z,2023-09-26T00:21:00Z,1,SAMEA113601212,ERP131230,PRJEB46995,,2023-06-16,2023-06-16,XMM_023_epi,cattle,SAMEA113601212,ETH ZURICH,2023-06-16T12:24:55Z,2023-06-16T12:24:55Z,public,XMM_023_epi,ETH ZURICH,epididymis,2023-06-16,2023-06-16,2022,Switzerland,Europe,Bos taurus,Switzerland,,,,,,,,,,,,,,,,,,,,,,,,,,,,,,,,,,,,,,,,,,,,,,,,,,,,,,,,,,,,,,,,,,,,,,,
ERR11560000,RNA-Seq,302,48923258892,SAMEA113601213,15127648719,ETH ZURICH,public,"sra,fastq,run.zq","ncbi,s3,gs","gs.us-east1,s3.us-east-1,ncbi.public",ERX10964228,Illumina NovaSeq 6000,PAIRED,RANDOM,TRANSCRIPTOMIC,Bos taurus,ILLUMINA,2023-09-16T00:00:00Z,2023-09-26T00:56:00Z,1,SAMEA113601213,ERP131230,PRJEB46995,,2023-06-16,2023-06-16,XMM_024_epi,cattle,SAMEA113601213,ETH ZURICH,2023-06-16T12:24:55Z,2023-06-16T12:24:55Z,public,XMM_024_epi,ETH ZURICH,epididymis,2023-06-16,2023-06-16,2022,Switzerland,Europe,Bos taurus,Switzerland,,,,,,,,,,,,,,,,,,,,,,,,,,,,,,,,,,,,,,,,,,,,,,,,,,,,,,,,,,,,,,,,,,,,,,,
ERR11560001,RNA-Seq,302,45615261424,SAMEA113601214,14284707605,ETH ZURICH,public,"run.zq,fastq,sra","s3,gs,ncbi","s3.us-east-1,gs.us-east1,ncbi.public",ERX10964229,Illumina NovaSeq 6000,PAIRED,RANDOM,TRANSCRIPTOMIC,Bos taurus,ILLUMINA,2023-09-16T00:00:00Z,2023-09-26T00:37:00Z,1,SAMEA113601214,ERP131230,PRJEB46995,,2023-06-16,2023-06-16,XMM_025_epi,cattle,SAMEA113601214,ETH ZURICH,2023-06-16T12:24:55Z,2023-06-16T12:24:55Z,public,XMM_025_epi,ETH ZURICH,epididymis,2023-06-16,2023-06-16,2022,Switzerland,Europe,Bos taurus,Switzerland,,,,,,,,,,,,,,,,,,,,,,,,,,,,,,,,,,,,,,,,,,,,,,,,,,,,,,,,,,,,,,,,,,,,,,,
ERR11560002,RNA-Seq,302,43162402626,SAMEA113601215,13342242005,ETH ZURICH,public,"fastq,run.zq,sra","gs,ncbi,s3","ncbi.public,gs.us-east1,s3.us-east-1",ERX10964230,Illumina NovaSeq 6000,PAIRED,RANDOM,TRANSCRIPTOMIC,Bos taurus,ILLUMINA,2023-09-16T00:00:00Z,2023-09-26T00:46:00Z,1,SAMEA113601215,ERP131230,PRJEB46995,,2023-06-16,2023-06-16,XMM_026_epi,cattle,SAMEA113601215,ETH ZURICH,2023-06-16T12:24:55Z,2023-06-16T12:24:55Z,public,XMM_026_epi,ETH ZURICH,epididymis,2023-06-16,2023-06-16,2022,Switzerland,Europe,Bos taurus,Switzerland,,,,,,,,,,,,,,,,,,,,,,,,,,,,,,,,,,,,,,,,,,,,,,,,,,,,,,,,,,,,,,,,,,,,,,,
ERR11560003,RNA-Seq,302,46856602526,SAMEA113601216,14473483249,ETH ZURICH,public,"run.zq,fastq,sra","ncbi,s3,gs","gs.us-east1,ncbi.public,s3.us-east-1",ERX10964231,Illumina NovaSeq 6000,PAIRED,RANDOM,TRANSCRIPTOMIC,Bos taurus,ILLUMINA,2023-09-16T00:00:00Z,2023-09-26T00:46:00Z,1,SAMEA113601216,ERP131230,PRJEB46995,,2023-06-16,2023-06-16,XMM_027_epi,cattle,SAMEA113601216,ETH ZURICH,2023-06-16T12:24:55Z,2023-06-16T12:24:55Z,public,XMM_027_epi,ETH ZURICH,epididymis,2023-06-16,2023-06-16,2022,Switzerland,Europe,Bos taurus,Switzerland,,,,,,,,,,,,,,,,,,,,,,,,,,,,,,,,,,,,,,,,,,,,,,,,,,,,,,,,,,,,,,,,,,,,,,,
ERR11560004,RNA-Seq,302,53035029360,SAMEA113601217,16449825086,ETH ZURICH,public,"sra,run.zq,fastq","gs,ncbi,s3","s3.us-east-1,ncbi.public,gs.us-east1",ERX10964232,Illumina NovaSeq 6000,PAIRED,RANDOM,TRANSCRIPTOMIC,Bos taurus,ILLUMINA,2023-09-16T00:00:00Z,2023-09-26T00:26:00Z,1,SAMEA113601217,ERP131230,PRJEB46995,,2023-06-16,2023-06-16,XMM_028_epi,cattle,SAMEA113601217,ETH ZURICH,2023-06-16T12:24:55Z,2023-06-16T12:24:55Z,public,XMM_028_epi,ETH ZURICH,epididymis,2023-06-16,2023-06-16,2022,Switzerland,Europe,Bos taurus,Switzerland,,,,,,,,,,,,,,,,,,,,,,,,,,,,,,,,,,,,,,,,,,,,,,,,,,,,,,,,,,,,,,,,,,,,,,,
ERR11560005,RNA-Seq,302,44179529264,SAMEA113601218,13789897220,ETH ZURICH,public,"fastq,sra,run.zq","ncbi,gs,s3","s3.us-east-1,gs.us-east1,ncbi.public",ERX10964233,Illumina NovaSeq 6000,PAIRED,RANDOM,TRANSCRIPTOMIC,Bos taurus,ILLUMINA,2023-09-16T00:00:00Z,2023-09-26T00:42:00Z,1,SAMEA113601218,ERP131230,PRJEB46995,,2023-06-16,2023-06-16,XMM_029_epi,cattle,SAMEA113601218,ETH ZURICH,2023-06-16T12:24:56Z,2023-06-16T12:24:56Z,public,XMM_029_epi,ETH ZURICH,epididymis,2023-06-16,2023-06-16,2022,Switzerland,Europe,Bos taurus,Switzerland,,,,,,,,,,,,,,,,,,,,,,,,,,,,,,,,,,,,,,,,,,,,,,,,,,,,,,,,,,,,,,,,,,,,,,,
ERR11560006,RNA-Seq,302,50755321658,SAMEA113601219,15684327692,ETH ZURICH,public,"run.zq,fastq,sra","gs,ncbi,s3","gs.us-east1,ncbi.public,s3.us-east-1",ERX10964234,Illumina NovaSeq 6000,PAIRED,RANDOM,TRANSCRIPTOMIC,Bos taurus,ILLUMINA,2023-09-16T00:00:00Z,2023-09-26T01:01:00Z,1,SAMEA113601219,ERP131230,PRJEB46995,,2023-06-16,2023-06-16,XMM_030_epi,cattle,SAMEA113601219,ETH ZURICH,2023-06-16T12:24:56Z,2023-06-16T12:24:56Z,public,XMM_030_epi,ETH ZURICH,epididymis,2023-06-16,2023-06-16,2022,Switzerland,Europe,Bos taurus,Switzerland,,,,,,,,,,,,,,,,,,,,,,,,,,,,,,,,,,,,,,,,,,,,,,,,,,,,,,,,,,,,,,,,,,,,,,,
ERR11560007,RNA-Seq,302,45530854840,SAMEA113601220,14226387429,ETH ZURICH,public,"sra,fastq,run.zq","ncbi,s3,gs","s3.us-east-1,ncbi.public,gs.us-east1",ERX10964235,Illumina NovaSeq 6000,PAIRED,RANDOM,TRANSCRIPTOMIC,Bos taurus,ILLUMINA,2023-09-16T00:00:00Z,2023-09-26T01:08:00Z,1,SAMEA113601220,ERP131230,PRJEB46995,,2023-06-16,2023-06-16,XMM_031_epi,cattle,SAMEA113601220,ETH ZURICH,2023-06-16T12:24:56Z,2023-06-16T12:24:56Z,public,XMM_031_epi,ETH ZURICH,epididymis,2023-06-16,2023-06-16,2022,Switzerland,Europe,Bos taurus,Switzerland,,,,,,,,,,,,,,,,,,,,,,,,,,,,,,,,,,,,,,,,,,,,,,,,,,,,,,,,,,,,,,,,,,,,,,,
ERR11560008,RNA-Seq,302,48719670726,SAMEA113601221,15120358158,ETH ZURICH,public,"run.zq,fastq,sra","ncbi,s3,gs","s3.us-east-1,ncbi.public,gs.us-east1",ERX10964236,Illumina NovaSeq 6000,PAIRED,RANDOM,TRANSCRIPTOMIC,Bos taurus,ILLUMINA,2023-09-16T00:00:00Z,2023-09-26T00:49:00Z,1,SAMEA113601221,ERP131230,PRJEB46995,,2023-06-16,2023-06-16,XMM_032_epi,cattle,SAMEA113601221,ETH ZURICH,2023-06-16T12:24:56Z,2023-06-16T12:24:56Z,public,XMM_032_epi,ETH ZURICH,epididymis,2023-06-16,2023-06-16,2022,Switzerland,Europe,Bos taurus,Switzerland,,,,,,,,,,,,,,,,,,,,,,,,,,,,,,,,,,,,,,,,,,,,,,,,,,,,,,,,,,,,,,,,,,,,,,,
ERR11560009,RNA-Seq,302,45367533240,SAMEA113601222,14032318924,ETH ZURICH,public,"run.zq,sra,fastq","ncbi,s3,gs","ncbi.public,gs.us-east1,s3.us-east-1",ERX10964237,Illumina NovaSeq 6000,PAIRED,RANDOM,TRANSCRIPTOMIC,Bos taurus,ILLUMINA,2023-09-16T00:00:00Z,2023-09-26T00:38:00Z,1,SAMEA113601222,ERP131230,PRJEB46995,,2023-06-16,2023-06-16,XMM_033_epi,cattle,SAMEA113601222,ETH ZURICH,2023-06-16T12:24:56Z,2023-06-16T12:24:56Z,public,XMM_033_epi,ETH ZURICH,epididymis,2023-06-16,2023-06-16,2022,Switzerland,Europe,Bos taurus,Switzerland,,,,,,,,,,,,,,,,,,,,,,,,,,,,,,,,,,,,,,,,,,,,,,,,,,,,,,,,,,,,,,,,,,,,,,,
ERR11560010,RNA-Seq,302,42234872744,SAMEA113601223,13294590704,ETH ZURICH,public,"fastq,sra,run.zq","s3,gs,ncbi","gs.us-east1,s3.us-east-1,ncbi.public",ERX10964238,Illumina NovaSeq 6000,PAIRED,RANDOM,TRANSCRIPTOMIC,Bos taurus,ILLUMINA,2023-09-16T00:00:00Z,2023-09-26T00:38:00Z,1,SAMEA113601223,ERP131230,PRJEB46995,,2023-06-16,2023-06-16,XMM_035_epi,cattle,SAMEA113601223,ETH ZURICH,2023-06-16T12:24:56Z,2023-06-16T12:24:56Z,public,XMM_035_epi,ETH ZURICH,epididymis,2023-06-16,2023-06-16,2022,Switzerland,Europe,Bos taurus,Switzerland,,,,,,,,,,,,,,,,,,,,,,,,,,,,,,,,,,,,,,,,,,,,,,,,,,,,,,,,,,,,,,,,,,,,,,,
ERR11560011,RNA-Seq,302,37281627898,SAMEA113601224,11556715932,ETH ZURICH,public,"fastq,run.zq,sra","s3,gs,ncbi","s3.us-east-1,gs.us-east1,ncbi.public",ERX10964239,Illumina NovaSeq 6000,PAIRED,RANDOM,TRANSCRIPTOMIC,Bos taurus,ILLUMINA,2023-09-16T00:00:00Z,2023-09-26T00:50:00Z,1,SAMEA113601224,ERP131230,PRJEB46995,,2023-06-16,2023-06-16,XMM_036_epi,cattle,SAMEA113601224,ETH ZURICH,2023-06-16T12:24:56Z,2023-06-16T12:24:56Z,public,XMM_036_epi,ETH ZURICH,epididymis,2023-06-16,2023-06-16,2022,Switzerland,Europe,Bos taurus,Switzerland,,,,,,,,,,,,,,,,,,,,,,,,,,,,,,,,,,,,,,,,,,,,,,,,,,,,,,,,,,,,,,,,,,,,,,,
ERR11560012,RNA-Seq,302,46143602270,SAMEA113601225,14364214253,ETH ZURICH,public,"sra,fastq,run.zq","ncbi,s3,gs","gs.us-east1,s3.us-east-1,ncbi.public",ERX10964240,Illumina NovaSeq 6000,PAIRED,RANDOM,TRANSCRIPTOMIC,Bos taurus,ILLUMINA,2023-09-16T00:00:00Z,2023-09-26T00:55:00Z,1,SAMEA113601225,ERP131230,PRJEB46995,,2023-06-16,2023-06-16,XMM_037_epi,cattle,SAMEA113601225,ETH ZURICH,2023-06-16T12:24:56Z,2023-06-16T12:24:56Z,public,XMM_037_epi,ETH ZURICH,epididymis,2023-06-16,2023-06-16,2022,Switzerland,Europe,Bos taurus,Switzerland,,,,,,,,,,,,,,,,,,,,,,,,,,,,,,,,,,,,,,,,,,,,,,,,,,,,,,,,,,,,,,,,,,,,,,,
ERR11560013,RNA-Seq,302,37589868124,SAMEA113601226,11732236229,ETH ZURICH,public,"sra,fastq,run.zq","s3,gs,ncbi","s3.us-east-1,gs.us-east1,ncbi.public",ERX10964241,Illumina NovaSeq 6000,PAIRED,RANDOM,TRANSCRIPTOMIC,Bos taurus,ILLUMINA,2023-09-16T00:00:00Z,2023-09-26T00:19:00Z,1,SAMEA113601226,ERP131230,PRJEB46995,,2023-06-16,2023-06-16,XMM_038_epi,cattle,SAMEA113601226,ETH ZURICH,2023-06-16T12:24:56Z,2023-06-16T12:24:56Z,public,XMM_038_epi,ETH ZURICH,epididymis,2023-06-16,2023-06-16,2022,Switzerland,Europe,Bos taurus,Switzerland,,,,,,,,,,,,,,,,,,,,,,,,,,,,,,,,,,,,,,,,,,,,,,,,,,,,,,,,,,,,,,,,,,,,,,,
ERR11560014,RNA-Seq,302,32084911860,SAMEA113601227,9970769671,ETH ZURICH,public,"run.zq,sra,fastq","ncbi,gs,s3","gs.us-east1,ncbi.public,s3.us-east-1",ERX10964242,Illumina NovaSeq 6000,PAIRED,RANDOM,TRANSCRIPTOMIC,Bos taurus,ILLUMINA,2023-09-16T00:00:00Z,2023-10-05T03:39:00Z,1,SAMEA113601227,ERP131230,PRJEB46995,,2023-06-16,2023-06-16,XMM_039_epi,cattle,SAMEA113601227,ETH ZURICH,2023-06-16T12:24:56Z,2023-06-16T12:24:56Z,public,XMM_039_epi,ETH ZURICH,epididymis,2023-06-16,2023-06-16,2022,Switzerland,Europe,Bos taurus,Switzerland,,,,,,,,,,,,,,,,,,,,,,,,,,,,,,,,,,,,,,,,,,,,,,,,,,,,,,,,,,,,,,,,,,,,,,,
ERR11560015,RNA-Seq,302,45623666688,SAMEA113601228,14056156024,ETH ZURICH,public,"sra,run.zq,fastq","ncbi,s3,gs","s3.us-east-1,ncbi.public,gs.us-east1",ERX10964243,Illumina NovaSeq 6000,PAIRED,RANDOM,TRANSCRIPTOMIC,Bos taurus,ILLUMINA,2023-09-16T00:00:00Z,2023-09-26T00:52:00Z,1,SAMEA113601228,ERP131230,PRJEB46995,,2023-06-16,2023-06-16,XMM_040_epi,cattle,SAMEA113601228,ETH ZURICH,2023-06-16T12:24:56Z,2023-06-16T12:24:56Z,public,XMM_040_epi,ETH ZURICH,epididymis,2023-06-16,2023-06-16,2022,Switzerland,Europe,Bos taurus,Switzerland,,,,,,,,,,,,,,,,,,,,,,,,,,,,,,,,,,,,,,,,,,,,,,,,,,,,,,,,,,,,,,,,,,,,,,,
ERR11560016,RNA-Seq,302,42490968442,SAMEA113601229,13219811885,ETH ZURICH,public,"run.zq,sra,fastq","s3,ncbi,gs","s3.us-east-1,gs.us-east1,ncbi.public",ERX10964244,Illumina NovaSeq 6000,PAIRED,RANDOM,TRANSCRIPTOMIC,Bos taurus,ILLUMINA,2023-09-16T00:00:00Z,2023-09-26T00:21:00Z,1,SAMEA113601229,ERP131230,PRJEB46995,,2023-06-16,2023-06-16,XMM_041_epi,cattle,SAMEA113601229,ETH ZURICH,2023-06-16T12:24:56Z,2023-06-16T12:24:56Z,public,XMM_041_epi,ETH ZURICH,epididymis,2023-06-16,2023-06-16,2022,Switzerland,Europe,Bos taurus,Switzerland,,,,,,,,,,,,,,,,,,,,,,,,,,,,,,,,,,,,,,,,,,,,,,,,,,,,,,,,,,,,,,,,,,,,,,,
ERR11560017,RNA-Seq,302,41309466224,SAMEA113601230,12734639784,ETH ZURICH,public,"run.zq,sra,fastq","s3,ncbi,gs","ncbi.public,s3.us-east-1,gs.us-east1",ERX10964245,Illumina NovaSeq 6000,PAIRED,RANDOM,TRANSCRIPTOMIC,Bos taurus,ILLUMINA,2023-09-16T00:00:00Z,2023-09-26T00:32:00Z,1,SAMEA113601230,ERP131230,PRJEB46995,,2023-06-16,2023-06-16,XMM_042_epi,cattle,SAMEA113601230,ETH ZURICH,2023-06-16T12:24:56Z,2023-06-16T12:24:56Z,public,XMM_042_epi,ETH ZURICH,epididymis,2023-06-16,2023-06-16,2022,Switzerland,Europe,Bos taurus,Switzerland,,,,,,,,,,,,,,,,,,,,,,,,,,,,,,,,,,,,,,,,,,,,,,,,,,,,,,,,,,,,,,,,,,,,,,,
ERR11560018,RNA-Seq,302,46262500878,SAMEA113601231,14388045529,ETH ZURICH,public,"fastq,sra,run.zq","s3,ncbi,gs","gs.us-east1,ncbi.public,s3.us-east-1",ERX10964246,Illumina NovaSeq 6000,PAIRED,RANDOM,TRANSCRIPTOMIC,Bos taurus,ILLUMINA,2023-09-16T00:00:00Z,2023-09-26T00:47:00Z,1,SAMEA113601231,ERP131230,PRJEB46995,,2023-06-16,2023-06-16,XMM_043_epi,cattle,SAMEA113601231,ETH ZURICH,2023-06-16T12:24:56Z,2023-06-16T12:24:56Z,public,XMM_043_epi,ETH ZURICH,epididymis,2023-06-16,2023-06-16,2022,Switzerland,Europe,Bos taurus,Switzerland,,,,,,,,,,,,,,,,,,,,,,,,,,,,,,,,,,,,,,,,,,,,,,,,,,,,,,,,,,,,,,,,,,,,,,,
ERR11560019,RNA-Seq,302,32066503752,SAMEA113601232,9957518674,ETH ZURICH,public,"sra,run.zq,fastq","ncbi,s3,gs","ncbi.public,s3.us-east-1,gs.us-east1",ERX10964247,Illumina NovaSeq 6000,PAIRED,RANDOM,TRANSCRIPTOMIC,Bos taurus,ILLUMINA,2023-09-16T00:00:00Z,2023-09-26T00:17:00Z,1,SAMEA113601232,ERP131230,PRJEB46995,,2023-06-16,2023-06-16,XMM_044_epi,cattle,SAMEA113601232,ETH ZURICH,2023-06-16T12:24:56Z,2023-06-16T12:24:56Z,public,XMM_044_epi,ETH ZURICH,epididymis,2023-06-16,2023-06-16,2022,Switzerland,Europe,Bos taurus,Switzerland,,,,,,,,,,,,,,,,,,,,,,,,,,,,,,,,,,,,,,,,,,,,,,,,,,,,,,,,,,,,,,,,,,,,,,,
ERR11560020,RNA-Seq,302,47202750396,SAMEA113601233,14609434820,ETH ZURICH,public,"sra,fastq,run.zq","ncbi,gs,s3","gs.us-east1,s3.us-east-1,ncbi.public",ERX10964248,Illumina NovaSeq 6000,PAIRED,RANDOM,TRANSCRIPTOMIC,Bos taurus,ILLUMINA,2023-09-16T00:00:00Z,2023-09-26T00:41:00Z,1,SAMEA113601233,ERP131230,PRJEB46995,,2023-06-16,2023-06-16,XMM_045_epi,cattle,SAMEA113601233,ETH ZURICH,2023-06-16T12:24:56Z,2023-06-16T12:24:56Z,public,XMM_045_epi,ETH ZURICH,epididymis,2023-06-16,2023-06-16,2022,Switzerland,Europe,Bos taurus,Switzerland,,,,,,,,,,,,,,,,,,,,,,,,,,,,,,,,,,,,,,,,,,,,,,,,,,,,,,,,,,,,,,,,,,,,,,,
ERR11560021,RNA-Seq,302,39567874202,SAMEA113601234,12380836499,ETH ZURICH,public,"fastq,run.zq,sra","gs,ncbi,s3","gs.us-east1,s3.us-east-1,ncbi.public",ERX10964249,Illumina NovaSeq 6000,PAIRED,RANDOM,TRANSCRIPTOMIC,Bos taurus,ILLUMINA,2023-09-16T00:00:00Z,2023-09-26T00:37:00Z,1,SAMEA113601234,ERP131230,PRJEB46995,,2023-06-16,2023-06-16,XMM_046_epi,cattle,SAMEA113601234,ETH ZURICH,2023-06-16T12:24:56Z,2023-06-16T12:24:56Z,public,XMM_046_epi,ETH ZURICH,epididymis,2023-06-16,2023-06-16,2022,Switzerland,Europe,Bos taurus,Switzerland,,,,,,,,,,,,,,,,,,,,,,,,,,,,,,,,,,,,,,,,,,,,,,,,,,,,,,,,,,,,,,,,,,,,,,,
ERR11560022,RNA-Seq,302,46465753522,SAMEA113601235,14528461549,ETH ZURICH,public,"fastq,sra,run.zq","s3,ncbi,gs","s3.us-east-1,ncbi.public,gs.us-east1",ERX10964250,Illumina NovaSeq 6000,PAIRED,RANDOM,TRANSCRIPTOMIC,Bos taurus,ILLUMINA,2023-09-16T00:00:00Z,2023-09-26T00:54:00Z,1,SAMEA113601235,ERP131230,PRJEB46995,,2023-06-16,2023-06-16,XMM_047_epi,cattle,SAMEA113601235,ETH ZURICH,2023-06-16T12:24:56Z,2023-06-16T12:24:56Z,public,XMM_047_epi,ETH ZURICH,epididymis,2023-06-16,2023-06-16,2022,Switzerland,Europe,Bos taurus,Switzerland,,,,,,,,,,,,,,,,,,,,,,,,,,,,,,,,,,,,,,,,,,,,,,,,,,,,,,,,,,,,,,,,,,,,,,,
ERR11560023,RNA-Seq,302,40012831640,SAMEA113601236,12455218436,ETH ZURICH,public,"run.zq,sra,fastq","ncbi,s3,gs","s3.us-east-1,gs.us-east1,ncbi.public",ERX10964251,Illumina NovaSeq 6000,PAIRED,RANDOM,TRANSCRIPTOMIC,Bos taurus,ILLUMINA,2023-09-16T00:00:00Z,2023-09-26T01:12:00Z,1,SAMEA113601236,ERP131230,PRJEB46995,,2023-06-16,2023-06-16,XMM_049_epi,cattle,SAMEA113601236,ETH ZURICH,2023-06-16T12:24:56Z,2023-06-16T12:24:56Z,public,XMM_049_epi,ETH ZURICH,epididymis,2023-06-16,2023-06-16,2022,Switzerland,Europe,Bos taurus,Switzerland,,,,,,,,,,,,,,,,,,,,,,,,,,,,,,,,,,,,,,,,,,,,,,,,,,,,,,,,,,,,,,,,,,,,,,,
ERR11560024,RNA-Seq,302,42228209114,SAMEA113601237,13071923494,ETH ZURICH,public,"run.zq,fastq,sra","s3,gs,ncbi","s3.us-east-1,gs.us-east1,ncbi.public",ERX10964252,Illumina NovaSeq 6000,PAIRED,RANDOM,TRANSCRIPTOMIC,Bos taurus,ILLUMINA,2023-09-16T00:00:00Z,2023-09-26T00:47:00Z,1,SAMEA113601237,ERP131230,PRJEB46995,,2023-06-16,2023-06-16,XMM_050_epi,cattle,SAMEA113601237,ETH ZURICH,2023-06-16T12:24:56Z,2023-06-16T12:24:56Z,public,XMM_050_epi,ETH ZURICH,epididymis,2023-06-16,2023-06-16,2022,Switzerland,Europe,Bos taurus,Switzerland,,,,,,,,,,,,,,,,,,,,,,,,,,,,,,,,,,,,,,,,,,,,,,,,,,,,,,,,,,,,,,,,,,,,,,,
ERR11560025,RNA-Seq,302,45300563230,SAMEA113601238,14029618967,ETH ZURICH,public,"fastq,run.zq,sra","s3,ncbi,gs","s3.us-east-1,ncbi.public,gs.us-east1",ERX10964253,Illumina NovaSeq 6000,PAIRED,RANDOM,TRANSCRIPTOMIC,Bos taurus,ILLUMINA,2023-09-16T00:00:00Z,2023-09-26T00:52:00Z,1,SAMEA113601238,ERP131230,PRJEB46995,,2023-06-16,2023-06-16,XMM_052_epi,cattle,SAMEA113601238,ETH ZURICH,2023-06-16T12:24:56Z,2023-06-16T12:24:56Z,public,XMM_052_epi,ETH ZURICH,epididymis,2023-06-16,2023-06-16,2022,Switzerland,Europe,Bos taurus,Switzerland,,,,,,,,,,,,,,,,,,,,,,,,,,,,,,,,,,,,,,,,,,,,,,,,,,,,,,,,,,,,,,,,,,,,,,,
ERR11560026,RNA-Seq,302,53416905340,SAMEA113601239,16770645927,ETH ZURICH,public,"run.zq,sra,fastq","ncbi,gs,s3","gs.us-east1,s3.us-east-1,ncbi.public",ERX10964254,Illumina NovaSeq 6000,PAIRED,RANDOM,TRANSCRIPTOMIC,Bos taurus,ILLUMINA,2023-09-16T00:00:00Z,2023-10-05T04:10:00Z,1,SAMEA113601239,ERP131230,PRJEB46995,,2023-06-16,2023-06-16,XMM_053_epi,cattle,SAMEA113601239,ETH ZURICH,2023-06-16T12:24:56Z,2023-06-16T12:24:56Z,public,XMM_053_epi,ETH ZURICH,epididymis,2023-06-16,2023-06-16,2022,Switzerland,Europe,Bos taurus,Switzerland,,,,,,,,,,,,,,,,,,,,,,,,,,,,,,,,,,,,,,,,,,,,,,,,,,,,,,,,,,,,,,,,,,,,,,,
ERR11560027,RNA-Seq,302,48429902934,SAMEA113601240,15215973270,ETH ZURICH,public,"run.zq,fastq,sra","gs,ncbi,s3","s3.us-east-1,gs.us-east1,ncbi.public",ERX10964255,Illumina NovaSeq 6000,PAIRED,RANDOM,TRANSCRIPTOMIC,Bos taurus,ILLUMINA,2023-09-16T00:00:00Z,2023-10-26T17:21:00Z,1,SAMEA113601240,ERP131230,PRJEB46995,,2023-06-16,2023-06-16,XMM_055_epi,cattle,SAMEA113601240,ETH ZURICH,2023-06-16T12:24:56Z,2023-06-16T12:24:56Z,public,XMM_055_epi,ETH ZURICH,epididymis,2023-06-16,2023-06-16,2022,Switzerland,Europe,Bos taurus,Switzerland,,,,,,,,,,,,,,,,,,,,,,,,,,,,,,,,,,,,,,,,,,,,,,,,,,,,,,,,,,,,,,,,,,,,,,,
ERR11560028,RNA-Seq,302,33759610278,SAMEA113601241,10427847242,ETH ZURICH,public,"run.zq,fastq,sra","gs,s3,ncbi","ncbi.public,s3.us-east-1,gs.us-east1",ERX10964256,Illumina NovaSeq 6000,PAIRED,RANDOM,TRANSCRIPTOMIC,Bos taurus,ILLUMINA,2023-09-16T00:00:00Z,2023-09-26T00:19:00Z,1,SAMEA113601241,ERP131230,PRJEB46995,,2023-06-16,2023-06-16,XMM_056_epi,cattle,SAMEA113601241,ETH ZURICH,2023-06-16T12:24:56Z,2023-06-16T12:24:56Z,public,XMM_056_epi,ETH ZURICH,epididymis,2023-06-16,2023-06-16,2022,Switzerland,Europe,Bos taurus,Switzerland,,,,,,,,,,,,,,,,,,,,,,,,,,,,,,,,,,,,,,,,,,,,,,,,,,,,,,,,,,,,,,,,,,,,,,,
ERR11560029,RNA-Seq,302,40421858930,SAMEA113601242,12595447132,ETH ZURICH,public,"sra,run.zq,fastq","gs,ncbi,s3","ncbi.public,gs.us-east1,s3.us-east-1",ERX10964257,Illumina NovaSeq 6000,PAIRED,RANDOM,TRANSCRIPTOMIC,Bos taurus,ILLUMINA,2023-09-16T00:00:00Z,2023-09-26T00:31:00Z,1,SAMEA113601242,ERP131230,PRJEB46995,,2023-06-16,2023-06-16,XMM_057_epi,cattle,SAMEA113601242,ETH ZURICH,2023-06-16T12:24:56Z,2023-06-16T12:24:56Z,public,XMM_057_epi,ETH ZURICH,epididymis,2023-06-16,2023-06-16,2022,Switzerland,Europe,Bos taurus,Switzerland,,,,,,,,,,,,,,,,,,,,,,,,,,,,,,,,,,,,,,,,,,,,,,,,,,,,,,,,,,,,,,,,,,,,,,,
ERR11560030,RNA-Seq,302,43293962584,SAMEA113601243,13391806557,ETH ZURICH,public,"run.zq,fastq,sra","s3,ncbi,gs","ncbi.public,gs.us-east1,s3.us-east-1",ERX10964258,Illumina NovaSeq 6000,PAIRED,RANDOM,TRANSCRIPTOMIC,Bos taurus,ILLUMINA,2023-09-16T00:00:00Z,2023-09-26T00:43:00Z,1,SAMEA113601243,ERP131230,PRJEB46995,,2023-06-16,2023-06-16,XMM_058_epi,cattle,SAMEA113601243,ETH ZURICH,2023-06-16T12:24:56Z,2023-06-16T12:24:56Z,public,XMM_058_epi,ETH ZURICH,epididymis,2023-06-16,2023-06-16,2022,Switzerland,Europe,Bos taurus,Switzerland,,,,,,,,,,,,,,,,,,,,,,,,,,,,,,,,,,,,,,,,,,,,,,,,,,,,,,,,,,,,,,,,,,,,,,,
ERR11560031,RNA-Seq,302,45250278720,SAMEA113601244,14105960408,ETH ZURICH,public,"fastq,sra,run.zq","ncbi,gs,s3","gs.us-east1,ncbi.public,s3.us-east-1",ERX10964259,Illumina NovaSeq 6000,PAIRED,RANDOM,TRANSCRIPTOMIC,Bos taurus,ILLUMINA,2023-09-16T00:00:00Z,2023-09-26T00:54:00Z,1,SAMEA113601244,ERP131230,PRJEB46995,,2023-06-16,2023-06-16,XMM_059_epi,cattle,SAMEA113601244,ETH ZURICH,2023-06-16T12:24:56Z,2023-06-16T12:24:56Z,public,XMM_059_epi,ETH ZURICH,epididymis,2023-06-16,2023-06-16,2022,Switzerland,Europe,Bos taurus,Switzerland,,,,,,,,,,,,,,,,,,,,,,,,,,,,,,,,,,,,,,,,,,,,,,,,,,,,,,,,,,,,,,,,,,,,,,,
ERR11560032,RNA-Seq,302,48191347396,SAMEA113601245,14919860484,ETH ZURICH,public,"sra,run.zq,fastq","gs,s3,ncbi","ncbi.public,gs.us-east1,s3.us-east-1",ERX10964260,Illumina NovaSeq 6000,PAIRED,RANDOM,TRANSCRIPTOMIC,Bos taurus,ILLUMINA,2023-09-16T00:00:00Z,2023-09-26T01:23:00Z,1,SAMEA113601245,ERP131230,PRJEB46995,,2023-06-16,2023-06-16,XMM_060_epi,cattle,SAMEA113601245,ETH ZURICH,2023-06-16T12:24:56Z,2023-06-16T12:24:56Z,public,XMM_060_epi,ETH ZURICH,epididymis,2023-06-16,2023-06-16,2022,Switzerland,Europe,Bos taurus,Switzerland,,,,,,,,,,,,,,,,,,,,,,,,,,,,,,,,,,,,,,,,,,,,,,,,,,,,,,,,,,,,,,,,,,,,,,,
ERR11560033,RNA-Seq,302,42340318762,SAMEA113601246,13128697940,ETH ZURICH,public,"run.zq,fastq,sra","ncbi,gs,s3","gs.us-east1,ncbi.public,s3.us-east-1",ERX10964261,Illumina NovaSeq 6000,PAIRED,RANDOM,TRANSCRIPTOMIC,Bos taurus,ILLUMINA,2023-09-16T00:00:00Z,2023-09-26T00:44:00Z,1,SAMEA113601246,ERP131230,PRJEB46995,,2023-06-16,2023-06-16,XMM_061_epi,cattle,SAMEA113601246,ETH ZURICH,2023-06-16T12:24:56Z,2023-06-16T12:24:56Z,public,XMM_061_epi,ETH ZURICH,epididymis,2023-06-16,2023-06-16,2022,Switzerland,Europe,Bos taurus,Switzerland,,,,,,,,,,,,,,,,,,,,,,,,,,,,,,,,,,,,,,,,,,,,,,,,,,,,,,,,,,,,,,,,,,,,,,,
ERR11560034,RNA-Seq,302,37915018840,SAMEA113601247,11778101466,ETH ZURICH,public,"sra,run.zq,fastq","s3,gs,ncbi","gs.us-east1,s3.us-east-1,ncbi.public",ERX10964262,Illumina NovaSeq 6000,PAIRED,RANDOM,TRANSCRIPTOMIC,Bos taurus,ILLUMINA,2023-09-16T00:00:00Z,2023-09-26T00:52:00Z,1,SAMEA113601247,ERP131230,PRJEB46995,,2023-06-16,2023-06-16,XMM_062_epi,cattle,SAMEA113601247,ETH ZURICH,2023-06-16T12:24:56Z,2023-06-16T12:24:56Z,public,XMM_062_epi,ETH ZURICH,epididymis,2023-06-16,2023-06-16,2022,Switzerland,Europe,Bos taurus,Switzerland,,,,,,,,,,,,,,,,,,,,,,,,,,,,,,,,,,,,,,,,,,,,,,,,,,,,,,,,,,,,,,,,,,,,,,,
ERR11560035,RNA-Seq,302,40028459536,SAMEA113601248,12417898637,ETH ZURICH,public,"run.zq,fastq,sra","s3,gs,ncbi","ncbi.public,gs.us-east1,s3.us-east-1",ERX10964263,Illumina NovaSeq 6000,PAIRED,RANDOM,TRANSCRIPTOMIC,Bos taurus,ILLUMINA,2023-09-16T00:00:00Z,2023-09-26T00:43:00Z,1,SAMEA113601248,ERP131230,PRJEB46995,,2023-06-16,2023-06-16,XMM_063_epi,cattle,SAMEA113601248,ETH ZURICH,2023-06-16T12:24:56Z,2023-06-16T12:24:56Z,public,XMM_063_epi,ETH ZURICH,epididymis,2023-06-16,2023-06-16,2022,Switzerland,Europe,Bos taurus,Switzerland,,,,,,,,,,,,,,,,,,,,,,,,,,,,,,,,,,,,,,,,,,,,,,,,,,,,,,,,,,,,,,,,,,,,,,,
ERR11560036,RNA-Seq,302,48681230656,SAMEA113601249,15076441554,ETH ZURICH,public,"run.zq,sra,fastq","ncbi,gs,s3","gs.us-east1,ncbi.public,s3.us-east-1",ERX10964264,Illumina NovaSeq 6000,PAIRED,RANDOM,TRANSCRIPTOMIC,Bos taurus,ILLUMINA,2023-09-16T00:00:00Z,2023-09-26T00:44:00Z,1,SAMEA113601249,ERP131230,PRJEB46995,,2023-06-16,2023-06-16,XMM_065_epi,cattle,SAMEA113601249,ETH ZURICH,2023-06-16T12:24:56Z,2023-06-16T12:24:56Z,public,XMM_065_epi,ETH ZURICH,epididymis,2023-06-16,2023-06-16,2022,Switzerland,Europe,Bos taurus,Switzerland,,,,,,,,,,,,,,,,,,,,,,,,,,,,,,,,,,,,,,,,,,,,,,,,,,,,,,,,,,,,,,,,,,,,,,,
ERR11560037,RNA-Seq,302,38949463668,SAMEA113601250,12095777784,ETH ZURICH,public,"sra,run.zq,fastq","ncbi,gs,s3","s3.us-east-1,gs.us-east1,ncbi.public",ERX10964265,Illumina NovaSeq 6000,PAIRED,RANDOM,TRANSCRIPTOMIC,Bos taurus,ILLUMINA,2023-09-16T00:00:00Z,2023-09-26T00:58:00Z,1,SAMEA113601250,ERP131230,PRJEB46995,,2023-06-16,2023-06-16,XMM_066_epi,cattle,SAMEA113601250,ETH ZURICH,2023-06-16T12:24:56Z,2023-06-16T12:24:56Z,public,XMM_066_epi,ETH ZURICH,epididymis,2023-06-16,2023-06-16,2022,Switzerland,Europe,Bos taurus,Switzerland,,,,,,,,,,,,,,,,,,,,,,,,,,,,,,,,,,,,,,,,,,,,,,,,,,,,,,,,,,,,,,,,,,,,,,,
ERR11560038,RNA-Seq,302,35415980920,SAMEA113601251,11012355071,ETH ZURICH,public,"fastq,sra,run.zq","gs,ncbi,s3","s3.us-east-1,ncbi.public,gs.us-east1",ERX10964266,Illumina NovaSeq 6000,PAIRED,RANDOM,TRANSCRIPTOMIC,Bos taurus,ILLUMINA,2023-09-16T00:00:00Z,2023-09-26T00:57:00Z,1,SAMEA113601251,ERP131230,PRJEB46995,,2023-06-16,2023-06-16,XMM_067_epi,cattle,SAMEA113601251,ETH ZURICH,2023-06-16T12:24:56Z,2023-06-16T12:24:56Z,public,XMM_067_epi,ETH ZURICH,epididymis,2023-06-16,2023-06-16,2022,Switzerland,Europe,Bos taurus,Switzerland,,,,,,,,,,,,,,,,,,,,,,,,,,,,,,,,,,,,,,,,,,,,,,,,,,,,,,,,,,,,,,,,,,,,,,,
ERR11560039,RNA-Seq,302,41864283712,SAMEA113601252,13064390280,ETH ZURICH,public,"run.zq,sra,fastq","s3,ncbi,gs","s3.us-east-1,gs.us-east1,ncbi.public",ERX10964267,Illumina NovaSeq 6000,PAIRED,RANDOM,TRANSCRIPTOMIC,Bos taurus,ILLUMINA,2023-09-16T00:00:00Z,2023-09-26T00:43:00Z,1,SAMEA113601252,ERP131230,PRJEB46995,,2023-06-16,2023-06-16,XMM_068_epi,cattle,SAMEA113601252,ETH ZURICH,2023-06-16T12:24:56Z,2023-06-16T12:24:56Z,public,XMM_068_epi,ETH ZURICH,epididymis,2023-06-16,2023-06-16,2022,Switzerland,Europe,Bos taurus,Switzerland,,,,,,,,,,,,,,,,,,,,,,,,,,,,,,,,,,,,,,,,,,,,,,,,,,,,,,,,,,,,,,,,,,,,,,,
ERR11560040,RNA-Seq,302,43434823840,SAMEA113601253,13424002642,ETH ZURICH,public,"fastq,sra,run.zq","ncbi,gs,s3","s3.us-east-1,gs.us-east1,ncbi.public",ERX10964268,Illumina NovaSeq 6000,PAIRED,RANDOM,TRANSCRIPTOMIC,Bos taurus,ILLUMINA,2023-09-16T00:00:00Z,2023-09-26T01:16:00Z,1,SAMEA113601253,ERP131230,PRJEB46995,,2023-06-16,2023-06-16,XMM_069_epi,cattle,SAMEA113601253,ETH ZURICH,2023-06-16T12:24:56Z,2023-06-16T12:24:56Z,public,XMM_069_epi,ETH ZURICH,epididymis,2023-06-16,2023-06-16,2022,Switzerland,Europe,Bos taurus,Switzerland,,,,,,,,,,,,,,,,,,,,,,,,,,,,,,,,,,,,,,,,,,,,,,,,,,,,,,,,,,,,,,,,,,,,,,,
ERR11560041,RNA-Seq,302,37995494894,SAMEA113601254,11730454092,ETH ZURICH,public,"fastq,run.zq,sra","gs,s3,ncbi","ncbi.public,gs.us-east1,s3.us-east-1",ERX10964269,Illumina NovaSeq 6000,PAIRED,RANDOM,TRANSCRIPTOMIC,Bos taurus,ILLUMINA,2023-09-16T00:00:00Z,2023-09-26T00:50:00Z,1,SAMEA113601254,ERP131230,PRJEB46995,,2023-06-16,2023-06-16,XMM_070_epi,cattle,SAMEA113601254,ETH ZURICH,2023-06-16T12:24:56Z,2023-06-16T12:24:56Z,public,XMM_070_epi,ETH ZURICH,epididymis,2023-06-16,2023-06-16,2022,Switzerland,Europe,Bos taurus,Switzerland,,,,,,,,,,,,,,,,,,,,,,,,,,,,,,,,,,,,,,,,,,,,,,,,,,,,,,,,,,,,,,,,,,,,,,,
ERR11560042,RNA-Seq,302,37633924186,SAMEA113601255,11751138323,ETH ZURICH,public,"fastq,sra,run.zq","ncbi,s3,gs","s3.us-east-1,ncbi.public,gs.us-east1",ERX10964270,Illumina NovaSeq 6000,PAIRED,RANDOM,TRANSCRIPTOMIC,Bos taurus,ILLUMINA,2023-09-16T00:00:00Z,2023-09-26T00:43:00Z,1,SAMEA113601255,ERP131230,PRJEB46995,,2023-06-16,2023-06-16,XMM_071_epi,cattle,SAMEA113601255,ETH ZURICH,2023-06-16T12:24:56Z,2023-06-16T12:24:56Z,public,XMM_071_epi,ETH ZURICH,epididymis,2023-06-16,2023-06-16,2022,Switzerland,Europe,Bos taurus,Switzerland,,,,,,,,,,,,,,,,,,,,,,,,,,,,,,,,,,,,,,,,,,,,,,,,,,,,,,,,,,,,,,,,,,,,,,,
ERR11560043,RNA-Seq,302,46551960026,SAMEA113601256,14445284073,ETH ZURICH,public,"sra,fastq,run.zq","ncbi,s3,gs","gs.us-east1,ncbi.public,s3.us-east-1",ERX10964271,Illumina NovaSeq 6000,PAIRED,RANDOM,TRANSCRIPTOMIC,Bos taurus,ILLUMINA,2023-09-16T00:00:00Z,2023-09-26T01:06:00Z,1,SAMEA113601256,ERP131230,PRJEB46995,,2023-06-16,2023-06-16,XMM_072_epi,cattle,SAMEA113601256,ETH ZURICH,2023-06-16T12:24:56Z,2023-06-16T12:24:56Z,public,XMM_072_epi,ETH ZURICH,epididymis,2023-06-16,2023-06-16,2022,Switzerland,Europe,Bos taurus,Switzerland,,,,,,,,,,,,,,,,,,,,,,,,,,,,,,,,,,,,,,,,,,,,,,,,,,,,,,,,,,,,,,,,,,,,,,,
ERR11560044,RNA-Seq,302,47630795230,SAMEA113601257,14832226581,ETH ZURICH,public,"run.zq,fastq,sra","ncbi,gs,s3","gs.us-east1,s3.us-east-1,ncbi.public",ERX10964272,Illumina NovaSeq 6000,PAIRED,RANDOM,TRANSCRIPTOMIC,Bos taurus,ILLUMINA,2023-09-16T00:00:00Z,2023-09-26T01:24:00Z,1,SAMEA113601257,ERP131230,PRJEB46995,,2023-06-16,2023-06-16,XMM_073_epi,cattle,SAMEA113601257,ETH ZURICH,2023-06-16T12:24:56Z,2023-06-16T12:24:56Z,public,XMM_073_epi,ETH ZURICH,epididymis,2023-06-16,2023-06-16,2022,Switzerland,Europe,Bos taurus,Switzerland,,,,,,,,,,,,,,,,,,,,,,,,,,,,,,,,,,,,,,,,,,,,,,,,,,,,,,,,,,,,,,,,,,,,,,,
ERR11560045,RNA-Seq,302,44189504022,SAMEA113601258,13858491750,ETH ZURICH,public,"fastq,sra,run.zq","s3,ncbi,gs","s3.us-east-1,gs.us-east1,ncbi.public",ERX10964273,Illumina NovaSeq 6000,PAIRED,RANDOM,TRANSCRIPTOMIC,Bos taurus,ILLUMINA,2023-09-16T00:00:00Z,2023-09-26T00:49:00Z,1,SAMEA113601258,ERP131230,PRJEB46995,,2023-06-16,2023-06-16,XMM_074_epi,cattle,SAMEA113601258,ETH ZURICH,2023-06-16T12:24:56Z,2023-06-16T12:24:56Z,public,XMM_074_epi,ETH ZURICH,epididymis,2023-06-16,2023-06-16,2022,Switzerland,Europe,Bos taurus,Switzerland,,,,,,,,,,,,,,,,,,,,,,,,,,,,,,,,,,,,,,,,,,,,,,,,,,,,,,,,,,,,,,,,,,,,,,,
ERR11560046,RNA-Seq,302,51853276784,SAMEA113601259,16088030698,ETH ZURICH,public,"fastq,sra,run.zq","s3,gs,ncbi","gs.us-east1,ncbi.public,s3.us-east-1",ERX10964274,Illumina NovaSeq 6000,PAIRED,RANDOM,TRANSCRIPTOMIC,Bos taurus,ILLUMINA,2023-09-16T00:00:00Z,2023-09-26T01:58:00Z,1,SAMEA113601259,ERP131230,PRJEB46995,,2023-06-16,2023-06-16,XMM_075_epi,cattle,SAMEA113601259,ETH ZURICH,2023-06-16T12:24:56Z,2023-06-16T12:24:56Z,public,XMM_075_epi,ETH ZURICH,epididymis,2023-06-16,2023-06-16,2022,Switzerland,Europe,Bos taurus,Switzerland,,,,,,,,,,,,,,,,,,,,,,,,,,,,,,,,,,,,,,,,,,,,,,,,,,,,,,,,,,,,,,,,,,,,,,,
ERR11560047,RNA-Seq,302,37077545660,SAMEA113601260,11522970753,ETH ZURICH,public,"sra,fastq,run.zq","ncbi,gs,s3","gs.us-east1,ncbi.public,s3.us-east-1",ERX10964275,Illumina NovaSeq 6000,PAIRED,RANDOM,TRANSCRIPTOMIC,Bos taurus,ILLUMINA,2023-09-16T00:00:00Z,2023-09-26T01:11:00Z,1,SAMEA113601260,ERP131230,PRJEB46995,,2023-06-16,2023-06-16,XMM_076_epi,cattle,SAMEA113601260,ETH ZURICH,2023-06-16T12:24:56Z,2023-06-16T12:24:56Z,public,XMM_076_epi,ETH ZURICH,epididymis,2023-06-16,2023-06-16,2022,Switzerland,Europe,Bos taurus,Switzerland,,,,,,,,,,,,,,,,,,,,,,,,,,,,,,,,,,,,,,,,,,,,,,,,,,,,,,,,,,,,,,,,,,,,,,,
ERR11560048,RNA-Seq,302,45622017466,SAMEA113601261,14079321318,ETH ZURICH,public,"sra,run.zq,fastq","gs,ncbi,s3","ncbi.public,gs.us-east1,s3.us-east-1",ERX10964276,Illumina NovaSeq 6000,PAIRED,RANDOM,TRANSCRIPTOMIC,Bos taurus,ILLUMINA,2023-09-16T00:00:00Z,2023-09-26T01:19:00Z,1,SAMEA113601261,ERP131230,PRJEB46995,,2023-06-16,2023-06-16,XMM_077_epi,cattle,SAMEA113601261,ETH ZURICH,2023-06-16T12:24:56Z,2023-06-16T12:24:56Z,public,XMM_077_epi,ETH ZURICH,epididymis,2023-06-16,2023-06-16,2022,Switzerland,Europe,Bos taurus,Switzerland,,,,,,,,,,,,,,,,,,,,,,,,,,,,,,,,,,,,,,,,,,,,,,,,,,,,,,,,,,,,,,,,,,,,,,,
ERR11560049,RNA-Seq,302,56163667216,SAMEA113601262,17407844579,ETH ZURICH,public,"run.zq,sra,fastq","ncbi,s3,gs","ncbi.public,gs.us-east1,s3.us-east-1",ERX10964277,Illumina NovaSeq 6000,PAIRED,RANDOM,TRANSCRIPTOMIC,Bos taurus,ILLUMINA,2023-09-16T00:00:00Z,2023-09-26T01:41:00Z,1,SAMEA113601262,ERP131230,PRJEB46995,,2023-06-16,2023-06-16,XMM_078_epi,cattle,SAMEA113601262,ETH ZURICH,2023-06-16T12:24:56Z,2023-06-16T12:24:56Z,public,XMM_078_epi,ETH ZURICH,epididymis,2023-06-16,2023-06-16,2022,Switzerland,Europe,Bos taurus,Switzerland,,,,,,,,,,,,,,,,,,,,,,,,,,,,,,,,,,,,,,,,,,,,,,,,,,,,,,,,,,,,,,,,,,,,,,,
ERR11560050,RNA-Seq,302,43107315410,SAMEA113601263,13344288969,ETH ZURICH,public,"run.zq,fastq,sra","ncbi,gs,s3","ncbi.public,gs.us-east1,s3.us-east-1",ERX10964278,Illumina NovaSeq 6000,PAIRED,RANDOM,TRANSCRIPTOMIC,Bos taurus,ILLUMINA,2023-09-16T00:00:00Z,2023-09-26T01:10:00Z,1,SAMEA113601263,ERP131230,PRJEB46995,,2023-06-16,2023-06-16,XMM_079_epi,cattle,SAMEA113601263,ETH ZURICH,2023-06-16T12:24:56Z,2023-06-16T12:24:56Z,public,XMM_079_epi,ETH ZURICH,epididymis,2023-06-16,2023-06-16,2022,Switzerland,Europe,Bos taurus,Switzerland,,,,,,,,,,,,,,,,,,,,,,,,,,,,,,,,,,,,,,,,,,,,,,,,,,,,,,,,,,,,,,,,,,,,,,,
ERR11560051,RNA-Seq,302,57436584230,SAMEA113601264,17942493622,ETH ZURICH,public,"fastq,run.zq,sra","s3,ncbi,gs","gs.us-east1,s3.us-east-1,ncbi.public",ERX10964279,Illumina NovaSeq 6000,PAIRED,RANDOM,TRANSCRIPTOMIC,Bos taurus,ILLUMINA,2023-09-16T00:00:00Z,2023-09-26T01:11:00Z,1,SAMEA113601264,ERP131230,PRJEB46995,,2023-06-16,2023-06-16,XMM_080_epi,cattle,SAMEA113601264,ETH ZURICH,2023-06-16T12:24:56Z,2023-06-16T12:24:56Z,public,XMM_080_epi,ETH ZURICH,epididymis,2023-06-16,2023-06-16,2022,Switzerland,Europe,Bos taurus,Switzerland,,,,,,,,,,,,,,,,,,,,,,,,,,,,,,,,,,,,,,,,,,,,,,,,,,,,,,,,,,,,,,,,,,,,,,,
ERR11560052,RNA-Seq,302,45672035008,SAMEA113601265,14227630799,ETH ZURICH,public,"sra,run.zq,fastq","s3,ncbi,gs","s3.us-east-1,gs.us-east1,ncbi.public",ERX10964280,Illumina NovaSeq 6000,PAIRED,RANDOM,TRANSCRIPTOMIC,Bos taurus,ILLUMINA,2023-09-16T00:00:00Z,2023-09-26T00:52:00Z,1,SAMEA113601265,ERP131230,PRJEB46995,,2023-06-16,2023-06-16,XMM_082_epi,cattle,SAMEA113601265,ETH ZURICH,2023-06-16T12:24:56Z,2023-06-16T12:24:56Z,public,XMM_082_epi,ETH ZURICH,epididymis,2023-06-16,2023-06-16,2022,Switzerland,Europe,Bos taurus,Switzerland,,,,,,,,,,,,,,,,,,,,,,,,,,,,,,,,,,,,,,,,,,,,,,,,,,,,,,,,,,,,,,,,,,,,,,,
ERR11560053,RNA-Seq,302,49320757332,SAMEA113601266,15387059516,ETH ZURICH,public,"run.zq,fastq,sra","gs,ncbi,s3","s3.us-east-1,ncbi.public,gs.us-east1",ERX10964281,Illumina NovaSeq 6000,PAIRED,RANDOM,TRANSCRIPTOMIC,Bos taurus,ILLUMINA,2023-09-16T00:00:00Z,2023-09-26T01:33:00Z,1,SAMEA113601266,ERP131230,PRJEB46995,,2023-06-16,2023-06-16,XMM_083_epi,cattle,SAMEA113601266,ETH ZURICH,2023-06-16T12:24:56Z,2023-06-16T12:24:56Z,public,XMM_083_epi,ETH ZURICH,epididymis,2023-06-16,2023-06-16,2022,Switzerland,Europe,Bos taurus,Switzerland,,,,,,,,,,,,,,,,,,,,,,,,,,,,,,,,,,,,,,,,,,,,,,,,,,,,,,,,,,,,,,,,,,,,,,,
ERR11560054,RNA-Seq,302,44357664568,SAMEA113601267,13766232081,ETH ZURICH,public,"fastq,run.zq,sra","gs,s3,ncbi","gs.us-east1,s3.us-east-1,ncbi.public",ERX10964282,Illumina NovaSeq 6000,PAIRED,RANDOM,TRANSCRIPTOMIC,Bos taurus,ILLUMINA,2023-09-16T00:00:00Z,2023-09-26T00:56:00Z,1,SAMEA113601267,ERP131230,PRJEB46995,,2023-06-16,2023-06-16,XMM_084_epi,cattle,SAMEA113601267,ETH ZURICH,2023-06-16T12:24:56Z,2023-06-16T12:24:56Z,public,XMM_084_epi,ETH ZURICH,epididymis,2023-06-16,2023-06-16,2022,Switzerland,Europe,Bos taurus,Switzerland,,,,,,,,,,,,,,,,,,,,,,,,,,,,,,,,,,,,,,,,,,,,,,,,,,,,,,,,,,,,,,,,,,,,,,,
ERR11560055,RNA-Seq,302,36522371812,SAMEA113601268,11263230360,ETH ZURICH,public,"sra,run.zq,fastq","s3,ncbi,gs","gs.us-east1,ncbi.public,s3.us-east-1",ERX10964283,Illumina NovaSeq 6000,PAIRED,RANDOM,TRANSCRIPTOMIC,Bos taurus,ILLUMINA,2023-09-16T00:00:00Z,2023-09-26T00:55:00Z,1,SAMEA113601268,ERP131230,PRJEB46995,,2023-06-16,2023-06-16,XMM_086_epi,cattle,SAMEA113601268,ETH ZURICH,2023-06-16T12:24:56Z,2023-06-16T12:24:56Z,public,XMM_086_epi,ETH ZURICH,epididymis,2023-06-16,2023-06-16,2022,Switzerland,Europe,Bos taurus,Switzerland,,,,,,,,,,,,,,,,,,,,,,,,,,,,,,,,,,,,,,,,,,,,,,,,,,,,,,,,,,,,,,,,,,,,,,,
ERR11560056,RNA-Seq,302,55130984860,SAMEA113601269,17096440899,ETH ZURICH,public,"run.zq,fastq,sra","s3,gs,ncbi","gs.us-east1,ncbi.public,s3.us-east-1",ERX10964284,Illumina NovaSeq 6000,PAIRED,RANDOM,TRANSCRIPTOMIC,Bos taurus,ILLUMINA,2023-09-16T00:00:00Z,2023-09-26T01:25:00Z,1,SAMEA113601269,ERP131230,PRJEB46995,,2023-06-16,2023-06-16,XMM_087_epi,cattle,SAMEA113601269,ETH ZURICH,2023-06-16T12:24:56Z,2023-06-16T12:24:56Z,public,XMM_087_epi,ETH ZURICH,epididymis,2023-06-16,2023-06-16,2022,Switzerland,Europe,Bos taurus,Switzerland,,,,,,,,,,,,,,,,,,,,,,,,,,,,,,,,,,,,,,,,,,,,,,,,,,,,,,,,,,,,,,,,,,,,,,,
ERR11560057,RNA-Seq,302,35561237182,SAMEA113601270,10955266350,ETH ZURICH,public,"run.zq,fastq,sra","gs,s3,ncbi","s3.us-east-1,gs.us-east1,ncbi.public",ERX10964285,Illumina NovaSeq 6000,PAIRED,RANDOM,TRANSCRIPTOMIC,Bos taurus,ILLUMINA,2023-09-16T00:00:00Z,2023-09-26T00:54:00Z,1,SAMEA113601270,ERP131230,PRJEB46995,,2023-06-16,2023-06-16,XMM_088_epi,cattle,SAMEA113601270,ETH ZURICH,2023-06-16T12:24:56Z,2023-06-16T12:24:56Z,public,XMM_088_epi,ETH ZURICH,epididymis,2023-06-16,2023-06-16,2022,Switzerland,Europe,Bos taurus,Switzerland,,,,,,,,,,,,,,,,,,,,,,,,,,,,,,,,,,,,,,,,,,,,,,,,,,,,,,,,,,,,,,,,,,,,,,,
ERR11560058,RNA-Seq,302,41898351728,SAMEA113601271,12998478282,ETH ZURICH,public,"fastq,sra,run.zq","gs,s3,ncbi","gs.us-east1,ncbi.public,s3.us-east-1",ERX10964286,Illumina NovaSeq 6000,PAIRED,RANDOM,TRANSCRIPTOMIC,Bos taurus,ILLUMINA,2023-09-16T00:00:00Z,2023-09-26T01:06:00Z,1,SAMEA113601271,ERP131230,PRJEB46995,,2023-06-16,2023-06-16,XMM_089_epi,cattle,SAMEA113601271,ETH ZURICH,2023-06-16T12:24:56Z,2023-06-16T12:24:56Z,public,XMM_089_epi,ETH ZURICH,epididymis,2023-06-16,2023-06-16,2022,Switzerland,Europe,Bos taurus,Switzerland,,,,,,,,,,,,,,,,,,,,,,,,,,,,,,,,,,,,,,,,,,,,,,,,,,,,,,,,,,,,,,,,,,,,,,,
ERR11560059,RNA-Seq,302,51713899858,SAMEA113601272,15817259385,ETH ZURICH,public,"fastq,run.zq,sra","ncbi,gs,s3","ncbi.public,gs.us-east1,s3.us-east-1",ERX10964287,Illumina NovaSeq 6000,PAIRED,RANDOM,TRANSCRIPTOMIC,Bos taurus,ILLUMINA,2023-09-16T00:00:00Z,2023-09-26T01:30:00Z,1,SAMEA113601272,ERP131230,PRJEB46995,,2023-06-16,2023-06-16,XMM_090_epi,cattle,SAMEA113601272,ETH ZURICH,2023-06-16T12:24:56Z,2023-06-16T12:24:56Z,public,XMM_090_epi,ETH ZURICH,epididymis,2023-06-16,2023-06-16,2022,Switzerland,Europe,Bos taurus,Switzerland,,,,,,,,,,,,,,,,,,,,,,,,,,,,,,,,,,,,,,,,,,,,,,,,,,,,,,,,,,,,,,,,,,,,,,,
ERR11560060,RNA-Seq,302,48668146506,SAMEA113601273,15131413366,ETH ZURICH,public,"run.zq,sra,fastq","s3,gs,ncbi","ncbi.public,s3.us-east-1,gs.us-east1",ERX10964288,Illumina NovaSeq 6000,PAIRED,RANDOM,TRANSCRIPTOMIC,Bos taurus,ILLUMINA,2023-09-16T00:00:00Z,2023-09-26T01:11:00Z,1,SAMEA113601273,ERP131230,PRJEB46995,,2023-06-16,2023-06-16,XMM_091_epi,cattle,SAMEA113601273,ETH ZURICH,2023-06-16T12:24:56Z,2023-06-16T12:24:56Z,public,XMM_091_epi,ETH ZURICH,epididymis,2023-06-16,2023-06-16,2022,Switzerland,Europe,Bos taurus,Switzerland,,,,,,,,,,,,,,,,,,,,,,,,,,,,,,,,,,,,,,,,,,,,,,,,,,,,,,,,,,,,,,,,,,,,,,,
ERR11560061,RNA-Seq,302,36425995156,SAMEA113601274,11336977031,ETH ZURICH,public,"run.zq,sra,fastq","ncbi,s3,gs","ncbi.public,gs.us-east1,s3.us-east-1",ERX10964289,Illumina NovaSeq 6000,PAIRED,RANDOM,TRANSCRIPTOMIC,Bos taurus,ILLUMINA,2023-09-16T00:00:00Z,2023-09-26T00:34:00Z,1,SAMEA113601274,ERP131230,PRJEB46995,,2023-06-16,2023-06-16,XMM_093_epi,cattle,SAMEA113601274,ETH ZURICH,2023-06-16T12:24:56Z,2023-06-16T12:24:56Z,public,XMM_093_epi,ETH ZURICH,epididymis,2023-06-16,2023-06-16,2022,Switzerland,Europe,Bos taurus,Switzerland,,,,,,,,,,,,,,,,,,,,,,,,,,,,,,,,,,,,,,,,,,,,,,,,,,,,,,,,,,,,,,,,,,,,,,,
ERR11560062,RNA-Seq,302,40718716776,SAMEA113601275,12589898991,ETH ZURICH,public,"sra,fastq,run.zq","s3,ncbi,gs","ncbi.public,s3.us-east-1,gs.us-east1",ERX10964290,Illumina NovaSeq 6000,PAIRED,RANDOM,TRANSCRIPTOMIC,Bos taurus,ILLUMINA,2023-09-16T00:00:00Z,2023-09-26T00:39:00Z,1,SAMEA113601275,ERP131230,PRJEB46995,,2023-06-16,2023-06-16,XMM_094_epi,cattle,SAMEA113601275,ETH ZURICH,2023-06-16T12:24:56Z,2023-06-16T12:24:56Z,public,XMM_094_epi,ETH ZURICH,epididymis,2023-06-16,2023-06-16,2022,Switzerland,Europe,Bos taurus,Switzerland,,,,,,,,,,,,,,,,,,,,,,,,,,,,,,,,,,,,,,,,,,,,,,,,,,,,,,,,,,,,,,,,,,,,,,,
ERR11560063,RNA-Seq,302,36786053750,SAMEA113601276,11399047196,ETH ZURICH,public,"sra,fastq,run.zq","s3,gs,ncbi","gs.us-east1,s3.us-east-1,ncbi.public",ERX10964291,Illumina NovaSeq 6000,PAIRED,RANDOM,TRANSCRIPTOMIC,Bos taurus,ILLUMINA,2023-09-16T00:00:00Z,2023-10-26T16:55:00Z,1,SAMEA113601276,ERP131230,PRJEB46995,,2023-06-16,2023-06-16,XMM_095_epi,cattle,SAMEA113601276,ETH ZURICH,2023-06-16T12:24:56Z,2023-06-16T12:24:56Z,public,XMM_095_epi,ETH ZURICH,epididymis,2023-06-16,2023-06-16,2022,Switzerland,Europe,Bos taurus,Switzerland,,,,,,,,,,,,,,,,,,,,,,,,,,,,,,,,,,,,,,,,,,,,,,,,,,,,,,,,,,,,,,,,,,,,,,,
ERR11560064,RNA-Seq,302,39991020294,SAMEA113601277,12317796729,ETH ZURICH,public,"run.zq,fastq,sra","s3,ncbi,gs","ncbi.public,s3.us-east-1,gs.us-east1",ERX10964292,Illumina NovaSeq 6000,PAIRED,RANDOM,TRANSCRIPTOMIC,Bos taurus,ILLUMINA,2023-09-16T00:00:00Z,2023-09-26T00:38:00Z,1,SAMEA113601277,ERP131230,PRJEB46995,,2023-06-16,2023-06-16,XMM_096_epi,cattle,SAMEA113601277,ETH ZURICH,2023-06-16T12:24:56Z,2023-06-16T12:24:56Z,public,XMM_096_epi,ETH ZURICH,epididymis,2023-06-16,2023-06-16,2022,Switzerland,Europe,Bos taurus,Switzerland,,,,,,,,,,,,,,,,,,,,,,,,,,,,,,,,,,,,,,,,,,,,,,,,,,,,,,,,,,,,,,,,,,,,,,,
ERR11560065,RNA-Seq,302,38981644788,SAMEA113601278,12053781538,ETH ZURICH,public,"sra,fastq,run.zq","s3,ncbi,gs","s3.us-east-1,gs.us-east1,ncbi.public",ERX10964293,Illumina NovaSeq 6000,PAIRED,RANDOM,TRANSCRIPTOMIC,Bos taurus,ILLUMINA,2023-09-16T00:00:00Z,2023-09-26T01:03:00Z,1,SAMEA113601278,ERP131230,PRJEB46995,,2023-06-16,2023-06-16,XMM_099_epi,cattle,SAMEA113601278,ETH ZURICH,2023-06-16T12:24:56Z,2023-06-16T12:24:56Z,public,XMM_099_epi,ETH ZURICH,epididymis,2023-06-16,2023-06-16,2022,Switzerland,Europe,Bos taurus,Switzerland,,,,,,,,,,,,,,,,,,,,,,,,,,,,,,,,,,,,,,,,,,,,,,,,,,,,,,,,,,,,,,,,,,,,,,,
ERR11560066,RNA-Seq,302,37052231718,SAMEA113601279,11509973731,ETH ZURICH,public,"run.zq,fastq,sra","s3,gs,ncbi","s3.us-east-1,gs.us-east1,ncbi.public",ERX10964294,Illumina NovaSeq 6000,PAIRED,RANDOM,TRANSCRIPTOMIC,Bos taurus,ILLUMINA,2023-09-16T00:00:00Z,2023-09-26T00:51:00Z,1,SAMEA113601279,ERP131230,PRJEB46995,,2023-06-16,2023-06-16,XMM_100_epi,cattle,SAMEA113601279,ETH ZURICH,2023-06-16T12:24:56Z,2023-06-16T12:24:56Z,public,XMM_100_epi,ETH ZURICH,epididymis,2023-06-16,2023-06-16,2022,Switzerland,Europe,Bos taurus,Switzerland,,,,,,,,,,,,,,,,,,,,,,,,,,,,,,,,,,,,,,,,,,,,,,,,,,,,,,,,,,,,,,,,,,,,,,,
ERR11560067,RNA-Seq,302,43502304230,SAMEA113601280,13549514493,ETH ZURICH,public,"fastq,sra,run.zq","s3,ncbi,gs","s3.us-east-1,gs.us-east1,ncbi.public",ERX10964295,Illumina NovaSeq 6000,PAIRED,RANDOM,TRANSCRIPTOMIC,Bos taurus,ILLUMINA,2023-09-16T00:00:00Z,2023-09-26T01:04:00Z,1,SAMEA113601280,ERP131230,PRJEB46995,,2023-06-16,2023-06-16,XMM_101_epi,cattle,SAMEA113601280,ETH ZURICH,2023-06-16T12:24:56Z,2023-06-16T12:24:56Z,public,XMM_101_epi,ETH ZURICH,epididymis,2023-06-16,2023-06-16,2022,Switzerland,Europe,Bos taurus,Switzerland,,,,,,,,,,,,,,,,,,,,,,,,,,,,,,,,,,,,,,,,,,,,,,,,,,,,,,,,,,,,,,,,,,,,,,,
ERR11560068,RNA-Seq,302,45093554612,SAMEA113601281,13923654373,ETH ZURICH,public,"run.zq,sra,fastq","gs,s3,ncbi","s3.us-east-1,gs.us-east1,ncbi.public",ERX10964296,Illumina NovaSeq 6000,PAIRED,RANDOM,TRANSCRIPTOMIC,Bos taurus,ILLUMINA,2023-09-16T00:00:00Z,2023-09-26T01:39:00Z,1,SAMEA113601281,ERP131230,PRJEB46995,,2023-06-16,2023-06-16,XMM_102_epi,cattle,SAMEA113601281,ETH ZURICH,2023-06-16T12:24:56Z,2023-06-16T12:24:56Z,public,XMM_102_epi,ETH ZURICH,epididymis,2023-06-16,2023-06-16,2022,Switzerland,Europe,Bos taurus,Switzerland,,,,,,,,,,,,,,,,,,,,,,,,,,,,,,,,,,,,,,,,,,,,,,,,,,,,,,,,,,,,,,,,,,,,,,,
ERR11560069,RNA-Seq,302,39965765846,SAMEA113601282,12378208923,ETH ZURICH,public,"fastq,run.zq,sra","gs,s3,ncbi","ncbi.public,gs.us-east1,s3.us-east-1",ERX10964297,Illumina NovaSeq 6000,PAIRED,RANDOM,TRANSCRIPTOMIC,Bos taurus,ILLUMINA,2023-09-16T00:00:00Z,2023-09-26T00:59:00Z,1,SAMEA113601282,ERP131230,PRJEB46995,,2023-06-16,2023-06-16,XMM_103_epi,cattle,SAMEA113601282,ETH ZURICH,2023-06-16T12:24:56Z,2023-06-16T12:24:56Z,public,XMM_103_epi,ETH ZURICH,epididymis,2023-06-16,2023-06-16,2022,Switzerland,Europe,Bos taurus,Switzerland,,,,,,,,,,,,,,,,,,,,,,,,,,,,,,,,,,,,,,,,,,,,,,,,,,,,,,,,,,,,,,,,,,,,,,,
ERR11560070,RNA-Seq,302,38224890772,SAMEA113601283,11894635205,ETH ZURICH,public,"fastq,run.zq,sra","gs,s3,ncbi","s3.us-east-1,ncbi.public,gs.us-east1",ERX10964298,Illumina NovaSeq 6000,PAIRED,RANDOM,TRANSCRIPTOMIC,Bos taurus,ILLUMINA,2023-09-16T00:00:00Z,2023-09-26T00:43:00Z,1,SAMEA113601283,ERP131230,PRJEB46995,,2023-06-16,2023-06-16,XMM_104_epi,cattle,SAMEA113601283,ETH ZURICH,2023-06-16T12:24:56Z,2023-06-16T12:24:56Z,public,XMM_104_epi,ETH ZURICH,epididymis,2023-06-16,2023-06-16,2022,Switzerland,Europe,Bos taurus,Switzerland,,,,,,,,,,,,,,,,,,,,,,,,,,,,,,,,,,,,,,,,,,,,,,,,,,,,,,,,,,,,,,,,,,,,,,,
ERR11560071,RNA-Seq,302,35166901286,SAMEA113601284,10884055078,ETH ZURICH,public,"run.zq,sra,fastq","s3,gs,ncbi","gs.us-east1,s3.us-east-1,ncbi.public",ERX10964299,Illumina NovaSeq 6000,PAIRED,RANDOM,TRANSCRIPTOMIC,Bos taurus,ILLUMINA,2023-09-16T00:00:00Z,2023-09-26T01:18:00Z,1,SAMEA113601284,ERP131230,PRJEB46995,,2023-06-16,2023-06-16,XMM_106_epi,cattle,SAMEA113601284,ETH ZURICH,2023-06-16T12:24:56Z,2023-06-16T12:24:56Z,public,XMM_106_epi,ETH ZURICH,epididymis,2023-06-16,2023-06-16,2022,Switzerland,Europe,Bos taurus,Switzerland,,,,,,,,,,,,,,,,,,,,,,,,,,,,,,,,,,,,,,,,,,,,,,,,,,,,,,,,,,,,,,,,,,,,,,,
ERR11560072,RNA-Seq,302,38701360702,SAMEA113601285,11899754134,ETH ZURICH,public,"fastq,run.zq,sra","ncbi,s3,gs","s3.us-east-1,ncbi.public,gs.us-east1",ERX10964300,Illumina NovaSeq 6000,PAIRED,RANDOM,TRANSCRIPTOMIC,Bos taurus,ILLUMINA,2023-09-16T00:00:00Z,2023-09-26T01:03:00Z,1,SAMEA113601285,ERP131230,PRJEB46995,,2023-06-16,2023-06-16,XMM_107_epi,cattle,SAMEA113601285,ETH ZURICH,2023-06-16T12:24:56Z,2023-06-16T12:24:56Z,public,XMM_107_epi,ETH ZURICH,epididymis,2023-06-16,2023-06-16,2022,Switzerland,Europe,Bos taurus,Switzerland,,,,,,,,,,,,,,,,,,,,,,,,,,,,,,,,,,,,,,,,,,,,,,,,,,,,,,,,,,,,,,,,,,,,,,,
ERR11560073,RNA-Seq,302,42779288144,SAMEA113601286,13276820331,ETH ZURICH,public,"sra,run.zq,fastq","ncbi,s3,gs","gs.us-east1,s3.us-east-1,ncbi.public",ERX10964301,Illumina NovaSeq 6000,PAIRED,RANDOM,TRANSCRIPTOMIC,Bos taurus,ILLUMINA,2023-09-16T00:00:00Z,2023-09-26T01:34:00Z,1,SAMEA113601286,ERP131230,PRJEB46995,,2023-06-16,2023-06-16,XMM_108_epi,cattle,SAMEA113601286,ETH ZURICH,2023-06-16T12:24:56Z,2023-06-16T12:24:56Z,public,XMM_108_epi,ETH ZURICH,epididymis,2023-06-16,2023-06-16,2022,Switzerland,Europe,Bos taurus,Switzerland,,,,,,,,,,,,,,,,,,,,,,,,,,,,,,,,,,,,,,,,,,,,,,,,,,,,,,,,,,,,,,,,,,,,,,,
ERR11560074,RNA-Seq,302,37333712328,SAMEA113601287,11675562374,ETH ZURICH,public,"fastq,run.zq,sra","ncbi,gs,s3","s3.us-east-1,gs.us-east1,ncbi.public",ERX10964302,Illumina NovaSeq 6000,PAIRED,RANDOM,TRANSCRIPTOMIC,Bos taurus,ILLUMINA,2023-09-16T00:00:00Z,2023-09-26T01:08:00Z,1,SAMEA113601287,ERP131230,PRJEB46995,,2023-06-16,2023-06-16,XMM_109_epi,cattle,SAMEA113601287,ETH ZURICH,2023-06-16T12:24:56Z,2023-06-16T12:24:56Z,public,XMM_109_epi,ETH ZURICH,epididymis,2023-06-16,2023-06-16,2022,Switzerland,Europe,Bos taurus,Switzerland,,,,,,,,,,,,,,,,,,,,,,,,,,,,,,,,,,,,,,,,,,,,,,,,,,,,,,,,,,,,,,,,,,,,,,,
ERR11560075,RNA-Seq,302,42098764364,SAMEA113601288,13019081633,ETH ZURICH,public,"run.zq,fastq,sra","s3,gs,ncbi","ncbi.public,gs.us-east1,s3.us-east-1",ERX10964303,Illumina NovaSeq 6000,PAIRED,RANDOM,TRANSCRIPTOMIC,Bos taurus,ILLUMINA,2023-09-16T00:00:00Z,2023-09-26T01:02:00Z,1,SAMEA113601288,ERP131230,PRJEB46995,,2023-06-16,2023-06-16,XMM_110_epi,cattle,SAMEA113601288,ETH ZURICH,2023-06-16T12:24:56Z,2023-06-16T12:24:56Z,public,XMM_110_epi,ETH ZURICH,epididymis,2023-06-16,2023-06-16,2022,Switzerland,Europe,Bos taurus,Switzerland,,,,,,,,,,,,,,,,,,,,,,,,,,,,,,,,,,,,,,,,,,,,,,,,,,,,,,,,,,,,,,,,,,,,,,,
ERR11560076,RNA-Seq,302,35751256790,SAMEA113601289,11048862232,ETH ZURICH,public,"run.zq,sra,fastq","ncbi,s3,gs","ncbi.public,s3.us-east-1,gs.us-east1",ERX10964304,Illumina NovaSeq 6000,PAIRED,RANDOM,TRANSCRIPTOMIC,Bos taurus,ILLUMINA,2023-09-16T00:00:00Z,2023-09-26T01:04:00Z,1,SAMEA113601289,ERP131230,PRJEB46995,,2023-06-16,2023-06-16,XMM_111_epi,cattle,SAMEA113601289,ETH ZURICH,2023-06-16T12:24:56Z,2023-06-16T12:24:56Z,public,XMM_111_epi,ETH ZURICH,epididymis,2023-06-16,2023-06-16,2022,Switzerland,Europe,Bos taurus,Switzerland,,,,,,,,,,,,,,,,,,,,,,,,,,,,,,,,,,,,,,,,,,,,,,,,,,,,,,,,,,,,,,,,,,,,,,,
ERR11560077,RNA-Seq,302,48082101010,SAMEA113601290,15229642309,ETH ZURICH,public,"run.zq,sra,fastq","ncbi,s3,gs","ncbi.public,gs.us-east1,s3.us-east-1",ERX10964305,Illumina NovaSeq 6000,PAIRED,RANDOM,TRANSCRIPTOMIC,Bos taurus,ILLUMINA,2023-09-16T00:00:00Z,2023-09-26T01:05:00Z,1,SAMEA113601290,ERP131230,PRJEB46995,,2023-06-16,2023-06-16,XMM_112_epi,cattle,SAMEA113601290,ETH ZURICH,2023-06-16T12:24:56Z,2023-06-16T12:24:56Z,public,XMM_112_epi,ETH ZURICH,epididymis,2023-06-16,2023-06-16,2022,Switzerland,Europe,Bos taurus,Switzerland,,,,,,,,,,,,,,,,,,,,,,,,,,,,,,,,,,,,,,,,,,,,,,,,,,,,,,,,,,,,,,,,,,,,,,,
ERR11560078,RNA-Seq,302,43368632084,SAMEA113601291,13511093471,ETH ZURICH,public,"fastq,run.zq,sra","ncbi,s3,gs","s3.us-east-1,gs.us-east1,ncbi.public",ERX10964306,Illumina NovaSeq 6000,PAIRED,RANDOM,TRANSCRIPTOMIC,Bos taurus,ILLUMINA,2023-09-16T00:00:00Z,2023-09-26T01:51:00Z,1,SAMEA113601291,ERP131230,PRJEB46995,,2023-06-16,2023-06-16,XMM_116_epi,cattle,SAMEA113601291,ETH ZURICH,2023-06-16T12:24:56Z,2023-06-16T12:24:56Z,public,XMM_116_epi,ETH ZURICH,epididymis,2023-06-16,2023-06-16,2022,Switzerland,Europe,Bos taurus,Switzerland,,,,,,,,,,,,,,,,,,,,,,,,,,,,,,,,,,,,,,,,,,,,,,,,,,,,,,,,,,,,,,,,,,,,,,,
ERR11560079,RNA-Seq,302,40811754520,SAMEA113601292,12837704221,ETH ZURICH,public,"run.zq,fastq,sra","s3,gs,ncbi","gs.us-east1,s3.us-east-1,ncbi.public",ERX10964307,Illumina NovaSeq 6000,PAIRED,RANDOM,TRANSCRIPTOMIC,Bos taurus,ILLUMINA,2023-09-16T00:00:00Z,2023-09-26T01:18:00Z,1,SAMEA113601292,ERP131230,PRJEB46995,,2023-06-16,2023-06-16,XMM_120_epi,cattle,SAMEA113601292,ETH ZURICH,2023-06-16T12:24:56Z,2023-06-16T12:24:56Z,public,XMM_120_epi,ETH ZURICH,epididymis,2023-06-16,2023-06-16,2022,Switzerland,Europe,Bos taurus,Switzerland,,,,,,,,,,,,,,,,,,,,,,,,,,,,,,,,,,,,,,,,,,,,,,,,,,,,,,,,,,,,,,,,,,,,,,,
ERR11560080,RNA-Seq,302,45231495528,SAMEA113601293,14049844324,ETH ZURICH,public,"sra,fastq,run.zq","ncbi,gs,s3","ncbi.public,s3.us-east-1,gs.us-east1",ERX10964308,Illumina NovaSeq 6000,PAIRED,RANDOM,TRANSCRIPTOMIC,Bos taurus,ILLUMINA,2023-09-16T00:00:00Z,2023-09-26T01:15:00Z,1,SAMEA113601293,ERP131230,PRJEB46995,,2023-06-16,2023-06-16,XMM_122_epi,cattle,SAMEA113601293,ETH ZURICH,2023-06-16T12:24:56Z,2023-06-16T12:24:56Z,public,XMM_122_epi,ETH ZURICH,epididymis,2023-06-16,2023-06-16,2022,Switzerland,Europe,Bos taurus,Switzerland,,,,,,,,,,,,,,,,,,,,,,,,,,,,,,,,,,,,,,,,,,,,,,,,,,,,,,,,,,,,,,,,,,,,,,,
ERR11560081,RNA-Seq,302,49464694156,SAMEA113601294,15343608963,ETH ZURICH,public,"run.zq,sra,fastq","ncbi,s3,gs","gs.us-east1,ncbi.public,s3.us-east-1",ERX10964309,Illumina NovaSeq 6000,PAIRED,RANDOM,TRANSCRIPTOMIC,Bos taurus,ILLUMINA,2023-09-16T00:00:00Z,2023-09-26T01:23:00Z,1,SAMEA113601294,ERP131230,PRJEB46995,,2023-06-16,2023-06-16,XMM_123_epi,cattle,SAMEA113601294,ETH ZURICH,2023-06-16T12:24:56Z,2023-06-16T12:24:56Z,public,XMM_123_epi,ETH ZURICH,epididymis,2023-06-16,2023-06-16,2022,Switzerland,Europe,Bos taurus,Switzerland,,,,,,,,,,,,,,,,,,,,,,,,,,,,,,,,,,,,,,,,,,,,,,,,,,,,,,,,,,,,,,,,,,,,,,,
ERR11560082,RNA-Seq,302,38585929356,SAMEA113601295,11934174424,ETH ZURICH,public,"fastq,sra,run.zq","s3,ncbi,gs","s3.us-east-1,ncbi.public,gs.us-east1",ERX10964310,Illumina NovaSeq 6000,PAIRED,RANDOM,TRANSCRIPTOMIC,Bos taurus,ILLUMINA,2023-09-16T00:00:00Z,2023-09-26T01:15:00Z,1,SAMEA113601295,ERP131230,PRJEB46995,,2023-06-16,2023-06-16,XMM_124_epi,cattle,SAMEA113601295,ETH ZURICH,2023-06-16T12:24:56Z,2023-06-16T12:24:56Z,public,XMM_124_epi,ETH ZURICH,epididymis,2023-06-16,2023-06-16,2022,Switzerland,Europe,Bos taurus,Switzerland,,,,,,,,,,,,,,,,,,,,,,,,,,,,,,,,,,,,,,,,,,,,,,,,,,,,,,,,,,,,,,,,,,,,,,,
ERR11560083,RNA-Seq,302,43771699706,SAMEA113601296,13569294280,ETH ZURICH,public,"run.zq,fastq,sra","s3,gs,ncbi","s3.us-east-1,ncbi.public,gs.us-east1",ERX10964311,Illumina NovaSeq 6000,PAIRED,RANDOM,TRANSCRIPTOMIC,Bos taurus,ILLUMINA,2023-09-16T00:00:00Z,2023-09-26T01:19:00Z,1,SAMEA113601296,ERP131230,PRJEB46995,,2023-06-16,2023-06-16,XMM_125_epi,cattle,SAMEA113601296,ETH ZURICH,2023-06-16T12:24:56Z,2023-06-16T12:24:56Z,public,XMM_125_epi,ETH ZURICH,epididymis,2023-06-16,2023-06-16,2022,Switzerland,Europe,Bos taurus,Switzerland,,,,,,,,,,,,,,,,,,,,,,,,,,,,,,,,,,,,,,,,,,,,,,,,,,,,,,,,,,,,,,,,,,,,,,,
ERR11560084,RNA-Seq,302,49615350480,SAMEA113601297,15453745823,ETH ZURICH,public,"sra,fastq,run.zq","gs,s3,ncbi","ncbi.public,s3.us-east-1,gs.us-east1",ERX10964312,Illumina NovaSeq 6000,PAIRED,RANDOM,TRANSCRIPTOMIC,Bos taurus,ILLUMINA,2023-09-16T00:00:00Z,2023-09-26T01:08:00Z,1,SAMEA113601297,ERP131230,PRJEB46995,,2023-06-16,2023-06-16,XMM_126_epi,cattle,SAMEA113601297,ETH ZURICH,2023-06-16T12:24:56Z,2023-06-16T12:24:56Z,public,XMM_126_epi,ETH ZURICH,epididymis,2023-06-16,2023-06-16,2022,Switzerland,Europe,Bos taurus,Switzerland,,,,,,,,,,,,,,,,,,,,,,,,,,,,,,,,,,,,,,,,,,,,,,,,,,,,,,,,,,,,,,,,,,,,,,,
ERR11560087,RNA-Seq,302,39084901910,SAMEA113601298,12094640875,ETH ZURICH,public,"run.zq,fastq,sra","gs,ncbi,s3","s3.us-east-1,ncbi.public,gs.us-east1",ERX10964315,Illumina NovaSeq 6000,PAIRED,RANDOM,TRANSCRIPTOMIC,Bos taurus,ILLUMINA,2023-09-16T00:00:00Z,2023-09-26T01:03:00Z,1,SAMEA113601298,ERP131230,PRJEB46995,,2023-06-16,2023-06-16,XMM_003_vas,cattle,SAMEA113601298,ETH ZURICH,2023-06-16T12:24:55Z,2023-06-16T12:24:55Z,public,XMM_003_vas,ETH ZURICH,vas deferens,2023-06-16,2023-06-16,2022,Switzerland,Europe,Bos taurus,Switzerland,,,,,,,,,,,,,,,,,,,,,,,,,,,,,,,,,,,,,,,,,,,,,,,,,,,,,,,,,,,,,,,,,,,,,,,
ERR11560088,RNA-Seq,302,33539646766,SAMEA113601299,10353628407,ETH ZURICH,public,"run.zq,sra,fastq","ncbi,s3,gs","gs.us-east1,ncbi.public,s3.us-east-1",ERX10964316,Illumina NovaSeq 6000,PAIRED,RANDOM,TRANSCRIPTOMIC,Bos taurus,ILLUMINA,2023-09-16T00:00:00Z,2023-09-26T00:59:00Z,1,SAMEA113601299,ERP131230,PRJEB46995,,2023-06-16,2023-06-16,XMM_005_vas,cattle,SAMEA113601299,ETH ZURICH,2023-06-16T12:24:55Z,2023-06-16T12:24:55Z,public,XMM_005_vas,ETH ZURICH,vas deferens,2023-06-16,2023-06-16,2022,Switzerland,Europe,Bos taurus,Switzerland,,,,,,,,,,,,,,,,,,,,,,,,,,,,,,,,,,,,,,,,,,,,,,,,,,,,,,,,,,,,,,,,,,,,,,,
ERR11560089,RNA-Seq,302,37873463640,SAMEA113601300,11731184330,ETH ZURICH,public,"run.zq,sra,fastq","ncbi,gs,s3","ncbi.public,gs.us-east1,s3.us-east-1",ERX10964317,Illumina NovaSeq 6000,PAIRED,RANDOM,TRANSCRIPTOMIC,Bos taurus,ILLUMINA,2023-09-16T00:00:00Z,2023-09-26T00:44:00Z,1,SAMEA113601300,ERP131230,PRJEB46995,,2023-06-16,2023-06-16,XMM_006_vas,cattle,SAMEA113601300,ETH ZURICH,2023-06-16T12:24:55Z,2023-06-16T12:24:55Z,public,XMM_006_vas,ETH ZURICH,vas deferens,2023-06-16,2023-06-16,2022,Switzerland,Europe,Bos taurus,Switzerland,,,,,,,,,,,,,,,,,,,,,,,,,,,,,,,,,,,,,,,,,,,,,,,,,,,,,,,,,,,,,,,,,,,,,,,
ERR11560090,RNA-Seq,302,39369599726,SAMEA113601301,12081405904,ETH ZURICH,public,"sra,run.zq,fastq","ncbi,s3,gs","s3.us-east-1,ncbi.public,gs.us-east1",ERX10964318,Illumina NovaSeq 6000,PAIRED,RANDOM,TRANSCRIPTOMIC,Bos taurus,ILLUMINA,2023-09-16T00:00:00Z,2023-09-26T01:07:00Z,1,SAMEA113601301,ERP131230,PRJEB46995,,2023-06-16,2023-06-16,XMM_007_vas,cattle,SAMEA113601301,ETH ZURICH,2023-06-16T12:24:55Z,2023-06-16T12:24:55Z,public,XMM_007_vas,ETH ZURICH,vas deferens,2023-06-16,2023-06-16,2022,Switzerland,Europe,Bos taurus,Switzerland,,,,,,,,,,,,,,,,,,,,,,,,,,,,,,,,,,,,,,,,,,,,,,,,,,,,,,,,,,,,,,,,,,,,,,,
ERR11560091,RNA-Seq,302,42072147292,SAMEA113601302,13007625934,ETH ZURICH,public,"run.zq,fastq,sra","s3,gs,ncbi","gs.us-east1,ncbi.public,s3.us-east-1",ERX10964319,Illumina NovaSeq 6000,PAIRED,RANDOM,TRANSCRIPTOMIC,Bos taurus,ILLUMINA,2023-09-16T00:00:00Z,2023-09-26T01:17:00Z,1,SAMEA113601302,ERP131230,PRJEB46995,,2023-06-16,2023-06-16,XMM_008_vas,cattle,SAMEA113601302,ETH ZURICH,2023-06-16T12:24:55Z,2023-06-16T12:24:55Z,public,XMM_008_vas,ETH ZURICH,vas deferens,2023-06-16,2023-06-16,2022,Switzerland,Europe,Bos taurus,Switzerland,,,,,,,,,,,,,,,,,,,,,,,,,,,,,,,,,,,,,,,,,,,,,,,,,,,,,,,,,,,,,,,,,,,,,,,
ERR11560092,RNA-Seq,302,34665316734,SAMEA113601303,10692006554,ETH ZURICH,public,"run.zq,sra,fastq","ncbi,s3,gs","s3.us-east-1,ncbi.public,gs.us-east1",ERX10964320,Illumina NovaSeq 6000,PAIRED,RANDOM,TRANSCRIPTOMIC,Bos taurus,ILLUMINA,2023-09-16T00:00:00Z,2023-09-26T00:46:00Z,1,SAMEA113601303,ERP131230,PRJEB46995,,2023-06-16,2023-06-16,XMM_010_vas,cattle,SAMEA113601303,ETH ZURICH,2023-06-16T12:24:55Z,2023-06-16T12:24:55Z,public,XMM_010_vas,ETH ZURICH,vas deferens,2023-06-16,2023-06-16,2022,Switzerland,Europe,Bos taurus,Switzerland,,,,,,,,,,,,,,,,,,,,,,,,,,,,,,,,,,,,,,,,,,,,,,,,,,,,,,,,,,,,,,,,,,,,,,,
ERR11560093,RNA-Seq,302,35638520190,SAMEA113601304,10965980705,ETH ZURICH,public,"fastq,run.zq,sra","ncbi,s3,gs","ncbi.public,s3.us-east-1,gs.us-east1",ERX10964321,Illumina NovaSeq 6000,PAIRED,RANDOM,TRANSCRIPTOMIC,Bos taurus,ILLUMINA,2023-09-16T00:00:00Z,2023-09-26T00:45:00Z,1,SAMEA113601304,ERP131230,PRJEB46995,,2023-06-16,2023-06-16,XMM_011_vas,cattle,SAMEA113601304,ETH ZURICH,2023-06-16T12:24:55Z,2023-06-16T12:24:55Z,public,XMM_011_vas,ETH ZURICH,vas deferens,2023-06-16,2023-06-16,2022,Switzerland,Europe,Bos taurus,Switzerland,,,,,,,,,,,,,,,,,,,,,,,,,,,,,,,,,,,,,,,,,,,,,,,,,,,,,,,,,,,,,,,,,,,,,,,
ERR11560094,RNA-Seq,302,41693968698,SAMEA113601305,12764193263,ETH ZURICH,public,"run.zq,fastq,sra","s3,gs,ncbi","ncbi.public,s3.us-east-1,gs.us-east1",ERX10964322,Illumina NovaSeq 6000,PAIRED,RANDOM,TRANSCRIPTOMIC,Bos taurus,ILLUMINA,2023-09-16T00:00:00Z,2023-09-26T01:06:00Z,1,SAMEA113601305,ERP131230,PRJEB46995,,2023-06-16,2023-06-16,XMM_014_vas,cattle,SAMEA113601305,ETH ZURICH,2023-06-16T12:24:55Z,2023-06-16T12:24:55Z,public,XMM_014_vas,ETH ZURICH,vas deferens,2023-06-16,2023-06-16,2022,Switzerland,Europe,Bos taurus,Switzerland,,,,,,,,,,,,,,,,,,,,,,,,,,,,,,,,,,,,,,,,,,,,,,,,,,,,,,,,,,,,,,,,,,,,,,,
ERR11560095,RNA-Seq,302,42175277876,SAMEA113601306,13020973530,ETH ZURICH,public,"run.zq,sra,fastq","gs,ncbi,s3","s3.us-east-1,gs.us-east1,ncbi.public",ERX10964323,Illumina NovaSeq 6000,PAIRED,RANDOM,TRANSCRIPTOMIC,Bos taurus,ILLUMINA,2023-09-16T00:00:00Z,2023-09-26T01:30:00Z,1,SAMEA113601306,ERP131230,PRJEB46995,,2023-06-16,2023-06-16,XMM_016_vas,cattle,SAMEA113601306,ETH ZURICH,2023-06-16T12:24:55Z,2023-06-16T12:24:55Z,public,XMM_016_vas,ETH ZURICH,vas deferens,2023-06-16,2023-06-16,2022,Switzerland,Europe,Bos taurus,Switzerland,,,,,,,,,,,,,,,,,,,,,,,,,,,,,,,,,,,,,,,,,,,,,,,,,,,,,,,,,,,,,,,,,,,,,,,
ERR11560096,RNA-Seq,302,41613437076,SAMEA113601307,12859207182,ETH ZURICH,public,"fastq,sra,run.zq","s3,gs,ncbi","gs.us-east1,s3.us-east-1,ncbi.public",ERX10964324,Illumina NovaSeq 6000,PAIRED,RANDOM,TRANSCRIPTOMIC,Bos taurus,ILLUMINA,2023-09-16T00:00:00Z,2023-09-26T01:31:00Z,1,SAMEA113601307,ERP131230,PRJEB46995,,2023-06-16,2023-06-16,XMM_017_vas,cattle,SAMEA113601307,ETH ZURICH,2023-06-16T12:24:55Z,2023-06-16T12:24:55Z,public,XMM_017_vas,ETH ZURICH,vas deferens,2023-06-16,2023-06-16,2022,Switzerland,Europe,Bos taurus,Switzerland,,,,,,,,,,,,,,,,,,,,,,,,,,,,,,,,,,,,,,,,,,,,,,,,,,,,,,,,,,,,,,,,,,,,,,,
ERR11560097,RNA-Seq,302,36776165666,SAMEA113601308,11374716956,ETH ZURICH,public,"fastq,sra,run.zq","gs,s3,ncbi","ncbi.public,gs.us-east1,s3.us-east-1",ERX10964325,Illumina NovaSeq 6000,PAIRED,RANDOM,TRANSCRIPTOMIC,Bos taurus,ILLUMINA,2023-09-16T00:00:00Z,2023-09-26T01:15:00Z,1,SAMEA113601308,ERP131230,PRJEB46995,,2023-06-16,2023-06-16,XMM_018_vas,cattle,SAMEA113601308,ETH ZURICH,2023-06-16T12:24:55Z,2023-06-16T12:24:55Z,public,XMM_018_vas,ETH ZURICH,vas deferens,2023-06-16,2023-06-16,2022,Switzerland,Europe,Bos taurus,Switzerland,,,,,,,,,,,,,,,,,,,,,,,,,,,,,,,,,,,,,,,,,,,,,,,,,,,,,,,,,,,,,,,,,,,,,,,
ERR11560098,RNA-Seq,302,38146977490,SAMEA113601309,11718862301,ETH ZURICH,public,"run.zq,sra,fastq","gs,ncbi,s3","s3.us-east-1,ncbi.public,gs.us-east1",ERX10964326,Illumina NovaSeq 6000,PAIRED,RANDOM,TRANSCRIPTOMIC,Bos taurus,ILLUMINA,2023-09-16T00:00:00Z,2023-10-26T16:50:00Z,1,SAMEA113601309,ERP131230,PRJEB46995,,2023-06-16,2023-06-16,XMM_019_vas,cattle,SAMEA113601309,ETH ZURICH,2023-06-16T12:24:55Z,2023-06-16T12:24:55Z,public,XMM_019_vas,ETH ZURICH,vas deferens,2023-06-16,2023-06-16,2022,Switzerland,Europe,Bos taurus,Switzerland,,,,,,,,,,,,,,,,,,,,,,,,,,,,,,,,,,,,,,,,,,,,,,,,,,,,,,,,,,,,,,,,,,,,,,,
ERR11560099,RNA-Seq,302,37283374666,SAMEA113601310,11509547352,ETH ZURICH,public,"fastq,run.zq,sra","s3,ncbi,gs","s3.us-east-1,ncbi.public,gs.us-east1",ERX10964327,Illumina NovaSeq 6000,PAIRED,RANDOM,TRANSCRIPTOMIC,Bos taurus,ILLUMINA,2023-09-16T00:00:00Z,2023-09-26T00:48:00Z,1,SAMEA113601310,ERP131230,PRJEB46995,,2023-06-16,2023-06-16,XMM_020_vas,cattle,SAMEA113601310,ETH ZURICH,2023-06-16T12:24:55Z,2023-06-16T12:24:55Z,public,XMM_020_vas,ETH ZURICH,vas deferens,2023-06-16,2023-06-16,2022,Switzerland,Europe,Bos taurus,Switzerland,,,,,,,,,,,,,,,,,,,,,,,,,,,,,,,,,,,,,,,,,,,,,,,,,,,,,,,,,,,,,,,,,,,,,,,
ERR11560100,RNA-Seq,302,36430067626,SAMEA113601311,11201242302,ETH ZURICH,public,"run.zq,fastq,sra","ncbi,s3,gs","ncbi.public,gs.us-east1,s3.us-east-1",ERX10964328,Illumina NovaSeq 6000,PAIRED,RANDOM,TRANSCRIPTOMIC,Bos taurus,ILLUMINA,2023-09-16T00:00:00Z,2023-09-26T01:23:00Z,1,SAMEA113601311,ERP131230,PRJEB46995,,2023-06-16,2023-06-16,XMM_021_vas,cattle,SAMEA113601311,ETH ZURICH,2023-06-16T12:24:55Z,2023-06-16T12:24:55Z,public,XMM_021_vas,ETH ZURICH,vas deferens,2023-06-16,2023-06-16,2022,Switzerland,Europe,Bos taurus,Switzerland,,,,,,,,,,,,,,,,,,,,,,,,,,,,,,,,,,,,,,,,,,,,,,,,,,,,,,,,,,,,,,,,,,,,,,,
ERR11560101,RNA-Seq,302,39148430026,SAMEA113601312,12218472502,ETH ZURICH,public,"sra,fastq,run.zq","ncbi,gs,s3","gs.us-east1,ncbi.public,s3.us-east-1",ERX10964329,Illumina NovaSeq 6000,PAIRED,RANDOM,TRANSCRIPTOMIC,Bos taurus,ILLUMINA,2023-09-16T00:00:00Z,2023-09-26T00:58:00Z,1,SAMEA113601312,ERP131230,PRJEB46995,,2023-06-16,2023-06-16,XMM_022_vas,cattle,SAMEA113601312,ETH ZURICH,2023-06-16T12:24:55Z,2023-06-16T12:24:55Z,public,XMM_022_vas,ETH ZURICH,vas deferens,2023-06-16,2023-06-16,2022,Switzerland,Europe,Bos taurus,Switzerland,,,,,,,,,,,,,,,,,,,,,,,,,,,,,,,,,,,,,,,,,,,,,,,,,,,,,,,,,,,,,,,,,,,,,,,
ERR11560102,RNA-Seq,302,43780257178,SAMEA113601313,13648463986,ETH ZURICH,public,"run.zq,sra,fastq","s3,gs,ncbi","s3.us-east-1,ncbi.public,gs.us-east1",ERX10964330,Illumina NovaSeq 6000,PAIRED,RANDOM,TRANSCRIPTOMIC,Bos taurus,ILLUMINA,2023-09-16T00:00:00Z,2023-09-26T01:31:00Z,1,SAMEA113601313,ERP131230,PRJEB46995,,2023-06-16,2023-06-16,XMM_023_vas,cattle,SAMEA113601313,ETH ZURICH,2023-06-16T12:24:55Z,2023-06-16T12:24:55Z,public,XMM_023_vas,ETH ZURICH,vas deferens,2023-06-16,2023-06-16,2022,Switzerland,Europe,Bos taurus,Switzerland,,,,,,,,,,,,,,,,,,,,,,,,,,,,,,,,,,,,,,,,,,,,,,,,,,,,,,,,,,,,,,,,,,,,,,,
ERR11560103,RNA-Seq,302,37971901446,SAMEA113601314,11612773382,ETH ZURICH,public,"fastq,sra,run.zq","s3,gs,ncbi","ncbi.public,s3.us-east-1,gs.us-east1",ERX10964331,Illumina NovaSeq 6000,PAIRED,RANDOM,TRANSCRIPTOMIC,Bos taurus,ILLUMINA,2023-09-16T00:00:00Z,2023-09-26T01:02:00Z,1,SAMEA113601314,ERP131230,PRJEB46995,,2023-06-16,2023-06-16,XMM_024_vas,cattle,SAMEA113601314,ETH ZURICH,2023-06-16T12:24:55Z,2023-06-16T12:24:55Z,public,XMM_024_vas,ETH ZURICH,vas deferens,2023-06-16,2023-06-16,2022,Switzerland,Europe,Bos taurus,Switzerland,,,,,,,,,,,,,,,,,,,,,,,,,,,,,,,,,,,,,,,,,,,,,,,,,,,,,,,,,,,,,,,,,,,,,,,
ERR11560104,RNA-Seq,302,44847066742,SAMEA113601315,13905827984,ETH ZURICH,public,"sra,run.zq,fastq","ncbi,s3,gs","s3.us-east-1,gs.us-east1,ncbi.public",ERX10964332,Illumina NovaSeq 6000,PAIRED,RANDOM,TRANSCRIPTOMIC,Bos taurus,ILLUMINA,2023-09-16T00:00:00Z,2023-09-26T01:23:00Z,1,SAMEA113601315,ERP131230,PRJEB46995,,2023-06-16,2023-06-16,XMM_025_vas,cattle,SAMEA113601315,ETH ZURICH,2023-06-16T12:24:55Z,2023-06-16T12:24:55Z,public,XMM_025_vas,ETH ZURICH,vas deferens,2023-06-16,2023-06-16,2022,Switzerland,Europe,Bos taurus,Switzerland,,,,,,,,,,,,,,,,,,,,,,,,,,,,,,,,,,,,,,,,,,,,,,,,,,,,,,,,,,,,,,,,,,,,,,,
ERR11560105,RNA-Seq,302,51631581906,SAMEA113601316,16166059328,ETH ZURICH,public,"sra,run.zq,fastq","gs,s3,ncbi","ncbi.public,s3.us-east-1,gs.us-east1",ERX10964333,Illumina NovaSeq 6000,PAIRED,RANDOM,TRANSCRIPTOMIC,Bos taurus,ILLUMINA,2023-09-16T00:00:00Z,2023-09-26T01:04:00Z,1,SAMEA113601316,ERP131230,PRJEB46995,,2023-06-16,2023-06-16,XMM_026_vas,cattle,SAMEA113601316,ETH ZURICH,2023-06-16T12:24:55Z,2023-06-16T12:24:55Z,public,XMM_026_vas,ETH ZURICH,vas deferens,2023-06-16,2023-06-16,2022,Switzerland,Europe,Bos taurus,Switzerland,,,,,,,,,,,,,,,,,,,,,,,,,,,,,,,,,,,,,,,,,,,,,,,,,,,,,,,,,,,,,,,,,,,,,,,
ERR11560106,RNA-Seq,302,38120110060,SAMEA113601317,11700586637,ETH ZURICH,public,"fastq,run.zq,sra","s3,ncbi,gs","gs.us-east1,s3.us-east-1,ncbi.public",ERX10964334,Illumina NovaSeq 6000,PAIRED,RANDOM,TRANSCRIPTOMIC,Bos taurus,ILLUMINA,2023-09-16T00:00:00Z,2023-09-26T01:22:00Z,1,SAMEA113601317,ERP131230,PRJEB46995,,2023-06-16,2023-06-16,XMM_031_vas,cattle,SAMEA113601317,ETH ZURICH,2023-06-16T12:24:55Z,2023-06-16T12:24:55Z,public,XMM_031_vas,ETH ZURICH,vas deferens,2023-06-16,2023-06-16,2022,Switzerland,Europe,Bos taurus,Switzerland,,,,,,,,,,,,,,,,,,,,,,,,,,,,,,,,,,,,,,,,,,,,,,,,,,,,,,,,,,,,,,,,,,,,,,,
ERR11560107,RNA-Seq,302,41849130862,SAMEA113601318,12915059033,ETH ZURICH,public,"run.zq,fastq,sra","s3,ncbi,gs","ncbi.public,s3.us-east-1,gs.us-east1",ERX10964335,Illumina NovaSeq 6000,PAIRED,RANDOM,TRANSCRIPTOMIC,Bos taurus,ILLUMINA,2023-09-16T00:00:00Z,2023-09-26T01:27:00Z,1,SAMEA113601318,ERP131230,PRJEB46995,,2023-06-16,2023-06-16,XMM_032_vas,cattle,SAMEA113601318,ETH ZURICH,2023-06-16T12:24:55Z,2023-06-16T12:24:55Z,public,XMM_032_vas,ETH ZURICH,vas deferens,2023-06-16,2023-06-16,2022,Switzerland,Europe,Bos taurus,Switzerland,,,,,,,,,,,,,,,,,,,,,,,,,,,,,,,,,,,,,,,,,,,,,,,,,,,,,,,,,,,,,,,,,,,,,,,
ERR11560108,RNA-Seq,302,40957095644,SAMEA113601319,12562205768,ETH ZURICH,public,"run.zq,fastq,sra","ncbi,gs,s3","s3.us-east-1,ncbi.public,gs.us-east1",ERX10964336,Illumina NovaSeq 6000,PAIRED,RANDOM,TRANSCRIPTOMIC,Bos taurus,ILLUMINA,2023-09-16T00:00:00Z,2023-09-26T01:38:00Z,1,SAMEA113601319,ERP131230,PRJEB46995,,2023-06-16,2023-06-16,XMM_034_vas,cattle,SAMEA113601319,ETH ZURICH,2023-06-16T12:24:55Z,2023-06-16T12:24:55Z,public,XMM_034_vas,ETH ZURICH,vas deferens,2023-06-16,2023-06-16,2022,Switzerland,Europe,Bos taurus,Switzerland,,,,,,,,,,,,,,,,,,,,,,,,,,,,,,,,,,,,,,,,,,,,,,,,,,,,,,,,,,,,,,,,,,,,,,,
ERR11560109,RNA-Seq,302,35785634960,SAMEA113601320,11016850798,ETH ZURICH,public,"sra,fastq,run.zq","s3,gs,ncbi","gs.us-east1,s3.us-east-1,ncbi.public",ERX10964337,Illumina NovaSeq 6000,PAIRED,RANDOM,TRANSCRIPTOMIC,Bos taurus,ILLUMINA,2023-09-16T00:00:00Z,2023-09-26T00:50:00Z,1,SAMEA113601320,ERP131230,PRJEB46995,,2023-06-16,2023-06-16,XMM_035_vas,cattle,SAMEA113601320,ETH ZURICH,2023-06-16T12:24:55Z,2023-06-16T12:24:55Z,public,XMM_035_vas,ETH ZURICH,vas deferens,2023-06-16,2023-06-16,2022,Switzerland,Europe,Bos taurus,Switzerland,,,,,,,,,,,,,,,,,,,,,,,,,,,,,,,,,,,,,,,,,,,,,,,,,,,,,,,,,,,,,,,,,,,,,,,
ERR11560110,RNA-Seq,302,39833397434,SAMEA113601321,12264329975,ETH ZURICH,public,"fastq,run.zq,sra","s3,gs,ncbi","gs.us-east1,ncbi.public,s3.us-east-1",ERX10964338,Illumina NovaSeq 6000,PAIRED,RANDOM,TRANSCRIPTOMIC,Bos taurus,ILLUMINA,2023-09-16T00:00:00Z,2023-09-26T01:19:00Z,1,SAMEA113601321,ERP131230,PRJEB46995,,2023-06-16,2023-06-16,XMM_036_vas,cattle,SAMEA113601321,ETH ZURICH,2023-06-16T12:24:55Z,2023-06-16T12:24:55Z,public,XMM_036_vas,ETH ZURICH,vas deferens,2023-06-16,2023-06-16,2022,Switzerland,Europe,Bos taurus,Switzerland,,,,,,,,,,,,,,,,,,,,,,,,,,,,,,,,,,,,,,,,,,,,,,,,,,,,,,,,,,,,,,,,,,,,,,,
ERR11560111,RNA-Seq,302,40230949026,SAMEA113601322,12408015562,ETH ZURICH,public,"fastq,run.zq,sra","gs,s3,ncbi","gs.us-east1,s3.us-east-1,ncbi.public",ERX10964339,Illumina NovaSeq 6000,PAIRED,RANDOM,TRANSCRIPTOMIC,Bos taurus,ILLUMINA,2023-09-16T00:00:00Z,2023-09-26T01:13:00Z,1,SAMEA113601322,ERP131230,PRJEB46995,,2023-06-16,2023-06-16,XMM_037_vas,cattle,SAMEA113601322,ETH ZURICH,2023-06-16T12:24:55Z,2023-06-16T12:24:55Z,public,XMM_037_vas,ETH ZURICH,vas deferens,2023-06-16,2023-06-16,2022,Switzerland,Europe,Bos taurus,Switzerland,,,,,,,,,,,,,,,,,,,,,,,,,,,,,,,,,,,,,,,,,,,,,,,,,,,,,,,,,,,,,,,,,,,,,,,
ERR11560112,RNA-Seq,302,40886071586,SAMEA113601323,12623184949,ETH ZURICH,public,"fastq,run.zq,sra","ncbi,s3,gs","gs.us-east1,s3.us-east-1,ncbi.public",ERX10964340,Illumina NovaSeq 6000,PAIRED,RANDOM,TRANSCRIPTOMIC,Bos taurus,ILLUMINA,2023-09-16T00:00:00Z,2023-09-26T00:55:00Z,1,SAMEA113601323,ERP131230,PRJEB46995,,2023-06-16,2023-06-16,XMM_038_vas,cattle,SAMEA113601323,ETH ZURICH,2023-06-16T12:24:55Z,2023-06-16T12:24:55Z,public,XMM_038_vas,ETH ZURICH,vas deferens,2023-06-16,2023-06-16,2022,Switzerland,Europe,Bos taurus,Switzerland,,,,,,,,,,,,,,,,,,,,,,,,,,,,,,,,,,,,,,,,,,,,,,,,,,,,,,,,,,,,,,,,,,,,,,,
ERR11560113,RNA-Seq,302,38740356150,SAMEA113601324,11946533853,ETH ZURICH,public,"run.zq,sra,fastq","s3,gs,ncbi","gs.us-east1,ncbi.public,s3.us-east-1",ERX10964341,Illumina NovaSeq 6000,PAIRED,RANDOM,TRANSCRIPTOMIC,Bos taurus,ILLUMINA,2023-09-16T00:00:00Z,2023-09-26T01:27:00Z,1,SAMEA113601324,ERP131230,PRJEB46995,,2023-06-16,2023-06-16,XMM_039_vas,cattle,SAMEA113601324,ETH ZURICH,2023-06-16T12:24:55Z,2023-06-16T12:24:55Z,public,XMM_039_vas,ETH ZURICH,vas deferens,2023-06-16,2023-06-16,2022,Switzerland,Europe,Bos taurus,Switzerland,,,,,,,,,,,,,,,,,,,,,,,,,,,,,,,,,,,,,,,,,,,,,,,,,,,,,,,,,,,,,,,,,,,,,,,
ERR11560114,RNA-Seq,302,41337158114,SAMEA113601325,12761004066,ETH ZURICH,public,"sra,fastq,run.zq","gs,s3,ncbi","gs.us-east1,ncbi.public,s3.us-east-1",ERX10964342,Illumina NovaSeq 6000,PAIRED,RANDOM,TRANSCRIPTOMIC,Bos taurus,ILLUMINA,2023-09-16T00:00:00Z,2023-09-26T01:18:00Z,1,SAMEA113601325,ERP131230,PRJEB46995,,2023-06-16,2023-06-16,XMM_040_vas,cattle,SAMEA113601325,ETH ZURICH,2023-06-16T12:24:55Z,2023-06-16T12:24:55Z,public,XMM_040_vas,ETH ZURICH,vas deferens,2023-06-16,2023-06-16,2022,Switzerland,Europe,Bos taurus,Switzerland,,,,,,,,,,,,,,,,,,,,,,,,,,,,,,,,,,,,,,,,,,,,,,,,,,,,,,,,,,,,,,,,,,,,,,,
ERR11560115,RNA-Seq,302,38724447092,SAMEA113601326,11930759314,ETH ZURICH,public,"fastq,run.zq,sra","ncbi,gs,s3","ncbi.public,s3.us-east-1,gs.us-east1",ERX10964343,Illumina NovaSeq 6000,PAIRED,RANDOM,TRANSCRIPTOMIC,Bos taurus,ILLUMINA,2023-09-16T00:00:00Z,2023-09-26T01:07:00Z,1,SAMEA113601326,ERP131230,PRJEB46995,,2023-06-16,2023-06-16,XMM_041_vas,cattle,SAMEA113601326,ETH ZURICH,2023-06-16T12:24:55Z,2023-06-16T12:24:55Z,public,XMM_041_vas,ETH ZURICH,vas deferens,2023-06-16,2023-06-16,2022,Switzerland,Europe,Bos taurus,Switzerland,,,,,,,,,,,,,,,,,,,,,,,,,,,,,,,,,,,,,,,,,,,,,,,,,,,,,,,,,,,,,,,,,,,,,,,
ERR11560116,RNA-Seq,302,40528803774,SAMEA113601327,12541902231,ETH ZURICH,public,"run.zq,sra,fastq","gs,ncbi,s3","gs.us-east1,ncbi.public,s3.us-east-1",ERX10964344,Illumina NovaSeq 6000,PAIRED,RANDOM,TRANSCRIPTOMIC,Bos taurus,ILLUMINA,2023-09-16T00:00:00Z,2023-09-26T01:02:00Z,1,SAMEA113601327,ERP131230,PRJEB46995,,2023-06-16,2023-06-16,XMM_042_vas,cattle,SAMEA113601327,ETH ZURICH,2023-06-16T12:24:55Z,2023-06-16T12:24:55Z,public,XMM_042_vas,ETH ZURICH,vas deferens,2023-06-16,2023-06-16,2022,Switzerland,Europe,Bos taurus,Switzerland,,,,,,,,,,,,,,,,,,,,,,,,,,,,,,,,,,,,,,,,,,,,,,,,,,,,,,,,,,,,,,,,,,,,,,,
ERR11560117,RNA-Seq,302,44138498336,SAMEA113601328,13555531403,ETH ZURICH,public,"fastq,run.zq,sra","gs,s3,ncbi","ncbi.public,s3.us-east-1,gs.us-east1",ERX10964345,Illumina NovaSeq 6000,PAIRED,RANDOM,TRANSCRIPTOMIC,Bos taurus,ILLUMINA,2023-09-16T00:00:00Z,2023-10-26T17:13:00Z,1,SAMEA113601328,ERP131230,PRJEB46995,,2023-06-16,2023-06-16,XMM_043_vas,cattle,SAMEA113601328,ETH ZURICH,2023-06-16T12:24:55Z,2023-06-16T12:24:55Z,public,XMM_043_vas,ETH ZURICH,vas deferens,2023-06-16,2023-06-16,2022,Switzerland,Europe,Bos taurus,Switzerland,,,,,,,,,,,,,,,,,,,,,,,,,,,,,,,,,,,,,,,,,,,,,,,,,,,,,,,,,,,,,,,,,,,,,,,
ERR11560118,RNA-Seq,302,38463153370,SAMEA113601329,11868281804,ETH ZURICH,public,"run.zq,sra,fastq","s3,gs,ncbi","gs.us-east1,ncbi.public,s3.us-east-1",ERX10964346,Illumina NovaSeq 6000,PAIRED,RANDOM,TRANSCRIPTOMIC,Bos taurus,ILLUMINA,2023-09-16T00:00:00Z,2023-09-26T00:56:00Z,1,SAMEA113601329,ERP131230,PRJEB46995,,2023-06-16,2023-06-16,XMM_044_vas,cattle,SAMEA113601329,ETH ZURICH,2023-06-16T12:24:55Z,2023-06-16T12:24:55Z,public,XMM_044_vas,ETH ZURICH,vas deferens,2023-06-16,2023-06-16,2022,Switzerland,Europe,Bos taurus,Switzerland,,,,,,,,,,,,,,,,,,,,,,,,,,,,,,,,,,,,,,,,,,,,,,,,,,,,,,,,,,,,,,,,,,,,,,,
ERR11560119,RNA-Seq,302,43387212030,SAMEA113601330,13329265518,ETH ZURICH,public,"sra,run.zq,fastq","ncbi,gs,s3","s3.us-east-1,ncbi.public,gs.us-east1",ERX10964347,Illumina NovaSeq 6000,PAIRED,RANDOM,TRANSCRIPTOMIC,Bos taurus,ILLUMINA,2023-09-16T00:00:00Z,2023-09-26T01:30:00Z,1,SAMEA113601330,ERP131230,PRJEB46995,,2023-06-16,2023-06-16,XMM_045_vas,cattle,SAMEA113601330,ETH ZURICH,2023-06-16T12:24:55Z,2023-06-16T12:24:55Z,public,XMM_045_vas,ETH ZURICH,vas deferens,2023-06-16,2023-06-16,2022,Switzerland,Europe,Bos taurus,Switzerland,,,,,,,,,,,,,,,,,,,,,,,,,,,,,,,,,,,,,,,,,,,,,,,,,,,,,,,,,,,,,,,,,,,,,,,
ERR11560120,RNA-Seq,302,47910214388,SAMEA113601331,15016172787,ETH ZURICH,public,"sra,run.zq,fastq","gs,ncbi,s3","s3.us-east-1,ncbi.public,gs.us-east1",ERX10964348,Illumina NovaSeq 6000,PAIRED,RANDOM,TRANSCRIPTOMIC,Bos taurus,ILLUMINA,2023-09-16T00:00:00Z,2023-09-26T01:41:00Z,1,SAMEA113601331,ERP131230,PRJEB46995,,2023-06-16,2023-06-16,XMM_047_vas,cattle,SAMEA113601331,ETH ZURICH,2023-06-16T12:24:55Z,2023-06-16T12:24:55Z,public,XMM_047_vas,ETH ZURICH,vas deferens,2023-06-16,2023-06-16,2022,Switzerland,Europe,Bos taurus,Switzerland,,,,,,,,,,,,,,,,,,,,,,,,,,,,,,,,,,,,,,,,,,,,,,,,,,,,,,,,,,,,,,,,,,,,,,,
ERR11560121,RNA-Seq,302,40377024312,SAMEA113601332,12530140626,ETH ZURICH,public,"sra,run.zq,fastq","s3,gs,ncbi","s3.us-east-1,gs.us-east1,ncbi.public",ERX10964349,Illumina NovaSeq 6000,PAIRED,RANDOM,TRANSCRIPTOMIC,Bos taurus,ILLUMINA,2023-09-16T00:00:00Z,2023-09-26T01:22:00Z,1,SAMEA113601332,ERP131230,PRJEB46995,,2023-06-16,2023-06-16,XMM_050_vas,cattle,SAMEA113601332,ETH ZURICH,2023-06-16T12:24:55Z,2023-06-16T12:24:55Z,public,XMM_050_vas,ETH ZURICH,vas deferens,2023-06-16,2023-06-16,2022,Switzerland,Europe,Bos taurus,Switzerland,,,,,,,,,,,,,,,,,,,,,,,,,,,,,,,,,,,,,,,,,,,,,,,,,,,,,,,,,,,,,,,,,,,,,,,
ERR11560122,RNA-Seq,302,44759136120,SAMEA113601333,13750355783,ETH ZURICH,public,"run.zq,sra,fastq","s3,gs,ncbi","gs.us-east1,ncbi.public,s3.us-east-1",ERX10964350,Illumina NovaSeq 6000,PAIRED,RANDOM,TRANSCRIPTOMIC,Bos taurus,ILLUMINA,2023-09-16T00:00:00Z,2023-09-26T01:22:00Z,1,SAMEA113601333,ERP131230,PRJEB46995,,2023-06-16,2023-06-16,XMM_052_vas,cattle,SAMEA113601333,ETH ZURICH,2023-06-16T12:24:55Z,2023-06-16T12:24:55Z,public,XMM_052_vas,ETH ZURICH,vas deferens,2023-06-16,2023-06-16,2022,Switzerland,Europe,Bos taurus,Switzerland,,,,,,,,,,,,,,,,,,,,,,,,,,,,,,,,,,,,,,,,,,,,,,,,,,,,,,,,,,,,,,,,,,,,,,,
ERR11560123,RNA-Seq,302,39947054228,SAMEA113601334,12265861390,ETH ZURICH,public,"sra,run.zq,fastq","s3,ncbi,gs","s3.us-east-1,ncbi.public,gs.us-east1",ERX10964351,Illumina NovaSeq 6000,PAIRED,RANDOM,TRANSCRIPTOMIC,Bos taurus,ILLUMINA,2023-09-16T00:00:00Z,2023-09-26T00:57:00Z,1,SAMEA113601334,ERP131230,PRJEB46995,,2023-06-16,2023-06-16,XMM_053_vas,cattle,SAMEA113601334,ETH ZURICH,2023-06-16T12:24:55Z,2023-06-16T12:24:55Z,public,XMM_053_vas,ETH ZURICH,vas deferens,2023-06-16,2023-06-16,2022,Switzerland,Europe,Bos taurus,Switzerland,,,,,,,,,,,,,,,,,,,,,,,,,,,,,,,,,,,,,,,,,,,,,,,,,,,,,,,,,,,,,,,,,,,,,,,
ERR11560124,RNA-Seq,302,42966411270,SAMEA113601335,13269078822,ETH ZURICH,public,"sra,fastq,run.zq","s3,ncbi,gs","ncbi.public,s3.us-east-1,gs.us-east1",ERX10964352,Illumina NovaSeq 6000,PAIRED,RANDOM,TRANSCRIPTOMIC,Bos taurus,ILLUMINA,2023-09-16T00:00:00Z,2023-09-26T01:05:00Z,1,SAMEA113601335,ERP131230,PRJEB46995,,2023-06-16,2023-06-16,XMM_054_vas,cattle,SAMEA113601335,ETH ZURICH,2023-06-16T12:24:55Z,2023-06-16T12:24:55Z,public,XMM_054_vas,ETH ZURICH,vas deferens,2023-06-16,2023-06-16,2022,Switzerland,Europe,Bos taurus,Switzerland,,,,,,,,,,,,,,,,,,,,,,,,,,,,,,,,,,,,,,,,,,,,,,,,,,,,,,,,,,,,,,,,,,,,,,,
ERR11560125,RNA-Seq,302,44281016062,SAMEA113601336,13607964788,ETH ZURICH,public,"fastq,run.zq,sra","s3,ncbi,gs","s3.us-east-1,gs.us-east1,ncbi.public",ERX10964353,Illumina NovaSeq 6000,PAIRED,RANDOM,TRANSCRIPTOMIC,Bos taurus,ILLUMINA,2023-09-16T00:00:00Z,2023-09-26T01:23:00Z,1,SAMEA113601336,ERP131230,PRJEB46995,,2023-06-16,2023-06-16,XMM_055_vas,cattle,SAMEA113601336,ETH ZURICH,2023-06-16T12:24:55Z,2023-06-16T12:24:55Z,public,XMM_055_vas,ETH ZURICH,vas deferens,2023-06-16,2023-06-16,2022,Switzerland,Europe,Bos taurus,Switzerland,,,,,,,,,,,,,,,,,,,,,,,,,,,,,,,,,,,,,,,,,,,,,,,,,,,,,,,,,,,,,,,,,,,,,,,
ERR11560126,RNA-Seq,302,46647232268,SAMEA113601337,14546371892,ETH ZURICH,public,"run.zq,fastq,sra","gs,ncbi,s3","gs.us-east1,ncbi.public,s3.us-east-1",ERX10964354,Illumina NovaSeq 6000,PAIRED,RANDOM,TRANSCRIPTOMIC,Bos taurus,ILLUMINA,2023-09-16T00:00:00Z,2023-09-26T01:27:00Z,1,SAMEA113601337,ERP131230,PRJEB46995,,2023-06-16,2023-06-16,XMM_056_vas,cattle,SAMEA113601337,ETH ZURICH,2023-06-16T12:24:55Z,2023-06-16T12:24:55Z,public,XMM_056_vas,ETH ZURICH,vas deferens,2023-06-16,2023-06-16,2022,Switzerland,Europe,Bos taurus,Switzerland,,,,,,,,,,,,,,,,,,,,,,,,,,,,,,,,,,,,,,,,,,,,,,,,,,,,,,,,,,,,,,,,,,,,,,,
ERR11560127,RNA-Seq,302,43852682516,SAMEA113601338,13747143415,ETH ZURICH,public,"sra,run.zq,fastq","ncbi,s3,gs","s3.us-east-1,ncbi.public,gs.us-east1",ERX10964355,Illumina NovaSeq 6000,PAIRED,RANDOM,TRANSCRIPTOMIC,Bos taurus,ILLUMINA,2023-09-16T00:00:00Z,2023-09-26T01:27:00Z,1,SAMEA113601338,ERP131230,PRJEB46995,,2023-06-16,2023-06-16,XMM_057_vas,cattle,SAMEA113601338,ETH ZURICH,2023-06-16T12:24:55Z,2023-06-16T12:24:55Z,public,XMM_057_vas,ETH ZURICH,vas deferens,2023-06-16,2023-06-16,2022,Switzerland,Europe,Bos taurus,Switzerland,,,,,,,,,,,,,,,,,,,,,,,,,,,,,,,,,,,,,,,,,,,,,,,,,,,,,,,,,,,,,,,,,,,,,,,
ERR11560128,RNA-Seq,302,42064414582,SAMEA113601339,12972941633,ETH ZURICH,public,"sra,fastq,run.zq","gs,s3,ncbi","gs.us-east1,s3.us-east-1,ncbi.public",ERX10964356,Illumina NovaSeq 6000,PAIRED,RANDOM,TRANSCRIPTOMIC,Bos taurus,ILLUMINA,2023-09-16T00:00:00Z,2023-09-26T01:39:00Z,1,SAMEA113601339,ERP131230,PRJEB46995,,2023-06-16,2023-06-16,XMM_058_vas,cattle,SAMEA113601339,ETH ZURICH,2023-06-16T12:24:55Z,2023-06-16T12:24:55Z,public,XMM_058_vas,ETH ZURICH,vas deferens,2023-06-16,2023-06-16,2022,Switzerland,Europe,Bos taurus,Switzerland,,,,,,,,,,,,,,,,,,,,,,,,,,,,,,,,,,,,,,,,,,,,,,,,,,,,,,,,,,,,,,,,,,,,,,,
ERR11560129,RNA-Seq,302,42233992716,SAMEA113601340,13081749019,ETH ZURICH,public,"run.zq,sra,fastq","s3,gs,ncbi","gs.us-east1,ncbi.public,s3.us-east-1",ERX10964357,Illumina NovaSeq 6000,PAIRED,RANDOM,TRANSCRIPTOMIC,Bos taurus,ILLUMINA,2023-09-16T00:00:00Z,2023-09-26T01:21:00Z,1,SAMEA113601340,ERP131230,PRJEB46995,,2023-06-16,2023-06-16,XMM_059_vas,cattle,SAMEA113601340,ETH ZURICH,2023-06-16T12:24:55Z,2023-06-16T12:24:55Z,public,XMM_059_vas,ETH ZURICH,vas deferens,2023-06-16,2023-06-16,2022,Switzerland,Europe,Bos taurus,Switzerland,,,,,,,,,,,,,,,,,,,,,,,,,,,,,,,,,,,,,,,,,,,,,,,,,,,,,,,,,,,,,,,,,,,,,,,
ERR11560130,RNA-Seq,302,43607750852,SAMEA113601341,13420694689,ETH ZURICH,public,"fastq,sra,run.zq","gs,ncbi,s3","gs.us-east1,ncbi.public,s3.us-east-1",ERX10964358,Illumina NovaSeq 6000,PAIRED,RANDOM,TRANSCRIPTOMIC,Bos taurus,ILLUMINA,2023-09-16T00:00:00Z,2023-09-26T01:34:00Z,1,SAMEA113601341,ERP131230,PRJEB46995,,2023-06-16,2023-06-16,XMM_060_vas,cattle,SAMEA113601341,ETH ZURICH,2023-06-16T12:24:55Z,2023-06-16T12:24:55Z,public,XMM_060_vas,ETH ZURICH,vas deferens,2023-06-16,2023-06-16,2022,Switzerland,Europe,Bos taurus,Switzerland,,,,,,,,,,,,,,,,,,,,,,,,,,,,,,,,,,,,,,,,,,,,,,,,,,,,,,,,,,,,,,,,,,,,,,,
ERR11560131,RNA-Seq,302,35779730558,SAMEA113601342,10953171430,ETH ZURICH,public,"sra,run.zq,fastq","gs,ncbi,s3","ncbi.public,s3.us-east-1,gs.us-east1",ERX10964359,Illumina NovaSeq 6000,PAIRED,RANDOM,TRANSCRIPTOMIC,Bos taurus,ILLUMINA,2023-09-16T00:00:00Z,2023-09-26T01:30:00Z,1,SAMEA113601342,ERP131230,PRJEB46995,,2023-06-16,2023-06-16,XMM_062_vas,cattle,SAMEA113601342,ETH ZURICH,2023-06-16T12:24:55Z,2023-06-16T12:24:55Z,public,XMM_062_vas,ETH ZURICH,vas deferens,2023-06-16,2023-06-16,2022,Switzerland,Europe,Bos taurus,Switzerland,,,,,,,,,,,,,,,,,,,,,,,,,,,,,,,,,,,,,,,,,,,,,,,,,,,,,,,,,,,,,,,,,,,,,,,
ERR11560132,RNA-Seq,302,42062708886,SAMEA113601343,12967072731,ETH ZURICH,public,"sra,run.zq,fastq","ncbi,gs,s3","gs.us-east1,ncbi.public,s3.us-east-1",ERX10964360,Illumina NovaSeq 6000,PAIRED,RANDOM,TRANSCRIPTOMIC,Bos taurus,ILLUMINA,2023-09-16T00:00:00Z,2023-09-26T01:33:00Z,1,SAMEA113601343,ERP131230,PRJEB46995,,2023-06-16,2023-06-16,XMM_063_vas,cattle,SAMEA113601343,ETH ZURICH,2023-06-16T12:24:55Z,2023-06-16T12:24:55Z,public,XMM_063_vas,ETH ZURICH,vas deferens,2023-06-16,2023-06-16,2022,Switzerland,Europe,Bos taurus,Switzerland,,,,,,,,,,,,,,,,,,,,,,,,,,,,,,,,,,,,,,,,,,,,,,,,,,,,,,,,,,,,,,,,,,,,,,,
ERR11560133,RNA-Seq,302,42157628090,SAMEA113601344,12981457053,ETH ZURICH,public,"run.zq,fastq,sra","gs,ncbi,s3","gs.us-east1,ncbi.public,s3.us-east-1",ERX10964361,Illumina NovaSeq 6000,PAIRED,RANDOM,TRANSCRIPTOMIC,Bos taurus,ILLUMINA,2023-09-16T00:00:00Z,2023-09-26T01:09:00Z,1,SAMEA113601344,ERP131230,PRJEB46995,,2023-06-16,2023-06-16,XMM_065_vas,cattle,SAMEA113601344,ETH ZURICH,2023-06-16T12:24:55Z,2023-06-16T12:24:55Z,public,XMM_065_vas,ETH ZURICH,vas deferens,2023-06-16,2023-06-16,2022,Switzerland,Europe,Bos taurus,Switzerland,,,,,,,,,,,,,,,,,,,,,,,,,,,,,,,,,,,,,,,,,,,,,,,,,,,,,,,,,,,,,,,,,,,,,,,
ERR11560134,RNA-Seq,302,41696244268,SAMEA113601345,12699196773,ETH ZURICH,public,"run.zq,sra,fastq","ncbi,gs,s3","s3.us-east-1,gs.us-east1,ncbi.public",ERX10964362,Illumina NovaSeq 6000,PAIRED,RANDOM,TRANSCRIPTOMIC,Bos taurus,ILLUMINA,2023-09-16T00:00:00Z,2023-09-26T01:05:00Z,1,SAMEA113601345,ERP131230,PRJEB46995,,2023-06-16,2023-06-16,XMM_067_vas,cattle,SAMEA113601345,ETH ZURICH,2023-06-16T12:24:55Z,2023-06-16T12:24:55Z,public,XMM_067_vas,ETH ZURICH,vas deferens,2023-06-16,2023-06-16,2022,Switzerland,Europe,Bos taurus,Switzerland,,,,,,,,,,,,,,,,,,,,,,,,,,,,,,,,,,,,,,,,,,,,,,,,,,,,,,,,,,,,,,,,,,,,,,,
ERR11560135,RNA-Seq,302,40589704792,SAMEA113601346,12525536146,ETH ZURICH,public,"run.zq,sra,fastq","ncbi,s3,gs","gs.us-east1,ncbi.public,s3.us-east-1",ERX10964363,Illumina NovaSeq 6000,PAIRED,RANDOM,TRANSCRIPTOMIC,Bos taurus,ILLUMINA,2023-09-16T00:00:00Z,2023-09-26T01:24:00Z,1,SAMEA113601346,ERP131230,PRJEB46995,,2023-06-16,2023-06-16,XMM_068_vas,cattle,SAMEA113601346,ETH ZURICH,2023-06-16T12:24:55Z,2023-06-16T12:24:55Z,public,XMM_068_vas,ETH ZURICH,vas deferens,2023-06-16,2023-06-16,2022,Switzerland,Europe,Bos taurus,Switzerland,,,,,,,,,,,,,,,,,,,,,,,,,,,,,,,,,,,,,,,,,,,,,,,,,,,,,,,,,,,,,,,,,,,,,,,
ERR11560136,RNA-Seq,302,35695124050,SAMEA113601347,11042911233,ETH ZURICH,public,"sra,fastq,run.zq","gs,ncbi,s3","ncbi.public,s3.us-east-1,gs.us-east1",ERX10964364,Illumina NovaSeq 6000,PAIRED,RANDOM,TRANSCRIPTOMIC,Bos taurus,ILLUMINA,2023-09-16T00:00:00Z,2023-09-26T01:03:00Z,1,SAMEA113601347,ERP131230,PRJEB46995,,2023-06-16,2023-06-16,XMM_069_vas,cattle,SAMEA113601347,ETH ZURICH,2023-06-16T12:24:55Z,2023-06-16T12:24:55Z,public,XMM_069_vas,ETH ZURICH,vas deferens,2023-06-16,2023-06-16,2022,Switzerland,Europe,Bos taurus,Switzerland,,,,,,,,,,,,,,,,,,,,,,,,,,,,,,,,,,,,,,,,,,,,,,,,,,,,,,,,,,,,,,,,,,,,,,,
ERR11560137,RNA-Seq,302,40952759226,SAMEA113601348,12619068374,ETH ZURICH,public,"run.zq,sra,fastq","s3,ncbi,gs","gs.us-east1,ncbi.public,s3.us-east-1",ERX10964365,Illumina NovaSeq 6000,PAIRED,RANDOM,TRANSCRIPTOMIC,Bos taurus,ILLUMINA,2023-09-16T00:00:00Z,2023-09-26T01:08:00Z,1,SAMEA113601348,ERP131230,PRJEB46995,,2023-06-16,2023-06-16,XMM_071_vas,cattle,SAMEA113601348,ETH ZURICH,2023-06-16T12:24:55Z,2023-06-16T12:24:55Z,public,XMM_071_vas,ETH ZURICH,vas deferens,2023-06-16,2023-06-16,2022,Switzerland,Europe,Bos taurus,Switzerland,,,,,,,,,,,,,,,,,,,,,,,,,,,,,,,,,,,,,,,,,,,,,,,,,,,,,,,,,,,,,,,,,,,,,,,
ERR11560138,RNA-Seq,302,36611135048,SAMEA113601349,11301660574,ETH ZURICH,public,"fastq,sra,run.zq","ncbi,gs,s3","s3.us-east-1,gs.us-east1,ncbi.public",ERX10964366,Illumina NovaSeq 6000,PAIRED,RANDOM,TRANSCRIPTOMIC,Bos taurus,ILLUMINA,2023-09-16T00:00:00Z,2023-09-26T01:30:00Z,1,SAMEA113601349,ERP131230,PRJEB46995,,2023-06-16,2023-06-16,XMM_073_vas,cattle,SAMEA113601349,ETH ZURICH,2023-06-16T12:24:55Z,2023-06-16T12:24:55Z,public,XMM_073_vas,ETH ZURICH,vas deferens,2023-06-16,2023-06-16,2022,Switzerland,Europe,Bos taurus,Switzerland,,,,,,,,,,,,,,,,,,,,,,,,,,,,,,,,,,,,,,,,,,,,,,,,,,,,,,,,,,,,,,,,,,,,,,,
ERR11560139,RNA-Seq,302,36702517530,SAMEA113601350,11479847429,ETH ZURICH,public,"sra,run.zq,fastq","s3,gs,ncbi","gs.us-east1,s3.us-east-1,ncbi.public",ERX10964367,Illumina NovaSeq 6000,PAIRED,RANDOM,TRANSCRIPTOMIC,Bos taurus,ILLUMINA,2023-09-16T00:00:00Z,2023-09-26T01:03:00Z,1,SAMEA113601350,ERP131230,PRJEB46995,,2023-06-16,2023-06-16,XMM_077_vas,cattle,SAMEA113601350,ETH ZURICH,2023-06-16T12:24:55Z,2023-06-16T12:24:55Z,public,XMM_077_vas,ETH ZURICH,vas deferens,2023-06-16,2023-06-16,2022,Switzerland,Europe,Bos taurus,Switzerland,,,,,,,,,,,,,,,,,,,,,,,,,,,,,,,,,,,,,,,,,,,,,,,,,,,,,,,,,,,,,,,,,,,,,,,
ERR11560140,RNA-Seq,302,41113043310,SAMEA113601351,12808658283,ETH ZURICH,public,"fastq,run.zq,sra","ncbi,gs,s3","gs.us-east1,s3.us-east-1,ncbi.public",ERX10964368,Illumina NovaSeq 6000,PAIRED,RANDOM,TRANSCRIPTOMIC,Bos taurus,ILLUMINA,2023-09-16T00:00:00Z,2023-09-26T01:23:00Z,1,SAMEA113601351,ERP131230,PRJEB46995,,2023-06-16,2023-06-16,XMM_078_vas,cattle,SAMEA113601351,ETH ZURICH,2023-06-16T12:24:55Z,2023-06-16T12:24:55Z,public,XMM_078_vas,ETH ZURICH,vas deferens,2023-06-16,2023-06-16,2022,Switzerland,Europe,Bos taurus,Switzerland,,,,,,,,,,,,,,,,,,,,,,,,,,,,,,,,,,,,,,,,,,,,,,,,,,,,,,,,,,,,,,,,,,,,,,,
ERR11560141,RNA-Seq,302,40086243008,SAMEA113601352,12279089955,ETH ZURICH,public,"run.zq,fastq,sra","gs,ncbi,s3","gs.us-east1,s3.us-east-1,ncbi.public",ERX10964369,Illumina NovaSeq 6000,PAIRED,RANDOM,TRANSCRIPTOMIC,Bos taurus,ILLUMINA,2023-09-16T00:00:00Z,2023-09-26T01:05:00Z,1,SAMEA113601352,ERP131230,PRJEB46995,,2023-06-16,2023-06-16,XMM_079_vas,cattle,SAMEA113601352,ETH ZURICH,2023-06-16T12:24:55Z,2023-06-16T12:24:55Z,public,XMM_079_vas,ETH ZURICH,vas deferens,2023-06-16,2023-06-16,2022,Switzerland,Europe,Bos taurus,Switzerland,,,,,,,,,,,,,,,,,,,,,,,,,,,,,,,,,,,,,,,,,,,,,,,,,,,,,,,,,,,,,,,,,,,,,,,
ERR11560142,RNA-Seq,302,47494797986,SAMEA113601353,14657032212,ETH ZURICH,public,"sra,fastq,run.zq","s3,ncbi,gs","gs.us-east1,s3.us-east-1,ncbi.public",ERX10964370,Illumina NovaSeq 6000,PAIRED,RANDOM,TRANSCRIPTOMIC,Bos taurus,ILLUMINA,2023-09-16T00:00:00Z,2023-09-26T01:45:00Z,1,SAMEA113601353,ERP131230,PRJEB46995,,2023-06-16,2023-06-16,XMM_081_vas,cattle,SAMEA113601353,ETH ZURICH,2023-06-16T12:24:55Z,2023-06-16T12:24:55Z,public,XMM_081_vas,ETH ZURICH,vas deferens,2023-06-16,2023-06-16,2022,Switzerland,Europe,Bos taurus,Switzerland,,,,,,,,,,,,,,,,,,,,,,,,,,,,,,,,,,,,,,,,,,,,,,,,,,,,,,,,,,,,,,,,,,,,,,,
ERR11560143,RNA-Seq,302,34347021418,SAMEA113601354,10775653710,ETH ZURICH,public,"run.zq,fastq,sra","gs,ncbi,s3","gs.us-east1,s3.us-east-1,ncbi.public",ERX10964371,Illumina NovaSeq 6000,PAIRED,RANDOM,TRANSCRIPTOMIC,Bos taurus,ILLUMINA,2023-09-16T00:00:00Z,2023-09-26T01:12:00Z,1,SAMEA113601354,ERP131230,PRJEB46995,,2023-06-16,2023-06-16,XMM_082_vas,cattle,SAMEA113601354,ETH ZURICH,2023-06-16T12:24:55Z,2023-06-16T12:24:55Z,public,XMM_082_vas,ETH ZURICH,vas deferens,2023-06-16,2023-06-16,2022,Switzerland,Europe,Bos taurus,Switzerland,,,,,,,,,,,,,,,,,,,,,,,,,,,,,,,,,,,,,,,,,,,,,,,,,,,,,,,,,,,,,,,,,,,,,,,
ERR11560144,RNA-Seq,302,47034216880,SAMEA113601355,14579079059,ETH ZURICH,public,"sra,fastq,run.zq","ncbi,gs,s3","gs.us-east1,s3.us-east-1,ncbi.public",ERX10964372,Illumina NovaSeq 6000,PAIRED,RANDOM,TRANSCRIPTOMIC,Bos taurus,ILLUMINA,2023-09-16T00:00:00Z,2023-09-26T01:45:00Z,1,SAMEA113601355,ERP131230,PRJEB46995,,2023-06-16,2023-06-16,XMM_083_vas,cattle,SAMEA113601355,ETH ZURICH,2023-06-16T12:24:55Z,2023-06-16T12:24:55Z,public,XMM_083_vas,ETH ZURICH,vas deferens,2023-06-16,2023-06-16,2022,Switzerland,Europe,Bos taurus,Switzerland,,,,,,,,,,,,,,,,,,,,,,,,,,,,,,,,,,,,,,,,,,,,,,,,,,,,,,,,,,,,,,,,,,,,,,,
ERR11560145,RNA-Seq,302,40006489640,SAMEA113601356,12209970309,ETH ZURICH,public,"sra,fastq,run.zq","s3,gs,ncbi","ncbi.public,s3.us-east-1,gs.us-east1",ERX10964373,Illumina NovaSeq 6000,PAIRED,RANDOM,TRANSCRIPTOMIC,Bos taurus,ILLUMINA,2023-09-16T00:00:00Z,2023-09-26T01:35:00Z,1,SAMEA113601356,ERP131230,PRJEB46995,,2023-06-16,2023-06-16,XMM_087_vas,cattle,SAMEA113601356,ETH ZURICH,2023-06-16T12:24:55Z,2023-06-16T12:24:55Z,public,XMM_087_vas,ETH ZURICH,vas deferens,2023-06-16,2023-06-16,2022,Switzerland,Europe,Bos taurus,Switzerland,,,,,,,,,,,,,,,,,,,,,,,,,,,,,,,,,,,,,,,,,,,,,,,,,,,,,,,,,,,,,,,,,,,,,,,
ERR11560146,RNA-Seq,302,34410135190,SAMEA113601357,10596124045,ETH ZURICH,public,"fastq,run.zq,sra","gs,ncbi,s3","s3.us-east-1,gs.us-east1,ncbi.public",ERX10964374,Illumina NovaSeq 6000,PAIRED,RANDOM,TRANSCRIPTOMIC,Bos taurus,ILLUMINA,2023-09-16T00:00:00Z,2023-09-26T01:32:00Z,1,SAMEA113601357,ERP131230,PRJEB46995,,2023-06-16,2023-06-16,XMM_089_vas,cattle,SAMEA113601357,ETH ZURICH,2023-06-16T12:24:55Z,2023-06-16T12:24:55Z,public,XMM_089_vas,ETH ZURICH,vas deferens,2023-06-16,2023-06-16,2022,Switzerland,Europe,Bos taurus,Switzerland,,,,,,,,,,,,,,,,,,,,,,,,,,,,,,,,,,,,,,,,,,,,,,,,,,,,,,,,,,,,,,,,,,,,,,,
ERR11560147,RNA-Seq,302,36601144284,SAMEA113601358,11280137305,ETH ZURICH,public,"run.zq,fastq,sra","gs,ncbi,s3","gs.us-east1,s3.us-east-1,ncbi.public",ERX10964375,Illumina NovaSeq 6000,PAIRED,RANDOM,TRANSCRIPTOMIC,Bos taurus,ILLUMINA,2023-09-16T00:00:00Z,2023-09-26T01:23:00Z,1,SAMEA113601358,ERP131230,PRJEB46995,,2023-06-16,2023-06-16,XMM_090_vas,cattle,SAMEA113601358,ETH ZURICH,2023-06-16T12:24:55Z,2023-06-16T12:24:55Z,public,XMM_090_vas,ETH ZURICH,vas deferens,2023-06-16,2023-06-16,2022,Switzerland,Europe,Bos taurus,Switzerland,,,,,,,,,,,,,,,,,,,,,,,,,,,,,,,,,,,,,,,,,,,,,,,,,,,,,,,,,,,,,,,,,,,,,,,
ERR11560148,RNA-Seq,302,40682103202,SAMEA113601359,12518173305,ETH ZURICH,public,"run.zq,fastq,sra","s3,ncbi,gs","gs.us-east1,ncbi.public,s3.us-east-1",ERX10964376,Illumina NovaSeq 6000,PAIRED,RANDOM,TRANSCRIPTOMIC,Bos taurus,ILLUMINA,2023-09-16T00:00:00Z,2023-10-26T17:10:00Z,1,SAMEA113601359,ERP131230,PRJEB46995,,2023-06-16,2023-06-16,XMM_091_vas,cattle,SAMEA113601359,ETH ZURICH,2023-06-16T12:24:55Z,2023-06-16T12:24:55Z,public,XMM_091_vas,ETH ZURICH,vas deferens,2023-06-16,2023-06-16,2022,Switzerland,Europe,Bos taurus,Switzerland,,,,,,,,,,,,,,,,,,,,,,,,,,,,,,,,,,,,,,,,,,,,,,,,,,,,,,,,,,,,,,,,,,,,,,,
ERR11560149,RNA-Seq,302,39493711458,SAMEA113601360,12179426277,ETH ZURICH,public,"fastq,sra,run.zq","ncbi,s3,gs","ncbi.public,gs.us-east1,s3.us-east-1",ERX10964377,Illumina NovaSeq 6000,PAIRED,RANDOM,TRANSCRIPTOMIC,Bos taurus,ILLUMINA,2023-09-16T00:00:00Z,2023-09-26T01:08:00Z,1,SAMEA113601360,ERP131230,PRJEB46995,,2023-06-16,2023-06-16,XMM_094_vas,cattle,SAMEA113601360,ETH ZURICH,2023-06-16T12:24:55Z,2023-06-16T12:24:55Z,public,XMM_094_vas,ETH ZURICH,vas deferens,2023-06-16,2023-06-16,2022,Switzerland,Europe,Bos taurus,Switzerland,,,,,,,,,,,,,,,,,,,,,,,,,,,,,,,,,,,,,,,,,,,,,,,,,,,,,,,,,,,,,,,,,,,,,,,
ERR11560150,RNA-Seq,302,42435079416,SAMEA113601361,13064214629,ETH ZURICH,public,"sra,fastq,run.zq","s3,ncbi,gs","ncbi.public,gs.us-east1,s3.us-east-1",ERX10964378,Illumina NovaSeq 6000,PAIRED,RANDOM,TRANSCRIPTOMIC,Bos taurus,ILLUMINA,2023-09-16T00:00:00Z,2023-09-26T01:37:00Z,1,SAMEA113601361,ERP131230,PRJEB46995,,2023-06-16,2023-06-16,XMM_095_vas,cattle,SAMEA113601361,ETH ZURICH,2023-06-16T12:24:55Z,2023-06-16T12:24:55Z,public,XMM_095_vas,ETH ZURICH,vas deferens,2023-06-16,2023-06-16,2022,Switzerland,Europe,Bos taurus,Switzerland,,,,,,,,,,,,,,,,,,,,,,,,,,,,,,,,,,,,,,,,,,,,,,,,,,,,,,,,,,,,,,,,,,,,,,,
ERR11560151,RNA-Seq,302,50239825174,SAMEA113601362,15774728711,ETH ZURICH,public,"sra,run.zq,fastq","ncbi,s3,gs","s3.us-east-1,gs.us-east1,ncbi.public",ERX10964379,Illumina NovaSeq 6000,PAIRED,RANDOM,TRANSCRIPTOMIC,Bos taurus,ILLUMINA,2023-09-16T00:00:00Z,2023-09-26T01:37:00Z,1,SAMEA113601362,ERP131230,PRJEB46995,,2023-06-16,2023-06-16,XMM_096_vas,cattle,SAMEA113601362,ETH ZURICH,2023-06-16T12:24:55Z,2023-06-16T12:24:55Z,public,XMM_096_vas,ETH ZURICH,vas deferens,2023-06-16,2023-06-16,2022,Switzerland,Europe,Bos taurus,Switzerland,,,,,,,,,,,,,,,,,,,,,,,,,,,,,,,,,,,,,,,,,,,,,,,,,,,,,,,,,,,,,,,,,,,,,,,
ERR11560152,RNA-Seq,302,47593035566,SAMEA113601363,14571829971,ETH ZURICH,public,"sra,run.zq,fastq","s3,ncbi,gs","ncbi.public,s3.us-east-1,gs.us-east1",ERX10964380,Illumina NovaSeq 6000,PAIRED,RANDOM,TRANSCRIPTOMIC,Bos taurus,ILLUMINA,2023-09-16T00:00:00Z,2023-09-26T01:22:00Z,1,SAMEA113601363,ERP131230,PRJEB46995,,2023-06-16,2023-06-16,XMM_097_vas,cattle,SAMEA113601363,ETH ZURICH,2023-06-16T12:24:55Z,2023-06-16T12:24:55Z,public,XMM_097_vas,ETH ZURICH,vas deferens,2023-06-16,2023-06-16,2022,Switzerland,Europe,Bos taurus,Switzerland,,,,,,,,,,,,,,,,,,,,,,,,,,,,,,,,,,,,,,,,,,,,,,,,,,,,,,,,,,,,,,,,,,,,,,,
ERR11560153,RNA-Seq,302,39556973210,SAMEA113601364,12234508545,ETH ZURICH,public,"sra,run.zq,fastq","s3,gs,ncbi","ncbi.public,gs.us-east1,s3.us-east-1",ERX10964381,Illumina NovaSeq 6000,PAIRED,RANDOM,TRANSCRIPTOMIC,Bos taurus,ILLUMINA,2023-09-16T00:00:00Z,2023-09-26T01:33:00Z,1,SAMEA113601364,ERP131230,PRJEB46995,,2023-06-16,2023-06-16,XMM_098_vas,cattle,SAMEA113601364,ETH ZURICH,2023-06-16T12:24:55Z,2023-06-16T12:24:55Z,public,XMM_098_vas,ETH ZURICH,vas deferens,2023-06-16,2023-06-16,2022,Switzerland,Europe,Bos taurus,Switzerland,,,,,,,,,,,,,,,,,,,,,,,,,,,,,,,,,,,,,,,,,,,,,,,,,,,,,,,,,,,,,,,,,,,,,,,
ERR11560154,RNA-Seq,302,38546424434,SAMEA113601365,12052595873,ETH ZURICH,public,"fastq,sra,run.zq","ncbi,gs,s3","ncbi.public,s3.us-east-1,gs.us-east1",ERX10964382,Illumina NovaSeq 6000,PAIRED,RANDOM,TRANSCRIPTOMIC,Bos taurus,ILLUMINA,2023-09-16T00:00:00Z,2023-09-26T01:32:00Z,1,SAMEA113601365,ERP131230,PRJEB46995,,2023-06-16,2023-06-16,XMM_099_vas,cattle,SAMEA113601365,ETH ZURICH,2023-06-16T12:24:55Z,2023-06-16T12:24:55Z,public,XMM_099_vas,ETH ZURICH,vas deferens,2023-06-16,2023-06-16,2022,Switzerland,Europe,Bos taurus,Switzerland,,,,,,,,,,,,,,,,,,,,,,,,,,,,,,,,,,,,,,,,,,,,,,,,,,,,,,,,,,,,,,,,,,,,,,,
ERR11560155,RNA-Seq,302,40310455962,SAMEA113601366,12451719964,ETH ZURICH,public,"fastq,sra,run.zq","gs,s3,ncbi","s3.us-east-1,ncbi.public,gs.us-east1",ERX10964383,Illumina NovaSeq 6000,PAIRED,RANDOM,TRANSCRIPTOMIC,Bos taurus,ILLUMINA,2023-09-16T00:00:00Z,2023-09-26T01:37:00Z,1,SAMEA113601366,ERP131230,PRJEB46995,,2023-06-16,2023-06-16,XMM_100_vas,cattle,SAMEA113601366,ETH ZURICH,2023-06-16T12:24:55Z,2023-06-16T12:24:55Z,public,XMM_100_vas,ETH ZURICH,vas deferens,2023-06-16,2023-06-16,2022,Switzerland,Europe,Bos taurus,Switzerland,,,,,,,,,,,,,,,,,,,,,,,,,,,,,,,,,,,,,,,,,,,,,,,,,,,,,,,,,,,,,,,,,,,,,,,
ERR11560156,RNA-Seq,302,40059600568,SAMEA113601367,12366585251,ETH ZURICH,public,"fastq,sra,run.zq","ncbi,gs,s3","ncbi.public,s3.us-east-1,gs.us-east1",ERX10964384,Illumina NovaSeq 6000,PAIRED,RANDOM,TRANSCRIPTOMIC,Bos taurus,ILLUMINA,2023-09-16T00:00:00Z,2023-09-26T01:36:00Z,1,SAMEA113601367,ERP131230,PRJEB46995,,2023-06-16,2023-06-16,XMM_101_vas,cattle,SAMEA113601367,ETH ZURICH,2023-06-16T12:24:55Z,2023-06-16T12:24:55Z,public,XMM_101_vas,ETH ZURICH,vas deferens,2023-06-16,2023-06-16,2022,Switzerland,Europe,Bos taurus,Switzerland,,,,,,,,,,,,,,,,,,,,,,,,,,,,,,,,,,,,,,,,,,,,,,,,,,,,,,,,,,,,,,,,,,,,,,,
ERR11560157,RNA-Seq,302,41317264770,SAMEA113601368,12929104987,ETH ZURICH,public,"fastq,sra,run.zq","s3,gs,ncbi","gs.us-east1,ncbi.public,s3.us-east-1",ERX10964385,Illumina NovaSeq 6000,PAIRED,RANDOM,TRANSCRIPTOMIC,Bos taurus,ILLUMINA,2023-09-16T00:00:00Z,2023-09-26T01:29:00Z,1,SAMEA113601368,ERP131230,PRJEB46995,,2023-06-16,2023-06-16,XMM_102_vas,cattle,SAMEA113601368,ETH ZURICH,2023-06-16T12:24:55Z,2023-06-16T12:24:55Z,public,XMM_102_vas,ETH ZURICH,vas deferens,2023-06-16,2023-06-16,2022,Switzerland,Europe,Bos taurus,Switzerland,,,,,,,,,,,,,,,,,,,,,,,,,,,,,,,,,,,,,,,,,,,,,,,,,,,,,,,,,,,,,,,,,,,,,,,
ERR11560158,RNA-Seq,302,42830867932,SAMEA113601369,13185899258,ETH ZURICH,public,"sra,fastq,run.zq","s3,gs,ncbi","s3.us-east-1,gs.us-east1,ncbi.public",ERX10964386,Illumina NovaSeq 6000,PAIRED,RANDOM,TRANSCRIPTOMIC,Bos taurus,ILLUMINA,2023-09-16T00:00:00Z,2023-09-26T01:39:00Z,1,SAMEA113601369,ERP131230,PRJEB46995,,2023-06-16,2023-06-16,XMM_103_vas,cattle,SAMEA113601369,ETH ZURICH,2023-06-16T12:24:55Z,2023-06-16T12:24:55Z,public,XMM_103_vas,ETH ZURICH,vas deferens,2023-06-16,2023-06-16,2022,Switzerland,Europe,Bos taurus,Switzerland,,,,,,,,,,,,,,,,,,,,,,,,,,,,,,,,,,,,,,,,,,,,,,,,,,,,,,,,,,,,,,,,,,,,,,,
ERR11560159,RNA-Seq,302,45929839724,SAMEA113601370,14386833630,ETH ZURICH,public,"sra,fastq,run.zq","s3,ncbi,gs","gs.us-east1,ncbi.public,s3.us-east-1",ERX10964387,Illumina NovaSeq 6000,PAIRED,RANDOM,TRANSCRIPTOMIC,Bos taurus,ILLUMINA,2023-09-16T00:00:00Z,2023-09-26T01:47:00Z,1,SAMEA113601370,ERP131230,PRJEB46995,,2023-06-16,2023-06-16,XMM_104_vas,cattle,SAMEA113601370,ETH ZURICH,2023-06-16T12:24:55Z,2023-06-16T12:24:55Z,public,XMM_104_vas,ETH ZURICH,vas deferens,2023-06-16,2023-06-16,2022,Switzerland,Europe,Bos taurus,Switzerland,,,,,,,,,,,,,,,,,,,,,,,,,,,,,,,,,,,,,,,,,,,,,,,,,,,,,,,,,,,,,,,,,,,,,,,
ERR11560160,RNA-Seq,302,29770289032,SAMEA113601371,9404937550,ETH ZURICH,public,"fastq,run.zq,sra","s3,ncbi,gs","ncbi.public,gs.us-east1,s3.us-east-1",ERX10964388,Illumina NovaSeq 6000,PAIRED,RANDOM,TRANSCRIPTOMIC,Bos taurus,ILLUMINA,2023-09-16T00:00:00Z,2023-09-26T01:24:00Z,1,SAMEA113601371,ERP131230,PRJEB46995,,2023-06-16,2023-06-16,XMM_105_vas,cattle,SAMEA113601371,ETH ZURICH,2023-06-16T12:24:55Z,2023-06-16T12:24:55Z,public,XMM_105_vas,ETH ZURICH,vas deferens,2023-06-16,2023-06-16,2022,Switzerland,Europe,Bos taurus,Switzerland,,,,,,,,,,,,,,,,,,,,,,,,,,,,,,,,,,,,,,,,,,,,,,,,,,,,,,,,,,,,,,,,,,,,,,,
ERR11560161,RNA-Seq,302,38063473584,SAMEA113601372,11968173460,ETH ZURICH,public,"run.zq,sra,fastq","s3,ncbi,gs","gs.us-east1,ncbi.public,s3.us-east-1",ERX10964389,Illumina NovaSeq 6000,PAIRED,RANDOM,TRANSCRIPTOMIC,Bos taurus,ILLUMINA,2023-09-16T00:00:00Z,2023-09-26T01:41:00Z,1,SAMEA113601372,ERP131230,PRJEB46995,,2023-06-16,2023-06-16,XMM_106_vas,cattle,SAMEA113601372,ETH ZURICH,2023-06-16T12:24:55Z,2023-06-16T12:24:55Z,public,XMM_106_vas,ETH ZURICH,vas deferens,2023-06-16,2023-06-16,2022,Switzerland,Europe,Bos taurus,Switzerland,,,,,,,,,,,,,,,,,,,,,,,,,,,,,,,,,,,,,,,,,,,,,,,,,,,,,,,,,,,,,,,,,,,,,,,
ERR11560162,RNA-Seq,302,40465356292,SAMEA113601373,12521113138,ETH ZURICH,public,"sra,run.zq,fastq","ncbi,s3,gs","gs.us-east1,s3.us-east-1,ncbi.public",ERX10964390,Illumina NovaSeq 6000,PAIRED,RANDOM,TRANSCRIPTOMIC,Bos taurus,ILLUMINA,2023-09-16T00:00:00Z,2023-09-26T01:23:00Z,1,SAMEA113601373,ERP131230,PRJEB46995,,2023-06-16,2023-06-16,XMM_107_vas,cattle,SAMEA113601373,ETH ZURICH,2023-06-16T12:24:55Z,2023-06-16T12:24:55Z,public,XMM_107_vas,ETH ZURICH,vas deferens,2023-06-16,2023-06-16,2022,Switzerland,Europe,Bos taurus,Switzerland,,,,,,,,,,,,,,,,,,,,,,,,,,,,,,,,,,,,,,,,,,,,,,,,,,,,,,,,,,,,,,,,,,,,,,,
ERR11560163,RNA-Seq,302,38928064854,SAMEA113601374,12001871927,ETH ZURICH,public,"sra,fastq,run.zq","ncbi,s3,gs","s3.us-east-1,ncbi.public,gs.us-east1",ERX10964391,Illumina NovaSeq 6000,PAIRED,RANDOM,TRANSCRIPTOMIC,Bos taurus,ILLUMINA,2023-09-16T00:00:00Z,2023-09-26T01:40:00Z,1,SAMEA113601374,ERP131230,PRJEB46995,,2023-06-16,2023-06-16,XMM_111_vas,cattle,SAMEA113601374,ETH ZURICH,2023-06-16T12:24:55Z,2023-06-16T12:24:55Z,public,XMM_111_vas,ETH ZURICH,vas deferens,2023-06-16,2023-06-16,2022,Switzerland,Europe,Bos taurus,Switzerland,,,,,,,,,,,,,,,,,,,,,,,,,,,,,,,,,,,,,,,,,,,,,,,,,,,,,,,,,,,,,,,,,,,,,,,
ERR11560164,RNA-Seq,302,41801954536,SAMEA113601375,13110961071,ETH ZURICH,public,"sra,run.zq,fastq","ncbi,gs,s3","gs.us-east1,ncbi.public,s3.us-east-1",ERX10964392,Illumina NovaSeq 6000,PAIRED,RANDOM,TRANSCRIPTOMIC,Bos taurus,ILLUMINA,2023-09-16T00:00:00Z,2023-09-26T01:21:00Z,1,SAMEA113601375,ERP131230,PRJEB46995,,2023-06-16,2023-06-16,XMM_112_vas,cattle,SAMEA113601375,ETH ZURICH,2023-06-16T12:24:55Z,2023-06-16T12:24:55Z,public,XMM_112_vas,ETH ZURICH,vas deferens,2023-06-16,2023-06-16,2022,Switzerland,Europe,Bos taurus,Switzerland,,,,,,,,,,,,,,,,,,,,,,,,,,,,,,,,,,,,,,,,,,,,,,,,,,,,,,,,,,,,,,,,,,,,,,,
ERR11560165,RNA-Seq,302,33491436996,SAMEA113601376,10299468643,ETH ZURICH,public,"run.zq,sra,fastq","s3,ncbi,gs","s3.us-east-1,ncbi.public,gs.us-east1",ERX10964393,Illumina NovaSeq 6000,PAIRED,RANDOM,TRANSCRIPTOMIC,Bos taurus,ILLUMINA,2023-09-16T00:00:00Z,2023-09-26T01:28:00Z,1,SAMEA113601376,ERP131230,PRJEB46995,,2023-06-16,2023-06-16,XMM_114_vas,cattle,SAMEA113601376,ETH ZURICH,2023-06-16T12:24:55Z,2023-06-16T12:24:55Z,public,XMM_114_vas,ETH ZURICH,vas deferens,2023-06-16,2023-06-16,2022,Switzerland,Europe,Bos taurus,Switzerland,,,,,,,,,,,,,,,,,,,,,,,,,,,,,,,,,,,,,,,,,,,,,,,,,,,,,,,,,,,,,,,,,,,,,,,
ERR11560166,RNA-Seq,302,38060260606,SAMEA113601377,11694042057,ETH ZURICH,public,"fastq,run.zq,sra","s3,ncbi,gs","gs.us-east1,ncbi.public,s3.us-east-1",ERX10964394,Illumina NovaSeq 6000,PAIRED,RANDOM,TRANSCRIPTOMIC,Bos taurus,ILLUMINA,2023-09-16T00:00:00Z,2023-09-26T01:27:00Z,1,SAMEA113601377,ERP131230,PRJEB46995,,2023-06-16,2023-06-16,XMM_116_vas,cattle,SAMEA113601377,ETH ZURICH,2023-06-16T12:24:55Z,2023-06-16T12:24:55Z,public,XMM_116_vas,ETH ZURICH,vas deferens,2023-06-16,2023-06-16,2022,Switzerland,Europe,Bos taurus,Switzerland,,,,,,,,,,,,,,,,,,,,,,,,,,,,,,,,,,,,,,,,,,,,,,,,,,,,,,,,,,,,,,,,,,,,,,,
ERR11560167,RNA-Seq,302,36787063638,SAMEA113601378,11308456106,ETH ZURICH,public,"sra,fastq,run.zq","s3,gs,ncbi","ncbi.public,gs.us-east1,s3.us-east-1",ERX10964395,Illumina NovaSeq 6000,PAIRED,RANDOM,TRANSCRIPTOMIC,Bos taurus,ILLUMINA,2023-09-16T00:00:00Z,2023-09-26T01:33:00Z,1,SAMEA113601378,ERP131230,PRJEB46995,,2023-06-16,2023-06-16,XMM_119_vas,cattle,SAMEA113601378,ETH ZURICH,2023-06-16T12:24:55Z,2023-06-16T12:24:55Z,public,XMM_119_vas,ETH ZURICH,vas deferens,2023-06-16,2023-06-16,2022,Switzerland,Europe,Bos taurus,Switzerland,,,,,,,,,,,,,,,,,,,,,,,,,,,,,,,,,,,,,,,,,,,,,,,,,,,,,,,,,,,,,,,,,,,,,,,
ERR11560168,RNA-Seq,302,42130251488,SAMEA113601379,13115362670,ETH ZURICH,public,"sra,run.zq,fastq","gs,ncbi,s3","gs.us-east1,ncbi.public,s3.us-east-1",ERX10964396,Illumina NovaSeq 6000,PAIRED,RANDOM,TRANSCRIPTOMIC,Bos taurus,ILLUMINA,2023-09-16T00:00:00Z,2023-09-26T01:20:00Z,1,SAMEA113601379,ERP131230,PRJEB46995,,2023-06-16,2023-06-16,XMM_122_vas,cattle,SAMEA113601379,ETH ZURICH,2023-06-16T12:24:55Z,2023-06-16T12:24:55Z,public,XMM_122_vas,ETH ZURICH,vas deferens,2023-06-16,2023-06-16,2022,Switzerland,Europe,Bos taurus,Switzerland,,,,,,,,,,,,,,,,,,,,,,,,,,,,,,,,,,,,,,,,,,,,,,,,,,,,,,,,,,,,,,,,,,,,,,,
ERR11560169,RNA-Seq,302,49345258592,SAMEA113601380,15331500878,ETH ZURICH,public,"fastq,run.zq,sra","gs,s3,ncbi","gs.us-east1,s3.us-east-1,ncbi.public",ERX10964397,Illumina NovaSeq 6000,PAIRED,RANDOM,TRANSCRIPTOMIC,Bos taurus,ILLUMINA,2023-09-16T00:00:00Z,2023-09-26T01:44:00Z,1,SAMEA113601380,ERP131230,PRJEB46995,,2023-06-16,2023-06-16,XMM_123_vas,cattle,SAMEA113601380,ETH ZURICH,2023-06-16T12:24:55Z,2023-06-16T12:24:55Z,public,XMM_123_vas,ETH ZURICH,vas deferens,2023-06-16,2023-06-16,2022,Switzerland,Europe,Bos taurus,Switzerland,,,,,,,,,,,,,,,,,,,,,,,,,,,,,,,,,,,,,,,,,,,,,,,,,,,,,,,,,,,,,,,,,,,,,,,
ERR11560170,RNA-Seq,302,46600326232,SAMEA113601381,14464652781,ETH ZURICH,public,"fastq,run.zq,sra","ncbi,s3,gs","ncbi.public,s3.us-east-1,gs.us-east1",ERX10964398,Illumina NovaSeq 6000,PAIRED,RANDOM,TRANSCRIPTOMIC,Bos taurus,ILLUMINA,2023-09-16T00:00:00Z,2023-09-26T01:53:00Z,1,SAMEA113601381,ERP131230,PRJEB46995,,2023-06-16,2023-06-16,XMM_124_vas,cattle,SAMEA113601381,ETH ZURICH,2023-06-16T12:24:55Z,2023-06-16T12:24:55Z,public,XMM_124_vas,,vas deferens,2023-06-16T12:24:55Z,2023-06-16T12:24:55Z,2022,Switzerland,Europe,Bos taurus,Switzerland,,,,,,,,,,,,,,,,,,,,,,,,,,,,,,,,,,,,,,,,,,,,,,,,,,,,,,,,,,,,,,,,,,,,,,,
ERR10186685,RNA-Seq,302,41534129460,SAMEA111328912,12517397239,ETH ZURICH,public,"sra,fastq,run.zq","s3,gs,ncbi","gs.us-east1,s3.us-east-1,ncbi.public",ERX9722274,Illumina NovaSeq 6000,PAIRED,RANDOM,TRANSCRIPTOMIC,Bos taurus,ILLUMINA,2022-09-15T00:00:00Z,2022-09-18T13:05:00Z,1,XMM_078,ERP131230,PRJEB46995,,2022-09-14,2022-09-15,,,,,,,,,,testis,2022-09-11,2022-09-11,,,,,,,,,,,,,,,,,,,,,,,,,,,,,,,,,,,,,,,,,,,,,,,,,,,,,,,,,,,,,,,,,,,,,,,,,,,,
ERR10186686,RNA-Seq,302,38077188612,SAMEA111328913,11442351551,ETH ZURICH,public,"fastq,sra,run.zq","s3,gs,ncbi","gs.us-east1,ncbi.public,s3.us-east-1",ERX9722275,Illumina NovaSeq 6000,PAIRED,RANDOM,TRANSCRIPTOMIC,Bos taurus,ILLUMINA,2022-09-15T00:00:00Z,2022-09-18T16:40:00Z,1,XMM_079,ERP131230,PRJEB46995,,2022-09-14,2022-09-15,,,,,,,,,,testis,2022-09-11,2022-09-11,,,,,,,,,,,,,,,,,,,,,,,,,,,,,,,,,,,,,,,,,,,,,,,,,,,,,,,,,,,,,,,,,,,,,,,,,,,,
ERR10186687,RNA-Seq,302,41243845248,SAMEA111328914,12449881177,ETH ZURICH,public,"sra,fastq,run.zq","gs,ncbi,s3","s3.us-east-1,gs.us-east1,ncbi.public",ERX9722276,Illumina NovaSeq 6000,PAIRED,RANDOM,TRANSCRIPTOMIC,Bos taurus,ILLUMINA,2022-09-15T00:00:00Z,2022-09-18T17:35:00Z,1,XMM_080,ERP131230,PRJEB46995,,2022-09-14,2022-09-15,,,,,,,,,,testis,2022-09-11,2022-09-11,,,,,,,,,,,,,,,,,,,,,,,,,,,,,,,,,,,,,,,,,,,,,,,,,,,,,,,,,,,,,,,,,,,,,,,,,,,,
ERR10186688,RNA-Seq,302,42408551132,SAMEA111328915,12740028666,ETH ZURICH,public,"sra,run.zq,fastq","gs,s3,ncbi","ncbi.public,s3.us-east-1,gs.us-east1",ERX9722277,Illumina NovaSeq 6000,PAIRED,RANDOM,TRANSCRIPTOMIC,Bos taurus,ILLUMINA,2022-09-15T00:00:00Z,2022-09-18T11:21:00Z,1,XMM_081,ERP131230,PRJEB46995,,2022-09-14,2022-09-15,,,,,,,,,,testis,2022-09-11,2022-09-11,,,,,,,,,,,,,,,,,,,,,,,,,,,,,,,,,,,,,,,,,,,,,,,,,,,,,,,,,,,,,,,,,,,,,,,,,,,,
ERR10186689,RNA-Seq,302,43122952970,SAMEA111328916,13059152178,ETH ZURICH,public,"run.zq,sra,fastq","ncbi,gs,s3","gs.us-east1,ncbi.public,s3.us-east-1",ERX9722278,Illumina NovaSeq 6000,PAIRED,RANDOM,TRANSCRIPTOMIC,Bos taurus,ILLUMINA,2022-09-15T00:00:00Z,2022-09-18T12:59:00Z,1,XMM_082,ERP131230,PRJEB46995,,2022-09-14,2022-09-15,,,,,,,,,,testis,2022-09-11,2022-09-11,,,,,,,,,,,,,,,,,,,,,,,,,,,,,,,,,,,,,,,,,,,,,,,,,,,,,,,,,,,,,,,,,,,,,,,,,,,,
ERR10186690,RNA-Seq,302,41711623920,SAMEA111328917,12551843848,ETH ZURICH,public,"sra,run.zq,fastq","gs,ncbi,s3","gs.us-east1,s3.us-east-1,ncbi.public",ERX9722279,Illumina NovaSeq 6000,PAIRED,RANDOM,TRANSCRIPTOMIC,Bos taurus,ILLUMINA,2022-09-15T00:00:00Z,2022-09-18T11:29:00Z,1,XMM_083,ERP131230,PRJEB46995,,2022-09-14,2022-09-15,,,,,,,,,,testis,2022-09-11,2022-09-11,,,,,,,,,,,,,,,,,,,,,,,,,,,,,,,,,,,,,,,,,,,,,,,,,,,,,,,,,,,,,,,,,,,,,,,,,,,,
ERR10186691,RNA-Seq,302,41873056510,SAMEA111328918,12812996482,ETH ZURICH,public,"sra,fastq,run.zq","gs,ncbi,s3","s3.us-east-1,gs.us-east1,ncbi.public",ERX9722280,Illumina NovaSeq 6000,PAIRED,RANDOM,TRANSCRIPTOMIC,Bos taurus,ILLUMINA,2022-09-15T00:00:00Z,2022-09-18T14:16:00Z,1,XMM_085,ERP131230,PRJEB46995,,2022-09-14,2022-09-15,,,,,,,,,,testis,2022-09-11,2022-09-11,,,,,,,,,,,,,,,,,,,,,,,,,,,,,,,,,,,,,,,,,,,,,,,,,,,,,,,,,,,,,,,,,,,,,,,,,,,,
ERR10186692,RNA-Seq,302,38906757546,SAMEA111328919,11842346164,ETH ZURICH,public,"run.zq,sra,fastq","gs,ncbi,s3","s3.us-east-1,gs.us-east1,ncbi.public",ERX9722281,Illumina NovaSeq 6000,PAIRED,RANDOM,TRANSCRIPTOMIC,Bos taurus,ILLUMINA,2022-09-15T00:00:00Z,2022-09-19T23:01:00Z,1,XMM_086,ERP131230,PRJEB46995,,2022-09-14,2022-09-15,,,,,,,,,,testis,2022-09-11,2022-09-11,,,,,,,,,,,,,,,,,,,,,,,,,,,,,,,,,,,,,,,,,,,,,,,,,,,,,,,,,,,,,,,,,,,,,,,,,,,,
ERR10186693,RNA-Seq,302,40784267990,SAMEA111328920,12253221850,ETH ZURICH,public,"sra,fastq,run.zq","s3,gs,ncbi","gs.us-east1,ncbi.public,s3.us-east-1",ERX9722282,Illumina NovaSeq 6000,PAIRED,RANDOM,TRANSCRIPTOMIC,Bos taurus,ILLUMINA,2022-09-15T00:00:00Z,2022-09-18T16:30:00Z,1,XMM_087,ERP131230,PRJEB46995,,2022-09-14,2022-09-15,,,,,,,,,,testis,2022-09-11,2022-09-11,,,,,,,,,,,,,,,,,,,,,,,,,,,,,,,,,,,,,,,,,,,,,,,,,,,,,,,,,,,,,,,,,,,,,,,,,,,,
ERR10186694,RNA-Seq,302,46060291342,SAMEA111328921,13925343599,ETH ZURICH,public,"fastq,sra,run.zq","gs,s3,ncbi","s3.us-east-1,gs.us-east1,ncbi.public",ERX9722283,Illumina NovaSeq 6000,PAIRED,RANDOM,TRANSCRIPTOMIC,Bos taurus,ILLUMINA,2022-09-15T00:00:00Z,2022-09-18T10:48:00Z,1,XMM_088,ERP131230,PRJEB46995,,2022-09-14,2022-09-15,,,,,,,,,,testis,2022-09-11,2022-09-11,,,,,,,,,,,,,,,,,,,,,,,,,,,,,,,,,,,,,,,,,,,,,,,,,,,,,,,,,,,,,,,,,,,,,,,,,,,,
ERR10186695,RNA-Seq,302,37444734776,SAMEA111328922,11547344630,ETH ZURICH,public,"sra,fastq,run.zq","ncbi,gs,s3","gs.us-east1,ncbi.public,s3.us-east-1",ERX9722284,Illumina NovaSeq 6000,PAIRED,RANDOM,TRANSCRIPTOMIC,Bos taurus,ILLUMINA,2022-09-15T00:00:00Z,2022-09-18T10:28:00Z,1,XMM_089,ERP131230,PRJEB46995,,2022-09-14,2022-09-15,,,,,,,,,,testis,2022-09-11,2022-09-11,,,,,,,,,,,,,,,,,,,,,,,,,,,,,,,,,,,,,,,,,,,,,,,,,,,,,,,,,,,,,,,,,,,,,,,,,,,,
ERR10186696,RNA-Seq,302,42042217884,SAMEA111328923,12712030812,ETH ZURICH,public,"sra,run.zq,fastq","gs,ncbi,s3","ncbi.public,s3.us-east-1,gs.us-east1",ERX9722285,Illumina NovaSeq 6000,PAIRED,RANDOM,TRANSCRIPTOMIC,Bos taurus,ILLUMINA,2022-09-15T00:00:00Z,2022-09-18T18:52:00Z,1,XMM_093,ERP131230,PRJEB46995,,2022-09-14,2022-09-15,,,,,,,,,,testis,2022-09-11,2022-09-11,,,,,,,,,,,,,,,,,,,,,,,,,,,,,,,,,,,,,,,,,,,,,,,,,,,,,,,,,,,,,,,,,,,,,,,,,,,,
ERR10186697,RNA-Seq,302,40131987552,SAMEA111328924,12109127881,ETH ZURICH,public,"run.zq,sra,fastq","gs,s3,ncbi","gs.us-east1,s3.us-east-1,ncbi.public",ERX9722286,Illumina NovaSeq 6000,PAIRED,RANDOM,TRANSCRIPTOMIC,Bos taurus,ILLUMINA,2022-09-15T00:00:00Z,2022-09-18T19:51:00Z,1,XMM_094,ERP131230,PRJEB46995,,2022-09-14,2022-09-15,,,,,,,,,,testis,2022-09-11,2022-09-11,,,,,,,,,,,,,,,,,,,,,,,,,,,,,,,,,,,,,,,,,,,,,,,,,,,,,,,,,,,,,,,,,,,,,,,,,,,,
ERR10186698,RNA-Seq,302,43626335932,SAMEA111328925,13220917106,ETH ZURICH,public,"sra,run.zq,fastq","ncbi,gs,s3","ncbi.public,gs.us-east1,s3.us-east-1",ERX9722287,Illumina NovaSeq 6000,PAIRED,RANDOM,TRANSCRIPTOMIC,Bos taurus,ILLUMINA,2022-09-15T00:00:00Z,2022-09-18T14:17:00Z,1,XMM_095,ERP131230,PRJEB46995,,2022-09-14,2022-09-15,,,,,,,,,,testis,2022-09-11,2022-09-11,,,,,,,,,,,,,,,,,,,,,,,,,,,,,,,,,,,,,,,,,,,,,,,,,,,,,,,,,,,,,,,,,,,,,,,,,,,,
ERR10186699,RNA-Seq,302,36513027932,SAMEA111328926,11021935908,ETH ZURICH,public,"fastq,sra,run.zq","s3,gs,ncbi","s3.us-east-1,gs.us-east1,ncbi.public",ERX9722288,Illumina NovaSeq 6000,PAIRED,RANDOM,TRANSCRIPTOMIC,Bos taurus,ILLUMINA,2022-09-15T00:00:00Z,2022-09-18T15:28:00Z,1,XMM_096,ERP131230,PRJEB46995,,2022-09-14,2022-09-15,,,,,,,,,,testis,2022-09-11,2022-09-11,,,,,,,,,,,,,,,,,,,,,,,,,,,,,,,,,,,,,,,,,,,,,,,,,,,,,,,,,,,,,,,,,,,,,,,,,,,,
ERR10186700,RNA-Seq,302,41670634064,SAMEA111328927,12551654362,ETH ZURICH,public,"fastq,run.zq,sra","ncbi,gs,s3","gs.us-east1,ncbi.public,s3.us-east-1",ERX9722289,Illumina NovaSeq 6000,PAIRED,RANDOM,TRANSCRIPTOMIC,Bos taurus,ILLUMINA,2022-09-15T00:00:00Z,2022-09-18T18:31:00Z,1,XMM_098,ERP131230,PRJEB46995,,2022-09-14,2022-09-15,,,,,,,,,,testis,2022-09-11,2022-09-11,,,,,,,,,,,,,,,,,,,,,,,,,,,,,,,,,,,,,,,,,,,,,,,,,,,,,,,,,,,,,,,,,,,,,,,,,,,,
ERR10186701,RNA-Seq,302,42004367318,SAMEA111328928,12699507932,ETH ZURICH,public,"sra,run.zq,fastq","s3,gs,ncbi","s3.us-east-1,gs.us-east1,ncbi.public",ERX9722290,Illumina NovaSeq 6000,PAIRED,RANDOM,TRANSCRIPTOMIC,Bos taurus,ILLUMINA,2022-09-15T00:00:00Z,2022-09-18T12:56:00Z,1,XMM_100,ERP131230,PRJEB46995,,2022-09-14,2022-09-15,,,,,,,,,,testis,2022-09-11,2022-09-11,,,,,,,,,,,,,,,,,,,,,,,,,,,,,,,,,,,,,,,,,,,,,,,,,,,,,,,,,,,,,,,,,,,,,,,,,,,,
ERR10186702,RNA-Seq,302,42555385948,SAMEA111328929,12775813789,ETH ZURICH,public,"fastq,sra,run.zq","gs,ncbi,s3","ncbi.public,gs.us-east1,s3.us-east-1",ERX9722291,Illumina NovaSeq 6000,PAIRED,RANDOM,TRANSCRIPTOMIC,Bos taurus,ILLUMINA,2022-09-15T00:00:00Z,2022-09-18T10:29:00Z,1,XMM_101,ERP131230,PRJEB46995,,2022-09-14,2022-09-15,,,,,,,,,,testis,2022-09-11,2022-09-11,,,,,,,,,,,,,,,,,,,,,,,,,,,,,,,,,,,,,,,,,,,,,,,,,,,,,,,,,,,,,,,,,,,,,,,,,,,,
ERR10186703,RNA-Seq,302,42378915872,SAMEA111328930,12827883893,ETH ZURICH,public,"run.zq,fastq,sra","gs,s3,ncbi","gs.us-east1,s3.us-east-1,ncbi.public",ERX9722292,Illumina NovaSeq 6000,PAIRED,RANDOM,TRANSCRIPTOMIC,Bos taurus,ILLUMINA,2022-09-15T00:00:00Z,2022-09-18T20:13:00Z,1,XMM_103,ERP131230,PRJEB46995,,2022-09-14,2022-09-15,,,,,,,,,,testis,2022-09-11,2022-09-11,,,,,,,,,,,,,,,,,,,,,,,,,,,,,,,,,,,,,,,,,,,,,,,,,,,,,,,,,,,,,,,,,,,,,,,,,,,,
ERR10186704,RNA-Seq,302,43496554754,SAMEA111328931,13154219881,ETH ZURICH,public,"run.zq,fastq,sra","ncbi,s3,gs","s3.us-east-1,gs.us-east1,ncbi.public",ERX9722293,Illumina NovaSeq 6000,PAIRED,RANDOM,TRANSCRIPTOMIC,Bos taurus,ILLUMINA,2022-09-15T00:00:00Z,2022-09-18T11:39:00Z,1,XMM_104,ERP131230,PRJEB46995,,2022-09-14,2022-09-15,,,,,,,,,,testis,2022-09-11,2022-09-11,,,,,,,,,,,,,,,,,,,,,,,,,,,,,,,,,,,,,,,,,,,,,,,,,,,,,,,,,,,,,,,,,,,,,,,,,,,,
ERR10186705,RNA-Seq,302,39766062306,SAMEA111328932,11994065209,ETH ZURICH,public,"sra,run.zq,fastq","ncbi,s3,gs","s3.us-east-1,gs.us-east1,ncbi.public",ERX9722294,Illumina NovaSeq 6000,PAIRED,RANDOM,TRANSCRIPTOMIC,Bos taurus,ILLUMINA,2022-09-15T00:00:00Z,2022-09-18T17:35:00Z,1,XMM_107,ERP131230,PRJEB46995,,2022-09-14,2022-09-15,,,,,,,,,,testis,2022-09-11,2022-09-11,,,,,,,,,,,,,,,,,,,,,,,,,,,,,,,,,,,,,,,,,,,,,,,,,,,,,,,,,,,,,,,,,,,,,,,,,,,,
ERR10186706,RNA-Seq,302,47731074934,SAMEA111328933,15115685976,ETH ZURICH,public,"sra,run.zq,fastq","s3,gs,ncbi","gs.us-east1,s3.us-east-1,ncbi.public",ERX9722295,Illumina NovaSeq 6000,PAIRED,RANDOM,TRANSCRIPTOMIC,Bos taurus,ILLUMINA,2022-09-15T00:00:00Z,2022-09-18T16:02:00Z,1,XMM_108,ERP131230,PRJEB46995,,2022-09-14,2022-09-15,,,,,,,,,,testis,2022-09-11,2022-09-11,,,,,,,,,,,,,,,,,,,,,,,,,,,,,,,,,,,,,,,,,,,,,,,,,,,,,,,,,,,,,,,,,,,,,,,,,,,,
ERR10186707,RNA-Seq,302,32225591614,SAMEA111328934,10116182475,ETH ZURICH,public,"run.zq,fastq,sra","s3,gs,ncbi","gs.us-east1,s3.us-east-1,ncbi.public",ERX9722296,Illumina NovaSeq 6000,PAIRED,RANDOM,TRANSCRIPTOMIC,Bos taurus,ILLUMINA,2022-09-15T00:00:00Z,2022-09-18T11:52:00Z,1,XMM_109,ERP131230,PRJEB46995,,2022-09-14,2022-09-14,,,,,,,,,,testis,2022-09-11,2022-09-11,,,,,,,,,,,,,,,,,,,,,,,,,,,,,,,,,,,,,,,,,,,,,,,,,,,,,,,,,,,,,,,,,,,,,,,,,,,,
ERR10186708,RNA-Seq,302,21306203888,SAMEA111328935,6709176929,ETH ZURICH,public,"sra,fastq,run.zq","ncbi,s3,gs","s3.us-east-1,gs.us-east1,ncbi.public",ERX9722297,Illumina NovaSeq 6000,PAIRED,RANDOM,TRANSCRIPTOMIC,Bos taurus,ILLUMINA,2022-09-15T00:00:00Z,2022-09-18T09:48:00Z,1,XMM_110,ERP131230,PRJEB46995,,2022-09-14,2022-09-14,,,,,,,,,,testis,2022-09-11,2022-09-11,,,,,,,,,,,,,,,,,,,,,,,,,,,,,,,,,,,,,,,,,,,,,,,,,,,,,,,,,,,,,,,,,,,,,,,,,,,,
ERR10186709,RNA-Seq,302,35863897656,SAMEA111328936,10836812190,ETH ZURICH,public,"fastq,sra,run.zq","gs,ncbi,s3","gs.us-east1,ncbi.public,s3.us-east-1",ERX9722298,Illumina NovaSeq 6000,PAIRED,RANDOM,TRANSCRIPTOMIC,Bos taurus,ILLUMINA,2022-09-15T00:00:00Z,2022-09-18T11:38:00Z,1,XMM_114,ERP131230,PRJEB46995,,2022-09-14,2022-09-15,,,,,,,,,,testis,2022-09-11,2022-09-11,,,,,,,,,,,,,,,,,,,,,,,,,,,,,,,,,,,,,,,,,,,,,,,,,,,,,,,,,,,,,,,,,,,,,,,,,,,,
ERR10186710,RNA-Seq,302,42393940070,SAMEA111328937,12752303654,ETH ZURICH,public,"run.zq,fastq,sra","s3,gs,ncbi","ncbi.public,gs.us-east1,s3.us-east-1",ERX9722299,Illumina NovaSeq 6000,PAIRED,RANDOM,TRANSCRIPTOMIC,Bos taurus,ILLUMINA,2022-09-15T00:00:00Z,2022-09-18T13:06:00Z,1,XMM_115,ERP131230,PRJEB46995,,2022-09-14,2022-09-15,,,,,,,,,,testis,2022-09-11,2022-09-11,,,,,,,,,,,,,,,,,,,,,,,,,,,,,,,,,,,,,,,,,,,,,,,,,,,,,,,,,,,,,,,,,,,,,,,,,,,,
ERR10186711,RNA-Seq,302,39313461248,SAMEA111328938,11822474553,ETH ZURICH,public,"sra,fastq,run.zq","ncbi,s3,gs","gs.us-east1,s3.us-east-1,ncbi.public",ERX9722300,Illumina NovaSeq 6000,PAIRED,RANDOM,TRANSCRIPTOMIC,Bos taurus,ILLUMINA,2022-09-15T00:00:00Z,2022-09-18T16:07:00Z,1,XMM_120,ERP131230,PRJEB46995,,2022-09-14,2022-09-15,,,,,,,,,,testis,2022-09-11,2022-09-11,,,,,,,,,,,,,,,,,,,,,,,,,,,,,,,,,,,,,,,,,,,,,,,,,,,,,,,,,,,,,,,,,,,,,,,,,,,,
ERR10186712,RNA-Seq,302,43470192268,SAMEA111328939,13040676797,ETH ZURICH,public,"fastq,run.zq,sra","gs,ncbi,s3","ncbi.public,gs.us-east1,s3.us-east-1",ERX9722301,Illumina NovaSeq 6000,PAIRED,RANDOM,TRANSCRIPTOMIC,Bos taurus,ILLUMINA,2022-09-15T00:00:00Z,2022-09-18T11:32:00Z,1,XMM_121,ERP131230,PRJEB46995,,2022-09-14,2022-09-15,,,,,,,,,,testis,2022-09-11,2022-09-11,,,,,,,,,,,,,,,,,,,,,,,,,,,,,,,,,,,,,,,,,,,,,,,,,,,,,,,,,,,,,,,,,,,,,,,,,,,,
ERR10186713,RNA-Seq,302,40814611440,SAMEA111328940,12363929120,ETH ZURICH,public,"fastq,run.zq,sra","gs,ncbi,s3","ncbi.public,gs.us-east1,s3.us-east-1",ERX9722302,Illumina NovaSeq 6000,PAIRED,RANDOM,TRANSCRIPTOMIC,Bos taurus,ILLUMINA,2022-09-15T00:00:00Z,2022-09-18T11:14:00Z,1,XMM_122,ERP131230,PRJEB46995,,2022-09-14,2022-09-15,,,,,,,,,,testis,2022-09-11,2022-09-11,,,,,,,,,,,,,,,,,,,,,,,,,,,,,,,,,,,,,,,,,,,,,,,,,,,,,,,,,,,,,,,,,,,,,,,,,,,,
ERR10186714,RNA-Seq,302,37273679560,SAMEA111328941,11217004239,ETH ZURICH,public,"fastq,run.zq,sra","ncbi,s3,gs","gs.us-east1,s3.us-east-1,ncbi.public",ERX9722303,Illumina NovaSeq 6000,PAIRED,RANDOM,TRANSCRIPTOMIC,Bos taurus,ILLUMINA,2022-09-15T00:00:00Z,2022-09-18T19:02:00Z,1,XMM_123,ERP131230,PRJEB46995,,2022-09-14,2022-09-15,,,,,,,,,,testis,2022-09-11,2022-09-11,,,,,,,,,,,,,,,,,,,,,,,,,,,,,,,,,,,,,,,,,,,,,,,,,,,,,,,,,,,,,,,,,,,,,,,,,,,,
ERR10186715,RNA-Seq,302,41111271778,SAMEA111328942,12459475801,ETH ZURICH,public,"fastq,sra,run.zq","s3,gs,ncbi","s3.us-east-1,ncbi.public,gs.us-east1",ERX9722304,Illumina NovaSeq 6000,PAIRED,RANDOM,TRANSCRIPTOMIC,Bos taurus,ILLUMINA,2022-09-15T00:00:00Z,2022-09-19T23:33:00Z,1,XMM_124,ERP131230,PRJEB46995,,2022-09-14,2022-09-15,,,,,,,,,,testis,2022-09-11,2022-09-11,,,,,,,,,,,,,,,,,,,,,,,,,,,,,,,,,,,,,,,,,,,,,,,,,,,,,,,,,,,,,,,,,,,,,,,,,,,,
ERR10186716,RNA-Seq,302,43887517612,SAMEA111328943,13328151355,ETH ZURICH,public,"sra,run.zq,fastq","s3,gs,ncbi","s3.us-east-1,ncbi.public,gs.us-east1",ERX9722305,Illumina NovaSeq 6000,PAIRED,RANDOM,TRANSCRIPTOMIC,Bos taurus,ILLUMINA,2022-09-15T00:00:00Z,2022-09-18T17:27:00Z,1,XMM_125,ERP131230,PRJEB46995,,2022-09-14,2022-09-15,,,,,,,,,,testis,2022-09-11,2022-09-11,,,,,,,,,,,,,,,,,,,,,,,,,,,,,,,,,,,,,,,,,,,,,,,,,,,,,,,,,,,,,,,,,,,,,,,,,,,,
SRR11773962,OTHER,194,922409084,SAMN14892559,422602347,"UNIVERSITY OF CALIFORNIA, DAVIS",public,"run.zq,sra,fastq","gs,s3,ncbi","ncbi.public,gs.us-east1,s3.us-east-1",SRX8327061,Illumina HiSeq 4000,PAIRED,other,TRANSCRIPTOMIC,Bos taurus,ILLUMINA,2020-10-01T00:00:00Z,2020-05-11T22:27:00Z,1,Testis-M08,SRP261194,PRJNA630504,Testis-M08:Project_PRAI_bM08_Rampage,,,,,,,,,,,,,,,,,,,,Testis,Hereford,male,Model organism or animal,,,14 months,,M08,,,,,,,,,,,,,,,,,,,,,,,,,,,,,,,,,,,,,,,,,,,,,,,,,,,,,,,,,,Project_PRAI_bM08_Rampage,,,,
SRR11774011,OTHER,294,4832347758,SAMN14892560,2103527113,"UNIVERSITY OF CALIFORNIA, DAVIS",public,"fastq,run.zq,sra","gs,s3,ncbi","ncbi.public,s3.us-east-1,gs.us-east1",SRX8327012,Illumina HiSeq 4000,PAIRED,other,TRANSCRIPTOMIC,Bos taurus,ILLUMINA,2020-10-01T00:00:00Z,2020-05-11T22:42:00Z,1,Testis-M22,SRP261194,PRJNA630504,Testis-M22:Project_PRAL_L8_M22_Rampage,,,,,,,,,,,,,,,,,,,,Testis,Hereford,male,Model organism or animal,,,14 months,,M22,,,,,,,,,,,,,,,,,,,,,,,,,,,,,,,,,,,,,,,,,,,,,,,,,,,,,,,,,,Project_PRAL_L8_M22_Rampage,,,,
ERR6509732,RNA-Seq,302,35700565788,SAMEA9540537,11417199380,ETH ZURICH,public,"sra,fastq,run.zq","s3,ncbi,gs","ncbi.public,s3.us-east-1,gs.us-east1",ERX6136617,Illumina NovaSeq 6000,PAIRED,RANDOM,TRANSCRIPTOMIC,Bos taurus,ILLUMINA,2021-09-27T00:00:00Z,2021-10-04T00:44:00Z,1,SAMEA9540537,ERP131230,PRJEB46995,unspecified,2021-08-19,2021-08-19,XMM_019_RNA,cattle,SAMEA9540537,ETH ZURICH,2021-08-19T00:37:15Z,2021-08-19T00:37:15Z,public,XMM_019_RNA,ETH ZURICH,,,,,,,,,,,,,2021-08-19,2021-08-19,,,,,,,,,,,,,,,,,,,,,,,,,,,,,,,,,,,,,,,,,,,,,,,,,,,,,,,,,,,,,,,,,
ERR6509733,RNA-Seq,302,29189261568,SAMEA9540538,9261923022,ETH ZURICH,public,"fastq,sra,run.zq","s3,ncbi,gs","s3.us-east-1,gs.us-east1,ncbi.public",ERX6136618,Illumina NovaSeq 6000,PAIRED,RANDOM,TRANSCRIPTOMIC,Bos taurus,ILLUMINA,2021-09-27T00:00:00Z,2021-10-04T00:19:00Z,1,SAMEA9540538,ERP131230,PRJEB46995,unspecified,2021-08-19,2021-08-19,XMM_045_RNA,cattle,SAMEA9540538,ETH ZURICH,2021-08-19T00:37:15Z,2021-08-19T00:37:15Z,public,XMM_045_RNA,ETH ZURICH,,,,,,,,,,,,,2021-08-19,2021-08-19,,,,,,,,,,,,,,,,,,,,,,,,,,,,,,,,,,,,,,,,,,,,,,,,,,,,,,,,,,,,,,,,,
ERR6509734,RNA-Seq,302,40432590500,SAMEA9540539,12837769051,ETH ZURICH,public,"run.zq,sra,fastq","ncbi,gs,s3","s3.us-east-1,ncbi.public,gs.us-east1",ERX6136619,Illumina NovaSeq 6000,PAIRED,RANDOM,TRANSCRIPTOMIC,Bos taurus,ILLUMINA,2021-09-27T00:00:00Z,2021-10-04T00:58:00Z,1,SAMEA9540539,ERP131230,PRJEB46995,unspecified,2021-08-19,2021-08-19,XMM_012_RNA,cattle,SAMEA9540539,ETH ZURICH,2021-08-19T00:37:15Z,2021-08-19T00:37:15Z,public,XMM_012_RNA,ETH ZURICH,,,,,,,,,,,,,2021-08-19,2021-08-19,,,,,,,,,,,,,,,,,,,,,,,,,,,,,,,,,,,,,,,,,,,,,,,,,,,,,,,,,,,,,,,,,
ERR6509735,RNA-Seq,302,37460806008,SAMEA9540540,11935445640,ETH ZURICH,public,"sra,fastq,run.zq","s3,gs,ncbi","s3.us-east-1,gs.us-east1,ncbi.public",ERX6136620,Illumina NovaSeq 6000,PAIRED,RANDOM,TRANSCRIPTOMIC,Bos taurus,ILLUMINA,2021-09-27T00:00:00Z,2021-10-04T02:57:00Z,1,SAMEA9540540,ERP131230,PRJEB46995,unspecified,2021-08-19,2021-08-19,XMM_028_RNA,cattle,SAMEA9540540,ETH ZURICH,2021-08-19T00:37:15Z,2021-08-19T00:37:15Z,public,XMM_028_RNA,ETH ZURICH,,,,,,,,,,,,,2021-08-19,2021-08-19,,,,,,,,,,,,,,,,,,,,,,,,,,,,,,,,,,,,,,,,,,,,,,,,,,,,,,,,,,,,,,,,,
ERR6509736,RNA-Seq,302,41309778190,SAMEA9540541,13164892989,ETH ZURICH,public,"fastq,run.zq,sra","gs,s3,ncbi","ncbi.public,gs.us-east1,s3.us-east-1",ERX6136621,Illumina NovaSeq 6000,PAIRED,RANDOM,TRANSCRIPTOMIC,Bos taurus,ILLUMINA,2021-09-27T00:00:00Z,2021-10-04T00:54:00Z,1,SAMEA9540541,ERP131230,PRJEB46995,unspecified,2021-08-19,2021-08-19,XMM_017_RNA,cattle,SAMEA9540541,ETH ZURICH,2021-08-19T00:37:15Z,2021-08-19T00:37:15Z,public,XMM_017_RNA,ETH ZURICH,,,,,,,,,,,,,2021-08-19,2021-08-19,,,,,,,,,,,,,,,,,,,,,,,,,,,,,,,,,,,,,,,,,,,,,,,,,,,,,,,,,,,,,,,,,
ERR6509737,RNA-Seq,302,39206159742,SAMEA9540542,12392538715,ETH ZURICH,public,"run.zq,sra,fastq","ncbi,s3,gs","gs.us-east1,ncbi.public,s3.us-east-1",ERX6136622,Illumina NovaSeq 6000,PAIRED,RANDOM,TRANSCRIPTOMIC,Bos taurus,ILLUMINA,2021-09-27T00:00:00Z,2021-10-04T00:47:00Z,1,SAMEA9540542,ERP131230,PRJEB46995,unspecified,2021-08-19,2021-08-19,XMM_068_RNA,cattle,SAMEA9540542,ETH ZURICH,2021-08-19T00:37:15Z,2021-08-19T00:37:15Z,public,XMM_068_RNA,ETH ZURICH,,,,,,,,,,,,,2021-08-19,2021-08-19,,,,,,,,,,,,,,,,,,,,,,,,,,,,,,,,,,,,,,,,,,,,,,,,,,,,,,,,,,,,,,,,,
ERR6509738,RNA-Seq,302,37923638222,SAMEA9540543,12061104843,ETH ZURICH,public,"run.zq,fastq,sra","s3,ncbi,gs","gs.us-east1,s3.us-east-1,ncbi.public",ERX6136623,Illumina NovaSeq 6000,PAIRED,RANDOM,TRANSCRIPTOMIC,Bos taurus,ILLUMINA,2021-09-27T00:00:00Z,2021-10-04T03:01:00Z,1,SAMEA9540543,ERP131230,PRJEB46995,unspecified,2021-08-19,2021-08-19,XMM_044_RNA,cattle,SAMEA9540543,ETH ZURICH,2021-08-19T00:37:15Z,2021-08-19T00:37:15Z,public,XMM_044_RNA,ETH ZURICH,,,,,,,,,,,,,2021-08-19,2021-08-19,,,,,,,,,,,,,,,,,,,,,,,,,,,,,,,,,,,,,,,,,,,,,,,,,,,,,,,,,,,,,,,,,
ERR6509739,RNA-Seq,302,38928972968,SAMEA9540544,12324778604,ETH ZURICH,public,"fastq,sra,run.zq","ncbi,gs,s3","ncbi.public,gs.us-east1,s3.us-east-1",ERX6136624,Illumina NovaSeq 6000,PAIRED,RANDOM,TRANSCRIPTOMIC,Bos taurus,ILLUMINA,2021-09-27T00:00:00Z,2021-10-04T02:01:00Z,1,SAMEA9540544,ERP131230,PRJEB46995,unspecified,2021-08-19,2021-08-19,XMM_023_RNA,cattle,SAMEA9540544,ETH ZURICH,2021-08-19T00:37:15Z,2021-08-19T00:37:15Z,public,XMM_023_RNA,ETH ZURICH,,,,,,,,,,,,,2021-08-19,2021-08-19,,,,,,,,,,,,,,,,,,,,,,,,,,,,,,,,,,,,,,,,,,,,,,,,,,,,,,,,,,,,,,,,,
ERR6509740,RNA-Seq,302,43287107788,SAMEA9540545,13687933936,ETH ZURICH,public,"sra,run.zq,fastq","gs,s3,ncbi","s3.us-east-1,ncbi.public,gs.us-east1",ERX6136625,Illumina NovaSeq 6000,PAIRED,RANDOM,TRANSCRIPTOMIC,Bos taurus,ILLUMINA,2021-09-27T00:00:00Z,2021-10-04T02:20:00Z,1,SAMEA9540545,ERP131230,PRJEB46995,unspecified,2021-08-19,2021-08-19,XMM_024_RNA,cattle,SAMEA9540545,ETH ZURICH,2021-08-19T00:37:15Z,2021-08-19T00:37:15Z,public,XMM_024_RNA,ETH ZURICH,,,,,,,,,,,,,2021-08-19,2021-08-19,,,,,,,,,,,,,,,,,,,,,,,,,,,,,,,,,,,,,,,,,,,,,,,,,,,,,,,,,,,,,,,,,
ERR6509741,RNA-Seq,302,39919091444,SAMEA9540546,12540135180,ETH ZURICH,public,"run.zq,sra,fastq","ncbi,s3,gs","s3.us-east-1,gs.us-east1,ncbi.public",ERX6136626,Illumina NovaSeq 6000,PAIRED,RANDOM,TRANSCRIPTOMIC,Bos taurus,ILLUMINA,2021-09-27T00:00:00Z,2021-10-04T00:25:00Z,1,SAMEA9540546,ERP131230,PRJEB46995,unspecified,2021-08-19,2021-08-19,XMM_026_RNA,cattle,SAMEA9540546,ETH ZURICH,2021-08-19T00:37:15Z,2021-08-19T00:37:15Z,public,XMM_026_RNA,ETH ZURICH,,,,,,,,,,,,,2021-08-19,2021-08-19,,,,,,,,,,,,,,,,,,,,,,,,,,,,,,,,,,,,,,,,,,,,,,,,,,,,,,,,,,,,,,,,,
ERR6509742,RNA-Seq,302,36040927942,SAMEA9540547,11405455895,ETH ZURICH,public,"run.zq,sra,fastq","gs,s3,ncbi","gs.us-east1,ncbi.public,s3.us-east-1",ERX6136627,Illumina NovaSeq 6000,PAIRED,RANDOM,TRANSCRIPTOMIC,Bos taurus,ILLUMINA,2021-09-27T00:00:00Z,2021-10-04T01:13:00Z,1,SAMEA9540547,ERP131230,PRJEB46995,unspecified,2021-08-19,2021-08-19,XMM_066_RNA,cattle,SAMEA9540547,ETH ZURICH,2021-08-19T00:37:15Z,2021-08-19T00:37:15Z,public,XMM_066_RNA,ETH ZURICH,,,,,,,,,,,,,2021-08-19,2021-08-19,,,,,,,,,,,,,,,,,,,,,,,,,,,,,,,,,,,,,,,,,,,,,,,,,,,,,,,,,,,,,,,,,
ERR6509743,RNA-Seq,302,32950340878,SAMEA9540548,10458893915,ETH ZURICH,public,"sra,run.zq,fastq","s3,gs,ncbi","gs.us-east1,ncbi.public,s3.us-east-1",ERX6136628,Illumina NovaSeq 6000,PAIRED,RANDOM,TRANSCRIPTOMIC,Bos taurus,ILLUMINA,2021-09-27T00:00:00Z,2021-10-04T00:37:00Z,1,SAMEA9540548,ERP131230,PRJEB46995,unspecified,2021-08-19,2021-08-19,XMM_034_RNA,cattle,SAMEA9540548,ETH ZURICH,2021-08-19T00:37:15Z,2021-08-19T00:37:15Z,public,XMM_034_RNA,ETH ZURICH,,,,,,,,,,,,,2021-08-19,2021-08-19,,,,,,,,,,,,,,,,,,,,,,,,,,,,,,,,,,,,,,,,,,,,,,,,,,,,,,,,,,,,,,,,,
ERR6509744,RNA-Seq,302,37633293610,SAMEA9540549,12011047932,ETH ZURICH,public,"run.zq,sra,fastq","ncbi,gs,s3","s3.us-east-1,ncbi.public,gs.us-east1",ERX6136629,Illumina NovaSeq 6000,PAIRED,RANDOM,TRANSCRIPTOMIC,Bos taurus,ILLUMINA,2021-09-27T00:00:00Z,2021-10-03T05:59:00Z,1,SAMEA9540549,ERP131230,PRJEB46995,unspecified,2021-08-19,2021-08-19,XMM_033_RNA,cattle,SAMEA9540549,ETH ZURICH,2021-08-19T00:37:15Z,2021-08-19T00:37:15Z,public,XMM_033_RNA,ETH ZURICH,,,,,,,,,,,,,2021-08-19,2021-08-19,,,,,,,,,,,,,,,,,,,,,,,,,,,,,,,,,,,,,,,,,,,,,,,,,,,,,,,,,,,,,,,,,
ERR6509745,RNA-Seq,302,40876856358,SAMEA9540550,12835003749,ETH ZURICH,public,"sra,run.zq,fastq","ncbi,s3,gs","gs.us-east1,ncbi.public,s3.us-east-1",ERX6136630,Illumina NovaSeq 6000,PAIRED,RANDOM,TRANSCRIPTOMIC,Bos taurus,ILLUMINA,2021-09-27T00:00:00Z,2021-10-03T06:12:00Z,1,SAMEA9540550,ERP131230,PRJEB46995,unspecified,2021-08-19,2021-08-19,XMM_059_RNA,cattle,SAMEA9540550,ETH ZURICH,2021-08-19T00:37:15Z,2021-08-19T00:37:15Z,public,XMM_059_RNA,ETH ZURICH,,,,,,,,,,,,,2021-08-19,2021-08-19,,,,,,,,,,,,,,,,,,,,,,,,,,,,,,,,,,,,,,,,,,,,,,,,,,,,,,,,,,,,,,,,,
ERR6509746,RNA-Seq,302,39625901086,SAMEA9540551,12599701009,ETH ZURICH,public,"run.zq,sra,fastq","s3,ncbi,gs","s3.us-east-1,ncbi.public,gs.us-east1",ERX6136631,Illumina NovaSeq 6000,PAIRED,RANDOM,TRANSCRIPTOMIC,Bos taurus,ILLUMINA,2021-09-27T00:00:00Z,2021-10-03T06:46:00Z,1,SAMEA9540551,ERP131230,PRJEB46995,unspecified,2021-08-19,2021-08-19,XMM_031_RNA,cattle,SAMEA9540551,ETH ZURICH,2021-08-19T00:37:15Z,2021-08-19T00:37:15Z,public,XMM_031_RNA,ETH ZURICH,,,,,,,,,,,,,2021-08-19,2021-08-19,,,,,,,,,,,,,,,,,,,,,,,,,,,,,,,,,,,,,,,,,,,,,,,,,,,,,,,,,,,,,,,,,
ERR6509747,RNA-Seq,302,29051876030,SAMEA9540552,9381298646,ETH ZURICH,public,"sra,fastq,run.zq","s3,gs,ncbi","ncbi.public,s3.us-east-1,gs.us-east1",ERX6136632,Illumina NovaSeq 6000,PAIRED,RANDOM,TRANSCRIPTOMIC,Bos taurus,ILLUMINA,2021-09-27T00:00:00Z,2021-10-03T05:22:00Z,1,SAMEA9540552,ERP131230,PRJEB46995,unspecified,2021-08-19,2021-08-19,XMM_025_RNA,cattle,SAMEA9540552,ETH ZURICH,2021-08-19T00:37:15Z,2021-08-19T00:37:15Z,public,XMM_025_RNA,ETH ZURICH,,,,,,,,,,,,,2021-08-19,2021-08-19,,,,,,,,,,,,,,,,,,,,,,,,,,,,,,,,,,,,,,,,,,,,,,,,,,,,,,,,,,,,,,,,,
ERR6509748,RNA-Seq,302,42635063514,SAMEA9540553,13478301955,ETH ZURICH,public,"fastq,run.zq,sra","ncbi,gs,s3","ncbi.public,s3.us-east-1,gs.us-east1",ERX6136633,Illumina NovaSeq 6000,PAIRED,RANDOM,TRANSCRIPTOMIC,Bos taurus,ILLUMINA,2021-09-27T00:00:00Z,2021-10-03T06:06:00Z,1,SAMEA9540553,ERP131230,PRJEB46995,unspecified,2021-08-19,2021-08-19,XMM_029_RNA,cattle,SAMEA9540553,ETH ZURICH,2021-08-19T00:37:15Z,2021-08-19T00:37:15Z,public,XMM_029_RNA,ETH ZURICH,,,,,,,,,,,,,2021-08-19,2021-08-19,,,,,,,,,,,,,,,,,,,,,,,,,,,,,,,,,,,,,,,,,,,,,,,,,,,,,,,,,,,,,,,,,
ERR6509749,RNA-Seq,302,46544548040,SAMEA9540554,14772588323,ETH ZURICH,public,"run.zq,fastq,sra","s3,ncbi,gs","ncbi.public,gs.us-east1,s3.us-east-1",ERX6136634,Illumina NovaSeq 6000,PAIRED,RANDOM,TRANSCRIPTOMIC,Bos taurus,ILLUMINA,2021-09-27T00:00:00Z,2021-10-03T07:06:00Z,1,SAMEA9540554,ERP131230,PRJEB46995,unspecified,2021-08-19,2021-08-19,XMM_063_RNA,cattle,SAMEA9540554,ETH ZURICH,2021-08-19T00:37:15Z,2021-08-19T00:37:15Z,public,XMM_063_RNA,ETH ZURICH,,,,,,,,,,,,,2021-08-19,2021-08-19,,,,,,,,,,,,,,,,,,,,,,,,,,,,,,,,,,,,,,,,,,,,,,,,,,,,,,,,,,,,,,,,,
ERR6509750,RNA-Seq,302,38957173728,SAMEA9540555,12439239079,ETH ZURICH,public,"run.zq,fastq,sra","ncbi,s3,gs","ncbi.public,s3.us-east-1,gs.us-east1",ERX6136635,Illumina NovaSeq 6000,PAIRED,RANDOM,TRANSCRIPTOMIC,Bos taurus,ILLUMINA,2021-09-27T00:00:00Z,2021-10-03T06:04:00Z,1,SAMEA9540555,ERP131230,PRJEB46995,unspecified,2021-08-19,2021-08-19,XMM_067_RNA,cattle,SAMEA9540555,ETH ZURICH,2021-08-19T00:37:15Z,2021-08-19T00:37:15Z,public,XMM_067_RNA,ETH ZURICH,,,,,,,,,,,,,2021-08-19,2021-08-19,,,,,,,,,,,,,,,,,,,,,,,,,,,,,,,,,,,,,,,,,,,,,,,,,,,,,,,,,,,,,,,,,
ERR6509751,RNA-Seq,302,48200968210,SAMEA9540556,15244696823,ETH ZURICH,public,"run.zq,fastq,sra","s3,ncbi,gs","gs.us-east1,s3.us-east-1,ncbi.public",ERX6136636,Illumina NovaSeq 6000,PAIRED,RANDOM,TRANSCRIPTOMIC,Bos taurus,ILLUMINA,2021-09-27T00:00:00Z,2021-10-03T06:46:00Z,1,SAMEA9540556,ERP131230,PRJEB46995,unspecified,2021-08-19,2021-08-19,XMM_027_RNA,cattle,SAMEA9540556,ETH ZURICH,2021-08-19T00:37:15Z,2021-08-19T00:37:15Z,public,XMM_027_RNA,ETH ZURICH,,,,,,,,,,,,,2021-08-19,2021-08-19,,,,,,,,,,,,,,,,,,,,,,,,,,,,,,,,,,,,,,,,,,,,,,,,,,,,,,,,,,,,,,,,,
ERR6509752,RNA-Seq,302,44830743340,SAMEA9540557,14248210111,ETH ZURICH,public,"run.zq,fastq,sra","s3,gs,ncbi","s3.us-east-1,ncbi.public,gs.us-east1",ERX6136637,Illumina NovaSeq 6000,PAIRED,RANDOM,TRANSCRIPTOMIC,Bos taurus,ILLUMINA,2021-09-27T00:00:00Z,2021-10-03T06:19:00Z,1,SAMEA9540557,ERP131230,PRJEB46995,unspecified,2021-08-19,2021-08-19,XMM_009_RNA,cattle,SAMEA9540557,ETH ZURICH,2021-08-19T00:37:15Z,2021-08-19T00:37:15Z,public,XMM_009_RNA,ETH ZURICH,,,,,,,,,,,,,2021-08-19,2021-08-19,,,,,,,,,,,,,,,,,,,,,,,,,,,,,,,,,,,,,,,,,,,,,,,,,,,,,,,,,,,,,,,,,
ERR6509753,RNA-Seq,302,36063593344,SAMEA9540558,11404747918,ETH ZURICH,public,"sra,fastq,run.zq","ncbi,s3,gs","gs.us-east1,ncbi.public,s3.us-east-1",ERX6136638,Illumina NovaSeq 6000,PAIRED,RANDOM,TRANSCRIPTOMIC,Bos taurus,ILLUMINA,2021-09-27T00:00:00Z,2021-10-03T05:38:00Z,1,SAMEA9540558,ERP131230,PRJEB46995,unspecified,2021-08-19,2021-08-19,XMM_015_RNA,cattle,SAMEA9540558,ETH ZURICH,2021-08-19T00:37:15Z,2021-08-19T00:37:15Z,public,XMM_015_RNA,ETH ZURICH,,,,,,,,,,,,,2021-08-19,2021-08-19,,,,,,,,,,,,,,,,,,,,,,,,,,,,,,,,,,,,,,,,,,,,,,,,,,,,,,,,,,,,,,,,,
ERR6509754,RNA-Seq,302,36638192738,SAMEA9540559,11609140683,ETH ZURICH,public,"fastq,run.zq,sra","s3,gs,ncbi","gs.us-east1,s3.us-east-1,ncbi.public",ERX6136639,Illumina NovaSeq 6000,PAIRED,RANDOM,TRANSCRIPTOMIC,Bos taurus,ILLUMINA,2021-09-27T00:00:00Z,2021-10-03T06:02:00Z,1,SAMEA9540559,ERP131230,PRJEB46995,unspecified,2021-08-19,2021-08-19,XMM_013_RNA,cattle,SAMEA9540559,ETH ZURICH,2021-08-19T00:37:15Z,2021-08-19T00:37:15Z,public,XMM_013_RNA,ETH ZURICH,,,,,,,,,,,,,2021-08-19,2021-08-19,,,,,,,,,,,,,,,,,,,,,,,,,,,,,,,,,,,,,,,,,,,,,,,,,,,,,,,,,,,,,,,,,
ERR6509755,RNA-Seq,302,38292606420,SAMEA9540560,12176055417,ETH ZURICH,public,"sra,fastq,run.zq","ncbi,s3,gs","ncbi.public,s3.us-east-1,gs.us-east1",ERX6136640,Illumina NovaSeq 6000,PAIRED,RANDOM,TRANSCRIPTOMIC,Bos taurus,ILLUMINA,2021-09-27T00:00:00Z,2021-10-03T06:00:00Z,1,SAMEA9540560,ERP131230,PRJEB46995,unspecified,2021-08-19,2021-08-19,XMM_016_RNA,cattle,SAMEA9540560,ETH ZURICH,2021-08-19T00:37:15Z,2021-08-19T00:37:15Z,public,XMM_016_RNA,ETH ZURICH,,,,,,,,,,,,,2021-08-19,2021-08-19,,,,,,,,,,,,,,,,,,,,,,,,,,,,,,,,,,,,,,,,,,,,,,,,,,,,,,,,,,,,,,,,,
ERR6509756,RNA-Seq,302,33395127082,SAMEA9540561,10631906132,ETH ZURICH,public,"sra,run.zq,fastq","ncbi,gs,s3","s3.us-east-1,ncbi.public,gs.us-east1",ERX6136641,Illumina NovaSeq 6000,PAIRED,RANDOM,TRANSCRIPTOMIC,Bos taurus,ILLUMINA,2021-09-27T00:00:00Z,2021-10-03T05:42:00Z,1,SAMEA9540561,ERP131230,PRJEB46995,unspecified,2021-08-19,2021-08-19,XMM_014_RNA,cattle,SAMEA9540561,ETH ZURICH,2021-08-19T00:37:15Z,2021-08-19T00:37:15Z,public,XMM_014_RNA,ETH ZURICH,,,,,,,,,,,,,2021-08-19,2021-08-19,,,,,,,,,,,,,,,,,,,,,,,,,,,,,,,,,,,,,,,,,,,,,,,,,,,,,,,,,,,,,,,,,
ERR6509757,RNA-Seq,302,26168661494,SAMEA9540562,8301790781,ETH ZURICH,public,"run.zq,sra,fastq","s3,gs,ncbi","gs.us-east1,ncbi.public,s3.us-east-1",ERX6136642,Illumina NovaSeq 6000,PAIRED,RANDOM,TRANSCRIPTOMIC,Bos taurus,ILLUMINA,2021-09-27T00:00:00Z,2021-10-03T08:06:00Z,1,SAMEA9540562,ERP131230,PRJEB46995,unspecified,2021-08-19,2021-08-19,XMM_061_RNA,cattle,SAMEA9540562,ETH ZURICH,2021-08-19T00:37:15Z,2021-08-19T00:37:15Z,public,XMM_061_RNA,ETH ZURICH,,,,,,,,,,,,,2021-08-19,2021-08-19,,,,,,,,,,,,,,,,,,,,,,,,,,,,,,,,,,,,,,,,,,,,,,,,,,,,,,,,,,,,,,,,,
ERR6509758,RNA-Seq,302,41701890762,SAMEA9540563,13284910815,ETH ZURICH,public,"sra,run.zq,fastq","ncbi,gs,s3","s3.us-east-1,gs.us-east1,ncbi.public",ERX6136643,Illumina NovaSeq 6000,PAIRED,RANDOM,TRANSCRIPTOMIC,Bos taurus,ILLUMINA,2021-09-27T00:00:00Z,2021-10-03T06:11:00Z,1,SAMEA9540563,ERP131230,PRJEB46995,unspecified,2021-08-19,2021-08-19,XMM_003_RNA,cattle,SAMEA9540563,ETH ZURICH,2021-08-19T00:37:15Z,2021-08-19T00:37:15Z,public,XMM_003_RNA,ETH ZURICH,,,,,,,,,,,,,2021-08-19,2021-08-19,,,,,,,,,,,,,,,,,,,,,,,,,,,,,,,,,,,,,,,,,,,,,,,,,,,,,,,,,,,,,,,,,
ERR6509759,RNA-Seq,302,38936149998,SAMEA9540564,12371937456,ETH ZURICH,public,"run.zq,sra,fastq","gs,ncbi,s3","gs.us-east1,s3.us-east-1,ncbi.public",ERX6136644,Illumina NovaSeq 6000,PAIRED,RANDOM,TRANSCRIPTOMIC,Bos taurus,ILLUMINA,2021-09-27T00:00:00Z,2021-10-03T06:02:00Z,1,SAMEA9540564,ERP131230,PRJEB46995,unspecified,2021-08-19,2021-08-19,XMM_056_RNA,cattle,SAMEA9540564,ETH ZURICH,2021-08-19T00:37:15Z,2021-08-19T00:37:15Z,public,XMM_056_RNA,ETH ZURICH,,,,,,,,,,,,,2021-08-19,2021-08-19,,,,,,,,,,,,,,,,,,,,,,,,,,,,,,,,,,,,,,,,,,,,,,,,,,,,,,,,,,,,,,,,,
ERR6509760,RNA-Seq,302,31634530200,SAMEA9540565,10055509082,ETH ZURICH,public,"sra,run.zq,fastq","gs,ncbi,s3","ncbi.public,s3.us-east-1,gs.us-east1",ERX6136645,Illumina NovaSeq 6000,PAIRED,RANDOM,TRANSCRIPTOMIC,Bos taurus,ILLUMINA,2021-09-27T00:00:00Z,2021-10-03T06:03:00Z,1,SAMEA9540565,ERP131230,PRJEB46995,unspecified,2021-08-19,2021-08-19,XMM_010_RNA,cattle,SAMEA9540565,ETH ZURICH,2021-08-19T00:37:15Z,2021-08-19T00:37:15Z,public,XMM_010_RNA,ETH ZURICH,,,,,,,,,,,,,2021-08-19,2021-08-19,,,,,,,,,,,,,,,,,,,,,,,,,,,,,,,,,,,,,,,,,,,,,,,,,,,,,,,,,,,,,,,,,
ERR6509761,RNA-Seq,302,26615575288,SAMEA9540566,8393408801,ETH ZURICH,public,"fastq,run.zq,sra","s3,gs,ncbi","ncbi.public,s3.us-east-1,gs.us-east1",ERX6136646,Illumina NovaSeq 6000,PAIRED,RANDOM,TRANSCRIPTOMIC,Bos taurus,ILLUMINA,2021-09-27T00:00:00Z,2021-10-03T05:27:00Z,1,SAMEA9540566,ERP131230,PRJEB46995,unspecified,2021-08-19,2021-08-19,XMM_053_RNA,cattle,SAMEA9540566,ETH ZURICH,2021-08-19T00:37:15Z,2021-08-19T00:37:15Z,public,XMM_053_RNA,ETH ZURICH,,,,,,,,,,,,,2021-08-19,2021-08-19,,,,,,,,,,,,,,,,,,,,,,,,,,,,,,,,,,,,,,,,,,,,,,,,,,,,,,,,,,,,,,,,,
ERR6509762,RNA-Seq,302,41130629072,SAMEA9540567,13063447566,ETH ZURICH,public,"fastq,sra,run.zq","gs,s3,ncbi","s3.us-east-1,gs.us-east1,ncbi.public",ERX6136647,Illumina NovaSeq 6000,PAIRED,RANDOM,TRANSCRIPTOMIC,Bos taurus,ILLUMINA,2021-09-27T00:00:00Z,2021-10-03T06:02:00Z,1,SAMEA9540567,ERP131230,PRJEB46995,unspecified,2021-08-19,2021-08-19,XMM_042_RNA,cattle,SAMEA9540567,ETH ZURICH,2021-08-19T00:37:15Z,2021-08-19T00:37:15Z,public,XMM_042_RNA,ETH ZURICH,,,,,,,,,,,,,2021-08-19,2021-08-19,,,,,,,,,,,,,,,,,,,,,,,,,,,,,,,,,,,,,,,,,,,,,,,,,,,,,,,,,,,,,,,,,
ERR6509763,RNA-Seq,302,51718271610,SAMEA9540568,16467817507,ETH ZURICH,public,"sra,run.zq,fastq","gs,s3,ncbi","ncbi.public,gs.us-east1,s3.us-east-1",ERX6136648,Illumina NovaSeq 6000,PAIRED,RANDOM,TRANSCRIPTOMIC,Bos taurus,ILLUMINA,2021-09-27T00:00:00Z,2021-10-03T08:09:00Z,1,SAMEA9540568,ERP131230,PRJEB46995,unspecified,2021-08-19,2021-08-19,XMM_007_RNA,cattle,SAMEA9540568,ETH ZURICH,2021-08-19T00:37:15Z,2021-08-19T00:37:15Z,public,XMM_007_RNA,ETH ZURICH,,,,,,,,,,,,,2021-08-19,2021-08-19,,,,,,,,,,,,,,,,,,,,,,,,,,,,,,,,,,,,,,,,,,,,,,,,,,,,,,,,,,,,,,,,,
ERR6509764,RNA-Seq,302,44999600298,SAMEA9540569,14287444810,ETH ZURICH,public,"run.zq,sra,fastq","s3,gs,ncbi","s3.us-east-1,gs.us-east1,ncbi.public",ERX6136649,Illumina NovaSeq 6000,PAIRED,RANDOM,TRANSCRIPTOMIC,Bos taurus,ILLUMINA,2021-09-27T00:00:00Z,2021-10-03T06:09:00Z,1,SAMEA9540569,ERP131230,PRJEB46995,unspecified,2021-08-19,2021-08-19,XMM_058_RNA,cattle,SAMEA9540569,ETH ZURICH,2021-08-19T00:37:15Z,2021-08-19T00:37:15Z,public,XMM_058_RNA,ETH ZURICH,,,,,,,,,,,,,2021-08-19,2021-08-19,,,,,,,,,,,,,,,,,,,,,,,,,,,,,,,,,,,,,,,,,,,,,,,,,,,,,,,,,,,,,,,,,
ERR6509765,RNA-Seq,302,29812231698,SAMEA9540570,9431857869,ETH ZURICH,public,"run.zq,fastq,sra","ncbi,s3,gs","ncbi.public,s3.us-east-1,gs.us-east1",ERX6136650,Illumina NovaSeq 6000,PAIRED,RANDOM,TRANSCRIPTOMIC,Bos taurus,ILLUMINA,2021-09-27T00:00:00Z,2021-10-03T06:09:00Z,1,SAMEA9540570,ERP131230,PRJEB46995,unspecified,2021-08-19,2021-08-19,XMM_074_RNA,cattle,SAMEA9540570,ETH ZURICH,2021-08-19T00:37:15Z,2021-08-19T00:37:15Z,public,XMM_074_RNA,ETH ZURICH,,,,,,,,,,,,,2021-08-19,2021-08-19,,,,,,,,,,,,,,,,,,,,,,,,,,,,,,,,,,,,,,,,,,,,,,,,,,,,,,,,,,,,,,,,,
ERR6509766,RNA-Seq,302,41952725318,SAMEA9540571,13262256123,ETH ZURICH,public,"fastq,sra,run.zq","ncbi,gs,s3","gs.us-east1,ncbi.public,s3.us-east-1",ERX6136651,Illumina NovaSeq 6000,PAIRED,RANDOM,TRANSCRIPTOMIC,Bos taurus,ILLUMINA,2021-09-27T00:00:00Z,2021-10-04T06:41:00Z,1,SAMEA9540571,ERP131230,PRJEB46995,unspecified,2021-08-19,2021-08-19,XMM_055_RNA,cattle,SAMEA9540571,ETH ZURICH,2021-08-19T00:37:15Z,2021-08-19T00:37:15Z,public,XMM_055_RNA,ETH ZURICH,,,,,,,,,,,,,2021-08-19,2021-08-19,,,,,,,,,,,,,,,,,,,,,,,,,,,,,,,,,,,,,,,,,,,,,,,,,,,,,,,,,,,,,,,,,
ERR6509767,RNA-Seq,302,53747633996,SAMEA9540572,16978334052,ETH ZURICH,public,"run.zq,sra,fastq","s3,ncbi,gs","ncbi.public,gs.us-east1,s3.us-east-1",ERX6136652,Illumina NovaSeq 6000,PAIRED,RANDOM,TRANSCRIPTOMIC,Bos taurus,ILLUMINA,2021-09-27T00:00:00Z,2021-10-03T08:14:00Z,1,SAMEA9540572,ERP131230,PRJEB46995,unspecified,2021-08-19,2021-08-19,XMM_006_RNA,cattle,SAMEA9540572,ETH ZURICH,2021-08-19T00:37:15Z,2021-08-19T00:37:15Z,public,XMM_006_RNA,ETH ZURICH,,,,,,,,,,,,,2021-08-19,2021-08-19,,,,,,,,,,,,,,,,,,,,,,,,,,,,,,,,,,,,,,,,,,,,,,,,,,,,,,,,,,,,,,,,,
ERR6509768,RNA-Seq,302,39508169406,SAMEA9540573,12564097593,ETH ZURICH,public,"run.zq,fastq,sra","gs,s3,ncbi","ncbi.public,s3.us-east-1,gs.us-east1",ERX6136653,Illumina NovaSeq 6000,PAIRED,RANDOM,TRANSCRIPTOMIC,Bos taurus,ILLUMINA,2021-09-27T00:00:00Z,2021-10-03T05:58:00Z,1,SAMEA9540573,ERP131230,PRJEB46995,unspecified,2021-08-19,2021-08-19,XMM_008_RNA,cattle,SAMEA9540573,ETH ZURICH,2021-08-19T00:37:15Z,2021-08-19T00:37:15Z,public,XMM_008_RNA,ETH ZURICH,,,,,,,,,,,,,2021-08-19,2021-08-19,,,,,,,,,,,,,,,,,,,,,,,,,,,,,,,,,,,,,,,,,,,,,,,,,,,,,,,,,,,,,,,,,
ERR6509769,RNA-Seq,302,33888666354,SAMEA9540574,10643162362,ETH ZURICH,public,"sra,fastq,run.zq","ncbi,gs,s3","ncbi.public,gs.us-east1,s3.us-east-1",ERX6136654,Illumina NovaSeq 6000,PAIRED,RANDOM,TRANSCRIPTOMIC,Bos taurus,ILLUMINA,2021-09-27T00:00:00Z,2021-10-03T05:45:00Z,1,SAMEA9540574,ERP131230,PRJEB46995,unspecified,2021-08-19,2021-08-19,XMM_041_RNA,cattle,SAMEA9540574,ETH ZURICH,2021-08-19T00:37:15Z,2021-08-19T00:37:15Z,public,XMM_041_RNA,ETH ZURICH,,,,,,,,,,,,,2021-08-19,2021-08-19,,,,,,,,,,,,,,,,,,,,,,,,,,,,,,,,,,,,,,,,,,,,,,,,,,,,,,,,,,,,,,,,,
ERR6509770,RNA-Seq,302,39070690394,SAMEA9540575,12320634366,ETH ZURICH,public,"sra,run.zq,fastq","s3,gs,ncbi","gs.us-east1,s3.us-east-1,ncbi.public",ERX6136655,Illumina NovaSeq 6000,PAIRED,RANDOM,TRANSCRIPTOMIC,Bos taurus,ILLUMINA,2021-09-27T00:00:00Z,2021-10-03T06:00:00Z,1,SAMEA9540575,ERP131230,PRJEB46995,unspecified,2021-08-19,2021-08-19,XMM_035_RNA,cattle,SAMEA9540575,ETH ZURICH,2021-08-19T00:37:15Z,2021-08-19T00:37:15Z,public,XMM_035_RNA,ETH ZURICH,,,,,,,,,,,,,2021-08-19,2021-08-19,,,,,,,,,,,,,,,,,,,,,,,,,,,,,,,,,,,,,,,,,,,,,,,,,,,,,,,,,,,,,,,,,
ERR6509771,RNA-Seq,302,42489014502,SAMEA9540576,13553430345,ETH ZURICH,public,"fastq,run.zq,sra","s3,ncbi,gs","s3.us-east-1,ncbi.public,gs.us-east1",ERX6136656,Illumina NovaSeq 6000,PAIRED,RANDOM,TRANSCRIPTOMIC,Bos taurus,ILLUMINA,2021-09-27T00:00:00Z,2021-10-03T08:30:00Z,1,SAMEA9540576,ERP131230,PRJEB46995,unspecified,2021-08-19,2021-08-19,XMM_039_RNA,cattle,SAMEA9540576,ETH ZURICH,2021-08-19T00:37:15Z,2021-08-19T00:37:15Z,public,XMM_039_RNA,ETH ZURICH,,,,,,,,,,,,,2021-08-19,2021-08-19,,,,,,,,,,,,,,,,,,,,,,,,,,,,,,,,,,,,,,,,,,,,,,,,,,,,,,,,,,,,,,,,,
ERR6509772,RNA-Seq,302,38448714750,SAMEA9540577,12183101135,ETH ZURICH,public,"fastq,sra,run.zq","gs,ncbi,s3","gs.us-east1,s3.us-east-1,ncbi.public",ERX6136657,Illumina NovaSeq 6000,PAIRED,RANDOM,TRANSCRIPTOMIC,Bos taurus,ILLUMINA,2021-09-27T00:00:00Z,2021-10-03T05:45:00Z,1,SAMEA9540577,ERP131230,PRJEB46995,unspecified,2021-08-19,2021-08-19,XMM_043_RNA,cattle,SAMEA9540577,ETH ZURICH,2021-08-19T00:37:15Z,2021-08-19T00:37:15Z,public,XMM_043_RNA,ETH ZURICH,,,,,,,,,,,,,2021-08-19,2021-08-19,,,,,,,,,,,,,,,,,,,,,,,,,,,,,,,,,,,,,,,,,,,,,,,,,,,,,,,,,,,,,,,,,
ERR6509773,RNA-Seq,302,28754416600,SAMEA9540578,9191792977,ETH ZURICH,public,"sra,run.zq,fastq","ncbi,s3,gs","ncbi.public,s3.us-east-1,gs.us-east1",ERX6136658,Illumina NovaSeq 6000,PAIRED,RANDOM,TRANSCRIPTOMIC,Bos taurus,ILLUMINA,2021-09-27T00:00:00Z,2021-10-03T04:43:00Z,1,SAMEA9540578,ERP131230,PRJEB46995,unspecified,2021-08-19,2021-08-19,XMM_018_RNA,cattle,SAMEA9540578,ETH ZURICH,2021-08-19T00:37:15Z,2021-08-19T00:37:15Z,public,XMM_018_RNA,ETH ZURICH,,,,,,,,,,,,,2021-08-19,2021-08-19,,,,,,,,,,,,,,,,,,,,,,,,,,,,,,,,,,,,,,,,,,,,,,,,,,,,,,,,,,,,,,,,,
ERR6509774,RNA-Seq,302,35601287516,SAMEA9540579,11251791881,ETH ZURICH,public,"run.zq,sra,fastq","ncbi,gs,s3","ncbi.public,gs.us-east1,s3.us-east-1",ERX6136659,Illumina NovaSeq 6000,PAIRED,RANDOM,TRANSCRIPTOMIC,Bos taurus,ILLUMINA,2021-09-27T00:00:00Z,2021-11-17T00:17:00Z,1,SAMEA9540579,ERP131230,PRJEB46995,unspecified,2021-08-19,2021-08-19,XMM_022_RNA,cattle,SAMEA9540579,ETH ZURICH,2021-08-19T00:37:15Z,2021-08-19T00:37:15Z,public,XMM_022_RNA,ETH ZURICH,,,,,,,,,,,,,2021-08-19,2021-08-19,,,,,,,,,,,,,,,,,,,,,,,,,,,,,,,,,,,,,,,,,,,,,,,,,,,,,,,,,,,,,,,,,
ERR6509775,RNA-Seq,302,39410192452,SAMEA9540580,12473706105,ETH ZURICH,public,"run.zq,sra,fastq","s3,gs,ncbi","s3.us-east-1,ncbi.public,gs.us-east1",ERX6136660,Illumina NovaSeq 6000,PAIRED,RANDOM,TRANSCRIPTOMIC,Bos taurus,ILLUMINA,2021-09-27T00:00:00Z,2021-10-03T06:04:00Z,1,SAMEA9540580,ERP131230,PRJEB46995,unspecified,2021-08-19,2021-08-19,XMM_030_RNA,cattle,SAMEA9540580,ETH ZURICH,2021-08-19T00:37:15Z,2021-08-19T00:37:15Z,public,XMM_030_RNA,ETH ZURICH,,,,,,,,,,,,,2021-08-19,2021-08-19,,,,,,,,,,,,,,,,,,,,,,,,,,,,,,,,,,,,,,,,,,,,,,,,,,,,,,,,,,,,,,,,,
ERR6509776,RNA-Seq,302,44914287110,SAMEA9540581,14161954645,ETH ZURICH,public,"fastq,sra,run.zq","gs,s3,ncbi","ncbi.public,gs.us-east1,s3.us-east-1",ERX6136661,Illumina NovaSeq 6000,PAIRED,RANDOM,TRANSCRIPTOMIC,Bos taurus,ILLUMINA,2021-09-27T00:00:00Z,2021-10-03T06:16:00Z,1,SAMEA9540581,ERP131230,PRJEB46995,unspecified,2021-08-19,2021-08-19,XMM_011_RNA,cattle,SAMEA9540581,ETH ZURICH,2021-08-19T00:37:15Z,2021-08-19T00:37:15Z,public,XMM_011_RNA,ETH ZURICH,,,,,,,,,,,,,2021-08-19,2021-08-19,,,,,,,,,,,,,,,,,,,,,,,,,,,,,,,,,,,,,,,,,,,,,,,,,,,,,,,,,,,,,,,,,
ERR6509777,RNA-Seq,302,33658766136,SAMEA9540582,10716039425,ETH ZURICH,public,"fastq,sra,run.zq","ncbi,gs,s3","gs.us-east1,s3.us-east-1,ncbi.public",ERX6136662,Illumina NovaSeq 6000,PAIRED,RANDOM,TRANSCRIPTOMIC,Bos taurus,ILLUMINA,2021-09-27T00:00:00Z,2021-10-03T05:07:00Z,1,SAMEA9540582,ERP131230,PRJEB46995,unspecified,2021-08-19,2021-08-19,XMM_064_RNA,cattle,SAMEA9540582,ETH ZURICH,2021-08-19T00:37:15Z,2021-08-19T00:37:15Z,public,XMM_064_RNA,ETH ZURICH,,,,,,,,,,,,,2021-08-19,2021-08-19,,,,,,,,,,,,,,,,,,,,,,,,,,,,,,,,,,,,,,,,,,,,,,,,,,,,,,,,,,,,,,,,,
ERR6509778,RNA-Seq,302,40229945178,SAMEA9540583,12822773557,ETH ZURICH,public,"run.zq,fastq,sra","gs,s3,ncbi","gs.us-east1,ncbi.public,s3.us-east-1",ERX6136663,Illumina NovaSeq 6000,PAIRED,RANDOM,TRANSCRIPTOMIC,Bos taurus,ILLUMINA,2021-09-27T00:00:00Z,2021-10-03T06:52:00Z,1,SAMEA9540583,ERP131230,PRJEB46995,unspecified,2021-08-19,2021-08-19,XMM_021_RNA,cattle,SAMEA9540583,ETH ZURICH,2021-08-19T00:37:15Z,2021-08-19T00:37:15Z,public,XMM_021_RNA,ETH ZURICH,,,,,,,,,,,,,2021-08-19,2021-08-19,,,,,,,,,,,,,,,,,,,,,,,,,,,,,,,,,,,,,,,,,,,,,,,,,,,,,,,,,,,,,,,,,
ERR6509779,RNA-Seq,302,42497969708,SAMEA9540584,13489763717,ETH ZURICH,public,"sra,fastq,run.zq","s3,gs,ncbi","ncbi.public,gs.us-east1,s3.us-east-1",ERX6136664,Illumina NovaSeq 6000,PAIRED,RANDOM,TRANSCRIPTOMIC,Bos taurus,ILLUMINA,2021-09-27T00:00:00Z,2021-11-17T02:09:00Z,1,SAMEA9540584,ERP131230,PRJEB46995,unspecified,2021-08-19,2021-08-19,XMM_075_RNA,cattle,SAMEA9540584,ETH ZURICH,2021-08-19T00:37:15Z,2021-08-19T00:37:15Z,public,XMM_075_RNA,ETH ZURICH,,,,,,,,,,,,,2021-08-19,2021-08-19,,,,,,,,,,,,,,,,,,,,,,,,,,,,,,,,,,,,,,,,,,,,,,,,,,,,,,,,,,,,,,,,,
ERR6509780,RNA-Seq,302,35605122614,SAMEA9540585,11259085534,ETH ZURICH,public,"run.zq,sra,fastq","s3,ncbi,gs","s3.us-east-1,gs.us-east1,ncbi.public",ERX6136665,Illumina NovaSeq 6000,PAIRED,RANDOM,TRANSCRIPTOMIC,Bos taurus,ILLUMINA,2021-09-27T00:00:00Z,2021-10-03T07:43:00Z,1,SAMEA9540585,ERP131230,PRJEB46995,unspecified,2021-08-19,2021-08-19,XMM_076_RNA,cattle,SAMEA9540585,ETH ZURICH,2021-08-19T00:37:15Z,2021-08-19T00:37:15Z,public,XMM_076_RNA,ETH ZURICH,,,,,,,,,,,,,2021-08-19,2021-08-19,,,,,,,,,,,,,,,,,,,,,,,,,,,,,,,,,,,,,,,,,,,,,,,,,,,,,,,,,,,,,,,,,
ERR6509781,RNA-Seq,302,37676707016,SAMEA9540586,11998553818,ETH ZURICH,public,"fastq,sra,run.zq","s3,gs,ncbi","gs.us-east1,ncbi.public,s3.us-east-1",ERX6136666,Illumina NovaSeq 6000,PAIRED,RANDOM,TRANSCRIPTOMIC,Bos taurus,ILLUMINA,2021-09-27T00:00:00Z,2021-10-03T05:38:00Z,1,SAMEA9540586,ERP131230,PRJEB46995,unspecified,2021-08-19,2021-08-19,XMM_057_RNA,cattle,SAMEA9540586,ETH ZURICH,2021-08-19T00:37:15Z,2021-08-19T00:37:15Z,public,XMM_057_RNA,ETH ZURICH,,,,,,,,,,,,,2021-08-19,2021-08-19,,,,,,,,,,,,,,,,,,,,,,,,,,,,,,,,,,,,,,,,,,,,,,,,,,,,,,,,,,,,,,,,,
ERR6509782,RNA-Seq,302,43235745138,SAMEA9540587,13723359819,ETH ZURICH,public,"run.zq,fastq,sra","s3,gs,ncbi","s3.us-east-1,ncbi.public,gs.us-east1",ERX6136667,Illumina NovaSeq 6000,PAIRED,RANDOM,TRANSCRIPTOMIC,Bos taurus,ILLUMINA,2021-09-27T00:00:00Z,2021-10-04T01:27:00Z,1,SAMEA9540587,ERP131230,PRJEB46995,unspecified,2021-08-19,2021-08-19,XMM_005_RNA,cattle,SAMEA9540587,ETH ZURICH,2021-08-19T00:37:15Z,2021-08-19T00:37:15Z,public,XMM_005_RNA,ETH ZURICH,,,,,,,,,,,,,2021-08-19,2021-08-19,,,,,,,,,,,,,,,,,,,,,,,,,,,,,,,,,,,,,,,,,,,,,,,,,,,,,,,,,,,,,,,,,
ERR6509783,RNA-Seq,302,46440216402,SAMEA9540588,14642485936,ETH ZURICH,public,"fastq,sra,run.zq","gs,ncbi,s3","ncbi.public,s3.us-east-1,gs.us-east1",ERX6136668,Illumina NovaSeq 6000,PAIRED,RANDOM,TRANSCRIPTOMIC,Bos taurus,ILLUMINA,2021-09-27T00:00:00Z,2021-10-04T01:29:00Z,1,SAMEA9540588,ERP131230,PRJEB46995,unspecified,2021-08-19,2021-08-19,XMM_032_RNA,cattle,SAMEA9540588,ETH ZURICH,2021-08-19T00:37:15Z,2021-08-19T00:37:15Z,public,XMM_032_RNA,ETH ZURICH,,,,,,,,,,,,,2021-08-19,2021-08-19,,,,,,,,,,,,,,,,,,,,,,,,,,,,,,,,,,,,,,,,,,,,,,,,,,,,,,,,,,,,,,,,,
ERR6509784,RNA-Seq,302,43431122830,SAMEA9540589,13698515763,ETH ZURICH,public,"run.zq,fastq,sra","s3,gs,ncbi","gs.us-east1,s3.us-east-1,ncbi.public",ERX6136669,Illumina NovaSeq 6000,PAIRED,RANDOM,TRANSCRIPTOMIC,Bos taurus,ILLUMINA,2021-09-27T00:00:00Z,2021-10-04T00:38:00Z,1,SAMEA9540589,ERP131230,PRJEB46995,unspecified,2021-08-19,2021-08-19,XMM_037_RNA,cattle,SAMEA9540589,ETH ZURICH,2021-08-19T00:37:15Z,2021-08-19T00:37:15Z,public,XMM_037_RNA,ETH ZURICH,,,,,,,,,,,,,2021-08-19,2021-08-19,,,,,,,,,,,,,,,,,,,,,,,,,,,,,,,,,,,,,,,,,,,,,,,,,,,,,,,,,,,,,,,,,
ERR6509785,RNA-Seq,302,37549151880,SAMEA9540590,11842027183,ETH ZURICH,public,"sra,fastq,run.zq","s3,ncbi,gs","gs.us-east1,ncbi.public,s3.us-east-1",ERX6136670,Illumina NovaSeq 6000,PAIRED,RANDOM,TRANSCRIPTOMIC,Bos taurus,ILLUMINA,2021-09-27T00:00:00Z,2021-10-04T00:45:00Z,1,SAMEA9540590,ERP131230,PRJEB46995,unspecified,2021-08-19,2021-08-19,XMM_038_RNA,cattle,SAMEA9540590,ETH ZURICH,2021-08-19T00:37:15Z,2021-08-19T00:37:15Z,public,XMM_038_RNA,ETH ZURICH,,,,,,,,,,,,,2021-08-19,2021-08-19,,,,,,,,,,,,,,,,,,,,,,,,,,,,,,,,,,,,,,,,,,,,,,,,,,,,,,,,,,,,,,,,,
ERR6509786,RNA-Seq,302,37000994096,SAMEA9540591,11745095394,ETH ZURICH,public,"run.zq,sra,fastq","ncbi,gs,s3","gs.us-east1,ncbi.public,s3.us-east-1",ERX6136671,Illumina NovaSeq 6000,PAIRED,RANDOM,TRANSCRIPTOMIC,Bos taurus,ILLUMINA,2021-09-27T00:00:00Z,2021-10-04T00:42:00Z,1,SAMEA9540591,ERP131230,PRJEB46995,unspecified,2021-08-19,2021-08-19,XMM_048_RNA,cattle,SAMEA9540591,ETH ZURICH,2021-08-19T00:37:15Z,2021-08-19T00:37:15Z,public,XMM_048_RNA,ETH ZURICH,,,,,,,,,,,,,2021-08-19,2021-08-19,,,,,,,,,,,,,,,,,,,,,,,,,,,,,,,,,,,,,,,,,,,,,,,,,,,,,,,,,,,,,,,,,
ERR6509787,RNA-Seq,302,47971292378,SAMEA9540592,15276833305,ETH ZURICH,public,"run.zq,fastq,sra","s3,gs,ncbi","ncbi.public,s3.us-east-1,gs.us-east1",ERX6136672,Illumina NovaSeq 6000,PAIRED,RANDOM,TRANSCRIPTOMIC,Bos taurus,ILLUMINA,2021-09-27T00:00:00Z,2021-10-04T01:35:00Z,1,SAMEA9540592,ERP131230,PRJEB46995,unspecified,2021-08-19,2021-08-19,XMM_004_RNA,cattle,SAMEA9540592,ETH ZURICH,2021-08-19T00:37:15Z,2021-08-19T00:37:15Z,public,XMM_004_RNA,ETH ZURICH,,,,,,,,,,,,,2021-08-19,2021-08-19,,,,,,,,,,,,,,,,,,,,,,,,,,,,,,,,,,,,,,,,,,,,,,,,,,,,,,,,,,,,,,,,,
ERR6509788,RNA-Seq,302,27507250220,SAMEA9540593,8731546250,ETH ZURICH,public,"run.zq,sra,fastq","ncbi,s3,gs","s3.us-east-1,gs.us-east1,ncbi.public",ERX6136673,Illumina NovaSeq 6000,PAIRED,RANDOM,TRANSCRIPTOMIC,Bos taurus,ILLUMINA,2021-09-27T00:00:00Z,2021-10-04T00:24:00Z,1,SAMEA9540593,ERP131230,PRJEB46995,unspecified,2021-08-19,2021-08-19,XMM_070_RNA,cattle,SAMEA9540593,ETH ZURICH,2021-08-19T00:37:15Z,2021-08-19T00:37:15Z,public,XMM_070_RNA,ETH ZURICH,,,,,,,,,,,,,2021-08-19,2021-08-19,,,,,,,,,,,,,,,,,,,,,,,,,,,,,,,,,,,,,,,,,,,,,,,,,,,,,,,,,,,,,,,,,
ERR6509789,RNA-Seq,302,42413429942,SAMEA9540594,13918946857,ETH ZURICH,public,"run.zq,sra,fastq","s3,gs,ncbi","gs.us-east1,s3.us-east-1,ncbi.public",ERX6136674,Illumina NovaSeq 6000,PAIRED,RANDOM,TRANSCRIPTOMIC,Bos taurus,ILLUMINA,2021-09-27T00:00:00Z,2021-10-04T02:39:00Z,1,SAMEA9540594,ERP131230,PRJEB46995,unspecified,2021-08-19,2021-08-19,XMM_054_RNA,cattle,SAMEA9540594,ETH ZURICH,2021-08-19T00:37:15Z,2021-08-19T00:37:15Z,public,XMM_054_RNA,ETH ZURICH,,,,,,,,,,,,,2021-08-19,2021-08-19,,,,,,,,,,,,,,,,,,,,,,,,,,,,,,,,,,,,,,,,,,,,,,,,,,,,,,,,,,,,,,,,,
ERR6509790,RNA-Seq,302,34745016346,SAMEA9540595,11173153234,ETH ZURICH,public,"fastq,run.zq,sra","gs,ncbi,s3","s3.us-east-1,gs.us-east1,ncbi.public",ERX6136675,Illumina NovaSeq 6000,PAIRED,RANDOM,TRANSCRIPTOMIC,Bos taurus,ILLUMINA,2021-09-27T00:00:00Z,2021-10-04T01:05:00Z,1,SAMEA9540595,ERP131230,PRJEB46995,unspecified,2021-08-19,2021-08-19,XMM_072_RNA,cattle,SAMEA9540595,ETH ZURICH,2021-08-19T00:37:15Z,2021-08-19T00:37:15Z,public,XMM_072_RNA,ETH ZURICH,,,,,,,,,,,,,2021-08-19,2021-08-19,,,,,,,,,,,,,,,,,,,,,,,,,,,,,,,,,,,,,,,,,,,,,,,,,,,,,,,,,,,,,,,,,
ERR6509791,RNA-Seq,302,29726356790,SAMEA9540596,9376143001,ETH ZURICH,public,"sra,run.zq,fastq","gs,s3,ncbi","ncbi.public,s3.us-east-1,gs.us-east1",ERX6136676,Illumina NovaSeq 6000,PAIRED,RANDOM,TRANSCRIPTOMIC,Bos taurus,ILLUMINA,2021-09-27T00:00:00Z,2021-10-04T00:27:00Z,1,SAMEA9540596,ERP131230,PRJEB46995,unspecified,2021-08-19,2021-08-19,XMM_020_RNA,cattle,SAMEA9540596,ETH ZURICH,2021-08-19T00:37:15Z,2021-08-19T00:37:15Z,public,XMM_020_RNA,ETH ZURICH,,,,,,,,,,,,,2021-08-19,2021-08-19,,,,,,,,,,,,,,,,,,,,,,,,,,,,,,,,,,,,,,,,,,,,,,,,,,,,,,,,,,,,,,,,,
ERR6509792,RNA-Seq,302,41851505488,SAMEA9540597,13337860756,ETH ZURICH,public,"sra,fastq,run.zq","s3,gs,ncbi","ncbi.public,s3.us-east-1,gs.us-east1",ERX6136677,Illumina NovaSeq 6000,PAIRED,RANDOM,TRANSCRIPTOMIC,Bos taurus,ILLUMINA,2021-09-27T00:00:00Z,2021-10-04T01:09:00Z,1,SAMEA9540597,ERP131230,PRJEB46995,unspecified,2021-08-19,2021-08-19,XMM_040_RNA,cattle,SAMEA9540597,ETH ZURICH,2021-08-19T00:37:15Z,2021-08-19T00:37:15Z,public,XMM_040_RNA,ETH ZURICH,,,,,,,,,,,,,2021-08-19,2021-08-19,,,,,,,,,,,,,,,,,,,,,,,,,,,,,,,,,,,,,,,,,,,,,,,,,,,,,,,,,,,,,,,,,
ERR6509793,RNA-Seq,302,37900336808,SAMEA9540598,11922217934,ETH ZURICH,public,"sra,run.zq,fastq","gs,s3,ncbi","gs.us-east1,ncbi.public,s3.us-east-1",ERX6136678,Illumina NovaSeq 6000,PAIRED,RANDOM,TRANSCRIPTOMIC,Bos taurus,ILLUMINA,2021-09-27T00:00:00Z,2021-10-04T02:16:00Z,1,SAMEA9540598,ERP131230,PRJEB46995,unspecified,2021-08-19,2021-08-19,XMM_036_RNA,cattle,SAMEA9540598,ETH ZURICH,2021-08-19T00:37:15Z,2021-08-19T00:37:15Z,public,XMM_036_RNA,ETH ZURICH,,,,,,,,,,,,,2021-08-19,2021-08-19,,,,,,,,,,,,,,,,,,,,,,,,,,,,,,,,,,,,,,,,,,,,,,,,,,,,,,,,,,,,,,,,,
ERR6509794,RNA-Seq,302,53634078372,SAMEA9540599,17223867134,ETH ZURICH,public,"fastq,sra,run.zq","gs,s3,ncbi","s3.us-east-1,ncbi.public,gs.us-east1",ERX6136679,Illumina NovaSeq 6000,PAIRED,RANDOM,TRANSCRIPTOMIC,Bos taurus,ILLUMINA,2021-09-27T00:00:00Z,2021-10-04T01:39:00Z,1,SAMEA9540599,ERP131230,PRJEB46995,unspecified,2021-08-19,2021-08-19,XMM_062_RNA,cattle,SAMEA9540599,ETH ZURICH,2021-08-19T00:37:15Z,2021-08-19T00:37:15Z,public,XMM_062_RNA,ETH ZURICH,,,,,,,,,,,,,2021-08-19,2021-08-19,,,,,,,,,,,,,,,,,,,,,,,,,,,,,,,,,,,,,,,,,,,,,,,,,,,,,,,,,,,,,,,,,
ERR6509795,RNA-Seq,302,45053921038,SAMEA9540600,14188154949,ETH ZURICH,public,"fastq,sra,run.zq","s3,ncbi,gs","gs.us-east1,s3.us-east-1,ncbi.public",ERX6136680,Illumina NovaSeq 6000,PAIRED,RANDOM,TRANSCRIPTOMIC,Bos taurus,ILLUMINA,2021-09-27T00:00:00Z,2021-10-04T01:15:00Z,1,SAMEA9540600,ERP131230,PRJEB46995,unspecified,2021-08-19,2021-08-19,XMM_060_RNA,cattle,SAMEA9540600,ETH ZURICH,2021-08-19T00:37:15Z,2021-08-19T00:37:15Z,public,XMM_060_RNA,ETH ZURICH,,,,,,,,,,,,,2021-08-19,2021-08-19,,,,,,,,,,,,,,,,,,,,,,,,,,,,,,,,,,,,,,,,,,,,,,,,,,,,,,,,,,,,,,,,,
ERR6509796,RNA-Seq,302,47627778250,SAMEA9540601,15088622489,ETH ZURICH,public,"run.zq,fastq,sra","s3,ncbi,gs","gs.us-east1,s3.us-east-1,ncbi.public",ERX6136681,Illumina NovaSeq 6000,PAIRED,RANDOM,TRANSCRIPTOMIC,Bos taurus,ILLUMINA,2021-09-27T00:00:00Z,2021-10-04T00:50:00Z,1,SAMEA9540601,ERP131230,PRJEB46995,unspecified,2021-08-19,2021-08-19,XMM_049_RNA,cattle,SAMEA9540601,ETH ZURICH,2021-08-19T00:37:15Z,2021-08-19T00:37:15Z,public,XMM_049_RNA,ETH ZURICH,,,,,,,,,,,,,2021-08-19,2021-08-19,,,,,,,,,,,,,,,,,,,,,,,,,,,,,,,,,,,,,,,,,,,,,,,,,,,,,,,,,,,,,,,,,
ERR6509797,RNA-Seq,302,42038601132,SAMEA9540602,13338707815,ETH ZURICH,public,"sra,run.zq,fastq","ncbi,s3,gs","ncbi.public,s3.us-east-1,gs.us-east1",ERX6136682,Illumina NovaSeq 6000,PAIRED,RANDOM,TRANSCRIPTOMIC,Bos taurus,ILLUMINA,2021-09-27T00:00:00Z,2021-10-04T00:57:00Z,1,SAMEA9540602,ERP131230,PRJEB46995,unspecified,2021-08-19,2021-08-19,XMM_065_RNA,cattle,SAMEA9540602,ETH ZURICH,2021-08-19T00:37:15Z,2021-08-19T00:37:15Z,public,XMM_065_RNA,ETH ZURICH,,,,,,,,,,,,,2021-08-19,2021-08-19,,,,,,,,,,,,,,,,,,,,,,,,,,,,,,,,,,,,,,,,,,,,,,,,,,,,,,,,,,,,,,,,,
ERR6509798,RNA-Seq,302,41490235874,SAMEA9540603,13151352936,ETH ZURICH,public,"fastq,sra,run.zq","gs,s3,ncbi","gs.us-east1,s3.us-east-1,ncbi.public",ERX6136683,Illumina NovaSeq 6000,PAIRED,RANDOM,TRANSCRIPTOMIC,Bos taurus,ILLUMINA,2021-09-27T00:00:00Z,2021-10-04T02:37:00Z,1,SAMEA9540603,ERP131230,PRJEB46995,unspecified,2021-08-19,2021-08-19,XMM_046_RNA,cattle,SAMEA9540603,ETH ZURICH,2021-08-19T00:37:15Z,2021-08-19T00:37:15Z,public,XMM_046_RNA,ETH ZURICH,,,,,,,,,,,,,2021-08-19,2021-08-19,,,,,,,,,,,,,,,,,,,,,,,,,,,,,,,,,,,,,,,,,,,,,,,,,,,,,,,,,,,,,,,,,
ERR6509799,RNA-Seq,302,44176701336,SAMEA9540604,14062618666,ETH ZURICH,public,"fastq,sra,run.zq","s3,ncbi,gs","s3.us-east-1,ncbi.public,gs.us-east1",ERX6136684,Illumina NovaSeq 6000,PAIRED,RANDOM,TRANSCRIPTOMIC,Bos taurus,ILLUMINA,2021-09-27T00:00:00Z,2021-10-04T01:54:00Z,1,SAMEA9540604,ERP131230,PRJEB46995,unspecified,2021-08-19,2021-08-19,XMM_071_RNA,cattle,SAMEA9540604,ETH ZURICH,2021-08-19T00:37:15Z,2021-08-19T00:37:15Z,public,XMM_071_RNA,ETH ZURICH,,,,,,,,,,,,,2021-08-19,2021-08-19,,,,,,,,,,,,,,,,,,,,,,,,,,,,,,,,,,,,,,,,,,,,,,,,,,,,,,,,,,,,,,,,,
ERR6509800,RNA-Seq,302,36566555318,SAMEA9540605,11560701223,ETH ZURICH,public,"sra,fastq,run.zq","gs,s3,ncbi","ncbi.public,s3.us-east-1,gs.us-east1",ERX6136685,Illumina NovaSeq 6000,PAIRED,RANDOM,TRANSCRIPTOMIC,Bos taurus,ILLUMINA,2021-09-27T00:00:00Z,2021-10-04T01:27:00Z,1,SAMEA9540605,ERP131230,PRJEB46995,unspecified,2021-08-19,2021-08-19,XMM_069_RNA,cattle,SAMEA9540605,ETH ZURICH,2021-08-19T00:37:15Z,2021-08-19T00:37:15Z,public,XMM_069_RNA,ETH ZURICH,,,,,,,,,,,,,2021-08-19,2021-08-19,,,,,,,,,,,,,,,,,,,,,,,,,,,,,,,,,,,,,,,,,,,,,,,,,,,,,,,,,,,,,,,,,
ERR6509801,RNA-Seq,302,37402224350,SAMEA9540606,11835463122,ETH ZURICH,public,"sra,run.zq,fastq","gs,s3,ncbi","s3.us-east-1,ncbi.public,gs.us-east1",ERX6136686,Illumina NovaSeq 6000,PAIRED,RANDOM,TRANSCRIPTOMIC,Bos taurus,ILLUMINA,2021-09-27T00:00:00Z,2021-10-04T02:53:00Z,1,SAMEA9540606,ERP131230,PRJEB46995,unspecified,2021-08-19,2021-08-19,XMM_052_RNA,cattle,SAMEA9540606,ETH ZURICH,2021-08-19T00:37:15Z,2021-08-19T00:37:15Z,public,XMM_052_RNA,ETH ZURICH,,,,,,,,,,,,,2021-08-19,2021-08-19,,,,,,,,,,,,,,,,,,,,,,,,,,,,,,,,,,,,,,,,,,,,,,,,,,,,,,,,,,,,,,,,,
ERR6509802,RNA-Seq,302,32603755108,SAMEA9540607,10282847493,ETH ZURICH,public,"run.zq,fastq,sra","gs,ncbi,s3","gs.us-east1,s3.us-east-1,ncbi.public",ERX6136687,Illumina NovaSeq 6000,PAIRED,RANDOM,TRANSCRIPTOMIC,Bos taurus,ILLUMINA,2021-09-27T00:00:00Z,2021-10-04T02:50:00Z,1,SAMEA9540607,ERP131230,PRJEB46995,unspecified,2021-08-19,2021-08-19,XMM_001_RNA,cattle,SAMEA9540607,ETH ZURICH,2021-08-19T00:37:15Z,2021-08-19T00:37:15Z,public,XMM_001_RNA,ETH ZURICH,,,,,,,,,,,,,2021-08-19,2021-08-19,,,,,,,,,,,,,,,,,,,,,,,,,,,,,,,,,,,,,,,,,,,,,,,,,,,,,,,,,,,,,,,,,
ERR6509803,RNA-Seq,302,44630748672,SAMEA9540608,14122660468,ETH ZURICH,public,"sra,fastq,run.zq","s3,ncbi,gs","gs.us-east1,ncbi.public,s3.us-east-1",ERX6136688,Illumina NovaSeq 6000,PAIRED,RANDOM,TRANSCRIPTOMIC,Bos taurus,ILLUMINA,2021-09-27T00:00:00Z,2021-10-04T01:38:00Z,1,SAMEA9540608,ERP131230,PRJEB46995,unspecified,2021-08-19,2021-08-19,XMM_050_RNA,cattle,SAMEA9540608,ETH ZURICH,2021-08-19T00:37:15Z,2021-08-19T00:37:15Z,public,XMM_050_RNA,ETH ZURICH,,,,,,,,,,,,,2021-08-19,2021-08-19,,,,,,,,,,,,,,,,,,,,,,,,,,,,,,,,,,,,,,,,,,,,,,,,,,,,,,,,,,,,,,,,,
ERR6509804,RNA-Seq,302,40282962788,SAMEA9540609,12720077639,ETH ZURICH,public,"fastq,run.zq,sra","gs,s3,ncbi","gs.us-east1,s3.us-east-1,ncbi.public",ERX6136689,Illumina NovaSeq 6000,PAIRED,RANDOM,TRANSCRIPTOMIC,Bos taurus,ILLUMINA,2021-09-27T00:00:00Z,2021-10-04T00:38:00Z,1,SAMEA9540609,ERP131230,PRJEB46995,unspecified,2021-08-19,2021-08-19,XMM_002_RNA,cattle,SAMEA9540609,ETH ZURICH,2021-08-19T00:37:15Z,2021-08-19T00:37:15Z,public,XMM_002_RNA,ETH ZURICH,,,,,,,,,,,,,2021-08-19,2021-08-19,,,,,,,,,,,,,,,,,,,,,,,,,,,,,,,,,,,,,,,,,,,,,,,,,,,,,,,,,,,,,,,,,
ERR6509805,RNA-Seq,302,34187751450,SAMEA9540610,10904630233,ETH ZURICH,public,"sra,run.zq,fastq","gs,ncbi,s3","gs.us-east1,ncbi.public,s3.us-east-1",ERX6136690,Illumina NovaSeq 6000,PAIRED,RANDOM,TRANSCRIPTOMIC,Bos taurus,ILLUMINA,2021-09-27T00:00:00Z,2021-10-04T00:31:00Z,1,SAMEA9540610,ERP131230,PRJEB46995,unspecified,2021-08-19,2021-08-19,XMM_073_RNA,cattle,SAMEA9540610,ETH ZURICH,2021-08-19T00:37:15Z,2021-08-19T00:37:15Z,public,XMM_073_RNA,ETH ZURICH,,,,,,,,,,,,,2021-08-19,2021-08-19,,,,,,,,,,,,,,,,,,,,,,,,,,,,,,,,,,,,,,,,,,,,,,,,,,,,,,,,,,,,,,,,,
ERR6509806,RNA-Seq,302,48889619716,SAMEA9540611,15485728375,ETH ZURICH,public,"sra,run.zq,fastq","gs,s3,ncbi","s3.us-east-1,gs.us-east1,ncbi.public",ERX6136691,Illumina NovaSeq 6000,PAIRED,RANDOM,TRANSCRIPTOMIC,Bos taurus,ILLUMINA,2021-09-27T00:00:00Z,2021-10-04T01:27:00Z,1,SAMEA9540611,ERP131230,PRJEB46995,unspecified,2021-08-19,2021-08-19,XMM_051_RNA,cattle,SAMEA9540611,ETH ZURICH,2021-08-19T00:37:15Z,2021-08-19T00:37:15Z,public,XMM_051_RNA,ETH ZURICH,,,,,,,,,,,,,2021-08-19,2021-08-19,,,,,,,,,,,,,,,,,,,,,,,,,,,,,,,,,,,,,,,,,,,,,,,,,,,,,,,,,,,,,,,,,
ERR6509807,RNA-Seq,302,42071278438,SAMEA9540612,13344884348,ETH ZURICH,public,"fastq,run.zq,sra","ncbi,gs,s3","s3.us-east-1,ncbi.public,gs.us-east1",ERX6136692,Illumina NovaSeq 6000,PAIRED,RANDOM,TRANSCRIPTOMIC,Bos taurus,ILLUMINA,2021-09-27T00:00:00Z,2021-10-04T00:59:00Z,1,SAMEA9540612,ERP131230,PRJEB46995,unspecified,2021-08-19,2021-08-19,XMM_047_RNA,cattle,SAMEA9540612,ETH ZURICH,2021-08-19T00:37:15Z,2021-08-19T00:37:15Z,public,XMM_047_RNA,ETH ZURICH,,,,,,,,,,,,,2021-08-19,2021-08-19,,,,,,,,,,,,,,,,,,,,,,,,,,,,,,,,,,,,,,,,,,,,,,,,,,,,,,,,,,,,,,,,,
SRR11448216,RNA-Seq,301,9552833689,SAMN14485268,3016883579,ETH ZURICH,public,"sra,fastq,run.zq","s3,gs,ncbi","s3.us-east-1,gs.us-east1,ncbi.public",SRX8025999,Illumina NovaSeq 6000,PAIRED,RANDOM,TRANSCRIPTOMIC,Bos taurus,ILLUMINA,2020-03-30T00:00:00Z,2020-03-30T09:41:00Z,1,BSW_HOM,SRP254529,PRJNA616249,HJGJFDRXX,,,,,,,,,,,,,,,,,,,,testis,Brown Swiss,male,Model organism or animal,,,2 years,,,,,,,,,,,,,,,,,,,,,,,,,,,,,,,,,,,,,,,,,,,,,,,,,,,,,,,,,,,,,,,,
SRR15711831,RNA-Seq,300,21390799200,SAMN21214652,6872416237,GEO,public,"fastq,run.zq,sra","gs,ncbi,s3","ncbi.public,s3.us-east-1,gs.us-east1",SRX12007547,Illumina NovaSeq 6000,PAIRED,cDNA,TRANSCRIPTOMIC,Bos taurus,ILLUMINA,2021-09-06T00:00:00Z,2021-09-03T15:46:00Z,1,GSM5555909,SRP335521,PRJNA760322,,,,,,,,,,,,,,,,,,,,,Testicular,,,,,,,,,,,,,,,testes_calf,,GSM5555909,Untreated,,,,,,,,immature calves (3 plus or minus 0.24 months),,,,,,,,,,,,,,,,,,,,,,,,,,,,,,,,,,,,,,,,,,,,
SRR15711832,RNA-Seq,300,17319527700,SAMN21214653,5636191200,GEO,public,"run.zq,fastq,sra","s3,ncbi,gs","ncbi.public,s3.us-east-1,gs.us-east1",SRX12007548,Illumina NovaSeq 6000,PAIRED,cDNA,TRANSCRIPTOMIC,Bos taurus,ILLUMINA,2021-09-06T00:00:00Z,2021-09-03T15:13:00Z,1,GSM5555910,SRP335521,PRJNA760322,,,,,,,,,,,,,,,,,,,,,Testicular,,,,,,,,,,,,,,,testes_calf,,GSM5555910,Untreated,,,,,,,,immature calves (3 plus or minus 0.24 months),,,,,,,,,,,,,,,,,,,,,,,,,,,,,,,,,,,,,,,,,,,,
SRR15711833,RNA-Seq,300,17817805800,SAMN21214654,5795564675,GEO,public,"fastq,sra,run.zq","gs,s3,ncbi","s3.us-east-1,gs.us-east1,ncbi.public",SRX12007549,Illumina NovaSeq 6000,PAIRED,cDNA,TRANSCRIPTOMIC,Bos taurus,ILLUMINA,2021-09-06T00:00:00Z,2021-09-03T15:59:00Z,1,GSM5555911,SRP335521,PRJNA760322,,,,,,,,,,,,,,,,,,,,,Testicular,,,,,,,,,,,,,,,testes_calf,,GSM5555911,Untreated,,,,,,,,immature calves (3 plus or minus 0.24 months),,,,,,,,,,,,,,,,,,,,,,,,,,,,,,,,,,,,,,,,,,,,
SRR15711834,RNA-Seq,300,21324852900,SAMN21214655,6886105625,GEO,public,"run.zq,fastq,sra","gs,ncbi,s3","s3.us-east-1,gs.us-east1,ncbi.public",SRX12007550,Illumina NovaSeq 6000,PAIRED,cDNA,TRANSCRIPTOMIC,Bos taurus,ILLUMINA,2021-09-06T00:00:00Z,2021-09-03T15:41:00Z,1,GSM5555912,SRP335521,PRJNA760322,,,,,,,,,,,,,,,,,,,,,Testicular,,,,,,,,,,,,,,,testes_bull,,GSM5555912,Untreated,,,,,,,,andrologically mature bulls (3 plus or minus 0.014 years),,,,,,,,,,,,,,,,,,,,,,,,,,,,,,,,,,,,,,,,,,,,
SRR15711835,RNA-Seq,300,21248156700,SAMN21214656,6852376477,GEO,public,"fastq,sra,run.zq","gs,ncbi,s3","ncbi.public,gs.us-east1,s3.us-east-1",SRX12007551,Illumina NovaSeq 6000,PAIRED,cDNA,TRANSCRIPTOMIC,Bos taurus,ILLUMINA,2021-09-06T00:00:00Z,2021-09-03T16:57:00Z,1,GSM5555913,SRP335521,PRJNA760322,,,,,,,,,,,,,,,,,,,,,Testicular,,,,,,,,,,,,,,,testes_bull,,GSM5555913,Untreated,,,,,,,,andrologically mature bulls (3 plus or minus 0.014 years),,,,,,,,,,,,,,,,,,,,,,,,,,,,,,,,,,,,,,,,,,,,
SRR15711836,RNA-Seq,300,17620288800,SAMN21214657,5691979605,GEO,public,"fastq,sra,run.zq","ncbi,s3,gs","s3.us-east-1,gs.us-east1,ncbi.public",SRX12007552,Illumina NovaSeq 6000,PAIRED,cDNA,TRANSCRIPTOMIC,Bos taurus,ILLUMINA,2021-09-06T00:00:00Z,2021-09-03T14:59:00Z,1,GSM5555914,SRP335521,PRJNA760322,,,,,,,,,,,,,,,,,,,,,Testicular,,,,,,,,,,,,,,,testes_bull,,GSM5555914,Untreated,,,,,,,,andrologically mature bulls (3 plus or minus 0.014 years),,,,,,,,,,,,,,,,,,,,,,,,,,,,,,,,,,,,,,,,,,,,
SRR7175526,RNA-Seq,300,14499229500,SAMN09205190,5957818006,NORTHWEST A&F UNIVERSITY,public,"fastq,run.zq,sra","gs,ncbi,s3","gs.us-east1,ncbi.public,s3.us-east-1",SRX4093098,Illumina HiSeq 4000,PAIRED,RT-PCR,TRANSCRIPTOMIC,Bos taurus,ILLUMINA,2019-04-15T00:00:00Z,2018-05-17T09:07:00Z,1,A-testis-neonatal2,SRP148084,PRJNA471564,A-testis-neonatal2,,,,,,,,,,,,,,,missing,uncalculated,uncalculated,,,testis,Angus,male,Model organism or animal,,,2 days,neonatal,2,missing,not applicable,cattle,not applicable,not applicable,,,,,,,tissue sample,,,,,,,,,,,,,,,,,,,,,,,,,,,,,,,,,,,,,,,,,,,,,,,,,,
SRR7175527,RNA-Seq,300,17344950900,SAMN09205191,7116103346,NORTHWEST A&F UNIVERSITY,public,"fastq,run.zq,sra","gs,ncbi,s3","gs.us-east1,ncbi.public,s3.us-east-1",SRX4093097,Illumina HiSeq 4000,PAIRED,RT-PCR,TRANSCRIPTOMIC,Bos taurus,ILLUMINA,2019-04-15T00:00:00Z,2018-05-17T09:10:00Z,1,A-testis-neonatal3,SRP148084,PRJNA471564,A-testis-neonatal3,,,,,,,,,,,,,,,missing,uncalculated,uncalculated,,,testis,Angus,male,Model organism or animal,,,2 days,neonatal,3,missing,not applicable,cattle,not applicable,not applicable,,,,,,,tissue sample,,,,,,,,,,,,,,,,,,,,,,,,,,,,,,,,,,,,,,,,,,,,,,,,,,
SRR7175528,RNA-Seq,300,14229993000,SAMN09205186,5899499868,NORTHWEST A&F UNIVERSITY,public,"fastq,run.zq,sra","gs,ncbi,s3","gs.us-east1,ncbi.public,s3.us-east-1",SRX4093096,Illumina HiSeq 4000,PAIRED,RT-PCR,TRANSCRIPTOMIC,Bos taurus,ILLUMINA,2019-04-15T00:00:00Z,2018-05-17T09:08:00Z,1,A-testis-mature1,SRP148084,PRJNA471564,A-testis-mature1,,,,,,,,,,,,,,,missing,uncalculated,uncalculated,,,testis,Angus,male,Model organism or animal,,,18 months,mature,1,missing,not applicable,cattle,not applicable,not applicable,,,,,,,tissue sample,,,,,,,,,,,,,,,,,,,,,,,,,,,,,,,,,,,,,,,,,,,,,,,,,,
SRR7175529,RNA-Seq,300,14903296500,SAMN09205187,6161748573,NORTHWEST A&F UNIVERSITY,public,"fastq,run.zq,sra","gs,ncbi,s3","gs.us-east1,ncbi.public,s3.us-east-1",SRX4093095,Illumina HiSeq 4000,PAIRED,RT-PCR,TRANSCRIPTOMIC,Bos taurus,ILLUMINA,2019-04-15T00:00:00Z,2018-05-17T09:15:00Z,1,A-testis-mature2,SRP148084,PRJNA471564,A-testis-mature2,,,,,,,,,,,,,,,missing,uncalculated,uncalculated,,,testis,Angus,male,Model organism or animal,,,18 months,mature,2,missing,not applicable,cattle,not applicable,not applicable,,,,,,,tissue sample,,,,,,,,,,,,,,,,,,,,,,,,,,,,,,,,,,,,,,,,,,,,,,,,,,
SRR7175530,RNA-Seq,300,14801548200,SAMN09205188,6156433200,NORTHWEST A&F UNIVERSITY,public,"fastq,run.zq,sra","gs,ncbi,s3","gs.us-east1,ncbi.public,s3.us-east-1",SRX4093094,Illumina HiSeq 4000,PAIRED,RT-PCR,TRANSCRIPTOMIC,Bos taurus,ILLUMINA,2019-04-15T00:00:00Z,2018-05-17T09:13:00Z,1,A-testis-mature3,SRP148084,PRJNA471564,A-testis-mature3,,,,,,,,,,,,,,,missing,uncalculated,uncalculated,,,testis,Angus,male,Model organism or animal,,,18 months,mature,3,missing,not applicable,cattle,not applicable,not applicable,,,,,,,tissue sample,,,,,,,,,,,,,,,,,,,,,,,,,,,,,,,,,,,,,,,,,,,,,,,,,,
SRR7175531,RNA-Seq,300,14657329200,SAMN09205189,6014284594,NORTHWEST A&F UNIVERSITY,public,"fastq,run.zq,sra","gs,ncbi,s3","gs.us-east1,ncbi.public,s3.us-east-1",SRX4093093,Illumina HiSeq 4000,PAIRED,RT-PCR,TRANSCRIPTOMIC,Bos taurus,ILLUMINA,2019-04-15T00:00:00Z,2018-05-17T09:09:00Z,1,A-testis-neonatal1,SRP148084,PRJNA471564,A-testis-neonatal1,,,,,,,,,,,,,,,missing,uncalculated,uncalculated,,,testis,Angus,male,Model organism or animal,,,2 days,neonatal,1,missing,not applicable,cattle,not applicable,not applicable,,,,,,,tissue sample,,,,,,,,,,,,,,,,,,,,,,,,,,,,,,,,,,,,,,,,,,,,,,,,,,
SRR10123379,RNA-Seq,180,4702151340,SAMN12758272,3132976099,GEO,public,"fastq,run.zq,sra","gs,ncbi,s3","gs.us-east1,ncbi.public,s3.us-east-1",SRX6852889,Illumina HiSeq 2000,PAIRED,cDNA,TRANSCRIPTOMIC,Bos taurus,ILLUMINA,2021-01-01T00:00:00Z,2019-09-16T10:18:00Z,1,GSM4079806,SRP221715,PRJNA565682,,,,,,,,,,,,,,,,,,,,,immature testes,Chinese Red Steppes cattle,,,,,,,,,,,,,,immature bovine testes,,GSM4079806,,,,,,,,,,,,,,,,,,,,,,,,,,,,,,,,,,,,,,,,,,,,,,,,,,,,,
SRR10123380,RNA-Seq,180,4907373120,SAMN12758271,3280061404,GEO,public,"fastq,run.zq,sra","gs,ncbi,s3","gs.us-east1,ncbi.public,s3.us-east-1",SRX6852890,Illumina HiSeq 2000,PAIRED,cDNA,TRANSCRIPTOMIC,Bos taurus,ILLUMINA,2021-01-01T00:00:00Z,2019-09-16T10:19:00Z,1,GSM4079807,SRP221715,PRJNA565682,,,,,,,,,,,,,,,,,,,,,immature testes,Chinese Red Steppes cattle,,,,,,,,,,,,,,immature bovine testes,,GSM4079807,,,,,,,,,,,,,,,,,,,,,,,,,,,,,,,,,,,,,,,,,,,,,,,,,,,,,
SRR10123381,RNA-Seq,180,4907373120,SAMN12758270,3276344390,GEO,public,"fastq,run.zq,sra","gs,ncbi,s3","gs.us-east1,ncbi.public,s3.us-east-1",SRX6852891,Illumina HiSeq 2000,PAIRED,cDNA,TRANSCRIPTOMIC,Bos taurus,ILLUMINA,2021-01-01T00:00:00Z,2019-09-16T10:18:00Z,1,GSM4079808,SRP221715,PRJNA565682,,,,,,,,,,,,,,,,,,,,,immature testes,Chinese Red Steppes cattle,,,,,,,,,,,,,,immature bovine testes,,GSM4079808,,,,,,,,,,,,,,,,,,,,,,,,,,,,,,,,,,,,,,,,,,,,,,,,,,,,,
SRR10123382,RNA-Seq,180,4883358780,SAMN12758269,3252468891,GEO,public,"fastq,run.zq,sra","gs,ncbi,s3","gs.us-east1,ncbi.public,s3.us-east-1",SRX6852892,Illumina HiSeq 2000,PAIRED,cDNA,TRANSCRIPTOMIC,Bos taurus,ILLUMINA,2021-01-01T00:00:00Z,2019-09-16T10:22:00Z,1,GSM4079809,SRP221715,PRJNA565682,,,,,,,,,,,,,,,,,,,,,mature testes,Chinese Red Steppes cattle,,,,,,,,,,,,,,mature bovine testes,,GSM4079809,,,,,,,,,,,,,,,,,,,,,,,,,,,,,,,,,,,,,,,,,,,,,,,,,,,,,
SRR10123383,RNA-Seq,180,4784561280,SAMN12758268,3196648079,GEO,public,"fastq,run.zq,sra","gs,ncbi,s3","gs.us-east1,ncbi.public,s3.us-east-1",SRX6852893,Illumina HiSeq 2000,PAIRED,cDNA,TRANSCRIPTOMIC,Bos taurus,ILLUMINA,2021-01-01T00:00:00Z,2019-09-16T10:20:00Z,1,GSM4079810,SRP221715,PRJNA565682,,,,,,,,,,,,,,,,,,,,,mature testes,Chinese Red Steppes cattle,,,,,,,,,,,,,,mature bovine testes,,GSM4079810,,,,,,,,,,,,,,,,,,,,,,,,,,,,,,,,,,,,,,,,,,,,,,,,,,,,,
SRR10123384,RNA-Seq,180,4753579680,SAMN12758267,3101583224,GEO,public,"fastq,run.zq,sra","gs,ncbi,s3","gs.us-east1,ncbi.public,s3.us-east-1",SRX6852894,Illumina HiSeq 2000,PAIRED,cDNA,TRANSCRIPTOMIC,Bos taurus,ILLUMINA,2021-01-01T00:00:00Z,2019-09-16T10:18:00Z,1,GSM4079811,SRP221715,PRJNA565682,,,,,,,,,,,,,,,,,,,,,mature testes,Chinese Red Steppes cattle,,,,,,,,,,,,,,mature bovine testes,,GSM4079811,,,,,,,,,,,,,,,,,,,,,,,,,,,,,,,,,,,,,,,,,,,,,,,,,,,,,
SRR5363134,RNA-Seq,150,9693991465,SAMN03145450,4056490816,UNIVERSITY OF MISSOURI,public,"fastq,run.zq,sra","gs,ncbi,s3","gs.us-east1,ncbi.public,s3.us-east-1",SRX2658619,NextSeq 500,PAIRED,RANDOM,TRANSCRIPTOMIC,Bos taurus,ILLUMINA,2017-03-21T00:00:00Z,2017-03-21T07:58:00Z,1,LJA 235,SRP102212,PRJNA379574,18230,,,,,,,,,,,,,,,,,,,,Ventricle,Hereford,female,Model organism or animal,,,11 years,,,,,,,,"Drs Tara G. McDaneld & Timothy P.L. Smith\, USDA Agricultural Research Center\, U.S. Meat Animal Research Center\, Clay Center\, NE 68933",,,,,,,,,,,,,,,,,,,,,,,,,,,,,,,,,,,,,,,,,,,,,,,,,,,,,,,,
SRR5363135,RNA-Seq,150,13756454746,SAMN03145458,5597134238,UNIVERSITY OF MISSOURI,public,"fastq,run.zq,sra","gs,ncbi,s3","gs.us-east1,ncbi.public,s3.us-east-1",SRX2658620,NextSeq 500,PAIRED,RANDOM,TRANSCRIPTOMIC,Bos taurus,ILLUMINA,2017-03-21T00:00:00Z,2017-03-21T08:06:00Z,1,LJA 257,SRP102212,PRJNA379574,18229,,,,,,,,,,,,,,,,,,,,uterine myometrium,Hereford,female,Model organism or animal,,,11 years,,,,,,,,"Drs Tara G. McDaneld & Timothy P.L. Smith\, USDA Agricultural Research Center\, U.S. Meat Animal Research Center\, Clay Center\, NE 68933",,,,,,,,,,,,,,,,,,,,,,,,,,,,,,,,,,,,,,,,,,,,,,,,,,,,,,,,
SRR5363136,RNA-Seq,150,6268179761,SAMN06621976,2386592757,UNIVERSITY OF MISSOURI,public,"fastq,run.zq,sra","gs,ncbi,s3","gs.us-east1,ncbi.public,s3.us-east-1",SRX2658621,NextSeq 500,PAIRED,RANDOM,TRANSCRIPTOMIC,Bos taurus,ILLUMINA,2017-03-21T00:00:00Z,2017-03-21T07:50:00Z,1,70755,SRP102212,PRJNA379574,23361,,,,,,,,,,,,,,,,,,,,Thalamus,Hereford,female,Model organism or animal,,,11 years,,,,,,,,"Drs Tara G. McDaneld and Timothy P.L. Smith\, USDA Agricultural Research Center\, U.S. Meat Animal Research Center\, Clay Center\, NE 68933",,,,,,,,,,,,,,,,,,,,,,,,,,,,,,,,,,,,,,,,,,,,,,,,,,,,,,,,
SRR5363137,RNA-Seq,150,5028501074,SAMN03145491,1869151880,UNIVERSITY OF MISSOURI,public,"fastq,run.zq,sra","gs,ncbi,s3","gs.us-east1,ncbi.public,s3.us-east-1",SRX2658622,NextSeq 500,PAIRED,RANDOM,TRANSCRIPTOMIC,Bos taurus,ILLUMINA,2017-03-21T00:00:00Z,2017-03-21T07:39:00Z,1,LJA167,SRP102212,PRJNA379574,23362,,,,,,,,,,,,,,,,,,,,Super bull Testis,Hereford,male,Model organism or animal,,,9 years,,,,,,,,"Drs Tara G. McDaneld & Timothy P.L. Smith\, USDA Agricultural Research Center\, U.S. Meat Animal Research Center\, Clay Center\, NE 68933",,,,,,,,,,,,,,,,,,,,,,,,,,,,,,,,,,,,,,,,,,,,,,,,,,,,,,,,
SRR5363138,RNA-Seq,150,5083515198,SAMN03145449,1971441262,UNIVERSITY OF MISSOURI,public,"fastq,run.zq,sra","gs,ncbi,s3","gs.us-east1,ncbi.public,s3.us-east-1",SRX2658623,NextSeq 500,PAIRED,RANDOM,TRANSCRIPTOMIC,Bos taurus,ILLUMINA,2017-03-21T00:00:00Z,2017-03-21T07:36:00Z,1,LJA 220,SRP102212,PRJNA379574,14890,,,,,,,,,,,,,,,,,,,,Temporal Cortex,Hereford,female,Model organism or animal,,,11 years,,,,,,,,"Drs Tara G. McDaneld & Timothy P.L. Smith\, USDA Agricultural Research Center\, U.S. Meat Animal Research Center\, Clay Center\, NE 68933",,,,,,,,,,,,,,,,,,,,,,,,,,,,,,,,,,,,,,,,,,,,,,,,,,,,,,,,
SRR5363139,RNA-Seq,150,8996070654,SAMN03145432,3382045132,UNIVERSITY OF MISSOURI,public,"fastq,run.zq,sra","gs,ncbi,s3","gs.us-east1,ncbi.public,s3.us-east-1",SRX2658624,NextSeq 500,PAIRED,RANDOM,TRANSCRIPTOMIC,Bos taurus,ILLUMINA,2017-03-21T00:00:00Z,2017-03-21T07:46:00Z,1,LJA232a,SRP102212,PRJNA379574,23271,,,,,,,,,,,,,,,,,,,,Sub-cutaneous Fat,Hereford,female,Model organism or animal,,,11 years,,,,,,,,"Drs Tara G. McDaneld & Timothy P.L. Smith\, USDA Agricultural Research Center\, U.S. Meat Animal Research Center\, Clay Center\, NE 68933",,,,,,,,,,,,,,,,,,,,,,,,,,,,,,,,,,,,,,,,,,,,,,,,,,,,,,,,
SRR5363140,RNA-Seq,150,23164975490,SAMN03145467,9404458162,UNIVERSITY OF MISSOURI,public,"fastq,run.zq,sra","gs,ncbi,s3","gs.us-east1,ncbi.public,s3.us-east-1",SRX2658625,NextSeq 500,PAIRED,RANDOM,TRANSCRIPTOMIC,Bos taurus,ILLUMINA,2017-03-21T00:00:00Z,2017-03-21T08:50:00Z,1,LJA 285,SRP102212,PRJNA379574,18228,,,,,,,,,,,,,,,,,,,,Rumen,Hereford,female,Model organism or animal,,,11 years,,,,,,,,"Drs Tara G. McDaneld & Timothy P.L. Smith\, USDA Agricultural Research Center\, U.S. Meat Animal Research Center\, Clay Center\, NE 68933",,,,,,,,,,,,,,,,,,,,,,,,,,,,,,,,,,,,,,,,,,,,,,,,,,,,,,,,
SRR5363141,RNA-Seq,151,4980871562,SAMN03145472,1875645824,UNIVERSITY OF MISSOURI,public,"fastq,run.zq,sra","gs,ncbi,s3","gs.us-east1,ncbi.public,s3.us-east-1",SRX2658626,NextSeq 500,PAIRED,RANDOM,TRANSCRIPTOMIC,Bos taurus,ILLUMINA,2017-03-21T00:00:00Z,2017-03-21T07:41:00Z,1,LJA 286,SRP102212,PRJNA379574,23367,,,,,,,,,,,,,,,,,,,,Reticulum,Hereford,female,Model organism or animal,,,11 years,,,,,,,,"Drs Tara G. McDaneld & Timothy P.L. Smith\, USDA Agricultural Research Center\, U.S. Meat Animal Research Center\, Clay Center\, NE 68933",,,,,,,,,,,,,,,,,,,,,,,,,,,,,,,,,,,,,,,,,,,,,,,,,,,,,,,,
SRR5363142,RNA-Seq,151,4962895588,SAMN03145494,1841124080,UNIVERSITY OF MISSOURI,public,"fastq,run.zq,sra","gs,ncbi,s3","gs.us-east1,ncbi.public,s3.us-east-1",SRX2658627,NextSeq 500,PAIRED,RANDOM,TRANSCRIPTOMIC,Bos taurus,ILLUMINA,2017-03-21T00:00:00Z,2017-03-21T07:41:00Z,1,LJA 282,SRP102212,PRJNA379574,23277,,,,,,,,,,,,,,,,,,,,Omasum,Hereford,female,Model organism or animal,,,11 years,,,,,,,,"Drs Tara G. McDaneld & Timothy P.L. Smith\, USDA Agricultural Research Center\, U.S. Meat Animal Research Center\, Clay Center\, NE 68933",,,,,,,,,,,,,,,,,,,,,,,,,,,,,,,,,,,,,,,,,,,,,,,,,,,,,,,,
SRR5363143,RNA-Seq,150,4230024160,SAMN03145424,1575722731,UNIVERSITY OF MISSOURI,public,"fastq,run.zq,sra","gs,ncbi,s3","gs.us-east1,ncbi.public,s3.us-east-1",SRX2658628,NextSeq 500,PAIRED,RANDOM,TRANSCRIPTOMIC,Bos taurus,ILLUMINA,2017-03-21T00:00:00Z,2017-03-21T07:36:00Z,1,LJA 203,SRP102212,PRJNA379574,23365,,,,,,,,,,,,,,,,,,,,Nasal Mucosa,Hereford,female,Model organism or animal,,,11 years,,,,,,,,"Drs Tara G. McDaneld & Timothy P.L. Smith\, USDA Agricultural Research Center\, U.S. Meat Animal Research Center\, Clay Center\, NE 68933",,,,,,,,,,,,,,,,,,,,,,,,,,,,,,,,,,,,,,,,,,,,,,,,,,,,,,,,
SRR5363144,RNA-Seq,150,14750126344,SAMN06621977,5568993478,UNIVERSITY OF MISSOURI,public,"fastq,run.zq,sra","gs,ncbi,s3","gs.us-east1,ncbi.public,s3.us-east-1",SRX2658629,NextSeq 500,PAIRED,RANDOM,TRANSCRIPTOMIC,Bos taurus,ILLUMINA,2017-03-21T00:00:00Z,2017-03-21T08:35:00Z,1,70753,SRP102212,PRJNA379574,23360,,,,,,,,,,,,,,,,,,,,Medulla Oblongata,Hereford,female,Model organism or animal,,,11 years,,,,,,,,"Drs Tara G. McDaneld and Timothy P.L. Smith\, USDA Agricultural Research Center\, U.S. Meat Animal Research Center\, Clay Center\, NE 68933",,,,,,,,,,,,,,,,,,,,,,,,,,,,,,,,,,,,,,,,,,,,,,,,,,,,,,,,
SRR5363145,RNA-Seq,150,4321546411,SAMN03145447,1613119510,UNIVERSITY OF MISSOURI,public,"fastq,run.zq,sra","gs,ncbi,s3","gs.us-east1,ncbi.public,s3.us-east-1",SRX2658630,NextSeq 500,PAIRED,RANDOM,TRANSCRIPTOMIC,Bos taurus,ILLUMINA,2017-03-21T00:00:00Z,2017-03-21T07:39:00Z,1,LJA 263,SRP102212,PRJNA379574,23366,,,,,,,,,,,,,,,,,,,,Mammary gland,Hereford,female,Model organism or animal,,,11 years,,,,,,,,"Drs Tara G. McDaneld & Timothy P.L. Smith\, USDA Agricultural Research Center\, U.S. Meat Animal Research Center\, Clay Center\, NE 68933",,,,,,,,,,,,,,,,,,,,,,,,,,,,,,,,,,,,,,,,,,,,,,,,,,,,,,,,
SRR5363146,RNA-Seq,150,5655620894,SAMN03145442,2191871955,UNIVERSITY OF MISSOURI,public,"fastq,run.zq,sra","gs,ncbi,s3","gs.us-east1,ncbi.public,s3.us-east-1",SRX2658631,NextSeq 500,PAIRED,RANDOM,TRANSCRIPTOMIC,Bos taurus,ILLUMINA,2017-03-21T00:00:00Z,2017-03-21T07:55:00Z,1,LJA 205,SRP102212,PRJNA379574,14888,,,,,,,,,,,,,,,,,,,,Lymph Nodes,Hereford,female,Model organism or animal,,,11 years,,,,,,,,"Drs Tara G. McDaneld & Timothy P.L. Smith\, USDA Agricultural Research Center\, U.S. Meat Animal Research Center\, Clay Center\, NE 68933",,,,,,,,,,,,,,,,,,,,,,,,,,,,,,,,,,,,,,,,,,,,,,,,,,,,,,,,
SRR5363147,RNA-Seq,150,4302756690,SAMN03145444,1629518600,UNIVERSITY OF MISSOURI,public,"fastq,run.zq,sra","gs,ncbi,s3","gs.us-east1,ncbi.public,s3.us-east-1",SRX2658632,NextSeq 500,PAIRED,RANDOM,TRANSCRIPTOMIC,Bos taurus,ILLUMINA,2017-03-21T00:00:00Z,2017-03-21T08:25:00Z,1,LJA 234b,SRP102212,PRJNA379574,23359,,,,,,,,,,,,,,,,,,,,left lung,Hereford,female,Model organism or animal,,,11 years,,,,L1 Dominette 01449 registration number 42190680,,,,"Drs Tara G. McDaneld & Timothy P.L. Smith\, USDA Agricultural Research Center\, U.S. Meat Animal Research Center\, Clay Center\, NE 68933",,,,,,,,,,,,,,,,,,,,,,,,,,,,,,,,,,,,,,,,,,,,,,,,,,,,,,,,
SRR5363148,RNA-Seq,150,7188341511,SAMN03145438,2779812175,UNIVERSITY OF MISSOURI,public,"fastq,run.zq,sra","gs,ncbi,s3","gs.us-east1,ncbi.public,s3.us-east-1",SRX2658633,NextSeq 500,PAIRED,RANDOM,TRANSCRIPTOMIC,Bos taurus,ILLUMINA,2017-03-21T00:00:00Z,2017-03-21T07:50:00Z,1,LJA 233,SRP102212,PRJNA379574,23273,,,,,,,,,,,,,,,,,,,,KPH fat,Hereford,female,Model organism or animal,,,11 years,,,,,,,,"Drs Tara G. McDaneld & Timothy P.L. Smith\, USDA Agricultural Research Center\, U.S. Meat Animal Research Center\, Clay Center\, NE 68933",,,,,,,,,,,,,,,,,,,,,,,,,,,,,,,,,,,,,,,,,,,,,,,,,,,,,,,,
SRR5363149,RNA-Seq,150,4724032738,SAMN06621975,1825792615,UNIVERSITY OF MISSOURI,public,"fastq,run.zq,sra","gs,ncbi,s3","gs.us-east1,ncbi.public,s3.us-east-1",SRX2658634,NextSeq 500,PAIRED,RANDOM,TRANSCRIPTOMIC,Bos taurus,ILLUMINA,2017-03-21T00:00:00Z,2017-03-21T07:40:00Z,1,61355,SRP102212,PRJNA379574,14889,,,,,,,,,,,,,,,,,,,,Hypothalamus,Hereford,female,Model organism or animal,,,11 years,,,,,,,,"Drs Tara G. McDaneld and Timothy P.L. Smith\, USDA Agricultural Research Center\, U.S. Meat Animal Research Center\, Clay Center\, NE 68933",,,,,,,,,,,,,,,,,,,,,,,,,,,,,,,,,,,,,,,,,,,,,,,,,,,,,,,,
SRR5363150,RNA-Seq,150,5957298161,SAMN03145443,2312983768,UNIVERSITY OF MISSOURI,public,"fastq,run.zq,sra","gs,ncbi,s3","gs.us-east1,ncbi.public,s3.us-east-1",SRX2658635,NextSeq 500,PAIRED,RANDOM,TRANSCRIPTOMIC,Bos taurus,ILLUMINA,2017-03-21T00:00:00Z,2017-03-21T07:45:00Z,1,LJA 219,SRP102212,PRJNA379574,23272,,,,,,,,,,,,,,,,,,,,Frontal Cortex,Hereford,female,Model organism or animal,,,11 years,,,,,,,,"Drs Tara G. McDaneld & Timothy P.L. Smith\, USDA Agricultural Research Center\, U.S. Meat Animal Research Center\, Clay Center\, NE 68933",,,,,,,,,,,,,,,,,,,,,,,,,,,,,,,,,,,,,,,,,,,,,,,,,,,,,,,,
SRR5363151,RNA-Seq,150,11027597508,SAMN03145482,4332525470,UNIVERSITY OF MISSOURI,public,"fastq,run.zq,sra","gs,ncbi,s3","gs.us-east1,ncbi.public,s3.us-east-1",SRX2658636,NextSeq 500,PAIRED,RANDOM,TRANSCRIPTOMIC,Bos taurus,ILLUMINA,2017-03-21T00:00:00Z,2017-03-21T08:02:00Z,1,LJA280,SRP102212,PRJNA379574,23276,,,,,,,,,,,,,,,,,,,,Duodenum,Hereford,female,Model organism or animal,,,11 years,,,,,,,,"Drs Tara G. McDaneld & Timothy P.L. Smith\, USDA Agricultural Research Center\, U.S. Meat Animal Research Center\, Clay Center\, NE 68933",,,,,,,,,,,,,,,,,,,,,,,,,,,,,,,,,,,,,,,,,,,,,,,,,,,,,,,,
SRR5363152,RNA-Seq,151,4681043913,SAMN03145431,1767184186,UNIVERSITY OF MISSOURI,public,"fastq,run.zq,sra","gs,ncbi,s3","gs.us-east1,ncbi.public,s3.us-east-1",SRX2658637,NextSeq 500,PAIRED,RANDOM,TRANSCRIPTOMIC,Bos taurus,ILLUMINA,2017-03-21T00:00:00Z,2017-03-21T07:53:00Z,1,LJA 217,SRP102212,PRJNA379574,23364,,,,,,,,,,,,,,,,,,,,Cerebellum,Hereford,female,Model organism or animal,,,11 years,,,,,,,,"Drs Tara G. McDaneld & Timothy P.L. Smith\, USDA Agricultural Research Center\, U.S. Meat Animal Research Center\, Clay Center\, NE 68933",,,,,,,,,,,,,,,,,,,,,,,,,,,,,,,,,,,,,,,,,,,,,,,,,,,,,,,,
SRR5363153,RNA-Seq,150,8211952225,SAMN03145477,3412221183,UNIVERSITY OF MISSOURI,public,"fastq,run.zq,sra","gs,ncbi,s3","gs.us-east1,ncbi.public,s3.us-east-1",SRX2658638,NextSeq 500,PAIRED,RANDOM,TRANSCRIPTOMIC,Bos taurus,ILLUMINA,2017-03-21T00:00:00Z,2017-03-21T08:05:00Z,1,LJA 287,SRP102212,PRJNA379574,18227,,,,,,,,,,,,,,,,,,,,Bone Marrow,Hereford,female,Model organism or animal,,,11 years,,,,,,,,"Drs Tara G. McDaneld & Timothy P.L. Smith\, USDA Agricultural Research Center\, U.S. Meat Animal Research Center\, Clay Center\, NE 68933",,,,,,,,,,,,,,,,,,,,,,,,,,,,,,,,,,,,,,,,,,,,,,,,,,,,,,,,
SRR5363154,RNA-Seq,150,5892401280,SAMN03145456,2236504217,UNIVERSITY OF MISSOURI,public,"fastq,run.zq,sra","gs,ncbi,s3","gs.us-east1,ncbi.public,s3.us-east-1",SRX2658639,NextSeq 500,PAIRED,RANDOM,TRANSCRIPTOMIC,Bos taurus,ILLUMINA,2017-03-21T00:00:00Z,2017-03-21T07:56:00Z,1,LJA 236,SRP102212,PRJNA379574,23275,,,,,,,,,,,,,,,,,,,,Atrium,Hereford,female,Model organism or animal,,,11 years,,,,,,,,"Drs Tara G. McDaneld & Timothy P.L. Smith\, USDA Agricultural Research Center\, U.S. Meat Animal Research Center\, Clay Center\, NE 68933",,,,,,,,,,,,,,,,,,,,,,,,,,,,,,,,,,,,,,,,,,,,,,,,,,,,,,,,
SRR5363155,RNA-Seq,150,8918700814,SAMN03145415,3623980330,UNIVERSITY OF MISSOURI,public,"fastq,run.zq,sra","gs,ncbi,s3","gs.us-east1,ncbi.public,s3.us-east-1",SRX2658640,NextSeq 500,PAIRED,RANDOM,TRANSCRIPTOMIC,Bos taurus,ILLUMINA,2017-03-21T00:00:00Z,2017-03-21T08:07:00Z,1,LJA 237,SRP102212,PRJNA379574,18226,,,,,,,,,,,,,,,,,,,,Aorta,Hereford,female,Model organism or animal,,,11 years,,,,,,,,"Drs Tara G. McDaneld & Timothy P.L. Smith\, USDA Agricultural Research Center\, U.S. Meat Animal Research Center\, Clay Center\, NE 68933",,,,,,,,,,,,,,,,,,,,,,,,,,,,,,,,,,,,,,,,,,,,,,,,,,,,,,,,
SRR5363156,RNA-Seq,150,5529664353,SAMN03145448,2062663227,UNIVERSITY OF MISSOURI,public,"fastq,run.zq,sra","gs,ncbi,s3","gs.us-east1,ncbi.public,s3.us-east-1",SRX2658641,NextSeq 500,PAIRED,RANDOM,TRANSCRIPTOMIC,Bos taurus,ILLUMINA,2017-03-21T00:00:00Z,2017-03-21T07:54:00Z,1,LJA 206,SRP102212,PRJNA379574,23363,,,,,,,,,,,,,,,,,,,,Anterior Pituitary,Hereford,female,Model organism or animal,,,11 years,,,,,,,,"Drs Tara G. McDaneld & Timothy P.L. Smith\, USDA Agricultural Research Center\, U.S. Meat Animal Research Center\, Clay Center\, NE 68933",,,,,,,,,,,,,,,,,,,,,,,,,,,,,,,,,,,,,,,,,,,,,,,,,,,,,,,,
SRR5363157,RNA-Seq,150,4164900415,SAMN03145498,1590003400,UNIVERSITY OF MISSOURI,public,"fastq,run.zq,sra","gs,ncbi,s3","gs.us-east1,ncbi.public,s3.us-east-1",SRX2658642,NextSeq 500,PAIRED,RANDOM,TRANSCRIPTOMIC,Bos taurus,ILLUMINA,2017-03-21T00:00:00Z,2017-03-21T07:39:00Z,1,LJA 274,SRP102212,PRJNA379574,23274,,,,,,,,,,,,,,,,,,,,Abomasum,Hereford,female,Model organism or animal,,,11 years,,,,,,,,"Drs Tara G. McDaneld & Timothy P.L. Smith\, USDA Agricultural Research Center\, U.S. Meat Animal Research Center\, Clay Center\, NE 68933",,,,,,,,,,,,,,,,,,,,,,,,,,,,,,,,,,,,,,,,,,,,,,,,,,,,,,,,
SRR6808603,RNA-Seq,300,12072880200,SAMN08637711,5474709716,NORTHWEST A&F UNIVERSITY,public,"fastq,run.zq,sra","gs,ncbi,s3","gs.us-east1,ncbi.public,s3.us-east-1",SRX3766818,Illumina HiSeq 2500,PAIRED,RT-PCR,TRANSCRIPTOMIC,Bos taurus,ILLUMINA,2018-06-20T00:00:00Z,2018-03-06T05:49:00Z,1,QC-testis-A,SRP133991,PRJNA437027,QC-testis-A,,,,,,,,,,,,,,,missing,uncalculated,uncalculated,,,testis,Qinchuan,male,Model organism or animal,,,4 years,adult,,missing,not applicable,cattle,not applicable,not applicable,,,,,,,,,,,,,,,,,,,,,,,,,,,,,,,,,,,,,,,,,,,,,,,,,,,,,,,,,
SRR6808604,RNA-Seq,300,13666889400,SAMN08637710,6289189269,NORTHWEST A&F UNIVERSITY,public,"fastq,run.zq,sra","gs,ncbi,s3","gs.us-east1,ncbi.public,s3.us-east-1",SRX3766817,Illumina HiSeq 2500,PAIRED,RT-PCR,TRANSCRIPTOMIC,Bos taurus,ILLUMINA,2018-06-20T00:00:00Z,2018-03-06T05:24:00Z,1,QC-testis-N,SRP133991,PRJNA437027,QC-testis-N,,,,,,,,,,,,,,,missing,uncalculated,uncalculated,,,testis,Qinchuan,male,Model organism or animal,,,1 week,neonatal,,missing,not applicable,cattle,not applicable,not applicable,,,,,,,,,,,,,,,,,,,,,,,,,,,,,,,,,,,,,,,,,,,,,,,,,,,,,,,,,
SRR1977483,RNA-Seq,80,7591572720,SAMN03481876,4534760166,WIBR,public,"fastq,run.zq,sra","gs,ncbi,s3","gs.us-east1,ncbi.public,s3.us-east-1",SRX996713,Illumina HiSeq 2500,PAIRED,PolyA,TRANSCRIPTOMIC,Bos taurus,ILLUMINA,2016-06-01T00:00:00Z,2015-04-30T12:39:00Z,1,bull_pachytene,SRP057141,PRJNA281061,bull_PS_RNA-seq,,,,,,,,,,,,pachytene spermatocyte,,,2014-04-16,,,,,testis,,male,Model organism or animal,,,,adult,,,,wild type,,,,,,,,,,,,,,,,,,,,,,,,,,,,,,,,,,,,,,,,,,,,,,,,,,,,,,,,,,,
SRR1977502,RNA-Seq,80,7449404400,SAMN03481877,4462362381,WIBR,public,"fastq,run.zq,sra","gs,ncbi,s3","gs.us-east1,ncbi.public,s3.us-east-1",SRX997071,Illumina HiSeq 2500,PAIRED,PolyA,TRANSCRIPTOMIC,Bos taurus,ILLUMINA,2016-06-01T00:00:00Z,2015-04-30T12:53:00Z,1,bull_roundspermatid,SRP057141,PRJNA281061,bull_RS_RNA-seq,,,,,,,,,,,,round spermatid,,,2014-04-16,,,,,testis,,male,Model organism or animal,,,,adult,,,,wild type,,,,,,,,,,,,,,,,,,,,,,,,,,,,,,,,,,,,,,,,,,,,,,,,,,,,,,,,,,,
ERR5100949,RNA-Seq,300,14695308000,SAMEA103991688,4544647137,"GeT-PlaGe, 24 Chemin de Borde Rouge, 31326 Castanet-Tolosan France",public,"run.zq,sra,fastq","gs,ncbi,s3","gs.us-east1,ncbi.public,s3.us-east-1",ERX4906715,Illumina NovaSeq 6000,PAIRED,PolyA,TRANSCRIPTOMIC,Bos taurus,ILLUMINA,2021-01-31T00:00:00Z,2021-02-03T13:29:00Z,1,SAMEA103991688,ERP126355,PRJEB42490,BTA-testis-0986_TGGCCGGT-GCGCTCTA,2021-01-15,2021-01-14,CRB166937,,,,,,,,,,,,,,,,,,,,,,,,,,,,,,,,,adult,,,,,602,RNA-seq of total RNA,RNA,https://data.faang.org/api/fire_api/samples/INRA_SOP_FRAGENCODE_mRNA-seq_library_preparation_20210111.pdf,https://data.faang.org/api/fire_api/experiments/INRA_SOP_FRAGENCODE_RNA_extraction_20210111.pdf,,normal,https://data.faang.org/api/fire_api/samples/INRA_SOP_FRAGENCODE_mRNA-seq_library_preparation_20210111.pdf,https://data.faang.org/api/fire_api/samples/INRA_SOP_FRAGENCODE_mRNA-seq_library_preparation_20210111.pdf,2020-10-21,"GeT-PlaGe, 24 Chemin de Borde Rouge, 31326 Castanet-Tolosan France",43.5279,1.50072,specimen from organism,testis,lactation,https://data.faang.org/api/fire_api/samples/INRA_SOP_FRAGENCODE_mRNA-seq_library_preparation_20210111.pdf,FAANG,FAANG,mate 2 sense,9.1,https://data.faang.org/api/fire_api/samples/INRA_SOP_FRAGENCODE_mRNA-seq_library_preparation_20210111.pdf,https://data.faang.org/api/fire_api/samples/INRA_SOP_FRAGENCODE_mRNA-seq_library_preparation_20210111.pdf,2.1,2.16,,"frozen, -70 freezer",cryopreservation in liquid nitrogen (dead tissue),283.0,2020-11-17,"GeT-PlaGe, 24 Chemin de Borde Rouge, 31326 Castanet-Tolosan France",43.5279,1.50072,2015-05-13,https://data.faang.org/api/fire_api/samples/INRA_SOP_tissue_sampling_1a_20160721.pdf,submission of samples collected in the frame of the project Fr-AGENCODE,GSB-1756,Fr-AGENCODE main submission - part 1,,,,,,,,,,,,
ERR5100950,RNA-Seq,300,14570702400,SAMEA103991688,4537060870,"GeT-PlaGe, 24 Chemin de Borde Rouge, 31326 Castanet-Tolosan France",public,"run.zq,fastq,sra","gs,s3,ncbi","s3.us-east-1,gs.us-east1,ncbi.public",ERX4906715,Illumina NovaSeq 6000,PAIRED,PolyA,TRANSCRIPTOMIC,Bos taurus,ILLUMINA,2021-01-31T00:00:00Z,2021-02-03T18:52:00Z,1,SAMEA103991688,ERP126355,PRJEB42490,BTA-testis-0986_TGGCCGGT-GCGCTCTA,2021-01-15,2021-01-14,CRB166937,,,,,,,,,,,,,,,,,,,,,,,,,,,,,,,,,adult,,,,,602,RNA-seq of total RNA,RNA,https://data.faang.org/api/fire_api/samples/INRA_SOP_FRAGENCODE_mRNA-seq_library_preparation_20210111.pdf,https://data.faang.org/api/fire_api/experiments/INRA_SOP_FRAGENCODE_RNA_extraction_20210111.pdf,,normal,https://data.faang.org/api/fire_api/samples/INRA_SOP_FRAGENCODE_mRNA-seq_library_preparation_20210111.pdf,https://data.faang.org/api/fire_api/samples/INRA_SOP_FRAGENCODE_mRNA-seq_library_preparation_20210111.pdf,2020-10-21,"GeT-PlaGe, 24 Chemin de Borde Rouge, 31326 Castanet-Tolosan France",43.5279,1.50072,specimen from organism,testis,lactation,https://data.faang.org/api/fire_api/samples/INRA_SOP_FRAGENCODE_mRNA-seq_library_preparation_20210111.pdf,FAANG,FAANG,mate 2 sense,9.1,https://data.faang.org/api/fire_api/samples/INRA_SOP_FRAGENCODE_mRNA-seq_library_preparation_20210111.pdf,https://data.faang.org/api/fire_api/samples/INRA_SOP_FRAGENCODE_mRNA-seq_library_preparation_20210111.pdf,2.1,2.16,,"frozen, -70 freezer",cryopreservation in liquid nitrogen (dead tissue),283.0,2020-11-17,"GeT-PlaGe, 24 Chemin de Borde Rouge, 31326 Castanet-Tolosan France",43.5279,1.50072,2015-05-13,https://data.faang.org/api/fire_api/samples/INRA_SOP_tissue_sampling_1a_20160721.pdf,submission of samples collected in the frame of the project Fr-AGENCODE,GSB-1756,Fr-AGENCODE main submission - part 1,,,,,,,,,,,,
ERR5100951,RNA-Seq,300,14563463400,SAMEA103991688,4568390079,"GeT-PlaGe, 24 Chemin de Borde Rouge, 31326 Castanet-Tolosan France",public,"fastq,sra,run.zq","s3,ncbi,gs","s3.us-east-1,ncbi.public,gs.us-east1",ERX4906715,Illumina NovaSeq 6000,PAIRED,PolyA,TRANSCRIPTOMIC,Bos taurus,ILLUMINA,2021-01-31T00:00:00Z,2021-02-03T18:41:00Z,1,SAMEA103991688,ERP126355,PRJEB42490,BTA-testis-0986_TGGCCGGT-GCGCTCTA,2021-01-15,2021-01-14,CRB166937,,,,,,,,,,,,,,,,,,,,,,,,,,,,,,,,,adult,,,,,602,RNA-seq of total RNA,RNA,https://data.faang.org/api/fire_api/samples/INRA_SOP_FRAGENCODE_mRNA-seq_library_preparation_20210111.pdf,https://data.faang.org/api/fire_api/experiments/INRA_SOP_FRAGENCODE_RNA_extraction_20210111.pdf,,normal,https://data.faang.org/api/fire_api/samples/INRA_SOP_FRAGENCODE_mRNA-seq_library_preparation_20210111.pdf,https://data.faang.org/api/fire_api/samples/INRA_SOP_FRAGENCODE_mRNA-seq_library_preparation_20210111.pdf,2020-10-21,"GeT-PlaGe, 24 Chemin de Borde Rouge, 31326 Castanet-Tolosan France",43.5279,1.50072,specimen from organism,testis,lactation,https://data.faang.org/api/fire_api/samples/INRA_SOP_FRAGENCODE_mRNA-seq_library_preparation_20210111.pdf,FAANG,FAANG,mate 2 sense,9.1,https://data.faang.org/api/fire_api/samples/INRA_SOP_FRAGENCODE_mRNA-seq_library_preparation_20210111.pdf,https://data.faang.org/api/fire_api/samples/INRA_SOP_FRAGENCODE_mRNA-seq_library_preparation_20210111.pdf,2.1,2.16,,"frozen, -70 freezer",cryopreservation in liquid nitrogen (dead tissue),283.0,2020-11-17,"GeT-PlaGe, 24 Chemin de Borde Rouge, 31326 Castanet-Tolosan France",43.5279,1.50072,2015-05-13,https://data.faang.org/api/fire_api/samples/INRA_SOP_tissue_sampling_1a_20160721.pdf,submission of samples collected in the frame of the project Fr-AGENCODE,GSB-1756,Fr-AGENCODE main submission - part 1,,,,,,,,,,,,
ERR5100952,RNA-Seq,300,14109380700,SAMEA103989857,4291860992,"GeT-PlaGe, 24 Chemin de Borde Rouge, 31326 Castanet-Tolosan France",public,"sra,fastq,run.zq","ncbi,gs,s3","s3.us-east-1,ncbi.public,gs.us-east1",ERX4906716,Illumina NovaSeq 6000,PAIRED,PolyA,TRANSCRIPTOMIC,Bos taurus,ILLUMINA,2021-01-31T00:00:00Z,2021-02-03T18:53:00Z,1,SAMEA103989857,ERP126355,PRJEB42490,BTA-testis-4033_AGTACTCC-AACAGGTT,2021-01-15,2021-01-14,CRB165909,,,,,,,,,,,,,,,,,,,,,,,,,,,,,,,,,adult,,,,,539,RNA-seq of total RNA,RNA,https://data.faang.org/api/fire_api/samples/INRA_SOP_FRAGENCODE_mRNA-seq_library_preparation_20210111.pdf,https://data.faang.org/api/fire_api/experiments/INRA_SOP_FRAGENCODE_RNA_extraction_20210111.pdf,,normal,https://data.faang.org/api/fire_api/samples/INRA_SOP_FRAGENCODE_mRNA-seq_library_preparation_20210111.pdf,https://data.faang.org/api/fire_api/samples/INRA_SOP_FRAGENCODE_mRNA-seq_library_preparation_20210111.pdf,2020-10-21,"GeT-PlaGe, 24 Chemin de Borde Rouge, 31326 Castanet-Tolosan France",43.5279,1.50072,specimen from organism,testis,lactation,https://data.faang.org/api/fire_api/samples/INRA_SOP_FRAGENCODE_mRNA-seq_library_preparation_20210111.pdf,FAANG,FAANG,mate 2 sense,9.0,https://data.faang.org/api/fire_api/samples/INRA_SOP_FRAGENCODE_mRNA-seq_library_preparation_20210111.pdf,https://data.faang.org/api/fire_api/samples/INRA_SOP_FRAGENCODE_mRNA-seq_library_preparation_20210111.pdf,2.22,2.16,,"frozen, -70 freezer",cryopreservation in liquid nitrogen (dead tissue),283.0,2020-11-17,"GeT-PlaGe, 24 Chemin de Borde Rouge, 31326 Castanet-Tolosan France",43.5279,1.50072,2015-05-13,https://data.faang.org/api/fire_api/samples/INRA_SOP_tissue_sampling_1a_20160721.pdf,submission of samples collected in the frame of the project Fr-AGENCODE,GSB-1756,Fr-AGENCODE main submission - part 1,,,,,,,,,,,,
ERR5100953,RNA-Seq,300,13985601300,SAMEA103989857,4282757307,"GeT-PlaGe, 24 Chemin de Borde Rouge, 31326 Castanet-Tolosan France",public,"sra,run.zq,fastq","ncbi,s3,gs","s3.us-east-1,gs.us-east1,ncbi.public",ERX4906716,Illumina NovaSeq 6000,PAIRED,PolyA,TRANSCRIPTOMIC,Bos taurus,ILLUMINA,2021-01-31T00:00:00Z,2021-02-03T18:34:00Z,1,SAMEA103989857,ERP126355,PRJEB42490,BTA-testis-4033_AGTACTCC-AACAGGTT,2021-01-15,2021-01-14,CRB165909,,,,,,,,,,,,,,,,,,,,,,,,,,,,,,,,,adult,,,,,539,RNA-seq of total RNA,RNA,https://data.faang.org/api/fire_api/samples/INRA_SOP_FRAGENCODE_mRNA-seq_library_preparation_20210111.pdf,https://data.faang.org/api/fire_api/experiments/INRA_SOP_FRAGENCODE_RNA_extraction_20210111.pdf,,normal,https://data.faang.org/api/fire_api/samples/INRA_SOP_FRAGENCODE_mRNA-seq_library_preparation_20210111.pdf,https://data.faang.org/api/fire_api/samples/INRA_SOP_FRAGENCODE_mRNA-seq_library_preparation_20210111.pdf,2020-10-21,"GeT-PlaGe, 24 Chemin de Borde Rouge, 31326 Castanet-Tolosan France",43.5279,1.50072,specimen from organism,testis,lactation,https://data.faang.org/api/fire_api/samples/INRA_SOP_FRAGENCODE_mRNA-seq_library_preparation_20210111.pdf,FAANG,FAANG,mate 2 sense,9.0,https://data.faang.org/api/fire_api/samples/INRA_SOP_FRAGENCODE_mRNA-seq_library_preparation_20210111.pdf,https://data.faang.org/api/fire_api/samples/INRA_SOP_FRAGENCODE_mRNA-seq_library_preparation_20210111.pdf,2.22,2.16,,"frozen, -70 freezer",cryopreservation in liquid nitrogen (dead tissue),283.0,2020-11-17,"GeT-PlaGe, 24 Chemin de Borde Rouge, 31326 Castanet-Tolosan France",43.5279,1.50072,2015-05-13,https://data.faang.org/api/fire_api/samples/INRA_SOP_tissue_sampling_1a_20160721.pdf,submission of samples collected in the frame of the project Fr-AGENCODE,GSB-1756,Fr-AGENCODE main submission - part 1,,,,,,,,,,,,
ERR5100954,RNA-Seq,300,14025792600,SAMEA103989857,4322565214,"GeT-PlaGe, 24 Chemin de Borde Rouge, 31326 Castanet-Tolosan France",public,"sra,run.zq,fastq","s3,gs,ncbi","gs.us-east1,ncbi.public,s3.us-east-1",ERX4906716,Illumina NovaSeq 6000,PAIRED,PolyA,TRANSCRIPTOMIC,Bos taurus,ILLUMINA,2021-01-31T00:00:00Z,2021-02-03T18:44:00Z,1,SAMEA103989857,ERP126355,PRJEB42490,BTA-testis-4033_AGTACTCC-AACAGGTT,2021-01-15,2021-01-14,CRB165909,,,,,,,,,,,,,,,,,,,,,,,,,,,,,,,,,adult,,,,,539,RNA-seq of total RNA,RNA,https://data.faang.org/api/fire_api/samples/INRA_SOP_FRAGENCODE_mRNA-seq_library_preparation_20210111.pdf,https://data.faang.org/api/fire_api/experiments/INRA_SOP_FRAGENCODE_RNA_extraction_20210111.pdf,,normal,https://data.faang.org/api/fire_api/samples/INRA_SOP_FRAGENCODE_mRNA-seq_library_preparation_20210111.pdf,https://data.faang.org/api/fire_api/samples/INRA_SOP_FRAGENCODE_mRNA-seq_library_preparation_20210111.pdf,2020-10-21,"GeT-PlaGe, 24 Chemin de Borde Rouge, 31326 Castanet-Tolosan France",43.5279,1.50072,specimen from organism,testis,lactation,https://data.faang.org/api/fire_api/samples/INRA_SOP_FRAGENCODE_mRNA-seq_library_preparation_20210111.pdf,FAANG,FAANG,mate 2 sense,9.0,https://data.faang.org/api/fire_api/samples/INRA_SOP_FRAGENCODE_mRNA-seq_library_preparation_20210111.pdf,https://data.faang.org/api/fire_api/samples/INRA_SOP_FRAGENCODE_mRNA-seq_library_preparation_20210111.pdf,2.22,2.16,,"frozen, -70 freezer",cryopreservation in liquid nitrogen (dead tissue),283.0,2020-11-17,"GeT-PlaGe, 24 Chemin de Borde Rouge, 31326 Castanet-Tolosan France",43.5279,1.50072,2015-05-13,https://data.faang.org/api/fire_api/samples/INRA_SOP_tissue_sampling_1a_20160721.pdf,submission of samples collected in the frame of the project Fr-AGENCODE,GSB-1756,Fr-AGENCODE main submission - part 1,,,,,,,,,,,,
SRR16654362,MeDIP-Seq,300,10917034800,SAMN22813810,5312891463,"BUFFALO RESEARCH INSTITUTE, CHINESE ACADEMY OF AGRICULTURAL SCIENCES",public,"fastq,run.zq,sra","gs,s3,ncbi","ncbi.public,gs.us-east1,s3.us-east-1",SRX12855063,Illumina HiSeq 4000,PAIRED,cDNA,TRANSCRIPTOMIC,Bos taurus,ILLUMINA,2024-11-30T00:00:00Z,2021-11-01T00:53:00Z,1,TY2a_IP,SRP343947,PRJNA776655,TY2a_IP,,,,,,,,,,,,,,,,,,,,testis,Xia-Nan,male,Model organism or animal,,,2,postpuberty,replicate1,,Not applicable,Not applicable,Not applicable,Not applicable,,,,,,,,,,,,,,,,,,,,,,,,,,,,,,,,,,,,,,,,,,,,,,,,,,,,,,,,,
SRR16654363,MeDIP-Seq,300,11294575800,SAMN22813809,5465410695,"BUFFALO RESEARCH INSTITUTE, CHINESE ACADEMY OF AGRICULTURAL SCIENCES",public,"run.zq,sra,fastq","s3,gs,ncbi","gs.us-east1,s3.us-east-1,ncbi.public",SRX12855062,Illumina HiSeq 4000,PAIRED,cDNA,TRANSCRIPTOMIC,Bos taurus,ILLUMINA,2024-11-30T00:00:00Z,2021-11-01T00:43:00Z,1,TY1c_IP,SRP343947,PRJNA776655,TY1c_IP,,,,,,,,,,,,,,,,,,,,testis,Xia-Nan,male,Model organism or animal,,,1,puberty,replicate3,,Not applicable,Not applicable,Not applicable,Not applicable,,,,,,,,,,,,,,,,,,,,,,,,,,,,,,,,,,,,,,,,,,,,,,,,,,,,,,,,,
SRR16654364,MeDIP-Seq,300,13192505700,SAMN22813808,6380201650,"BUFFALO RESEARCH INSTITUTE, CHINESE ACADEMY OF AGRICULTURAL SCIENCES",public,"run.zq,sra,fastq","gs,s3,ncbi","gs.us-east1,s3.us-east-1,ncbi.public",SRX12855061,Illumina HiSeq 4000,PAIRED,cDNA,TRANSCRIPTOMIC,Bos taurus,ILLUMINA,2024-11-30T00:00:00Z,2021-11-01T01:04:00Z,1,TY1b_IP,SRP343947,PRJNA776655,TY1b_IP,,,,,,,,,,,,,,,,,,,,testis,Xia-Nan,male,Model organism or animal,,,1,puberty,replicate2,,Not applicable,Not applicable,Not applicable,Not applicable,,,,,,,,,,,,,,,,,,,,,,,,,,,,,,,,,,,,,,,,,,,,,,,,,,,,,,,,,
SRR16654365,MeDIP-Seq,300,12552875100,SAMN22813807,6058178973,"BUFFALO RESEARCH INSTITUTE, CHINESE ACADEMY OF AGRICULTURAL SCIENCES",public,"fastq,sra,run.zq","ncbi,gs,s3","ncbi.public,s3.us-east-1,gs.us-east1",SRX12855060,Illumina HiSeq 4000,PAIRED,cDNA,TRANSCRIPTOMIC,Bos taurus,ILLUMINA,2024-11-30T00:00:00Z,2021-11-01T01:00:00Z,1,TY1a_IP,SRP343947,PRJNA776655,TY1a_IP,,,,,,,,,,,,,,,,,,,,testis,Xia-Nan,male,Model organism or animal,,,1,puberty,replicate1,,Not applicable,Not applicable,Not applicable,Not applicable,,,,,,,,,,,,,,,,,,,,,,,,,,,,,,,,,,,,,,,,,,,,,,,,,,,,,,,,,
SRR16654366,MeDIP-Seq,300,11461570200,SAMN22813806,5537364135,"BUFFALO RESEARCH INSTITUTE, CHINESE ACADEMY OF AGRICULTURAL SCIENCES",public,"sra,run.zq,fastq","ncbi,gs,s3","ncbi.public,s3.us-east-1,gs.us-east1",SRX12855059,Illumina HiSeq 4000,PAIRED,cDNA,TRANSCRIPTOMIC,Bos taurus,ILLUMINA,2024-11-30T00:00:00Z,2021-11-01T00:44:00Z,1,TY0c_IP,SRP343947,PRJNA776655,TY0c_IP,,,,,,,,,,,,,,,,,,,,testis,Xia-Nan,male,Model organism or animal,,,0,prepuberty,replicate3,,Not applicable,Not applicable,Not applicable,Not applicable,,,,,,,,,,,,,,,,,,,,,,,,,,,,,,,,,,,,,,,,,,,,,,,,,,,,,,,,,
SRR16654367,RNA-Seq,300,12932420100,SAMN22813821,4176399655,"BUFFALO RESEARCH INSTITUTE, CHINESE ACADEMY OF AGRICULTURAL SCIENCES",public,"run.zq,sra,fastq","gs,s3,ncbi","gs.us-east1,ncbi.public,s3.us-east-1",SRX12855058,Illumina HiSeq 4000,PAIRED,cDNA,TRANSCRIPTOMIC,Bos taurus,ILLUMINA,2024-11-30T00:00:00Z,2021-11-01T01:51:00Z,1,TY2c_Input,SRP343947,PRJNA776655,TY2c_Input,,,,,,,,,,,,,,,,,,,,testis,Xia-Nan,male,Model organism or animal,,,2,postpuberty,biological replicate3,,Not applicable,Not applicable,Not applicable,Not applicable,,,,,,,,,,,,,,,,,,,,,,,,,,,,,,,,,,,,,,,,,,,,,,,,,,,,,,,,,
SRR16654368,RNA-Seq,300,14629343400,SAMN22813820,4723106105,"BUFFALO RESEARCH INSTITUTE, CHINESE ACADEMY OF AGRICULTURAL SCIENCES",public,"fastq,sra,run.zq","gs,s3,ncbi","gs.us-east1,ncbi.public,s3.us-east-1",SRX12855057,Illumina HiSeq 4000,PAIRED,cDNA,TRANSCRIPTOMIC,Bos taurus,ILLUMINA,2024-11-30T00:00:00Z,2021-11-01T00:42:00Z,1,TY2b_Input,SRP343947,PRJNA776655,TY2b_Input,,,,,,,,,,,,,,,,,,,,testis,Xia-Nan,male,Model organism or animal,,,2,postpuberty,biological replicate2,,Not applicable,Not applicable,Not applicable,Not applicable,,,,,,,,,,,,,,,,,,,,,,,,,,,,,,,,,,,,,,,,,,,,,,,,,,,,,,,,,
SRR16654369,RNA-Seq,300,11995320600,SAMN22813819,3886166582,"BUFFALO RESEARCH INSTITUTE, CHINESE ACADEMY OF AGRICULTURAL SCIENCES",public,"run.zq,fastq,sra","s3,ncbi,gs","gs.us-east1,s3.us-east-1,ncbi.public",SRX12855056,Illumina HiSeq 4000,PAIRED,cDNA,TRANSCRIPTOMIC,Bos taurus,ILLUMINA,2024-11-30T00:00:00Z,2021-11-01T00:45:00Z,1,TY2a_Input,SRP343947,PRJNA776655,TY2a_Input,,,,,,,,,,,,,,,,,,,,testis,Xia-Nan,male,Model organism or animal,,,2,postpuberty,biological replicate1,,Not applicable,Not applicable,Not applicable,Not applicable,,,,,,,,,,,,,,,,,,,,,,,,,,,,,,,,,,,,,,,,,,,,,,,,,,,,,,,,,
SRR16654370,RNA-Seq,300,12969934500,SAMN22813818,4197321409,"BUFFALO RESEARCH INSTITUTE, CHINESE ACADEMY OF AGRICULTURAL SCIENCES",public,"fastq,run.zq,sra","gs,ncbi,s3","ncbi.public,s3.us-east-1,gs.us-east1",SRX12855055,Illumina HiSeq 4000,PAIRED,cDNA,TRANSCRIPTOMIC,Bos taurus,ILLUMINA,2024-11-30T00:00:00Z,2021-11-01T00:57:00Z,1,TY1c_Input,SRP343947,PRJNA776655,TY1c_Input,,,,,,,,,,,,,,,,,,,,testis,Xia-Nan,male,Model organism or animal,,,1,puberty,biological replicate3,,Not applicable,Not applicable,Not applicable,Not applicable,,,,,,,,,,,,,,,,,,,,,,,,,,,,,,,,,,,,,,,,,,,,,,,,,,,,,,,,,
SRR16654374,RNA-Seq,300,12229522200,SAMN22813814,3907611460,"BUFFALO RESEARCH INSTITUTE, CHINESE ACADEMY OF AGRICULTURAL SCIENCES",public,"fastq,sra,run.zq","gs,ncbi,s3","s3.us-east-1,gs.us-east1,ncbi.public",SRX12855051,Illumina HiSeq 4000,PAIRED,cDNA,TRANSCRIPTOMIC,Bos taurus,ILLUMINA,2024-11-30T00:00:00Z,2021-11-01T00:55:00Z,1,TY0b_Input,SRP343947,PRJNA776655,TY0b_Input,,,,,,,,,,,,,,,,,,,,testis,Xia-Nan,male,Model organism or animal,,,0,prepuberty,biological replicate2,,Not applicable,Not applicable,Not applicable,Not applicable,,,,,,,,,,,,,,,,,,,,,,,,,,,,,,,,,,,,,,,,,,,,,,,,,,,,,,,,,
SRR16654375,MeDIP-Seq,300,14440070700,SAMN22813805,6982655527,"BUFFALO RESEARCH INSTITUTE, CHINESE ACADEMY OF AGRICULTURAL SCIENCES",public,"fastq,run.zq,sra","ncbi,gs,s3","s3.us-east-1,ncbi.public,gs.us-east1",SRX12855050,Illumina HiSeq 4000,PAIRED,cDNA,TRANSCRIPTOMIC,Bos taurus,ILLUMINA,2024-11-30T00:00:00Z,2021-11-01T01:28:00Z,1,TY0b_IP,SRP343947,PRJNA776655,TY0b_IP,,,,,,,,,,,,,,,,,,,,testis,Xia-Nan,male,Model organism or animal,,,0,prepuberty,replicate2,,Not applicable,Not applicable,Not applicable,Not applicable,,,,,,,,,,,,,,,,,,,,,,,,,,,,,,,,,,,,,,,,,,,,,,,,,,,,,,,,,
SRR16654376,MeDIP-Seq,300,12546988200,SAMN22813804,6093035343,"BUFFALO RESEARCH INSTITUTE, CHINESE ACADEMY OF AGRICULTURAL SCIENCES",public,"sra,run.zq,fastq","ncbi,s3,gs","gs.us-east1,s3.us-east-1,ncbi.public",SRX12855049,Illumina HiSeq 4000,PAIRED,cDNA,TRANSCRIPTOMIC,Bos taurus,ILLUMINA,2024-11-30T00:00:00Z,2021-11-01T01:52:00Z,1,TY0a_IP,SRP343947,PRJNA776655,TY0a_IP,,,,,,,,,,,,,,,,,,,,testis,Xia-Nan,male,Model organism or animal,,,0,prepuberty,replicate1,,Not applicable,Not applicable,Not applicable,Not applicable,,,,,,,,,,,,,,,,,,,,,,,,,,,,,,,,,,,,,,,,,,,,,,,,,,,,,,,,,
SRR18918511,RNA-Seq,298,6415747836,SAMN27769467,2049345727,"BUFFALO RESEARCH INSTITUTE, CHINESE ACADEMY OF AGRICULTURAL SCIENCES",public,"sra,run.zq,fastq","ncbi,gs,s3","gs.us-east1,ncbi.public,s3.us-east-1",SRX14996334,Illumina NovaSeq 6000,PAIRED,PCR,TRANSCRIPTOMIC,Bos taurus,ILLUMINA,2023-12-21T00:00:00Z,2022-04-26T01:22:00Z,1,T2C,SRP372216,PRJNA832033,TY2C,,,,,,,,,,,,,,,,,,,,testis,Simmental,male,Model organism or animal,,,two year old,Postpuberty,biological replicate 3,,,,,,,,,,,,,,,,,,,,,,,,,,,,,,,,,,,,,,,,,,,,,,,,,,,,,,,,,,,,,,
SRR18918512,RNA-Seq,296,6386768485,SAMN27769466,2042222430,"BUFFALO RESEARCH INSTITUTE, CHINESE ACADEMY OF AGRICULTURAL SCIENCES",public,"run.zq,sra,fastq","s3,ncbi,gs","s3.us-east-1,gs.us-east1,ncbi.public",SRX14996333,Illumina NovaSeq 6000,PAIRED,PCR,TRANSCRIPTOMIC,Bos taurus,ILLUMINA,2023-12-21T00:00:00Z,2022-04-26T01:43:00Z,1,T2B,SRP372216,PRJNA832033,TY2B,,,,,,,,,,,,,,,,,,,,testis,Simmental,male,Model organism or animal,,,two year old,Postpuberty,biological replicate 2,,,,,,,,,,,,,,,,,,,,,,,,,,,,,,,,,,,,,,,,,,,,,,,,,,,,,,,,,,,,,,
SRR18918513,RNA-Seq,296,6626288489,SAMN27769465,2133027685,"BUFFALO RESEARCH INSTITUTE, CHINESE ACADEMY OF AGRICULTURAL SCIENCES",public,"fastq,run.zq,sra","ncbi,s3,gs","gs.us-east1,s3.us-east-1,ncbi.public",SRX14996332,Illumina NovaSeq 6000,PAIRED,PCR,TRANSCRIPTOMIC,Bos taurus,ILLUMINA,2023-12-21T00:00:00Z,2022-04-26T01:20:00Z,1,T2A,SRP372216,PRJNA832033,TY2A,,,,,,,,,,,,,,,,,,,,testis,Simmental,male,Model organism or animal,,,two year old,Postpuberty,biological replicate 1,,,,,,,,,,,,,,,,,,,,,,,,,,,,,,,,,,,,,,,,,,,,,,,,,,,,,,,,,,,,,,
SRR18918514,RNA-Seq,294,6175487638,SAMN27769464,1961603530,"BUFFALO RESEARCH INSTITUTE, CHINESE ACADEMY OF AGRICULTURAL SCIENCES",public,"run.zq,fastq,sra","s3,ncbi,gs","gs.us-east1,s3.us-east-1,ncbi.public",SRX14996331,Illumina NovaSeq 6000,PAIRED,PCR,TRANSCRIPTOMIC,Bos taurus,ILLUMINA,2023-12-21T00:00:00Z,2022-04-26T01:19:00Z,1,T1C,SRP372216,PRJNA832033,TY1C,,,,,,,,,,,,,,,,,,,,testis,Simmental,male,Model organism or animal,,,one year old,Puberty,biological replicate 3,,,,,,,,,,,,,,,,,,,,,,,,,,,,,,,,,,,,,,,,,,,,,,,,,,,,,,,,,,,,,,
SRR18918515,RNA-Seq,296,6684515613,SAMN27769463,2117151392,"BUFFALO RESEARCH INSTITUTE, CHINESE ACADEMY OF AGRICULTURAL SCIENCES",public,"fastq,sra,run.zq","s3,ncbi,gs","gs.us-east1,ncbi.public,s3.us-east-1",SRX14996330,Illumina NovaSeq 6000,PAIRED,PCR,TRANSCRIPTOMIC,Bos taurus,ILLUMINA,2023-12-21T00:00:00Z,2022-04-26T01:19:00Z,1,T1B,SRP372216,PRJNA832033,TY1B,,,,,,,,,,,,,,,,,,,,testis,Simmental,male,Model organism or animal,,,one year old,Puberty,biological replicate 2,,,,,,,,,,,,,,,,,,,,,,,,,,,,,,,,,,,,,,,,,,,,,,,,,,,,,,,,,,,,,,
SRR18918516,RNA-Seq,296,6428270153,SAMN27769462,2052295384,"BUFFALO RESEARCH INSTITUTE, CHINESE ACADEMY OF AGRICULTURAL SCIENCES",public,"fastq,sra,run.zq","gs,ncbi,s3","ncbi.public,s3.us-east-1,gs.us-east1",SRX14996329,Illumina NovaSeq 6000,PAIRED,PCR,TRANSCRIPTOMIC,Bos taurus,ILLUMINA,2023-12-21T00:00:00Z,2022-04-26T01:19:00Z,1,T1A,SRP372216,PRJNA832033,TY1A,,,,,,,,,,,,,,,,,,,,testis,Simmental,male,Model organism or animal,,,one year old,Puberty,biological replicate 1,,,,,,,,,,,,,,,,,,,,,,,,,,,,,,,,,,,,,,,,,,,,,,,,,,,,,,,,,,,,,,
SRR18918517,RNA-Seq,297,6498203001,SAMN27769461,2077000496,"BUFFALO RESEARCH INSTITUTE, CHINESE ACADEMY OF AGRICULTURAL SCIENCES",public,"sra,fastq,run.zq","s3,ncbi,gs","ncbi.public,gs.us-east1,s3.us-east-1",SRX14996328,Illumina NovaSeq 6000,PAIRED,PCR,TRANSCRIPTOMIC,Bos taurus,ILLUMINA,2023-12-21T00:00:00Z,2022-04-26T01:23:00Z,1,T0C,SRP372216,PRJNA832033,TY0C,,,,,,,,,,,,,,,,,,,,testis,Simmental,male,Model organism or animal,,,at birth,Prepuberty,biological replicate 3,,,,,,,,,,,,,,,,,,,,,,,,,,,,,,,,,,,,,,,,,,,,,,,,,,,,,,,,,,,,,,
SRR18918518,RNA-Seq,296,6680150338,SAMN27769460,2129605158,"BUFFALO RESEARCH INSTITUTE, CHINESE ACADEMY OF AGRICULTURAL SCIENCES",public,"run.zq,sra,fastq","gs,ncbi,s3","ncbi.public,gs.us-east1,s3.us-east-1",SRX14996327,Illumina NovaSeq 6000,PAIRED,PCR,TRANSCRIPTOMIC,Bos taurus,ILLUMINA,2023-12-21T00:00:00Z,2022-04-26T01:30:00Z,1,T0B,SRP372216,PRJNA832033,TY0B,,,,,,,,,,,,,,,,,,,,testis,Simmental,male,Model organism or animal,,,at birth,Prepuberty,biological replicate 2,,,,,,,,,,,,,,,,,,,,,,,,,,,,,,,,,,,,,,,,,,,,,,,,,,,,,,,,,,,,,,
SRR18918519,RNA-Seq,296,6497238408,SAMN27769459,2076219524,"BUFFALO RESEARCH INSTITUTE, CHINESE ACADEMY OF AGRICULTURAL SCIENCES",public,"sra,run.zq,fastq","gs,s3,ncbi","gs.us-east1,ncbi.public,s3.us-east-1",SRX14996326,Illumina NovaSeq 6000,PAIRED,PCR,TRANSCRIPTOMIC,Bos taurus,ILLUMINA,2023-12-21T00:00:00Z,2022-04-26T01:23:00Z,1,T0A,SRP372216,PRJNA832033,TY0A,,,,,,,,,,,,,,,,,,,,testis,Simmental,male,Model organism or animal,,,at birth,Prepuberty,biological replicate 1,,,,,,,,,,,,,,,,,,,,,,,,,,,,,,,,,,,,,,,,,,,,,,,,,,,,,,,,,,,,,,
SRR16654359,RNA-Seq,300,11928132900,SAMN22813813,3778330309,"BUFFALO RESEARCH INSTITUTE, CHINESE ACADEMY OF AGRICULTURAL SCIENCES",public,"run.zq,fastq,sra","gs,s3,ncbi","s3.us-east-1,gs.us-east1,ncbi.public",SRX12855066,Illumina HiSeq 4000,PAIRED,cDNA,TRANSCRIPTOMIC,Bos taurus,ILLUMINA,2024-11-30T00:00:00Z,2021-11-01T00:59:00Z,1,TY0a_Input,SRP343947,PRJNA776655,TY0a_Input,,,,,,,,,,,,,,,,,,,,testis,Xia-Nan,male,Model organism or animal,,,0,prepuberty,biological replicate1,,Not applicable,Not applicable,Not applicable,Not applicable,,,,,,,,,,,,,,,,,,,,,,,,,,,,,,,,,,,,,,,,,,,,,,,,,,,,,,,,,
SRR16654360,MeDIP-Seq,300,11274245400,SAMN22813812,5415453508,"BUFFALO RESEARCH INSTITUTE, CHINESE ACADEMY OF AGRICULTURAL SCIENCES",public,"run.zq,sra,fastq","s3,ncbi,gs","s3.us-east-1,ncbi.public,gs.us-east1",SRX12855065,Illumina HiSeq 4000,PAIRED,cDNA,TRANSCRIPTOMIC,Bos taurus,ILLUMINA,2024-11-30T00:00:00Z,2021-11-01T01:17:00Z,1,TY2c_IP,SRP343947,PRJNA776655,TY2c_IP,,,,,,,,,,,,,,,,,,,,testis,Xia-Nan,male,Model organism or animal,,,2,postpuberty,replicate3,,Not applicable,Not applicable,Not applicable,Not applicable,,,,,,,,,,,,,,,,,,,,,,,,,,,,,,,,,,,,,,,,,,,,,,,,,,,,,,,,,
SRR16654361,MeDIP-Seq,300,12984181200,SAMN22813811,6230813321,"BUFFALO RESEARCH INSTITUTE, CHINESE ACADEMY OF AGRICULTURAL SCIENCES",public,"run.zq,sra,fastq","ncbi,gs,s3","ncbi.public,s3.us-east-1,gs.us-east1",SRX12855064,Illumina HiSeq 4000,PAIRED,cDNA,TRANSCRIPTOMIC,Bos taurus,ILLUMINA,2024-11-30T00:00:00Z,2021-11-01T00:55:00Z,1,TY2b_IP,SRP343947,PRJNA776655,TY2b_IP,,,,,,,,,,,,,,,,,,,,testis,Xia-Nan,male,Model organism or animal,,,2,postpuberty,replicate2,,Not applicable,Not applicable,Not applicable,Not applicable,,,,,,,,,,,,,,,,,,,,,,,,,,,,,,,,,,,,,,,,,,,,,,,,,,,,,,,,,
SRR16654371,RNA-Seq,300,12499296900,SAMN22813817,4059962739,"BUFFALO RESEARCH INSTITUTE, CHINESE ACADEMY OF AGRICULTURAL SCIENCES",public,"sra,fastq,run.zq","ncbi,gs,s3","s3.us-east-1,gs.us-east1,ncbi.public",SRX12855054,Illumina HiSeq 4000,PAIRED,cDNA,TRANSCRIPTOMIC,Bos taurus,ILLUMINA,2024-11-30T00:00:00Z,2021-11-01T00:56:00Z,1,TY1b_Input,SRP343947,PRJNA776655,TY1b_Input,,,,,,,,,,,,,,,,,,,,testis,Xia-Nan,male,Model organism or animal,,,1,puberty,biological replicate2,,Not applicable,Not applicable,Not applicable,Not applicable,,,,,,,,,,,,,,,,,,,,,,,,,,,,,,,,,,,,,,,,,,,,,,,,,,,,,,,,,
SRR16654372,RNA-Seq,300,13648395900,SAMN22813816,4400126783,"BUFFALO RESEARCH INSTITUTE, CHINESE ACADEMY OF AGRICULTURAL SCIENCES",public,"fastq,run.zq,sra","ncbi,gs,s3","ncbi.public,s3.us-east-1,gs.us-east1",SRX12855053,Illumina HiSeq 4000,PAIRED,cDNA,TRANSCRIPTOMIC,Bos taurus,ILLUMINA,2024-11-30T00:00:00Z,2021-11-01T00:49:00Z,1,TY1a_Input,SRP343947,PRJNA776655,TY1a_Input,,,,,,,,,,,,,,,,,,,,testis,Xia-Nan,male,Model organism or animal,,,1,puberty,biological replicate1,,Not applicable,Not applicable,Not applicable,Not applicable,,,,,,,,,,,,,,,,,,,,,,,,,,,,,,,,,,,,,,,,,,,,,,,,,,,,,,,,,
SRR16654373,RNA-Seq,300,10614617100,SAMN22813815,3457379132,"BUFFALO RESEARCH INSTITUTE, CHINESE ACADEMY OF AGRICULTURAL SCIENCES",public,"sra,run.zq,fastq","ncbi,gs,s3","s3.us-east-1,gs.us-east1,ncbi.public",SRX12855052,Illumina HiSeq 4000,PAIRED,cDNA,TRANSCRIPTOMIC,Bos taurus,ILLUMINA,2024-11-30T00:00:00Z,2021-11-01T01:26:00Z,1,TY0c_Input,SRP343947,PRJNA776655,TY0c_Input,,,,,,,,,,,,,,,,,,,,testis,Xia-Nan,male,Model organism or animal,,,0,prepuberty,biological replicate3,,Not applicable,Not applicable,Not applicable,Not applicable,,,,,,,,,,,,,,,,,,,,,,,,,,,,,,,,,,,,,,,,,,,,,,,,,,,,,,,,,
ERR11169752,RNA-Seq,302,41265954064,SAMEA112843208,12635047575,ETH ZURICH,public,"sra,run.zq,fastq","s3,ncbi,gs","s3.us-east-1,ncbi.public,gs.us-east1",ERX10603279,Illumina NovaSeq 6000,PAIRED,RANDOM,TRANSCRIPTOMIC,Bos taurus,ILLUMINA,2023-03-31T00:00:00Z,2023-07-22T19:30:00Z,1,SAMEA112843208,ERP146033,PRJEB60952,,2023-03-30,2023-03-30,HOL_2023,cattle,SAMEA112843208,ETH ZURICH,2023-03-30T12:21:54Z,2023-03-30T12:21:54Z,public,HOL_2023,ETH ZURICH,testis,2023-03-30,2023-03-30,,,,Bos taurus,,,,,,,,,,,,,,,,,,,,,,,,,,,,,,,,,,,,,,,,,,,,,,,,,,,,,,,,,,,,,,,,,,,,,,,,
SRR19661982,RNA-Seq,132,51408388812,SAMN29068903,24187511989,"OATLEY LAB, SCHOOL OF MOLECULAR BIOSCIENCES, WASHINGTON STATE UNIVERSITY",public,"run.zq,fastq,sra","s3,gs,ncbi","gs.us-east1,s3.us-east-1,ncbi.public",SRX15711663,Illumina HiSeq 4000,PAIRED,cDNA,TRANSCRIPTOMIC,Bos taurus,ILLUMINA,2023-03-06T00:00:00Z,2022-06-15T16:29:00Z,1,GSM6245147,SRP381856,PRJNA849507,GSM6245147,,,,,,,,,,,,Total testicular cells,,,,,,,,Testis,Holstein,,,,,4.5 months old,,,,,,,,,Testis,,,,,,,,,,,,,,,,,,,,,,,,,,,,,,,,,,,,,,,,,,,,,,,,,,,,,,,
SRR19661983,RNA-Seq,134,49850344330,SAMN29068906,24045583705,"OATLEY LAB, SCHOOL OF MOLECULAR BIOSCIENCES, WASHINGTON STATE UNIVERSITY",public,"sra,fastq,run.zq","gs,s3,ncbi","gs.us-east1,s3.us-east-1,ncbi.public",SRX15711662,Illumina HiSeq 4000,PAIRED,cDNA,TRANSCRIPTOMIC,Bos taurus,ILLUMINA,2023-03-06T00:00:00Z,2022-06-15T15:44:00Z,1,GSM6245146,SRP381856,PRJNA849507,GSM6245146,,,,,,,,,,,,Total testicular cells,,,,,,,,Testis,Holstein,,,,,4.5 months old,,,,,,,,,Testis,,,,,,,,,,,,,,,,,,,,,,,,,,,,,,,,,,,,,,,,,,,,,,,,,,,,,,,
SRR19661984,RNA-Seq,132,47842152204,SAMN29068910,23242485515,"OATLEY LAB, SCHOOL OF MOLECULAR BIOSCIENCES, WASHINGTON STATE UNIVERSITY",public,"sra,run.zq,fastq","ncbi,gs,s3","gs.us-east1,ncbi.public,s3.us-east-1",SRX15711661,Illumina HiSeq 4000,PAIRED,cDNA,TRANSCRIPTOMIC,Bos taurus,ILLUMINA,2023-03-06T00:00:00Z,2022-06-15T15:11:00Z,1,GSM6245145,SRP381856,PRJNA849507,GSM6245145,,,,,,,,,,,,Total testicular cells,,,,,,,,Testis,Holstein,,,,,4.5 months old,,,,,,,,,Testis,,,,,,,,,,,,,,,,,,,,,,,,,,,,,,,,,,,,,,,,,,,,,,,,,,,,,,,
SRR20334286,RNA-Seq,282,6348791489,SAMN29853914,2101088117,"LANZHOU INSTITUTE OF HUSBANDRY AND PHARMACEUTICAL SCIENCES, CHINESE ACADEMY OF AGRICULTURAL SCIENCES",public,"fastq,sra,run.zq","s3,gs,ncbi","gs.us-east1,s3.us-east-1,ncbi.public",SRX16367376,Illumina HiSeq 2500,PAIRED,cDNA,TRANSCRIPTOMIC,Bos grunniens x Bos taurus,ILLUMINA,2022-07-23T00:00:00Z,2022-07-20T18:02:00Z,1,GSM6364334,SRP387310,PRJNA860618,GSM6364334,,,,,,,,,,,,,,,,,,,,testis,Gannan x Jersey,male,,,,4 years,,,,,,,,,testis,,,,,,,,,,,,,,,,,,,,,,,,,,,,,,,,,,,,,,,,,,,,,,,,,,,,,,,
SRR20334287,RNA-Seq,281,6477907536,SAMN29853915,2147545804,"LANZHOU INSTITUTE OF HUSBANDRY AND PHARMACEUTICAL SCIENCES, CHINESE ACADEMY OF AGRICULTURAL SCIENCES",public,"sra,fastq,run.zq","ncbi,s3,gs","ncbi.public,gs.us-east1,s3.us-east-1",SRX16367375,Illumina HiSeq 2500,PAIRED,cDNA,TRANSCRIPTOMIC,Bos grunniens x Bos taurus,ILLUMINA,2022-07-23T00:00:00Z,2022-07-20T18:04:00Z,1,GSM6364333,SRP387310,PRJNA860618,GSM6364333,,,,,,,,,,,,,,,,,,,,testis,Gannan x Jersey,male,,,,4 years,,,,,,,,,testis,,,,,,,,,,,,,,,,,,,,,,,,,,,,,,,,,,,,,,,,,,,,,,,,,,,,,,,
SRR20334288,RNA-Seq,281,6536795588,SAMN29853916,2158440089,"LANZHOU INSTITUTE OF HUSBANDRY AND PHARMACEUTICAL SCIENCES, CHINESE ACADEMY OF AGRICULTURAL SCIENCES",public,"run.zq,sra,fastq","gs,s3,ncbi","gs.us-east1,ncbi.public,s3.us-east-1",SRX16367374,Illumina HiSeq 2500,PAIRED,cDNA,TRANSCRIPTOMIC,Bos grunniens x Bos taurus,ILLUMINA,2022-07-23T00:00:00Z,2022-07-20T18:07:00Z,1,GSM6364332,SRP387310,PRJNA860618,GSM6364332,,,,,,,,,,,,,,,,,,,,testis,Gannan x Jersey,male,,,,4 years,,,,,,,,,testis,,,,,,,,,,,,,,,,,,,,,,,,,,,,,,,,,,,,,,,,,,,,,,,,,,,,,,,
SRR27841605,RNA-Seq,300,15090635100,SAMN39736379,6332977543,"LANZHOU INSTITUTE OF HUSBANDRY AND PHARMACEUTICAL SCIENCES, CHINESE ACADEMY OF AGRICULTURAL SCIENCES",public,"run.zq,fastq,sra","ncbi,s3,gs","gs.us-east1,ncbi.public,s3.us-east-1",SRX23504883,Illumina HiSeq 2500,PAIRED,cDNA,TRANSCRIPTOMIC,Bos grunniens x Bos taurus,ILLUMINA,2024-02-06T00:00:00Z,2024-02-01T21:00:00Z,1,GSM8059813,SRP487561,PRJNA1072142,GSM8059813,,,,,,,,,,,,,,,missing,uncalculated,uncalculated,,,testis,,,,,,,,,missing,,,,,,testis,,,Four years old,,,,,,,,,,,,,,,,,,,,,,,,,,,,,,,,,,,,,,,,,,,,,,,,,,,,
SRR27841606,RNA-Seq,300,13937777100,SAMN39736380,5903957082,"LANZHOU INSTITUTE OF HUSBANDRY AND PHARMACEUTICAL SCIENCES, CHINESE ACADEMY OF AGRICULTURAL SCIENCES",public,"fastq,run.zq,sra","ncbi,s3,gs","s3.us-east-1,gs.us-east1,ncbi.public",SRX23504882,Illumina HiSeq 2500,PAIRED,cDNA,TRANSCRIPTOMIC,Bos grunniens x Bos taurus,ILLUMINA,2024-02-06T00:00:00Z,2024-02-01T21:40:00Z,1,GSM8059812,SRP487561,PRJNA1072142,GSM8059812,,,,,,,,,,,,,,,missing,uncalculated,uncalculated,,,testis,,,,,,,,,missing,,,,,,testis,,,Four years old,,,,,,,,,,,,,,,,,,,,,,,,,,,,,,,,,,,,,,,,,,,,,,,,,,,,
SRR27841607,RNA-Seq,300,15665992200,SAMN39736381,6610656183,"LANZHOU INSTITUTE OF HUSBANDRY AND PHARMACEUTICAL SCIENCES, CHINESE ACADEMY OF AGRICULTURAL SCIENCES",public,"fastq,run.zq,sra","ncbi,s3,gs","ncbi.public,gs.us-east1,s3.us-east-1",SRX23504881,Illumina HiSeq 2500,PAIRED,cDNA,TRANSCRIPTOMIC,Bos grunniens x Bos taurus,ILLUMINA,2024-02-06T00:00:00Z,2024-02-01T21:01:00Z,1,GSM8059811,SRP487561,PRJNA1072142,GSM8059811,,,,,,,,,,,,,,,missing,uncalculated,uncalculated,,,testis,,,,,,,,,missing,,,,,,testis,,,Four years old,,,,,,,,,,,,,,,,,,,,,,,,,,,,,,,,,,,,,,,,,,,,,,,,,,,,
SRR27841608,RNA-Seq,300,12891672900,SAMN39736382,5462085808,"LANZHOU INSTITUTE OF HUSBANDRY AND PHARMACEUTICAL SCIENCES, CHINESE ACADEMY OF AGRICULTURAL SCIENCES",public,"run.zq,sra,fastq","s3,gs,ncbi","gs.us-east1,s3.us-east-1,ncbi.public",SRX23504880,Illumina HiSeq 2500,PAIRED,cDNA,TRANSCRIPTOMIC,Bos taurus,ILLUMINA,2024-02-06T00:00:00Z,2024-02-01T21:03:00Z,1,GSM8059810,SRP487561,PRJNA1072142,GSM8059810,,,,,,,,,,,,,,,missing,uncalculated,uncalculated,,,testis,,,,,,,,,missing,,,,,,testis,,,Four years old,,,,,,,,,,,,,,,,,,,,,,,,,,,,,,,,,,,,,,,,,,,,,,,,,,,,
SRR27841609,RNA-Seq,300,12487307700,SAMN39736383,5113446125,"LANZHOU INSTITUTE OF HUSBANDRY AND PHARMACEUTICAL SCIENCES, CHINESE ACADEMY OF AGRICULTURAL SCIENCES",public,"sra,run.zq,fastq","ncbi,gs,s3","s3.us-east-1,ncbi.public,gs.us-east1",SRX23504879,Illumina HiSeq 2500,PAIRED,cDNA,TRANSCRIPTOMIC,Bos taurus,ILLUMINA,2024-02-06T00:00:00Z,2024-02-01T21:03:00Z,1,GSM8059809,SRP487561,PRJNA1072142,GSM8059809,,,,,,,,,,,,,,,missing,uncalculated,uncalculated,,,testis,,,,,,,,,missing,,,,,,testis,,,Four years old,,,,,,,,,,,,,,,,,,,,,,,,,,,,,,,,,,,,,,,,,,,,,,,,,,,,
SRR27841610,RNA-Seq,300,13267802700,SAMN39736384,5585575868,"LANZHOU INSTITUTE OF HUSBANDRY AND PHARMACEUTICAL SCIENCES, CHINESE ACADEMY OF AGRICULTURAL SCIENCES",public,"fastq,run.zq,sra","ncbi,gs,s3","s3.us-east-1,ncbi.public,gs.us-east1",SRX23504878,Illumina HiSeq 2500,PAIRED,cDNA,TRANSCRIPTOMIC,Bos taurus,ILLUMINA,2024-02-06T00:00:00Z,2024-02-01T21:05:00Z,1,GSM8059808,SRP487561,PRJNA1072142,GSM8059808,,,,,,,,,,,,,,,missing,uncalculated,uncalculated,,,testis,,,,,,,,,missing,,,,,,testis,,,Four years old,,,,,,,,,,,,,,,,,,,,,,,,,,,,,,,,,,,,,,,,,,,,,,,,,,,,
SRR29438714,OTHER,300,34713475800,SAMN41879462,11780581727,"LANZHOU INSTITUTE OF HUSBANDRY AND PHARMACEUTICAL SCIENCES, CHINESE ACADEMY OF AGRICULTURAL SCIENCES",public,"sra,run.zq,fastq","ncbi,gs,s3","ncbi.public,gs.us-east1,s3.us-east-1",SRX24951262,HiSeq X Ten,PAIRED,other,TRANSCRIPTOMIC,Bos grunniens x Bos taurus,ILLUMINA,2024-08-30T00:00:00Z,2024-06-17T18:17:00Z,1,GSM8333831,SRP514394,PRJNA1124923,GSM8333831,,,,,,,,,,,,,,,missing,uncalculated,uncalculated,,,testis,,,,,,,,,missing,,,,,,cattle-yak,sexual maturity,,,,,,,,,,,,,,,,,,,,,,,,,,,,,,,,,,,,,,,,,,,,,,,,,,,,,,
SRR29438715,OTHER,300,33509258400,SAMN41879463,11020128958,"LANZHOU INSTITUTE OF HUSBANDRY AND PHARMACEUTICAL SCIENCES, CHINESE ACADEMY OF AGRICULTURAL SCIENCES",public,"fastq,sra,run.zq","gs,ncbi,s3","s3.us-east-1,gs.us-east1,ncbi.public",SRX24951261,HiSeq X Ten,PAIRED,other,TRANSCRIPTOMIC,Bos grunniens x Bos taurus,ILLUMINA,2024-08-30T00:00:00Z,2024-06-17T18:21:00Z,1,GSM8333830,SRP514394,PRJNA1124923,GSM8333830,,,,,,,,,,,,,,,missing,uncalculated,uncalculated,,,testis,,,,,,,,,missing,,,,,,cattle-yak,sexual maturity,,,,,,,,,,,,,,,,,,,,,,,,,,,,,,,,,,,,,,,,,,,,,,,,,,,,,,
SRR29438716,OTHER,300,40026193500,SAMN41879464,13273636849,"LANZHOU INSTITUTE OF HUSBANDRY AND PHARMACEUTICAL SCIENCES, CHINESE ACADEMY OF AGRICULTURAL SCIENCES",public,"fastq,run.zq,sra","s3,gs,ncbi","gs.us-east1,ncbi.public,s3.us-east-1",SRX24951260,HiSeq X Ten,PAIRED,other,TRANSCRIPTOMIC,Bos grunniens x Bos taurus,ILLUMINA,2024-08-30T00:00:00Z,2024-06-17T18:26:00Z,1,GSM8333829,SRP514394,PRJNA1124923,GSM8333829,,,,,,,,,,,,,,,missing,uncalculated,uncalculated,,,testis,,,,,,,,,missing,,,,,,cattle-yak,sexual maturity,,,,,,,,,,,,,,,,,,,,,,,,,,,,,,,,,,,,,,,,,,,,,,,,,,,,,,
DRR820274,RNA-Seq,300,8081890500,SAMD01747346,3029744969,"JIANGSU COLLABORATIVE INNOVATION CENTER FOR SOLID ",public,"run.zq,sra","gs,s3,ncbi","s3.us-east-1,ncbi.public,gs.us-east1",DRX798690,Illumina HiSeq 1500,PAIRED,cDNA,TRANSCRIPTOMIC,Bos taurus,ILLUMINA,2025-12-06T00:00:00Z,2025-12-07T08:32:00Z,1,SAMD01747346,DRP015613,PRJDB31688,missing,,,SAMC5649341_Cattle2_Testis,,,,,,,,,,,,missing: data agreement established pre-2023,uncalculated,uncalculated,,,Testis,missing,male,,,,missing,adult,,missing: data agreement established pre-2023,missing,missing,missing,missing,"Institute of Animal Science\, Chinese Academy of Agricultural Sciences",,,,,,,,,,,,,,,,,,,,,,,,,,,,,,,,,,,,,,,,,,,,,PRJCA026847,2025-07-21T00:00:00Z,2025-07-21T00:00:00Z,2025-07-15T00:00:00Z,SAMC5649341,2025-07-17,2025-07-17,,,,,
DRR820275,RNA-Seq,300,7473444000,SAMD01747347,2804479213,"JIANGSU COLLABORATIVE INNOVATION CENTER FOR SOLID ",public,"sra,run.zq","ncbi,gs,s3","gs.us-east1,s3.us-east-1,ncbi.public",DRX798691,Illumina HiSeq 1500,PAIRED,cDNA,TRANSCRIPTOMIC,Bos taurus,ILLUMINA,2025-12-06T00:00:00Z,2025-12-07T09:28:00Z,1,SAMD01747347,DRP015613,PRJDB31688,missing,,,SAMC5649342_Cattle3_Testis,,,,,,,,,,,,missing: data agreement established pre-2023,uncalculated,uncalculated,,,Testis,missing,male,,,,missing,adult,,missing: data agreement established pre-2023,missing,missing,missing,missing,"Institute of Animal Science\, Chinese Academy of Agricultural Sciences",,,,,,,,,,,,,,,,,,,,,,,,,,,,,,,,,,,,,,,,,,,,,PRJCA026847,2025-07-21T00:00:00Z,2025-07-21T00:00:00Z,2025-07-15T00:00:00Z,SAMC5649342,2025-07-17,2025-07-17,,,,,
DRR820276,RNA-Seq,300,8419039800,SAMD01747348,3253950828,"JIANGSU COLLABORATIVE INNOVATION CENTER FOR SOLID ",public,"run.zq,sra","gs,s3,ncbi","s3.us-east-1,gs.us-east1,ncbi.public",DRX798692,Illumina HiSeq 1500,PAIRED,cDNA,TRANSCRIPTOMIC,Bos taurus,ILLUMINA,2025-12-06T00:00:00Z,2025-12-07T09:32:00Z,1,SAMD01747348,DRP015613,PRJDB31688,missing,,,SAMC5649343_Cattle5_Testis,,,,,,,,,,,,missing: data agreement established pre-2023,uncalculated,uncalculated,,,Testis,missing,male,,,,missing,adult,,missing: data agreement established pre-2023,missing,missing,missing,missing,"Institute of Animal Science\, Chinese Academy of Agricultural Sciences",,,,,,,,,,,,,,,,,,,,,,,,,,,,,,,,,,,,,,,,,,,,,PRJCA026847,2025-07-21T00:00:00Z,2025-07-21T00:00:00Z,2025-07-15T00:00:00Z,SAMC5649343,2025-07-17,2025-07-17,,,,,
SRR36969080,RNA-Seq,300,5761480500,SAMN54882220,1927506489,QINGDAO AGRICULTURAL UNIVERSITY,public,"run.zq,fastq,sra","s3,gs,ncbi","gs.us-east1,ncbi.public,s3.us-east-1",SRX31922259,Illumina NovaSeq 6000,PAIRED,other,TRANSCRIPTOMIC,Bos taurus,ILLUMINA,2026-01-24T00:00:00Z,2026-01-24T03:07:00Z,1,G01994,SRP666055,PRJNA1413532,G01994,,,,,,,,,,,,,,,2023,China,Asia,,,testis,blcattle black cattle,male,Model organism or animal,,,,12 months,,China:shangdong,,,,,,,,,,G01994,,,,,,,,,,,,,,,,,,,,,,,,,,,,,,,,,,,,,,,,,,,,,,,,,,,
SRR36969081,RNA-Seq,300,7063662600,SAMN54882219,2341371817,QINGDAO AGRICULTURAL UNIVERSITY,public,"run.zq,fastq,sra","gs,ncbi,s3","s3.us-east-1,gs.us-east1,ncbi.public",SRX31922258,Illumina NovaSeq 6000,PAIRED,other,TRANSCRIPTOMIC,Bos taurus,ILLUMINA,2026-01-24T00:00:00Z,2026-01-24T03:08:00Z,1,G06650,SRP666055,PRJNA1413532,G06650,,,,,,,,,,,,,,,2023,China,Asia,,,testis,blcattle black cattle,male,Model organism or animal,,,,12 months,,China:shangdong,,,,,,,,,,G06650,,,,,,,,,,,,,,,,,,,,,,,,,,,,,,,,,,,,,,,,,,,,,,,,,,,
SRR36969082,RNA-Seq,300,5548936500,SAMN54882218,1830768140,QINGDAO AGRICULTURAL UNIVERSITY,public,"sra,fastq,run.zq","gs,s3,ncbi","s3.us-east-1,ncbi.public,gs.us-east1",SRX31922257,Illumina NovaSeq 6000,PAIRED,other,TRANSCRIPTOMIC,Bos taurus,ILLUMINA,2026-01-24T00:00:00Z,2026-01-24T03:06:00Z,1,G01957,SRP666055,PRJNA1413532,G01957,,,,,,,,,,,,,,,2023,China,Asia,,,testis,blcattle black cattle,male,Model organism or animal,,,,12 months,,China:shangdong,,,,,,,,,,G01957,,,,,,,,,,,,,,,,,,,,,,,,,,,,,,,,,,,,,,,,,,,,,,,,,,,
SRR36969083,RNA-Seq,300,5431786200,SAMN54882217,1832493878,QINGDAO AGRICULTURAL UNIVERSITY,public,"fastq,sra,run.zq","ncbi,gs,s3","gs.us-east1,s3.us-east-1,ncbi.public",SRX31922256,Illumina NovaSeq 6000,PAIRED,other,TRANSCRIPTOMIC,Bos taurus,ILLUMINA,2026-01-24T00:00:00Z,2026-01-24T03:06:00Z,1,G06649,SRP666055,PRJNA1413532,G06649,,,,,,,,,,,,,,,2023,China,Asia,,,testis,blcattle black cattle,male,Model organism or animal,,,,12 months,,China:shangdong,,,,,,,,,,G06649,,,,,,,,,,,,,,,,,,,,,,,,,,,,,,,,,,,,,,,,,,,,,,,,,,,
SRR36969084,RNA-Seq,300,6573274200,SAMN54882216,2179740332,QINGDAO AGRICULTURAL UNIVERSITY,public,"run.zq,fastq,sra","ncbi,s3,gs","gs.us-east1,s3.us-east-1,ncbi.public",SRX31922255,Illumina NovaSeq 6000,PAIRED,other,TRANSCRIPTOMIC,Bos taurus,ILLUMINA,2026-01-24T00:00:00Z,2026-01-24T03:08:00Z,1,G06970,SRP666055,PRJNA1413532,G06970,,,,,,,,,,,,,,,2023,China,Asia,,,testis,blcattle black cattle,male,Model organism or animal,,,,12 months,,China:shangdong,,,,,,,,,,G06970,,,,,,,,,,,,,,,,,,,,,,,,,,,,,,,,,,,,,,,,,,,,,,,,,,,
SRR36969085,RNA-Seq,300,6839844900,SAMN54882215,2303574535,QINGDAO AGRICULTURAL UNIVERSITY,public,"run.zq,fastq,sra","ncbi,gs,s3","s3.us-east-1,ncbi.public,gs.us-east1",SRX31922254,Illumina NovaSeq 6000,PAIRED,other,TRANSCRIPTOMIC,Bos taurus,ILLUMINA,2026-01-24T00:00:00Z,2026-01-24T03:07:00Z,1,G01970,SRP666055,PRJNA1413532,G01970,,,,,,,,,,,,,,,2023,China,Asia,,,testis,blcattle black cattle,male,Model organism or animal,,,,12 months,,China:shangdong,,,,,,,,,,G01970,,,,,,,,,,,,,,,,,,,,,,,,,,,,,,,,,,,,,,,,,,,,,,,,,,,
SRR36969086,RNA-Seq,300,5812880700,SAMN54882214,1971156863,QINGDAO AGRICULTURAL UNIVERSITY,public,"sra,run.zq,fastq","gs,s3,ncbi","gs.us-east1,s3.us-east-1,ncbi.public",SRX31922253,Illumina NovaSeq 6000,PAIRED,other,TRANSCRIPTOMIC,Bos taurus,ILLUMINA,2026-01-24T00:00:00Z,2026-01-24T03:05:00Z,1,G01987,SRP666055,PRJNA1413532,G01987,,,,,,,,,,,,,,,2023,China,Asia,,,testis,blcattle black cattle,male,Model organism or animal,,,,12 months,,China:shangdong,,,,,,,,,,G01987,,,,,,,,,,,,,,,,,,,,,,,,,,,,,,,,,,,,,,,,,,,,,,,,,,,
SRR36969087,RNA-Seq,300,5585377200,SAMN54882213,1855400852,QINGDAO AGRICULTURAL UNIVERSITY,public,"sra,fastq,run.zq","s3,ncbi,gs","ncbi.public,s3.us-east-1,gs.us-east1",SRX31922252,Illumina NovaSeq 6000,PAIRED,other,TRANSCRIPTOMIC,Bos taurus,ILLUMINA,2026-01-24T00:00:00Z,2026-01-24T03:06:00Z,1,G06733,SRP666055,PRJNA1413532,G06733,,,,,,,,,,,,,,,2023,China,Asia,,,testis,blcattle black cattle,male,Model organism or animal,,,,12 months,,China:shangdong,,,,,,,,,,G06733,,,,,,,,,,,,,,,,,,,,,,,,,,,,,,,,,,,,,,,,,,,,,,,,,,,
SRR36969088,RNA-Seq,300,7026974100,SAMN54882212,2371886520,QINGDAO AGRICULTURAL UNIVERSITY,public,"run.zq,fastq,sra","s3,ncbi,gs","gs.us-east1,s3.us-east-1,ncbi.public",SRX31922251,Illumina NovaSeq 6000,PAIRED,other,TRANSCRIPTOMIC,Bos taurus,ILLUMINA,2026-01-24T00:00:00Z,2026-01-24T03:08:00Z,1,G01977,SRP666055,PRJNA1413532,G01977,,,,,,,,,,,,,,,2023,China,Asia,,,testis,blcattle black cattle,male,Model organism or animal,,,,12 months,,China:shangdong,,,,,,,,,,G01977,,,,,,,,,,,,,,,,,,,,,,,,,,,,,,,,,,,,,,,,,,,,,,,,,,,
SRR36969089,RNA-Seq,300,5515761000,SAMN54882211,1830985639,QINGDAO AGRICULTURAL UNIVERSITY,public,"run.zq,sra,fastq","s3,gs,ncbi","ncbi.public,gs.us-east1,s3.us-east-1",SRX31922250,Illumina NovaSeq 6000,PAIRED,other,TRANSCRIPTOMIC,Bos taurus,ILLUMINA,2026-01-24T00:00:00Z,2026-01-24T03:06:00Z,1,GO1952,SRP666055,PRJNA1413532,GO1952,,,,,,,,,,,,,,,2023,China,Asia,,,testis,blcattle black cattle,male,Model organism or animal,,,,12 months,,China:shangdong,,,,,,,,,,GO1952,,,,,,,,,,,,,,,,,,,,,,,,,,,,,,,,,,,,,,,,,,,,,,,,,,,
