Run,AGE,Assay Type,AvgSpotLen,Bases,BioProject,BioSample,Broker_name,Bytes,Center Name,common_name,Consent,DATASTORE filetype,DATASTORE provider,DATASTORE region,Developmental_stage,ENA-FIRST-PUBLIC (run),ENA-FIRST-PUBLIC,ENA-LAST-UPDATE (run),ENA-LAST-UPDATE,Experiment,Experimental_Factor:_developmental_stage (exp),Experimental_Factor:_organism_part (exp),external_id,genotype,INSDC_center_name,INSDC_first_public,INSDC_last_update,INSDC_status,Instrument,Library Name,LibraryLayout,LibrarySelection,LibrarySource,Organism_part,Organism,Platform,ReleaseDate,create_date,version,Sample Name,Sample_name,Scientific_Name,sex,SRA Study,strain,Submitter_Id
ERR2576379,10,RNA-Seq,101,3509162786,PRJEB26695,SAMEA4659245,ArrayExpress,2324187851,Lausanne Genomics Technology Facility,chicken,public,"fastq,run.zq,sra","ena,gs,ncbi,s3","ena,gs.us-east1,ncbi.public,s3.us-east-1",embryo,2019-02-18,2018-12-29T17:01:47Z,2018-11-16,2018-05-11T10:57:44Z,ERX2593372,embryonic day 10,brain,SAMEA4659245,wild type genotype,University of Heidelberg,2018-12-29T17:01:47Z,2018-05-11T10:57:44Z,public,Illumina HiSeq 2500,1349sTS.Chicken.Brain.10.Female_s,SINGLE,PolyA,TRANSCRIPTOMIC,brain,Gallus gallus,ILLUMINA,2019-02-19T00:00:00Z,2021-10-25T02:10:00Z,2,SAMEA4659245,E-MTAB-6769:1349sTS.Chicken.Brain.10.Female,Gallus gallus,female,ERP108704,Red Junglefowl,E-MTAB-6769:1349sTS.Chicken.Brain.10.Female
ERR2576380,10,RNA-Seq,101,2253495941,PRJEB26695,SAMEA4659246,ArrayExpress,1356552859,Lausanne Genomics Technology Facility,chicken,public,"fastq,run.zq,sra","ena,gs,ncbi,s3","ena,gs.us-east1,ncbi.public,s3.us-east-1",embryo,2019-02-18,2018-12-29T17:01:47Z,2018-11-16,2018-05-11T10:57:44Z,ERX2593373,embryonic day 10,brain,SAMEA4659246,wild type genotype,University of Heidelberg,2018-12-29T17:01:47Z,2018-05-11T10:57:44Z,public,Illumina HiSeq 2500,1361sTS.Chicken.Brain.10.Female_s,SINGLE,PolyA,TRANSCRIPTOMIC,brain,Gallus gallus,ILLUMINA,2019-02-19T00:00:00Z,2021-10-25T01:17:00Z,2,SAMEA4659246,E-MTAB-6769:1361sTS.Chicken.Brain.10.Female,Gallus gallus,female,ERP108704,Red Junglefowl,E-MTAB-6769:1361sTS.Chicken.Brain.10.Female
ERR2576381,10,RNA-Seq,101,3124421870,PRJEB26695,SAMEA4659247,ArrayExpress,2048985037,Lausanne Genomics Technology Facility,chicken,public,"fastq,run.zq,sra","ena,gs,ncbi,s3","ena,gs.us-east1,ncbi.public,s3.us-east-1",embryo,2019-02-18,2018-12-29T17:01:47Z,2018-11-16,2018-05-11T10:57:44Z,ERX2593374,embryonic day 10,cerebellum,SAMEA4659247,wild type genotype,University of Heidelberg,2018-12-29T17:01:47Z,2018-05-11T10:57:44Z,public,Illumina HiSeq 2500,1752sTS.Chicken.Cerebellum.10.Female_s,SINGLE,PolyA,TRANSCRIPTOMIC,cerebellum,Gallus gallus,ILLUMINA,2019-02-19T00:00:00Z,2021-10-25T01:59:00Z,2,SAMEA4659247,E-MTAB-6769:1752sTS.Chicken.Cerebellum.10.Female,Gallus gallus,female,ERP108704,Red Junglefowl,E-MTAB-6769:1752sTS.Chicken.Cerebellum.10.Female
ERR2576382,10,RNA-Seq,101,3378322235,PRJEB26695,SAMEA4659248,ArrayExpress,2164043246,Lausanne Genomics Technology Facility,chicken,public,"fastq,run.zq,sra","ena,gs,ncbi,s3","ena,gs.us-east1,ncbi.public,s3.us-east-1",embryo,2019-02-18,2018-12-29T17:01:47Z,2018-11-16,2018-05-11T10:57:44Z,ERX2593375,embryonic day 10,cerebellum,SAMEA4659248,wild type genotype,University of Heidelberg,2018-12-29T17:01:47Z,2018-05-11T10:57:44Z,public,Illumina HiSeq 2500,1807sTS.Chicken.Cerebellum.10.Female_s,SINGLE,PolyA,TRANSCRIPTOMIC,cerebellum,Gallus gallus,ILLUMINA,2019-02-19T00:00:00Z,2022-07-15T21:57:00Z,2,SAMEA4659248,E-MTAB-6769:1807sTS.Chicken.Cerebellum.10.Female,Gallus gallus,female,ERP108704,Red Junglefowl,E-MTAB-6769:1807sTS.Chicken.Cerebellum.10.Female
ERR2576383,10,RNA-Seq,101,3531173817,PRJEB26695,SAMEA4659249,ArrayExpress,2339804652,Lausanne Genomics Technology Facility,chicken,public,"fastq,run.zq,sra","ena,gs,ncbi,s3","ena,gs.us-east1,ncbi.public,s3.us-east-1",embryo,2019-02-18,2018-12-29T17:01:47Z,2018-11-16,2018-05-11T10:57:44Z,ERX2593376,embryonic day 10,heart,SAMEA4659249,wild type genotype,University of Heidelberg,2018-12-29T17:01:47Z,2018-05-11T10:57:44Z,public,Illumina HiSeq 2500,1468sTS.Chicken.Heart.10.Female_s,SINGLE,PolyA,TRANSCRIPTOMIC,heart,Gallus gallus,ILLUMINA,2019-02-19T00:00:00Z,2022-07-21T14:06:00Z,2,SAMEA4659249,E-MTAB-6769:1468sTS.Chicken.Heart.10.Female,Gallus gallus,female,ERP108704,Red Junglefowl,E-MTAB-6769:1468sTS.Chicken.Heart.10.Female
ERR2576384,10,RNA-Seq,101,3246365836,PRJEB26695,SAMEA4659250,ArrayExpress,2122574232,Lausanne Genomics Technology Facility,chicken,public,"fastq,run.zq,sra","ena,gs,ncbi,s3","ena,gs.us-east1,ncbi.public,s3.us-east-1",embryo,2019-02-18,2018-12-29T17:01:47Z,2018-11-16,2018-05-11T10:57:44Z,ERX2593377,embryonic day 10,heart,SAMEA4659250,wild type genotype,University of Heidelberg,2018-12-29T17:01:47Z,2018-05-11T10:57:44Z,public,Illumina HiSeq 2500,1469sTS.Chicken.Heart.10.Female_s,SINGLE,PolyA,TRANSCRIPTOMIC,heart,Gallus gallus,ILLUMINA,2019-02-19T00:00:00Z,2022-07-30T06:59:00Z,2,SAMEA4659250,E-MTAB-6769:1469sTS.Chicken.Heart.10.Female,Gallus gallus,female,ERP108704,Red Junglefowl,E-MTAB-6769:1469sTS.Chicken.Heart.10.Female
ERR2576385,10,RNA-Seq,101,3918042096,PRJEB26695,SAMEA4659251,ArrayExpress,2572820442,Lausanne Genomics Technology Facility,chicken,public,"fastq,run.zq,sra","ena,gs,ncbi,s3","ena,gs.us-east1,ncbi.public,s3.us-east-1",embryo,2019-02-18,2018-12-29T17:01:47Z,2018-11-16,2018-05-11T10:57:44Z,ERX2593378,embryonic day 10,kidney,SAMEA4659251,wild type genotype,University of Heidelberg,2018-12-29T17:01:47Z,2018-05-11T10:57:44Z,public,Illumina HiSeq 2500,1505sTS.Chicken.Kidney.10.Female_s,SINGLE,PolyA,TRANSCRIPTOMIC,kidney,Gallus gallus,ILLUMINA,2019-02-19T00:00:00Z,2022-07-19T13:54:00Z,2,SAMEA4659251,E-MTAB-6769:1505sTS.Chicken.Kidney.10.Female,Gallus gallus,female,ERP108704,Red Junglefowl,E-MTAB-6769:1505sTS.Chicken.Kidney.10.Female
ERR2576386,10,RNA-Seq,101,3421885353,PRJEB26695,SAMEA4659252,ArrayExpress,2221998428,Lausanne Genomics Technology Facility,chicken,public,"fastq,run.zq,sra","ena,gs,ncbi,s3","ena,gs.us-east1,ncbi.public,s3.us-east-1",embryo,2019-02-18,2018-12-29T17:01:47Z,2018-11-16,2018-05-11T10:57:44Z,ERX2593379,embryonic day 10,kidney,SAMEA4659252,wild type genotype,University of Heidelberg,2018-12-29T17:01:47Z,2018-05-11T10:57:44Z,public,Illumina HiSeq 2500,1509sTS.Chicken.Kidney.10.Female_s,SINGLE,PolyA,TRANSCRIPTOMIC,kidney,Gallus gallus,ILLUMINA,2019-02-19T00:00:00Z,2021-10-25T02:02:00Z,2,SAMEA4659252,E-MTAB-6769:1509sTS.Chicken.Kidney.10.Female,Gallus gallus,female,ERP108704,Red Junglefowl,E-MTAB-6769:1509sTS.Chicken.Kidney.10.Female
ERR2576387,10,RNA-Seq,101,2971782186,PRJEB26695,SAMEA4659253,ArrayExpress,1753228289,Lausanne Genomics Technology Facility,chicken,public,"fastq,run.zq,sra","ena,gs,ncbi,s3","ena,gs.us-east1,ncbi.public,s3.us-east-1",embryo,2019-02-18,2018-12-29T17:01:47Z,2018-11-16,2018-05-11T10:57:44Z,ERX2593380,embryonic day 10,liver,SAMEA4659253,wild type genotype,University of Heidelberg,2018-12-29T17:01:47Z,2018-05-11T10:57:44Z,public,Illumina HiSeq 2500,1506sTSm.Chicken.Liver.10.Female_s,SINGLE,PolyA,TRANSCRIPTOMIC,liver,Gallus gallus,ILLUMINA,2019-02-19T00:00:00Z,2021-10-25T01:56:00Z,2,SAMEA4659253,E-MTAB-6769:1506sTSm.Chicken.Liver.10.Female,Gallus gallus,female,ERP108704,Red Junglefowl,E-MTAB-6769:1506sTSm.Chicken.Liver.10.Female
ERR2576388,10,RNA-Seq,101,2790654341,PRJEB26695,SAMEA4659254,ArrayExpress,1788818605,Lausanne Genomics Technology Facility,chicken,public,"fastq,run.zq,sra","ena,gs,ncbi,s3","ena,gs.us-east1,ncbi.public,s3.us-east-1",embryo,2019-02-18,2018-12-29T17:01:47Z,2018-11-16,2018-05-11T10:57:44Z,ERX2593381,embryonic day 10,liver,SAMEA4659254,wild type genotype,University of Heidelberg,2018-12-29T17:01:47Z,2018-05-11T10:57:44Z,public,Illumina HiSeq 2500,1755sTS.Chicken.Liver.10.Female_s,SINGLE,PolyA,TRANSCRIPTOMIC,liver,Gallus gallus,ILLUMINA,2019-02-19T00:00:00Z,2021-10-25T01:29:00Z,2,SAMEA4659254,E-MTAB-6769:1755sTS.Chicken.Liver.10.Female,Gallus gallus,female,ERP108704,Red Junglefowl,E-MTAB-6769:1755sTS.Chicken.Liver.10.Female
ERR2576389,10,RNA-Seq,101,2495445178,PRJEB26695,SAMEA4659255,ArrayExpress,1675147138,Lausanne Genomics Technology Facility,chicken,public,"fastq,run.zq,sra","ena,gs,ncbi,s3","ena,gs.us-east1,ncbi.public,s3.us-east-1",embryo,2019-02-18,2018-12-29T17:01:47Z,2018-11-16,2018-05-11T10:57:44Z,ERX2593382,embryonic day 10,ovary,SAMEA4659255,wild type genotype,University of Heidelberg,2018-12-29T17:01:47Z,2018-05-11T10:57:44Z,public,Illumina HiSeq 2500,1331sTS.Chicken.Ovary.10.Female_s,SINGLE,PolyA,TRANSCRIPTOMIC,ovary,Gallus gallus,ILLUMINA,2019-02-19T00:00:00Z,2022-07-30T06:57:00Z,2,SAMEA4659255,E-MTAB-6769:1331sTS.Chicken.Ovary.10.Female,Gallus gallus,female,ERP108704,Red Junglefowl,E-MTAB-6769:1331sTS.Chicken.Ovary.10.Female
ERR2576390,10,RNA-Seq,101,2858972963,PRJEB26695,SAMEA4659256,ArrayExpress,1895182007,Lausanne Genomics Technology Facility,chicken,public,"fastq,run.zq,sra","ena,gs,ncbi,s3","ena,gs.us-east1,ncbi.public,s3.us-east-1",embryo,2019-02-18,2018-12-29T17:01:47Z,2018-11-16,2018-05-11T10:57:44Z,ERX2593383,embryonic day 10,ovary,SAMEA4659256,wild type genotype,University of Heidelberg,2018-12-29T17:01:47Z,2018-05-11T10:57:44Z,public,Illumina HiSeq 2500,1348sTS.Chicken.Ovary.10.Female_s,SINGLE,PolyA,TRANSCRIPTOMIC,ovary,Gallus gallus,ILLUMINA,2019-02-19T00:00:00Z,2022-07-22T11:48:00Z,2,SAMEA4659256,E-MTAB-6769:1348sTS.Chicken.Ovary.10.Female,Gallus gallus,female,ERP108704,Red Junglefowl,E-MTAB-6769:1348sTS.Chicken.Ovary.10.Female
ERR2576391,10,RNA-Seq,101,2156644314,PRJEB26695,SAMEA4659257,ArrayExpress,1262651035,Lausanne Genomics Technology Facility,chicken,public,"fastq,run.zq,sra","ena,gs,ncbi,s3","ena,gs.us-east1,ncbi.public,s3.us-east-1",embryo,2019-02-18,2018-12-29T17:01:47Z,2018-11-16,2018-05-11T10:57:44Z,ERX2593384,embryonic day 10,brain,SAMEA4659257,wild type genotype,University of Heidelberg,2018-12-29T17:01:47Z,2018-05-11T10:57:44Z,public,Illumina HiSeq 2500,1717sTS.Chicken.Brain.10.Male_s,SINGLE,PolyA,TRANSCRIPTOMIC,brain,Gallus gallus,ILLUMINA,2019-02-19T00:00:00Z,2022-07-17T10:00:00Z,2,SAMEA4659257,E-MTAB-6769:1717sTS.Chicken.Brain.10.Male,Gallus gallus,male,ERP108704,Red Junglefowl,E-MTAB-6769:1717sTS.Chicken.Brain.10.Male
ERR2576392,10,RNA-Seq,101,3831868290,PRJEB26695,SAMEA4659258,ArrayExpress,2563928380,Lausanne Genomics Technology Facility,chicken,public,"fastq,run.zq,sra","ena,gs,ncbi,s3","ena,gs.us-east1,ncbi.public,s3.us-east-1",embryo,2019-02-18,2018-12-29T17:01:47Z,2018-11-16,2018-05-11T10:57:44Z,ERX2593385,embryonic day 10,brain,SAMEA4659258,wild type genotype,University of Heidelberg,2018-12-29T17:01:47Z,2018-05-11T10:57:44Z,public,Illumina HiSeq 2500,1720sTS.Chicken.Brain.10.Male_s,SINGLE,PolyA,TRANSCRIPTOMIC,brain,Gallus gallus,ILLUMINA,2019-02-19T00:00:00Z,2022-07-26T05:53:00Z,2,SAMEA4659258,E-MTAB-6769:1720sTS.Chicken.Brain.10.Male,Gallus gallus,male,ERP108704,Red Junglefowl,E-MTAB-6769:1720sTS.Chicken.Brain.10.Male
ERR2576393,10,RNA-Seq,101,7398498662,PRJEB26695,SAMEA4659259,ArrayExpress,4898080521,Lausanne Genomics Technology Facility,chicken,public,"fastq,run.zq,sra","ena,gs,ncbi,s3","ena,gs.us-east1,ncbi.public,s3.us-east-1",embryo,2019-02-18,2018-12-29T17:01:47Z,2018-11-16,2018-05-11T10:57:44Z,ERX2593386,embryonic day 10,cerebellum,SAMEA4659259,wild type genotype,University of Heidelberg,2018-12-29T17:01:47Z,2018-05-11T10:57:44Z,public,Illumina HiSeq 2500,1723sTSm.Chicken.Cerebellum.10.Male_s,SINGLE,PolyA,TRANSCRIPTOMIC,cerebellum,Gallus gallus,ILLUMINA,2019-02-19T00:00:00Z,2022-07-14T16:51:00Z,2,SAMEA4659259,E-MTAB-6769:1723sTSm.Chicken.Cerebellum.10.Male,Gallus gallus,male,ERP108704,Red Junglefowl,E-MTAB-6769:1723sTSm.Chicken.Cerebellum.10.Male
ERR2576394,10,RNA-Seq,101,4207386290,PRJEB26695,SAMEA4659260,ArrayExpress,2783701830,Lausanne Genomics Technology Facility,chicken,public,"fastq,run.zq,sra","ena,gs,ncbi,s3","ena,gs.us-east1,ncbi.public,s3.us-east-1",embryo,2019-02-18,2018-12-29T17:01:47Z,2018-11-16,2018-05-11T10:57:44Z,ERX2593387,embryonic day 10,cerebellum,SAMEA4659260,wild type genotype,University of Heidelberg,2018-12-29T17:01:47Z,2018-05-11T10:57:44Z,public,Illumina HiSeq 2500,1735sTS.Chicken.Cerebellum.10.Male_s,SINGLE,PolyA,TRANSCRIPTOMIC,cerebellum,Gallus gallus,ILLUMINA,2019-02-19T00:00:00Z,2021-10-25T02:08:00Z,2,SAMEA4659260,E-MTAB-6769:1735sTS.Chicken.Cerebellum.10.Male,Gallus gallus,male,ERP108704,Red Junglefowl,E-MTAB-6769:1735sTS.Chicken.Cerebellum.10.Male
ERR2576395,10,RNA-Seq,101,3417927971,PRJEB26695,SAMEA4659261,ArrayExpress,2284355000,Lausanne Genomics Technology Facility,chicken,public,"fastq,run.zq,sra","ena,gs,ncbi,s3","ena,gs.us-east1,ncbi.public,s3.us-east-1",embryo,2019-02-18,2018-12-29T17:01:47Z,2018-11-16,2018-05-11T10:57:44Z,ERX2593388,embryonic day 10,heart,SAMEA4659261,wild type genotype,University of Heidelberg,2018-12-29T17:01:47Z,2018-05-11T10:57:44Z,public,Illumina HiSeq 2500,1724sTS.Chicken.Heart.10.Male_s,SINGLE,PolyA,TRANSCRIPTOMIC,heart,Gallus gallus,ILLUMINA,2019-02-19T00:00:00Z,2022-07-29T15:01:00Z,2,SAMEA4659261,E-MTAB-6769:1724sTS.Chicken.Heart.10.Male,Gallus gallus,male,ERP108704,Red Junglefowl,E-MTAB-6769:1724sTS.Chicken.Heart.10.Male
ERR2576396,10,RNA-Seq,101,3479410913,PRJEB26695,SAMEA4659262,ArrayExpress,2263901210,Lausanne Genomics Technology Facility,chicken,public,"fastq,run.zq,sra","ena,gs,ncbi,s3","ena,gs.us-east1,ncbi.public,s3.us-east-1",embryo,2019-02-18,2018-12-29T17:01:47Z,2018-11-16,2018-05-11T10:57:44Z,ERX2593389,embryonic day 10,heart,SAMEA4659262,wild type genotype,University of Heidelberg,2018-12-29T17:01:47Z,2018-05-11T10:57:44Z,public,Illumina HiSeq 2500,1729sTS.Chicken.Heart.10.Male_s,SINGLE,PolyA,TRANSCRIPTOMIC,heart,Gallus gallus,ILLUMINA,2019-02-19T00:00:00Z,2022-07-20T00:56:00Z,2,SAMEA4659262,E-MTAB-6769:1729sTS.Chicken.Heart.10.Male,Gallus gallus,male,ERP108704,Red Junglefowl,E-MTAB-6769:1729sTS.Chicken.Heart.10.Male
ERR2576397,10,RNA-Seq,101,3554401292,PRJEB26695,SAMEA4659263,ArrayExpress,2309183949,Lausanne Genomics Technology Facility,chicken,public,"fastq,run.zq,sra","ena,gs,ncbi,s3","ena,gs.us-east1,ncbi.public,s3.us-east-1",embryo,2019-02-18,2018-12-29T17:01:47Z,2018-11-16,2018-05-11T10:57:44Z,ERX2593390,embryonic day 10,heart,SAMEA4659263,wild type genotype,University of Heidelberg,2018-12-29T17:01:47Z,2018-05-11T10:57:44Z,public,Illumina HiSeq 2500,1736sTS.Chicken.Heart.10.Male_s,SINGLE,PolyA,TRANSCRIPTOMIC,heart,Gallus gallus,ILLUMINA,2019-02-19T00:00:00Z,2022-07-17T10:05:00Z,2,SAMEA4659263,E-MTAB-6769:1736sTS.Chicken.Heart.10.Male,Gallus gallus,male,ERP108704,Red Junglefowl,E-MTAB-6769:1736sTS.Chicken.Heart.10.Male
ERR2576398,10,RNA-Seq,101,4268398370,PRJEB26695,SAMEA4659264,ArrayExpress,2775849641,Lausanne Genomics Technology Facility,chicken,public,"fastq,run.zq,sra","ena,gs,ncbi,s3","ena,gs.us-east1,ncbi.public,s3.us-east-1",embryo,2019-02-18,2018-12-29T17:01:47Z,2018-11-16,2018-05-11T10:57:44Z,ERX2593391,embryonic day 10,kidney,SAMEA4659264,wild type genotype,University of Heidelberg,2018-12-29T17:01:47Z,2018-05-11T10:57:44Z,public,Illumina HiSeq 2500,1725sTS.Chicken.Kidney.10.Male_s,SINGLE,PolyA,TRANSCRIPTOMIC,kidney,Gallus gallus,ILLUMINA,2019-02-19T00:00:00Z,2022-07-26T05:54:00Z,2,SAMEA4659264,E-MTAB-6769:1725sTS.Chicken.Kidney.10.Male,Gallus gallus,male,ERP108704,Red Junglefowl,E-MTAB-6769:1725sTS.Chicken.Kidney.10.Male
ERR2576399,10,RNA-Seq,101,3944093026,PRJEB26695,SAMEA4659265,ArrayExpress,2602185955,Lausanne Genomics Technology Facility,chicken,public,"fastq,run.zq,sra","ena,gs,ncbi,s3","ena,gs.us-east1,ncbi.public,s3.us-east-1",embryo,2019-02-18,2018-12-29T17:01:47Z,2018-11-16,2018-05-11T10:57:44Z,ERX2593392,embryonic day 10,kidney,SAMEA4659265,wild type genotype,University of Heidelberg,2018-12-29T17:01:47Z,2018-05-11T10:57:44Z,public,Illumina HiSeq 2500,1730sTS.Chicken.Kidney.10.Male_s,SINGLE,PolyA,TRANSCRIPTOMIC,kidney,Gallus gallus,ILLUMINA,2019-02-19T00:00:00Z,2022-07-29T19:06:00Z,2,SAMEA4659265,E-MTAB-6769:1730sTS.Chicken.Kidney.10.Male,Gallus gallus,male,ERP108704,Red Junglefowl,E-MTAB-6769:1730sTS.Chicken.Kidney.10.Male
ERR2576400,10,RNA-Seq,101,3033135545,PRJEB26695,SAMEA4659266,ArrayExpress,1956409270,Lausanne Genomics Technology Facility,chicken,public,"sra,fastq,run.zq","ena,gs,ncbi,s3","ena,gs.us-east1,ncbi.public,s3.us-east-1",embryo,2019-02-18,2018-12-29T17:01:47Z,2018-11-16,2018-05-11T10:57:44Z,ERX2593393,embryonic day 10,liver,SAMEA4659266,wild type genotype,University of Heidelberg,2018-12-29T17:01:47Z,2018-05-11T10:57:44Z,public,Illumina HiSeq 2500,1731sTS.Chicken.Liver.10.Male_s,SINGLE,PolyA,TRANSCRIPTOMIC,liver,Gallus gallus,ILLUMINA,2019-02-19T00:00:00Z,2021-10-25T01:54:00Z,2,SAMEA4659266,E-MTAB-6769:1731sTS.Chicken.Liver.10.Male,Gallus gallus,male,ERP108704,Red Junglefowl,E-MTAB-6769:1731sTS.Chicken.Liver.10.Male
ERR2576401,10,RNA-Seq,101,2565410403,PRJEB26695,SAMEA4659267,ArrayExpress,1580099728,Lausanne Genomics Technology Facility,chicken,public,"fastq,run.zq,sra","ena,gs,ncbi,s3","ena,gs.us-east1,ncbi.public,s3.us-east-1",embryo,2019-02-18,2018-12-29T17:01:47Z,2018-11-16,2018-05-11T10:57:44Z,ERX2593394,embryonic day 10,liver,SAMEA4659267,wild type genotype,University of Heidelberg,2018-12-29T17:01:47Z,2018-05-11T10:57:44Z,public,Illumina HiSeq 2500,1738sTS.Chicken.Liver.10.Male_s,SINGLE,PolyA,TRANSCRIPTOMIC,liver,Gallus gallus,ILLUMINA,2019-02-19T00:00:00Z,2021-10-25T01:38:00Z,2,SAMEA4659267,E-MTAB-6769:1738sTS.Chicken.Liver.10.Male,Gallus gallus,male,ERP108704,Red Junglefowl,E-MTAB-6769:1738sTS.Chicken.Liver.10.Male
ERR2576402,10,RNA-Seq,101,2465085487,PRJEB26695,SAMEA4659268,ArrayExpress,1570192044,Lausanne Genomics Technology Facility,chicken,public,"fastq,run.zq,sra","ena,gs,ncbi,s3","ena,gs.us-east1,ncbi.public,s3.us-east-1",embryo,2019-02-18,2018-12-29T17:01:47Z,2018-11-16,2018-05-11T10:57:44Z,ERX2593395,embryonic day 10,testis,SAMEA4659268,wild type genotype,University of Heidelberg,2018-12-29T17:01:47Z,2018-05-11T10:57:44Z,public,Illumina HiSeq 2500,1715sTS.Chicken.Testis.10.Male_s,SINGLE,PolyA,TRANSCRIPTOMIC,testis,Gallus gallus,ILLUMINA,2019-02-19T00:00:00Z,2022-07-29T20:58:00Z,2,SAMEA4659268,E-MTAB-6769:1715sTS.Chicken.Testis.10.Male,Gallus gallus,male,ERP108704,Red Junglefowl,E-MTAB-6769:1715sTS.Chicken.Testis.10.Male
ERR2576403,10,RNA-Seq,101,5322119957,PRJEB26695,SAMEA4659269,ArrayExpress,3583622927,Lausanne Genomics Technology Facility,chicken,public,"fastq,run.zq,sra","ena,gs,ncbi,s3","ena,gs.us-east1,ncbi.public,s3.us-east-1",embryo,2019-02-18,2018-12-29T17:01:47Z,2018-11-16,2018-05-11T10:57:44Z,ERX2593396,embryonic day 10,testis,SAMEA4659269,wild type genotype,University of Heidelberg,2018-12-29T17:01:47Z,2018-05-11T10:57:44Z,public,Illumina HiSeq 2500,1722sTS.Chicken.Testis.10.Male_s,SINGLE,PolyA,TRANSCRIPTOMIC,testis,Gallus gallus,ILLUMINA,2019-02-19T00:00:00Z,2021-10-25T02:16:00Z,2,SAMEA4659269,E-MTAB-6769:1722sTS.Chicken.Testis.10.Male,Gallus gallus,male,ERP108704,Red Junglefowl,E-MTAB-6769:1722sTS.Chicken.Testis.10.Male
ERR2576404,12,RNA-Seq,101,3223561551,PRJEB26695,SAMEA4659270,ArrayExpress,2155292493,Lausanne Genomics Technology Facility,chicken,public,"fastq,run.zq,sra","ena,gs,ncbi,s3","ena,gs.us-east1,ncbi.public,s3.us-east-1",embryo,2019-02-18,2018-12-29T17:01:47Z,2018-11-16,2018-05-11T10:57:45Z,ERX2593397,embryonic day 12,brain,SAMEA4659270,wild type genotype,University of Heidelberg,2018-12-29T17:01:47Z,2018-05-11T10:57:45Z,public,Illumina HiSeq 2500,1350sTS.Chicken.Brain.12.Female_s,SINGLE,PolyA,TRANSCRIPTOMIC,brain,Gallus gallus,ILLUMINA,2019-02-19T00:00:00Z,2022-07-22T01:02:00Z,2,SAMEA4659270,E-MTAB-6769:1350sTS.Chicken.Brain.12.Female,Gallus gallus,female,ERP108704,Red Junglefowl,E-MTAB-6769:1350sTS.Chicken.Brain.12.Female
ERR2576405,12,RNA-Seq,101,2326204528,PRJEB26695,SAMEA4659271,ArrayExpress,1396192210,Lausanne Genomics Technology Facility,chicken,public,"fastq,run.zq,sra","ena,gs,ncbi,s3","ena,gs.us-east1,ncbi.public,s3.us-east-1",embryo,2019-02-18,2018-12-29T17:01:47Z,2018-11-16,2018-05-11T10:57:45Z,ERX2593398,embryonic day 12,brain,SAMEA4659271,wild type genotype,University of Heidelberg,2018-12-29T17:01:47Z,2018-05-11T10:57:45Z,public,Illumina HiSeq 2500,1553sTS.Chicken.Brain.12.Female_s,SINGLE,PolyA,TRANSCRIPTOMIC,brain,Gallus gallus,ILLUMINA,2019-02-19T00:00:00Z,2022-07-20T01:05:00Z,2,SAMEA4659271,E-MTAB-6769:1553sTS.Chicken.Brain.12.Female,Gallus gallus,female,ERP108704,Red Junglefowl,E-MTAB-6769:1553sTS.Chicken.Brain.12.Female
ERR2576406,12,RNA-Seq,101,3192526271,PRJEB26695,SAMEA4659272,ArrayExpress,2116688568,Lausanne Genomics Technology Facility,chicken,public,"fastq,run.zq,sra","ena,gs,ncbi,s3","ena,gs.us-east1,ncbi.public,s3.us-east-1",embryo,2019-02-18,2018-12-29T17:01:47Z,2018-11-16,2018-05-11T10:57:45Z,ERX2593399,embryonic day 12,cerebellum,SAMEA4659272,wild type genotype,University of Heidelberg,2018-12-29T17:01:47Z,2018-05-11T10:57:45Z,public,Illumina HiSeq 2500,1477sTS.Chicken.Cerebellum.12.Female_s,SINGLE,PolyA,TRANSCRIPTOMIC,cerebellum,Gallus gallus,ILLUMINA,2019-02-19T00:00:00Z,2022-07-21T10:19:00Z,2,SAMEA4659272,E-MTAB-6769:1477sTS.Chicken.Cerebellum.12.Female,Gallus gallus,female,ERP108704,Red Junglefowl,E-MTAB-6769:1477sTS.Chicken.Cerebellum.12.Female
ERR2576407,12,RNA-Seq,101,2692594956,PRJEB26695,SAMEA4659273,ArrayExpress,1727403680,Lausanne Genomics Technology Facility,chicken,public,"fastq,run.zq,sra","ena,gs,ncbi,s3","ena,gs.us-east1,ncbi.public,s3.us-east-1",embryo,2019-02-18,2018-12-29T17:01:47Z,2018-11-16,2018-05-11T10:57:45Z,ERX2593400,embryonic day 12,cerebellum,SAMEA4659273,wild type genotype,University of Heidelberg,2018-12-29T17:01:47Z,2018-05-11T10:57:45Z,public,Illumina HiSeq 2500,1808sTS.Chicken.Cerebellum.12.Female_s,SINGLE,PolyA,TRANSCRIPTOMIC,cerebellum,Gallus gallus,ILLUMINA,2019-02-19T00:00:00Z,2022-07-26T05:51:00Z,2,SAMEA4659273,E-MTAB-6769:1808sTS.Chicken.Cerebellum.12.Female,Gallus gallus,female,ERP108704,Red Junglefowl,E-MTAB-6769:1808sTS.Chicken.Cerebellum.12.Female
ERR2576408,12,RNA-Seq,101,3712069564,PRJEB26695,SAMEA4659274,ArrayExpress,2419170862,Lausanne Genomics Technology Facility,chicken,public,"fastq,run.zq,sra","ena,gs,ncbi,s3","ena,gs.us-east1,ncbi.public,s3.us-east-1",embryo,2019-02-18,2018-12-29T17:01:47Z,2018-11-16,2018-05-11T10:57:45Z,ERX2593401,embryonic day 12,heart,SAMEA4659274,wild type genotype,University of Heidelberg,2018-12-29T17:01:47Z,2018-05-11T10:57:45Z,public,Illumina HiSeq 2500,1470sTS.Chicken.Heart.12.Female_s,SINGLE,PolyA,TRANSCRIPTOMIC,heart,Gallus gallus,ILLUMINA,2019-02-19T00:00:00Z,2021-10-25T02:04:00Z,2,SAMEA4659274,E-MTAB-6769:1470sTS.Chicken.Heart.12.Female,Gallus gallus,female,ERP108704,Red Junglefowl,E-MTAB-6769:1470sTS.Chicken.Heart.12.Female
ERR2576409,12,RNA-Seq,101,3389695643,PRJEB26695,SAMEA4659275,ArrayExpress,2255638118,Lausanne Genomics Technology Facility,chicken,public,"fastq,run.zq,sra","ena,gs,ncbi,s3","ena,gs.us-east1,ncbi.public,s3.us-east-1",embryo,2019-02-18,2018-12-29T17:01:47Z,2018-11-16,2018-05-11T10:57:45Z,ERX2593402,embryonic day 12,heart,SAMEA4659275,wild type genotype,University of Heidelberg,2018-12-29T17:01:47Z,2018-05-11T10:57:45Z,public,Illumina HiSeq 2500,1473sTS.Chicken.Heart.12.Female_s,SINGLE,PolyA,TRANSCRIPTOMIC,heart,Gallus gallus,ILLUMINA,2019-02-19T00:00:00Z,2021-10-25T02:00:00Z,2,SAMEA4659275,E-MTAB-6769:1473sTS.Chicken.Heart.12.Female,Gallus gallus,female,ERP108704,Red Junglefowl,E-MTAB-6769:1473sTS.Chicken.Heart.12.Female
ERR2576410,12,RNA-Seq,101,4015652637,PRJEB26695,SAMEA4659276,ArrayExpress,2679465873,Lausanne Genomics Technology Facility,chicken,public,"fastq,run.zq,sra","ena,gs,ncbi,s3","ena,gs.us-east1,ncbi.public,s3.us-east-1",embryo,2019-02-18,2018-12-29T17:01:47Z,2018-11-16,2018-05-11T10:57:45Z,ERX2593403,embryonic day 12,kidney,SAMEA4659276,wild type genotype,University of Heidelberg,2018-12-29T17:01:47Z,2018-05-11T10:57:45Z,public,Illumina HiSeq 2500,1478sTS.Chicken.Kidney.12.Female_s,SINGLE,PolyA,TRANSCRIPTOMIC,kidney,Gallus gallus,ILLUMINA,2019-02-19T00:00:00Z,2022-07-26T05:53:00Z,2,SAMEA4659276,E-MTAB-6769:1478sTS.Chicken.Kidney.12.Female,Gallus gallus,female,ERP108704,Red Junglefowl,E-MTAB-6769:1478sTS.Chicken.Kidney.12.Female
ERR2576411,12,RNA-Seq,101,4482328490,PRJEB26695,SAMEA4659277,ArrayExpress,2876202189,Lausanne Genomics Technology Facility,chicken,public,"fastq,run.zq,sra","ena,gs,ncbi,s3","ena,gs.us-east1,ncbi.public,s3.us-east-1",embryo,2019-02-18,2018-12-29T17:01:47Z,2018-11-16,2018-05-11T10:57:45Z,ERX2593404,embryonic day 12,kidney,SAMEA4659277,wild type genotype,University of Heidelberg,2018-12-29T17:01:47Z,2018-05-11T10:57:45Z,public,Illumina HiSeq 2500,1560sTS.Chicken.Kidney.12.Female_s,SINGLE,PolyA,TRANSCRIPTOMIC,kidney,Gallus gallus,ILLUMINA,2019-02-19T00:00:00Z,2022-07-29T22:03:00Z,2,SAMEA4659277,E-MTAB-6769:1560sTS.Chicken.Kidney.12.Female,Gallus gallus,female,ERP108704,Red Junglefowl,E-MTAB-6769:1560sTS.Chicken.Kidney.12.Female
ERR2576412,12,RNA-Seq,101,2976169323,PRJEB26695,SAMEA4659278,ArrayExpress,1926963404,Lausanne Genomics Technology Facility,chicken,public,"fastq,run.zq,sra","ena,gs,ncbi,s3","ena,gs.us-east1,ncbi.public,s3.us-east-1",embryo,2019-02-18,2018-12-29T17:01:47Z,2018-11-16,2018-05-11T10:57:45Z,ERX2593405,embryonic day 12,liver,SAMEA4659278,wild type genotype,University of Heidelberg,2018-12-29T17:01:47Z,2018-05-11T10:57:45Z,public,Illumina HiSeq 2500,1537sTS.Chicken.Liver.12.Female_s,SINGLE,PolyA,TRANSCRIPTOMIC,liver,Gallus gallus,ILLUMINA,2019-02-19T00:00:00Z,2022-07-22T16:07:00Z,2,SAMEA4659278,E-MTAB-6769:1537sTS.Chicken.Liver.12.Female,Gallus gallus,female,ERP108704,Red Junglefowl,E-MTAB-6769:1537sTS.Chicken.Liver.12.Female
ERR2576413,12,RNA-Seq,101,2473280122,PRJEB26695,SAMEA4659279,ArrayExpress,1680500630,Lausanne Genomics Technology Facility,chicken,public,"fastq,run.zq,sra","ena,gs,ncbi,s3","ena,gs.us-east1,ncbi.public,s3.us-east-1",embryo,2019-02-18,2018-12-29T17:01:47Z,2018-11-16,2018-05-11T10:57:45Z,ERX2593406,embryonic day 12,liver,SAMEA4659279,wild type genotype,University of Heidelberg,2018-12-29T17:01:47Z,2018-05-11T10:57:45Z,public,Illumina HiSeq 2500,1874sTSb.Chicken.Liver.12.Female_s,SINGLE,PolyA,TRANSCRIPTOMIC,liver,Gallus gallus,ILLUMINA,2019-02-19T00:00:00Z,2022-07-30T06:57:00Z,2,SAMEA4659279,E-MTAB-6769:1874sTSb.Chicken.Liver.12.Female,Gallus gallus,female,ERP108704,Red Junglefowl,E-MTAB-6769:1874sTSb.Chicken.Liver.12.Female
ERR2576414,12,RNA-Seq,101,2858084870,PRJEB26695,SAMEA4659280,ArrayExpress,1903867676,Lausanne Genomics Technology Facility,chicken,public,"fastq,run.zq,sra","ena,gs,ncbi,s3","ena,gs.us-east1,ncbi.public,s3.us-east-1",embryo,2019-02-18,2018-12-29T17:01:47Z,2018-11-16,2018-05-11T10:57:45Z,ERX2593407,embryonic day 12,ovary,SAMEA4659280,wild type genotype,University of Heidelberg,2018-12-29T17:01:47Z,2018-05-11T10:57:45Z,public,Illumina HiSeq 2500,1351sTS.Chicken.Ovary.12.Female_s,SINGLE,PolyA,TRANSCRIPTOMIC,ovary,Gallus gallus,ILLUMINA,2019-02-19T00:00:00Z,2022-07-17T23:35:00Z,2,SAMEA4659280,E-MTAB-6769:1351sTS.Chicken.Ovary.12.Female,Gallus gallus,female,ERP108704,Red Junglefowl,E-MTAB-6769:1351sTS.Chicken.Ovary.12.Female
ERR2576415,12,RNA-Seq,101,2356461199,PRJEB26695,SAMEA4659281,ArrayExpress,1565439804,Lausanne Genomics Technology Facility,chicken,public,"fastq,run.zq,sra","ena,gs,ncbi,s3","ena,gs.us-east1,ncbi.public,s3.us-east-1",embryo,2019-02-18,2018-12-29T17:01:47Z,2018-11-16,2018-05-11T10:57:45Z,ERX2593408,embryonic day 12,ovary,SAMEA4659281,wild type genotype,University of Heidelberg,2018-12-29T17:01:47Z,2018-05-11T10:57:45Z,public,Illumina HiSeq 2500,1368sTS.Chicken.Ovary.12.Female_s,SINGLE,PolyA,TRANSCRIPTOMIC,ovary,Gallus gallus,ILLUMINA,2019-02-19T00:00:00Z,2022-07-30T06:57:00Z,2,SAMEA4659281,E-MTAB-6769:1368sTS.Chicken.Ovary.12.Female,Gallus gallus,female,ERP108704,Red Junglefowl,E-MTAB-6769:1368sTS.Chicken.Ovary.12.Female
ERR2576416,12,RNA-Seq,101,2082887347,PRJEB26695,SAMEA4659282,ArrayExpress,1284189583,Lausanne Genomics Technology Facility,chicken,public,"fastq,run.zq,sra","ena,gs,ncbi,s3","ena,gs.us-east1,ncbi.public,s3.us-east-1",embryo,2019-02-18,2018-12-29T17:01:47Z,2018-11-16,2018-05-11T10:57:45Z,ERX2593409,embryonic day 12,brain,SAMEA4659282,wild type genotype,University of Heidelberg,2018-12-29T17:01:47Z,2018-05-11T10:57:45Z,public,Illumina HiSeq 2500,1353sTS.Chicken.Brain.12.Male_s,SINGLE,PolyA,TRANSCRIPTOMIC,brain,Gallus gallus,ILLUMINA,2019-02-19T00:00:00Z,2022-07-15T05:34:00Z,2,SAMEA4659282,E-MTAB-6769:1353sTS.Chicken.Brain.12.Male,Gallus gallus,male,ERP108704,Red Junglefowl,E-MTAB-6769:1353sTS.Chicken.Brain.12.Male
ERR2576417,12,RNA-Seq,101,3185246292,PRJEB26695,SAMEA4659283,ArrayExpress,2125561092,Lausanne Genomics Technology Facility,chicken,public,"fastq,run.zq,sra","ena,gs,ncbi,s3","ena,gs.us-east1,ncbi.public,s3.us-east-1",embryo,2019-02-18,2018-12-29T17:01:47Z,2018-11-16,2018-05-11T10:57:45Z,ERX2593410,embryonic day 12,brain,SAMEA4659283,wild type genotype,University of Heidelberg,2018-12-29T17:01:47Z,2018-05-11T10:57:45Z,public,Illumina HiSeq 2500,1364sTS.Chicken.Brain.12.Male_s,SINGLE,PolyA,TRANSCRIPTOMIC,brain,Gallus gallus,ILLUMINA,2019-02-19T00:00:00Z,2022-07-17T23:37:00Z,2,SAMEA4659283,E-MTAB-6769:1364sTS.Chicken.Brain.12.Male,Gallus gallus,male,ERP108704,Red Junglefowl,E-MTAB-6769:1364sTS.Chicken.Brain.12.Male
ERR2576418,12,RNA-Seq,101,4946788201,PRJEB26695,SAMEA4659284,ArrayExpress,3318554835,Lausanne Genomics Technology Facility,chicken,public,"fastq,run.zq,sra","ena,gs,ncbi,s3","ena,gs.us-east1,ncbi.public,s3.us-east-1",embryo,2019-02-18,2018-12-29T17:01:47Z,2018-11-16,2018-05-11T10:57:45Z,ERX2593411,embryonic day 12,cerebellum,SAMEA4659284,wild type genotype,University of Heidelberg,2018-12-29T17:01:47Z,2018-05-11T10:57:45Z,public,Illumina HiSeq 2500,1533sTSm.Chicken.Cerebellum.12.Male_s,SINGLE,PolyA,TRANSCRIPTOMIC,cerebellum,Gallus gallus,ILLUMINA,2019-02-19T00:00:00Z,2021-10-25T02:12:00Z,2,SAMEA4659284,E-MTAB-6769:1533sTSm.Chicken.Cerebellum.12.Male,Gallus gallus,male,ERP108704,Red Junglefowl,E-MTAB-6769:1533sTSm.Chicken.Cerebellum.12.Male
ERR2576419,12,RNA-Seq,101,2773044385,PRJEB26695,SAMEA4659285,ArrayExpress,1855954872,Lausanne Genomics Technology Facility,chicken,public,"fastq,run.zq,sra","ena,gs,ncbi,s3","ena,gs.us-east1,ncbi.public,s3.us-east-1",embryo,2019-02-18,2018-12-29T17:01:47Z,2018-11-16,2018-05-11T10:57:45Z,ERX2593412,embryonic day 12,cerebellum,SAMEA4659285,wild type genotype,University of Heidelberg,2018-12-29T17:01:47Z,2018-05-11T10:57:45Z,public,Illumina HiSeq 2500,1608sTS.Chicken.Cerebellum.12.Male_s,SINGLE,PolyA,TRANSCRIPTOMIC,cerebellum,Gallus gallus,ILLUMINA,2019-02-19T00:00:00Z,2022-07-15T18:17:00Z,2,SAMEA4659285,E-MTAB-6769:1608sTS.Chicken.Cerebellum.12.Male,Gallus gallus,male,ERP108704,Red Junglefowl,E-MTAB-6769:1608sTS.Chicken.Cerebellum.12.Male
ERR2576420,12,RNA-Seq,101,3507638898,PRJEB26695,SAMEA4659286,ArrayExpress,2267224919,Lausanne Genomics Technology Facility,chicken,public,"fastq,run.zq,sra","ena,gs,ncbi,s3","ena,gs.us-east1,ncbi.public,s3.us-east-1",embryo,2019-02-18,2018-12-29T17:01:47Z,2018-11-16,2018-05-11T10:57:45Z,ERX2593413,embryonic day 12,heart,SAMEA4659286,wild type genotype,University of Heidelberg,2018-12-29T17:01:47Z,2018-05-11T10:57:45Z,public,Illumina HiSeq 2500,1471sTS.Chicken.Heart.12.Male_s,SINGLE,PolyA,TRANSCRIPTOMIC,heart,Gallus gallus,ILLUMINA,2019-02-19T00:00:00Z,2022-07-15T18:18:00Z,2,SAMEA4659286,E-MTAB-6769:1471sTS.Chicken.Heart.12.Male,Gallus gallus,male,ERP108704,Red Junglefowl,E-MTAB-6769:1471sTS.Chicken.Heart.12.Male
ERR2576421,12,RNA-Seq,101,3437477127,PRJEB26695,SAMEA4659287,ArrayExpress,2272448037,Lausanne Genomics Technology Facility,chicken,public,"fastq,run.zq,sra","ena,gs,ncbi,s3","ena,gs.us-east1,ncbi.public,s3.us-east-1",embryo,2019-02-18,2018-12-29T17:01:47Z,2018-11-16,2018-05-11T10:57:45Z,ERX2593414,embryonic day 12,heart,SAMEA4659287,wild type genotype,University of Heidelberg,2018-12-29T17:01:47Z,2018-05-11T10:57:45Z,public,Illumina HiSeq 2500,1472sTS.Chicken.Heart.12.Male_s,SINGLE,PolyA,TRANSCRIPTOMIC,heart,Gallus gallus,ILLUMINA,2019-02-19T00:00:00Z,2022-07-30T06:58:00Z,2,SAMEA4659287,E-MTAB-6769:1472sTS.Chicken.Heart.12.Male,Gallus gallus,male,ERP108704,Red Junglefowl,E-MTAB-6769:1472sTS.Chicken.Heart.12.Male
ERR2576422,12,RNA-Seq,101,3834905259,PRJEB26695,SAMEA4659288,ArrayExpress,2540812583,Lausanne Genomics Technology Facility,chicken,public,"fastq,run.zq,sra","ena,gs,ncbi,s3","ena,gs.us-east1,ncbi.public,s3.us-east-1",embryo,2019-02-18,2018-12-29T17:01:47Z,2018-11-16,2018-05-11T10:57:45Z,ERX2593415,embryonic day 12,kidney,SAMEA4659288,wild type genotype,University of Heidelberg,2018-12-29T17:01:47Z,2018-05-11T10:57:45Z,public,Illumina HiSeq 2500,1534sTS.Chicken.Kidney.12.Male_s,SINGLE,PolyA,TRANSCRIPTOMIC,kidney,Gallus gallus,ILLUMINA,2019-02-19T00:00:00Z,2022-07-17T12:17:00Z,2,SAMEA4659288,E-MTAB-6769:1534sTS.Chicken.Kidney.12.Male,Gallus gallus,male,ERP108704,Red Junglefowl,E-MTAB-6769:1534sTS.Chicken.Kidney.12.Male
ERR2576423,12,RNA-Seq,101,3386917638,PRJEB26695,SAMEA4659289,ArrayExpress,2179347698,Lausanne Genomics Technology Facility,chicken,public,"fastq,run.zq,sra","ena,gs,ncbi,s3","ena,gs.us-east1,ncbi.public,s3.us-east-1",embryo,2019-02-18,2018-12-29T17:01:47Z,2018-11-16,2018-05-11T10:57:45Z,ERX2593416,embryonic day 12,kidney,SAMEA4659289,wild type genotype,University of Heidelberg,2018-12-29T17:01:47Z,2018-05-11T10:57:45Z,public,Illumina HiSeq 2500,1609sTS.Chicken.Kidney.12.Male_s,SINGLE,PolyA,TRANSCRIPTOMIC,kidney,Gallus gallus,ILLUMINA,2019-02-19T00:00:00Z,2022-07-17T10:03:00Z,2,SAMEA4659289,E-MTAB-6769:1609sTS.Chicken.Kidney.12.Male,Gallus gallus,male,ERP108704,Red Junglefowl,E-MTAB-6769:1609sTS.Chicken.Kidney.12.Male
ERR2576424,12,RNA-Seq,101,2560686027,PRJEB26695,SAMEA4659290,ArrayExpress,1573388803,Lausanne Genomics Technology Facility,chicken,public,"fastq,run.zq,sra","ena,gs,ncbi,s3","ena,gs.us-east1,ncbi.public,s3.us-east-1",embryo,2019-02-18,2018-12-29T17:01:47Z,2018-11-16,2018-05-11T10:57:45Z,ERX2593417,embryonic day 12,liver,SAMEA4659290,wild type genotype,University of Heidelberg,2018-12-29T17:01:47Z,2018-05-11T10:57:45Z,public,Illumina HiSeq 2500,1535sTS.Chicken.Liver.12.Male_s,SINGLE,PolyA,TRANSCRIPTOMIC,liver,Gallus gallus,ILLUMINA,2019-02-19T00:00:00Z,2022-07-22T07:34:00Z,2,SAMEA4659290,E-MTAB-6769:1535sTS.Chicken.Liver.12.Male,Gallus gallus,male,ERP108704,Red Junglefowl,E-MTAB-6769:1535sTS.Chicken.Liver.12.Male
ERR2576425,12,RNA-Seq,101,4077438579,PRJEB26695,SAMEA4659291,ArrayExpress,2706632685,Lausanne Genomics Technology Facility,chicken,public,"fastq,run.zq,sra","ena,gs,ncbi,s3","ena,gs.us-east1,ncbi.public,s3.us-east-1",embryo,2019-02-18,2018-12-29T17:01:47Z,2018-11-16,2018-05-11T10:57:45Z,ERX2593418,embryonic day 12,liver,SAMEA4659291,wild type genotype,University of Heidelberg,2018-12-29T17:01:47Z,2018-05-11T10:57:45Z,public,Illumina HiSeq 2500,1610sTS.Chicken.Liver.12.Male_s,SINGLE,PolyA,TRANSCRIPTOMIC,liver,Gallus gallus,ILLUMINA,2019-02-19T00:00:00Z,2022-07-15T18:17:00Z,2,SAMEA4659291,E-MTAB-6769:1610sTS.Chicken.Liver.12.Male,Gallus gallus,male,ERP108704,Red Junglefowl,E-MTAB-6769:1610sTS.Chicken.Liver.12.Male
ERR2576426,12,RNA-Seq,101,2634434409,PRJEB26695,SAMEA4659292,ArrayExpress,1683535406,Lausanne Genomics Technology Facility,chicken,public,"fastq,run.zq,sra","ena,gs,ncbi,s3","ena,gs.us-east1,ncbi.public,s3.us-east-1",embryo,2019-02-18,2018-12-29T17:01:47Z,2018-11-16,2018-05-11T10:57:45Z,ERX2593419,embryonic day 12,testis,SAMEA4659292,wild type genotype,University of Heidelberg,2018-12-29T17:01:47Z,2018-05-11T10:57:45Z,public,Illumina HiSeq 2500,1354sTS.Chicken.Testis.12.Male_s,SINGLE,PolyA,TRANSCRIPTOMIC,testis,Gallus gallus,ILLUMINA,2019-02-19T00:00:00Z,2022-07-20T19:55:00Z,2,SAMEA4659292,E-MTAB-6769:1354sTS.Chicken.Testis.12.Male,Gallus gallus,male,ERP108704,Red Junglefowl,E-MTAB-6769:1354sTS.Chicken.Testis.12.Male
ERR2576427,12,RNA-Seq,101,3070626442,PRJEB26695,SAMEA4659293,ArrayExpress,2043072007,Lausanne Genomics Technology Facility,chicken,public,"fastq,run.zq,sra","ena,gs,ncbi,s3","ena,gs.us-east1,ncbi.public,s3.us-east-1",embryo,2019-02-18,2018-12-29T17:01:47Z,2018-11-16,2018-05-11T10:57:45Z,ERX2593420,embryonic day 12,testis,SAMEA4659293,wild type genotype,University of Heidelberg,2018-12-29T17:01:47Z,2018-05-11T10:57:45Z,public,Illumina HiSeq 2500,1365sTS.Chicken.Testis.12.Male_s,SINGLE,PolyA,TRANSCRIPTOMIC,testis,Gallus gallus,ILLUMINA,2019-02-19T00:00:00Z,2021-10-25T01:52:00Z,2,SAMEA4659293,E-MTAB-6769:1365sTS.Chicken.Testis.12.Male,Gallus gallus,male,ERP108704,Red Junglefowl,E-MTAB-6769:1365sTS.Chicken.Testis.12.Male
ERR2576428,14,RNA-Seq,101,2913641940,PRJEB26695,SAMEA4659294,ArrayExpress,1917460940,Lausanne Genomics Technology Facility,chicken,public,"fastq,run.zq,sra","ena,gs,ncbi,s3","ena,gs.us-east1,ncbi.public,s3.us-east-1",embryo,2019-02-18,2018-12-29T17:01:47Z,2018-11-16,2018-05-11T10:57:45Z,ERX2593421,embryonic day 14,brain,SAMEA4659294,wild type genotype,University of Heidelberg,2018-12-29T17:01:47Z,2018-05-11T10:57:45Z,public,Illumina HiSeq 2500,1420sTS.Chicken.Brain.14.Female_s,SINGLE,PolyA,TRANSCRIPTOMIC,brain,Gallus gallus,ILLUMINA,2019-02-19T00:00:00Z,2022-07-18T16:20:00Z,2,SAMEA4659294,E-MTAB-6769:1420sTS.Chicken.Brain.14.Female,Gallus gallus,female,ERP108704,Red Junglefowl,E-MTAB-6769:1420sTS.Chicken.Brain.14.Female
ERR2576429,14,RNA-Seq,101,2122156854,PRJEB26695,SAMEA4659295,ArrayExpress,1276575146,Lausanne Genomics Technology Facility,chicken,public,"fastq,run.zq,sra","ena,gs,ncbi,s3","ena,gs.us-east1,ncbi.public,s3.us-east-1",embryo,2019-02-18,2018-12-29T17:01:47Z,2018-11-16,2018-05-11T10:57:45Z,ERX2593422,embryonic day 14,brain,SAMEA4659295,wild type genotype,University of Heidelberg,2018-12-29T17:01:47Z,2018-05-11T10:57:45Z,public,Illumina HiSeq 2500,1612sTS.Chicken.Brain.14.Female_s,SINGLE,PolyA,TRANSCRIPTOMIC,brain,Gallus gallus,ILLUMINA,2019-02-19T00:00:00Z,2022-07-19T01:02:00Z,2,SAMEA4659295,E-MTAB-6769:1612sTS.Chicken.Brain.14.Female,Gallus gallus,female,ERP108704,Red Junglefowl,E-MTAB-6769:1612sTS.Chicken.Brain.14.Female
ERR2576430,14,RNA-Seq,101,4551055455,PRJEB26695,SAMEA4659296,ArrayExpress,3061680673,Lausanne Genomics Technology Facility,chicken,public,"fastq,run.zq,sra","ena,gs,ncbi,s3","ena,gs.us-east1,ncbi.public,s3.us-east-1",embryo,2019-02-18,2018-12-29T17:01:47Z,2018-11-16,2018-05-11T10:57:45Z,ERX2593423,embryonic day 14,cerebellum,SAMEA4659296,wild type genotype,University of Heidelberg,2018-12-29T17:01:47Z,2018-05-11T10:57:45Z,public,Illumina HiSeq 2500,1613sTSm.Chicken.Cerebellum.14.Female_s,SINGLE,PolyA,TRANSCRIPTOMIC,cerebellum,Gallus gallus,ILLUMINA,2019-02-19T00:00:00Z,2021-10-25T01:30:00Z,2,SAMEA4659296,E-MTAB-6769:1613sTSm.Chicken.Cerebellum.14.Female,Gallus gallus,female,ERP108704,Red Junglefowl,E-MTAB-6769:1613sTSm.Chicken.Cerebellum.14.Female
ERR2576431,14,RNA-Seq,101,3870800053,PRJEB26695,SAMEA4659297,ArrayExpress,2460865219,Lausanne Genomics Technology Facility,chicken,public,"fastq,run.zq,sra","ena,gs,ncbi,s3","ena,gs.us-east1,ncbi.public,s3.us-east-1",embryo,2019-02-18,2018-12-29T17:01:47Z,2018-11-16,2018-05-11T10:57:45Z,ERX2593424,embryonic day 14,cerebellum,SAMEA4659297,wild type genotype,University of Heidelberg,2018-12-29T17:01:47Z,2018-05-11T10:57:45Z,public,Illumina HiSeq 2500,1809sTS.Chicken.Cerebellum.14.Female_s,SINGLE,PolyA,TRANSCRIPTOMIC,cerebellum,Gallus gallus,ILLUMINA,2019-02-19T00:00:00Z,2021-10-25T02:04:00Z,2,SAMEA4659297,E-MTAB-6769:1809sTS.Chicken.Cerebellum.14.Female,Gallus gallus,female,ERP108704,Red Junglefowl,E-MTAB-6769:1809sTS.Chicken.Cerebellum.14.Female
ERR2576432,14,RNA-Seq,101,5018220956,PRJEB26695,SAMEA4659298,ArrayExpress,3252908031,Lausanne Genomics Technology Facility,chicken,public,"fastq,run.zq,sra","ena,gs,ncbi,s3","ena,gs.us-east1,ncbi.public,s3.us-east-1",embryo,2019-02-18,2018-12-29T17:01:47Z,2018-11-16,2018-05-11T10:57:45Z,ERX2593425,embryonic day 14,heart,SAMEA4659298,wild type genotype,University of Heidelberg,2018-12-29T17:01:47Z,2018-05-11T10:57:45Z,public,Illumina HiSeq 2500,1432sTS.Chicken.Heart.14.Female_s,SINGLE,PolyA,TRANSCRIPTOMIC,heart,Gallus gallus,ILLUMINA,2019-02-19T00:00:00Z,2022-07-30T19:07:00Z,2,SAMEA4659298,E-MTAB-6769:1432sTS.Chicken.Heart.14.Female,Gallus gallus,female,ERP108704,Red Junglefowl,E-MTAB-6769:1432sTS.Chicken.Heart.14.Female
ERR2576433,14,RNA-Seq,101,3497212769,PRJEB26695,SAMEA4659299,ArrayExpress,2335028236,Lausanne Genomics Technology Facility,chicken,public,"fastq,run.zq,sra","ena,gs,ncbi,s3","ena,gs.us-east1,ncbi.public,s3.us-east-1",embryo,2019-02-18,2018-12-29T17:01:47Z,2018-11-16,2018-05-11T10:57:45Z,ERX2593426,embryonic day 14,heart,SAMEA4659299,wild type genotype,University of Heidelberg,2018-12-29T17:01:47Z,2018-05-11T10:57:45Z,public,Illumina HiSeq 2500,1614sTS.Chicken.Heart.14.Female_s,SINGLE,PolyA,TRANSCRIPTOMIC,heart,Gallus gallus,ILLUMINA,2019-02-19T00:00:00Z,2022-07-26T05:52:00Z,2,SAMEA4659299,E-MTAB-6769:1614sTS.Chicken.Heart.14.Female,Gallus gallus,female,ERP108704,Red Junglefowl,E-MTAB-6769:1614sTS.Chicken.Heart.14.Female
ERR2576434,14,RNA-Seq,101,3882888137,PRJEB26695,SAMEA4659300,ArrayExpress,2555155780,Lausanne Genomics Technology Facility,chicken,public,"fastq,run.zq,sra","ena,gs,ncbi,s3","ena,gs.us-east1,ncbi.public,s3.us-east-1",embryo,2019-02-18,2018-12-29T17:01:47Z,2018-11-16,2018-05-11T10:57:45Z,ERX2593427,embryonic day 14,kidney,SAMEA4659300,wild type genotype,University of Heidelberg,2018-12-29T17:01:47Z,2018-05-11T10:57:45Z,public,Illumina HiSeq 2500,1433sTS.Chicken.Kidney.14.Female_s,SINGLE,PolyA,TRANSCRIPTOMIC,kidney,Gallus gallus,ILLUMINA,2019-02-19T00:00:00Z,2022-07-17T23:39:00Z,2,SAMEA4659300,E-MTAB-6769:1433sTS.Chicken.Kidney.14.Female,Gallus gallus,female,ERP108704,Red Junglefowl,E-MTAB-6769:1433sTS.Chicken.Kidney.14.Female
ERR2576435,14,RNA-Seq,101,3539130193,PRJEB26695,SAMEA4659301,ArrayExpress,2258653436,Lausanne Genomics Technology Facility,chicken,public,"fastq,run.zq,sra","ena,gs,ncbi,s3","ena,gs.us-east1,ncbi.public,s3.us-east-1",embryo,2019-02-18,2018-12-29T17:01:47Z,2018-11-16,2018-05-11T10:57:45Z,ERX2593428,embryonic day 14,kidney,SAMEA4659301,wild type genotype,University of Heidelberg,2018-12-29T17:01:47Z,2018-05-11T10:57:45Z,public,Illumina HiSeq 2500,1615sTS.Chicken.Kidney.14.Female_s,SINGLE,PolyA,TRANSCRIPTOMIC,kidney,Gallus gallus,ILLUMINA,2019-02-19T00:00:00Z,2022-07-22T16:08:00Z,2,SAMEA4659301,E-MTAB-6769:1615sTS.Chicken.Kidney.14.Female,Gallus gallus,female,ERP108704,Red Junglefowl,E-MTAB-6769:1615sTS.Chicken.Kidney.14.Female
ERR2576436,14,RNA-Seq,101,3366260310,PRJEB26695,SAMEA4659302,ArrayExpress,2180516857,Lausanne Genomics Technology Facility,chicken,public,"fastq,run.zq,sra","ena,gs,ncbi,s3","ena,gs.us-east1,ncbi.public,s3.us-east-1",embryo,2019-02-18,2018-12-29T17:01:47Z,2018-11-16,2018-05-11T10:57:45Z,ERX2593429,embryonic day 14,liver,SAMEA4659302,wild type genotype,University of Heidelberg,2018-12-29T17:01:47Z,2018-05-11T10:57:45Z,public,Illumina HiSeq 2500,1434sTS.Chicken.Liver.14.Female_s,SINGLE,PolyA,TRANSCRIPTOMIC,liver,Gallus gallus,ILLUMINA,2019-02-19T00:00:00Z,2022-07-14T06:41:00Z,2,SAMEA4659302,E-MTAB-6769:1434sTS.Chicken.Liver.14.Female,Gallus gallus,female,ERP108704,Red Junglefowl,E-MTAB-6769:1434sTS.Chicken.Liver.14.Female
ERR2576437,14,RNA-Seq,101,2777528684,PRJEB26695,SAMEA4659303,ArrayExpress,1886296831,Lausanne Genomics Technology Facility,chicken,public,"fastq,run.zq,sra","ena,gs,ncbi,s3","ena,gs.us-east1,ncbi.public,s3.us-east-1",embryo,2019-02-18,2018-12-29T17:01:47Z,2018-11-16,2018-05-11T10:57:45Z,ERX2593430,embryonic day 14,liver,SAMEA4659303,wild type genotype,University of Heidelberg,2018-12-29T17:01:47Z,2018-05-11T10:57:45Z,public,Illumina HiSeq 2500,1616sTSb.Chicken.Liver.14.Female_s,SINGLE,PolyA,TRANSCRIPTOMIC,liver,Gallus gallus,ILLUMINA,2019-02-19T00:00:00Z,2022-07-21T23:35:00Z,2,SAMEA4659303,E-MTAB-6769:1616sTSb.Chicken.Liver.14.Female,Gallus gallus,female,ERP108704,Red Junglefowl,E-MTAB-6769:1616sTSb.Chicken.Liver.14.Female
ERR2576438,14,RNA-Seq,101,3268591795,PRJEB26695,SAMEA4659304,ArrayExpress,2155552050,Lausanne Genomics Technology Facility,chicken,public,"fastq,run.zq,sra","ena,gs,ncbi,s3","ena,gs.us-east1,ncbi.public,s3.us-east-1",embryo,2019-02-18,2018-12-29T17:01:47Z,2018-11-16,2018-05-11T10:57:45Z,ERX2593431,embryonic day 14,ovary,SAMEA4659304,wild type genotype,University of Heidelberg,2018-12-29T17:01:47Z,2018-05-11T10:57:45Z,public,Illumina HiSeq 2500,1421sTS.Chicken.Ovary.14.Female_s,SINGLE,PolyA,TRANSCRIPTOMIC,ovary,Gallus gallus,ILLUMINA,2019-02-19T00:00:00Z,2022-07-19T08:12:00Z,2,SAMEA4659304,E-MTAB-6769:1421sTS.Chicken.Ovary.14.Female,Gallus gallus,female,ERP108704,Red Junglefowl,E-MTAB-6769:1421sTS.Chicken.Ovary.14.Female
ERR2576439,14,RNA-Seq,101,3143352199,PRJEB26695,SAMEA4659305,ArrayExpress,2030291438,Lausanne Genomics Technology Facility,chicken,public,"fastq,run.zq,sra","ena,gs,ncbi,s3","ena,gs.us-east1,ncbi.public,s3.us-east-1",embryo,2019-02-18,2018-12-29T17:01:47Z,2018-11-16,2018-05-11T10:57:45Z,ERX2593432,embryonic day 14,ovary,SAMEA4659305,wild type genotype,University of Heidelberg,2018-12-29T17:01:47Z,2018-05-11T10:57:45Z,public,Illumina HiSeq 2500,1617sTS.Chicken.Ovary.14.Female_s,SINGLE,PolyA,TRANSCRIPTOMIC,ovary,Gallus gallus,ILLUMINA,2019-02-19T00:00:00Z,2022-07-13T12:18:00Z,2,SAMEA4659305,E-MTAB-6769:1617sTS.Chicken.Ovary.14.Female,Gallus gallus,female,ERP108704,Red Junglefowl,E-MTAB-6769:1617sTS.Chicken.Ovary.14.Female
ERR2576440,14,RNA-Seq,101,3612610420,PRJEB26695,SAMEA4659306,ArrayExpress,2392944390,Lausanne Genomics Technology Facility,chicken,public,"fastq,run.zq,sra","ena,gs,ncbi,s3","ena,gs.us-east1,ncbi.public,s3.us-east-1",embryo,2019-02-18,2018-12-29T17:01:47Z,2018-11-16,2018-05-11T10:57:45Z,ERX2593433,embryonic day 14,brain,SAMEA4659306,wild type genotype,University of Heidelberg,2018-12-29T17:01:47Z,2018-05-11T10:57:45Z,public,Illumina HiSeq 2500,1338sTS.Chicken.Brain.14.Male_s,SINGLE,PolyA,TRANSCRIPTOMIC,brain,Gallus gallus,ILLUMINA,2019-02-19T00:00:00Z,2021-10-25T02:12:00Z,2,SAMEA4659306,E-MTAB-6769:1338sTS.Chicken.Brain.14.Male,Gallus gallus,male,ERP108704,Red Junglefowl,E-MTAB-6769:1338sTS.Chicken.Brain.14.Male
ERR2576441,14,RNA-Seq,101,2205594671,PRJEB26695,SAMEA4659307,ArrayExpress,1357343115,Lausanne Genomics Technology Facility,chicken,public,"fastq,run.zq,sra","ena,gs,ncbi,s3","ena,gs.us-east1,ncbi.public,s3.us-east-1",embryo,2019-02-18,2018-12-29T17:01:47Z,2018-11-16,2018-05-11T10:57:45Z,ERX2593434,embryonic day 14,brain,SAMEA4659307,wild type genotype,University of Heidelberg,2018-12-29T17:01:47Z,2018-05-11T10:57:45Z,public,Illumina HiSeq 2500,1546sTS.Chicken.Brain.14.Male_s,SINGLE,PolyA,TRANSCRIPTOMIC,brain,Gallus gallus,ILLUMINA,2019-02-19T00:00:00Z,2022-07-23T00:53:00Z,2,SAMEA4659307,E-MTAB-6769:1546sTS.Chicken.Brain.14.Male,Gallus gallus,male,ERP108704,Red Junglefowl,E-MTAB-6769:1546sTS.Chicken.Brain.14.Male
ERR2576442,14,RNA-Seq,101,1862813296,PRJEB26695,SAMEA4659308,ArrayExpress,1255341101,Lausanne Genomics Technology Facility,chicken,public,"fastq,run.zq,sra","ena,gs,ncbi,s3","ena,gs.us-east1,ncbi.public,s3.us-east-1",embryo,2019-02-18,2018-12-29T17:01:47Z,2018-11-16,2018-05-11T10:57:45Z,ERX2593435,embryonic day 14,cerebellum,SAMEA4659308,wild type genotype,University of Heidelberg,2018-12-29T17:01:47Z,2018-05-11T10:57:45Z,public,Illumina HiSeq 2500,1339sTS.Chicken.Cerebellum.14.Male_s,SINGLE,PolyA,TRANSCRIPTOMIC,cerebellum,Gallus gallus,ILLUMINA,2019-02-19T00:00:00Z,2022-07-29T18:57:00Z,2,SAMEA4659308,E-MTAB-6769:1339sTS.Chicken.Cerebellum.14.Male,Gallus gallus,male,ERP108704,Red Junglefowl,E-MTAB-6769:1339sTS.Chicken.Cerebellum.14.Male
ERR2576443,14,RNA-Seq,101,2249382716,PRJEB26695,SAMEA4659309,ArrayExpress,1502870312,Lausanne Genomics Technology Facility,chicken,public,"fastq,run.zq,sra","ena,gs,ncbi,s3","ena,gs.us-east1,ncbi.public,s3.us-east-1",embryo,2019-02-18,2018-12-29T17:01:47Z,2018-11-16,2018-05-11T10:57:45Z,ERX2593436,embryonic day 14,cerebellum,SAMEA4659309,wild type genotype,University of Heidelberg,2018-12-29T17:01:47Z,2018-05-11T10:57:45Z,public,Illumina HiSeq 2500,1547sTS.Chicken.Cerebellum.14.Male_s,SINGLE,PolyA,TRANSCRIPTOMIC,cerebellum,Gallus gallus,ILLUMINA,2019-02-19T00:00:00Z,2022-07-17T19:31:00Z,2,SAMEA4659309,E-MTAB-6769:1547sTS.Chicken.Cerebellum.14.Male,Gallus gallus,male,ERP108704,Red Junglefowl,E-MTAB-6769:1547sTS.Chicken.Cerebellum.14.Male
ERR2576444,14,RNA-Seq,101,3483761589,PRJEB26695,SAMEA4659310,ArrayExpress,2239526177,Lausanne Genomics Technology Facility,chicken,public,"fastq,run.zq,sra","ena,gs,ncbi,s3","ena,gs.us-east1,ncbi.public,s3.us-east-1",embryo,2019-02-18,2018-12-29T17:01:47Z,2018-11-16,2018-05-11T10:57:46Z,ERX2593437,embryonic day 14,heart,SAMEA4659310,wild type genotype,University of Heidelberg,2018-12-29T17:01:47Z,2018-05-11T10:57:46Z,public,Illumina HiSeq 2500,1340sTS.Chicken.Heart.14.Male_s,SINGLE,PolyA,TRANSCRIPTOMIC,heart,Gallus gallus,ILLUMINA,2019-02-19T00:00:00Z,2022-07-26T05:42:00Z,2,SAMEA4659310,E-MTAB-6769:1340sTS.Chicken.Heart.14.Male,Gallus gallus,male,ERP108704,Red Junglefowl,E-MTAB-6769:1340sTS.Chicken.Heart.14.Male
ERR2576445,14,RNA-Seq,101,4374693295,PRJEB26695,SAMEA4659311,ArrayExpress,2903844074,Lausanne Genomics Technology Facility,chicken,public,"fastq,run.zq,sra","ena,gs,ncbi,s3","ena,gs.us-east1,ncbi.public,s3.us-east-1",embryo,2019-02-18,2018-12-29T17:01:47Z,2018-11-16,2018-05-11T10:57:46Z,ERX2593438,embryonic day 14,heart,SAMEA4659311,wild type genotype,University of Heidelberg,2018-12-29T17:01:47Z,2018-05-11T10:57:46Z,public,Illumina HiSeq 2500,1548sTS.Chicken.Heart.14.Male_s,SINGLE,PolyA,TRANSCRIPTOMIC,heart,Gallus gallus,ILLUMINA,2019-02-19T00:00:00Z,2022-07-15T21:50:00Z,2,SAMEA4659311,E-MTAB-6769:1548sTS.Chicken.Heart.14.Male,Gallus gallus,male,ERP108704,Red Junglefowl,E-MTAB-6769:1548sTS.Chicken.Heart.14.Male
ERR2576446,14,RNA-Seq,101,3721777381,PRJEB26695,SAMEA4659312,ArrayExpress,2456501032,Lausanne Genomics Technology Facility,chicken,public,"fastq,run.zq,sra","ena,gs,ncbi,s3","ena,gs.us-east1,ncbi.public,s3.us-east-1",embryo,2019-02-18,2018-12-29T17:01:47Z,2018-11-16,2018-05-11T10:57:46Z,ERX2593439,embryonic day 14,kidney,SAMEA4659312,wild type genotype,University of Heidelberg,2018-12-29T17:01:47Z,2018-05-11T10:57:46Z,public,Illumina HiSeq 2500,1341sTS.Chicken.Kidney.14.Male_s,SINGLE,PolyA,TRANSCRIPTOMIC,kidney,Gallus gallus,ILLUMINA,2019-02-19T00:00:00Z,2022-07-26T05:52:00Z,2,SAMEA4659312,E-MTAB-6769:1341sTS.Chicken.Kidney.14.Male,Gallus gallus,male,ERP108704,Red Junglefowl,E-MTAB-6769:1341sTS.Chicken.Kidney.14.Male
ERR2576447,14,RNA-Seq,101,3681210933,PRJEB26695,SAMEA4659313,ArrayExpress,2358341974,Lausanne Genomics Technology Facility,chicken,public,"fastq,run.zq,sra","ena,gs,ncbi,s3","ena,gs.us-east1,ncbi.public,s3.us-east-1",embryo,2019-02-18,2018-12-29T17:01:47Z,2018-11-16,2018-05-11T10:57:46Z,ERX2593440,embryonic day 14,kidney,SAMEA4659313,wild type genotype,University of Heidelberg,2018-12-29T17:01:47Z,2018-05-11T10:57:46Z,public,Illumina HiSeq 2500,1549sTS.Chicken.Kidney.14.Male_s,SINGLE,PolyA,TRANSCRIPTOMIC,kidney,Gallus gallus,ILLUMINA,2019-02-19T00:00:00Z,2021-10-25T02:00:00Z,2,SAMEA4659313,E-MTAB-6769:1549sTS.Chicken.Kidney.14.Male,Gallus gallus,male,ERP108704,Red Junglefowl,E-MTAB-6769:1549sTS.Chicken.Kidney.14.Male
ERR2576448,14,RNA-Seq,101,2494285799,PRJEB26695,SAMEA4659314,ArrayExpress,1545248216,Lausanne Genomics Technology Facility,chicken,public,"fastq,run.zq,sra","ena,gs,ncbi,s3","ena,gs.us-east1,ncbi.public,s3.us-east-1",embryo,2019-02-18,2018-12-29T17:01:47Z,2018-11-16,2018-05-11T10:57:46Z,ERX2593441,embryonic day 14,liver,SAMEA4659314,wild type genotype,University of Heidelberg,2018-12-29T17:01:47Z,2018-05-11T10:57:46Z,public,Illumina HiSeq 2500,1342sTS.Chicken.Liver.14.Male_s,SINGLE,PolyA,TRANSCRIPTOMIC,liver,Gallus gallus,ILLUMINA,2019-02-19T00:00:00Z,2021-10-25T01:40:00Z,2,SAMEA4659314,E-MTAB-6769:1342sTS.Chicken.Liver.14.Male,Gallus gallus,male,ERP108704,Red Junglefowl,E-MTAB-6769:1342sTS.Chicken.Liver.14.Male
ERR2576449,14,RNA-Seq,101,2742142627,PRJEB26695,SAMEA4659315,ArrayExpress,1822206492,Lausanne Genomics Technology Facility,chicken,public,"fastq,run.zq,sra","ena,gs,ncbi,s3","ena,gs.us-east1,ncbi.public,s3.us-east-1",embryo,2019-02-18,2018-12-29T17:01:47Z,2018-11-16,2018-05-11T10:57:46Z,ERX2593442,embryonic day 14,liver,SAMEA4659315,wild type genotype,University of Heidelberg,2018-12-29T17:01:47Z,2018-05-11T10:57:46Z,public,Illumina HiSeq 2500,1550sTS.Chicken.Liver.14.Male_s,SINGLE,PolyA,TRANSCRIPTOMIC,liver,Gallus gallus,ILLUMINA,2019-02-19T00:00:00Z,2021-10-25T01:44:00Z,2,SAMEA4659315,E-MTAB-6769:1550sTS.Chicken.Liver.14.Male,Gallus gallus,male,ERP108704,Red Junglefowl,E-MTAB-6769:1550sTS.Chicken.Liver.14.Male
ERR2576450,14,RNA-Seq,101,3634214926,PRJEB26695,SAMEA4659316,ArrayExpress,2390951004,Lausanne Genomics Technology Facility,chicken,public,"fastq,run.zq,sra","ena,gs,ncbi,s3","ena,gs.us-east1,ncbi.public,s3.us-east-1",embryo,2019-02-18,2018-12-29T17:01:47Z,2018-11-16,2018-05-11T10:57:46Z,ERX2593443,embryonic day 14,testis,SAMEA4659316,wild type genotype,University of Heidelberg,2018-12-29T17:01:47Z,2018-05-11T10:57:46Z,public,Illumina HiSeq 2500,1417sTS.Chicken.Testis.14.Male_s,SINGLE,PolyA,TRANSCRIPTOMIC,testis,Gallus gallus,ILLUMINA,2019-02-19T00:00:00Z,2022-07-26T05:53:00Z,2,SAMEA4659316,E-MTAB-6769:1417sTS.Chicken.Testis.14.Male,Gallus gallus,male,ERP108704,Red Junglefowl,E-MTAB-6769:1417sTS.Chicken.Testis.14.Male
ERR2576451,14,RNA-Seq,101,2877666548,PRJEB26695,SAMEA4659317,ArrayExpress,1868599762,Lausanne Genomics Technology Facility,chicken,public,"fastq,run.zq,sra","ena,gs,ncbi,s3","ena,gs.us-east1,ncbi.public,s3.us-east-1",embryo,2019-02-18,2018-12-29T17:01:47Z,2018-11-16,2018-05-11T10:57:46Z,ERX2593444,embryonic day 14,testis,SAMEA4659317,wild type genotype,University of Heidelberg,2018-12-29T17:01:47Z,2018-05-11T10:57:46Z,public,Illumina HiSeq 2500,3917sTS.Chicken.Testis.14.Male_s,SINGLE,PolyA,TRANSCRIPTOMIC,testis,Gallus gallus,ILLUMINA,2019-02-19T00:00:00Z,2022-07-21T19:16:00Z,2,SAMEA4659317,E-MTAB-6769:3917sTS.Chicken.Testis.14.Male,Gallus gallus,male,ERP108704,Red Junglefowl,E-MTAB-6769:3917sTS.Chicken.Testis.14.Male
ERR2576452,17,RNA-Seq,101,3373981154,PRJEB26695,SAMEA4659318,ArrayExpress,2254157368,Lausanne Genomics Technology Facility,chicken,public,"fastq,run.zq,sra","ena,gs,ncbi,s3","ena,gs.us-east1,ncbi.public,s3.us-east-1",embryo,2019-02-18,2018-12-29T17:01:47Z,2018-11-16,2018-05-11T10:57:46Z,ERX2593445,embryonic day 17,brain,SAMEA4659318,wild type genotype,University of Heidelberg,2018-12-29T17:01:47Z,2018-05-11T10:57:46Z,public,Illumina HiSeq 2500,1426sTS.Chicken.Brain.17.Female_s,SINGLE,PolyA,TRANSCRIPTOMIC,brain,Gallus gallus,ILLUMINA,2019-02-19T00:00:00Z,2022-07-19T01:05:00Z,2,SAMEA4659318,E-MTAB-6769:1426sTS.Chicken.Brain.17.Female,Gallus gallus,female,ERP108704,Red Junglefowl,E-MTAB-6769:1426sTS.Chicken.Brain.17.Female
ERR2576453,17,RNA-Seq,101,2415673661,PRJEB26695,SAMEA4659319,ArrayExpress,1455672043,Lausanne Genomics Technology Facility,chicken,public,"fastq,run.zq,sra","ena,gs,ncbi,s3","ena,gs.us-east1,ncbi.public,s3.us-east-1",embryo,2019-02-18,2018-12-29T17:01:47Z,2018-11-16,2018-05-11T10:57:46Z,ERX2593446,embryonic day 17,brain,SAMEA4659319,wild type genotype,University of Heidelberg,2018-12-29T17:01:47Z,2018-05-11T10:57:46Z,public,Illumina HiSeq 2500,1628sTS.Chicken.Brain.17.Female_s,SINGLE,PolyA,TRANSCRIPTOMIC,brain,Gallus gallus,ILLUMINA,2019-02-19T00:00:00Z,2022-07-26T05:49:00Z,2,SAMEA4659319,E-MTAB-6769:1628sTS.Chicken.Brain.17.Female,Gallus gallus,female,ERP108704,Red Junglefowl,E-MTAB-6769:1628sTS.Chicken.Brain.17.Female
ERR2576454,17,RNA-Seq,101,5305319011,PRJEB26695,SAMEA4659320,ArrayExpress,3538601724,Lausanne Genomics Technology Facility,chicken,public,"fastq,run.zq,sra","ena,gs,ncbi,s3","ena,gs.us-east1,ncbi.public,s3.us-east-1",embryo,2019-02-18,2018-12-29T17:01:47Z,2018-11-16,2018-05-11T10:57:46Z,ERX2593447,embryonic day 17,cerebellum,SAMEA4659320,wild type genotype,University of Heidelberg,2018-12-29T17:01:47Z,2018-05-11T10:57:46Z,public,Illumina HiSeq 2500,1483sTSm.Chicken.Cerebellum.17.Female_s,SINGLE,PolyA,TRANSCRIPTOMIC,cerebellum,Gallus gallus,ILLUMINA,2019-02-19T00:00:00Z,2022-07-19T15:44:00Z,2,SAMEA4659320,E-MTAB-6769:1483sTSm.Chicken.Cerebellum.17.Female,Gallus gallus,female,ERP108704,Red Junglefowl,E-MTAB-6769:1483sTSm.Chicken.Cerebellum.17.Female
ERR2576455,17,RNA-Seq,101,3527109880,PRJEB26695,SAMEA4659321,ArrayExpress,2252832707,Lausanne Genomics Technology Facility,chicken,public,"fastq,run.zq,sra","ena,gs,ncbi,s3","ena,gs.us-east1,ncbi.public,s3.us-east-1",embryo,2019-02-18,2018-12-29T17:01:47Z,2018-11-16,2018-05-11T10:57:46Z,ERX2593448,embryonic day 17,cerebellum,SAMEA4659321,wild type genotype,University of Heidelberg,2018-12-29T17:01:47Z,2018-05-11T10:57:46Z,public,Illumina HiSeq 2500,1810sTS.Chicken.Cerebellum.17.Female_s,SINGLE,PolyA,TRANSCRIPTOMIC,cerebellum,Gallus gallus,ILLUMINA,2019-02-19T00:00:00Z,2022-07-26T05:54:00Z,2,SAMEA4659321,E-MTAB-6769:1810sTS.Chicken.Cerebellum.17.Female,Gallus gallus,female,ERP108704,Red Junglefowl,E-MTAB-6769:1810sTS.Chicken.Cerebellum.17.Female
ERR2576456,17,RNA-Seq,101,3818701627,PRJEB26695,SAMEA4659322,ArrayExpress,2482540866,Lausanne Genomics Technology Facility,chicken,public,"fastq,run.zq,sra","ena,gs,ncbi,s3","ena,gs.us-east1,ncbi.public,s3.us-east-1",embryo,2019-02-18,2018-12-29T17:01:47Z,2018-11-16,2018-05-11T10:57:46Z,ERX2593449,embryonic day 17,heart,SAMEA4659322,wild type genotype,University of Heidelberg,2018-12-29T17:01:47Z,2018-05-11T10:57:46Z,public,Illumina HiSeq 2500,1630sTS.Chicken.Heart.17.Female_s,SINGLE,PolyA,TRANSCRIPTOMIC,heart,Gallus gallus,ILLUMINA,2019-02-19T00:00:00Z,2022-07-14T10:05:00Z,2,SAMEA4659322,E-MTAB-6769:1630sTS.Chicken.Heart.17.Female,Gallus gallus,female,ERP108704,Red Junglefowl,E-MTAB-6769:1630sTS.Chicken.Heart.17.Female
ERR2576457,17,RNA-Seq,101,4215448009,PRJEB26695,SAMEA4659323,ArrayExpress,2791691785,Lausanne Genomics Technology Facility,chicken,public,"fastq,run.zq,sra","ena,gs,ncbi,s3","ena,gs.us-east1,ncbi.public,s3.us-east-1",embryo,2019-02-18,2018-12-29T17:01:47Z,2018-11-16,2018-05-11T10:57:46Z,ERX2593450,embryonic day 17,heart,SAMEA4659323,wild type genotype,University of Heidelberg,2018-12-29T17:01:47Z,2018-05-11T10:57:46Z,public,Illumina HiSeq 2500,2476sTS.Chicken.Heart.17.Female_s,SINGLE,PolyA,TRANSCRIPTOMIC,heart,Gallus gallus,ILLUMINA,2019-02-19T00:00:00Z,2022-07-19T15:42:00Z,2,SAMEA4659323,E-MTAB-6769:2476sTS.Chicken.Heart.17.Female,Gallus gallus,female,ERP108704,Red Junglefowl,E-MTAB-6769:2476sTS.Chicken.Heart.17.Female
ERR2576458,17,RNA-Seq,101,3667968823,PRJEB26695,SAMEA4659324,ArrayExpress,2441450606,Lausanne Genomics Technology Facility,chicken,public,"fastq,run.zq,sra","ena,gs,ncbi,s3","ena,gs.us-east1,ncbi.public,s3.us-east-1",embryo,2019-02-18,2018-12-29T17:01:47Z,2018-11-16,2018-05-11T10:57:46Z,ERX2593451,embryonic day 17,kidney,SAMEA4659324,wild type genotype,University of Heidelberg,2018-12-29T17:01:47Z,2018-05-11T10:57:46Z,public,Illumina HiSeq 2500,1484sTS.Chicken.Kidney.17.Female_s,SINGLE,PolyA,TRANSCRIPTOMIC,kidney,Gallus gallus,ILLUMINA,2019-02-19T00:00:00Z,2022-07-30T06:59:00Z,2,SAMEA4659324,E-MTAB-6769:1484sTS.Chicken.Kidney.17.Female,Gallus gallus,female,ERP108704,Red Junglefowl,E-MTAB-6769:1484sTS.Chicken.Kidney.17.Female
ERR2576459,17,RNA-Seq,101,2739355532,PRJEB26695,SAMEA4659325,ArrayExpress,1755262767,Lausanne Genomics Technology Facility,chicken,public,"fastq,run.zq,sra","ena,gs,ncbi,s3","ena,gs.us-east1,ncbi.public,s3.us-east-1",embryo,2019-02-18,2018-12-29T17:01:47Z,2018-11-16,2018-05-11T10:57:46Z,ERX2593452,embryonic day 17,kidney,SAMEA4659325,wild type genotype,University of Heidelberg,2018-12-29T17:01:47Z,2018-05-11T10:57:46Z,public,Illumina HiSeq 2500,1631sTS.Chicken.Kidney.17.Female_s,SINGLE,PolyA,TRANSCRIPTOMIC,kidney,Gallus gallus,ILLUMINA,2019-02-19T00:00:00Z,2021-10-25T01:39:00Z,2,SAMEA4659325,E-MTAB-6769:1631sTS.Chicken.Kidney.17.Female,Gallus gallus,female,ERP108704,Red Junglefowl,E-MTAB-6769:1631sTS.Chicken.Kidney.17.Female
ERR2576460,17,RNA-Seq,101,2645199191,PRJEB26695,SAMEA4659326,ArrayExpress,1548179203,Lausanne Genomics Technology Facility,chicken,public,"fastq,run.zq,sra","ena,gs,ncbi,s3","ena,gs.us-east1,ncbi.public,s3.us-east-1",embryo,2019-02-18,2018-12-29T17:01:47Z,2018-11-16,2018-05-11T10:57:46Z,ERX2593453,embryonic day 17,liver,SAMEA4659326,wild type genotype,University of Heidelberg,2018-12-29T17:01:47Z,2018-05-11T10:57:46Z,public,Illumina HiSeq 2500,1485sTSm.Chicken.Liver.17.Female_s,SINGLE,PolyA,TRANSCRIPTOMIC,liver,Gallus gallus,ILLUMINA,2019-02-19T00:00:00Z,2021-10-25T01:41:00Z,2,SAMEA4659326,E-MTAB-6769:1485sTSm.Chicken.Liver.17.Female,Gallus gallus,female,ERP108704,Red Junglefowl,E-MTAB-6769:1485sTSm.Chicken.Liver.17.Female
ERR2576461,17,RNA-Seq,101,2437977491,PRJEB26695,SAMEA4659327,ArrayExpress,1572614414,Lausanne Genomics Technology Facility,chicken,public,"fastq,run.zq,sra","ena,gs,ncbi,s3","ena,gs.us-east1,ncbi.public,s3.us-east-1",embryo,2019-02-18,2018-12-29T17:01:47Z,2018-11-16,2018-05-11T10:57:46Z,ERX2593454,embryonic day 17,liver,SAMEA4659327,wild type genotype,University of Heidelberg,2018-12-29T17:01:47Z,2018-05-11T10:57:46Z,public,Illumina HiSeq 2500,1634sTS.Chicken.Liver.17.Female_s,SINGLE,PolyA,TRANSCRIPTOMIC,liver,Gallus gallus,ILLUMINA,2019-02-19T00:00:00Z,2022-07-26T05:50:00Z,2,SAMEA4659327,E-MTAB-6769:1634sTS.Chicken.Liver.17.Female,Gallus gallus,female,ERP108704,Red Junglefowl,E-MTAB-6769:1634sTS.Chicken.Liver.17.Female
ERR2576462,17,RNA-Seq,101,3073775319,PRJEB26695,SAMEA4659328,ArrayExpress,2043291822,Lausanne Genomics Technology Facility,chicken,public,"fastq,run.zq,sra","ena,gs,ncbi,s3","ena,gs.us-east1,ncbi.public,s3.us-east-1",embryo,2019-02-18,2018-12-29T17:01:47Z,2018-11-16,2018-05-11T10:57:46Z,ERX2593455,embryonic day 17,ovary,SAMEA4659328,wild type genotype,University of Heidelberg,2018-12-29T17:01:47Z,2018-05-11T10:57:46Z,public,Illumina HiSeq 2500,1427sTS.Chicken.Ovary.17.Female_s,SINGLE,PolyA,TRANSCRIPTOMIC,ovary,Gallus gallus,ILLUMINA,2019-02-19T00:00:00Z,2022-07-15T18:17:00Z,2,SAMEA4659328,E-MTAB-6769:1427sTS.Chicken.Ovary.17.Female,Gallus gallus,female,ERP108704,Red Junglefowl,E-MTAB-6769:1427sTS.Chicken.Ovary.17.Female
ERR2576463,17,RNA-Seq,101,2291924219,PRJEB26695,SAMEA4659329,ArrayExpress,1474158518,Lausanne Genomics Technology Facility,chicken,public,"fastq,run.zq,sra","ena,gs,ncbi,s3","ena,gs.us-east1,ncbi.public,s3.us-east-1",embryo,2019-02-18,2018-12-29T17:01:47Z,2018-11-16,2018-05-11T10:57:46Z,ERX2593456,embryonic day 17,ovary,SAMEA4659329,wild type genotype,University of Heidelberg,2018-12-29T17:01:47Z,2018-05-11T10:57:46Z,public,Illumina HiSeq 2500,1635sTS.Chicken.Ovary.17.Female_s,SINGLE,PolyA,TRANSCRIPTOMIC,ovary,Gallus gallus,ILLUMINA,2019-02-19T00:00:00Z,2022-07-19T15:36:00Z,2,SAMEA4659329,E-MTAB-6769:1635sTS.Chicken.Ovary.17.Female,Gallus gallus,female,ERP108704,Red Junglefowl,E-MTAB-6769:1635sTS.Chicken.Ovary.17.Female
ERR2576464,17,RNA-Seq,101,3099861397,PRJEB26695,SAMEA4659330,ArrayExpress,2074454898,Lausanne Genomics Technology Facility,chicken,public,"fastq,run.zq,sra","ena,gs,ncbi,s3","ena,gs.us-east1,ncbi.public,s3.us-east-1",embryo,2019-02-18,2018-12-29T17:01:47Z,2018-11-16,2018-05-11T10:57:46Z,ERX2593457,embryonic day 17,brain,SAMEA4659330,wild type genotype,University of Heidelberg,2018-12-29T17:01:47Z,2018-05-11T10:57:46Z,public,Illumina HiSeq 2500,1423sTS.Chicken.Brain.17.Male_s,SINGLE,PolyA,TRANSCRIPTOMIC,brain,Gallus gallus,ILLUMINA,2019-02-19T00:00:00Z,2022-07-26T05:41:00Z,2,SAMEA4659330,E-MTAB-6769:1423sTS.Chicken.Brain.17.Male,Gallus gallus,male,ERP108704,Red Junglefowl,E-MTAB-6769:1423sTS.Chicken.Brain.17.Male
ERR2576465,17,RNA-Seq,101,2046167181,PRJEB26695,SAMEA4659331,ArrayExpress,1271499402,Lausanne Genomics Technology Facility,chicken,public,"fastq,run.zq,sra","ena,gs,ncbi,s3","ena,gs.us-east1,ncbi.public,s3.us-east-1",embryo,2019-02-18,2018-12-29T17:01:47Z,2018-11-16,2018-05-11T10:57:46Z,ERX2593458,embryonic day 17,brain,SAMEA4659331,wild type genotype,University of Heidelberg,2018-12-29T17:01:47Z,2018-05-11T10:57:46Z,public,Illumina HiSeq 2500,1620sTS.Chicken.Brain.17.Male_s,SINGLE,PolyA,TRANSCRIPTOMIC,brain,Gallus gallus,ILLUMINA,2019-02-19T00:00:00Z,2022-07-14T10:04:00Z,2,SAMEA4659331,E-MTAB-6769:1620sTS.Chicken.Brain.17.Male,Gallus gallus,male,ERP108704,Red Junglefowl,E-MTAB-6769:1620sTS.Chicken.Brain.17.Male
ERR2576466,17,RNA-Seq,101,3099174193,PRJEB26695,SAMEA4659332,ArrayExpress,2069603302,Lausanne Genomics Technology Facility,chicken,public,"fastq,run.zq,sra","ena,gs,ncbi,s3","ena,gs.us-east1,ncbi.public,s3.us-east-1",embryo,2019-02-18,2018-12-29T17:01:47Z,2018-11-16,2018-05-11T10:57:46Z,ERX2593459,embryonic day 17,cerebellum,SAMEA4659332,wild type genotype,University of Heidelberg,2018-12-29T17:01:47Z,2018-05-11T10:57:46Z,public,Illumina HiSeq 2500,1479sTS.Chicken.Cerebellum.17.Male_s,SINGLE,PolyA,TRANSCRIPTOMIC,cerebellum,Gallus gallus,ILLUMINA,2019-02-19T00:00:00Z,2022-07-21T06:03:00Z,2,SAMEA4659332,E-MTAB-6769:1479sTS.Chicken.Cerebellum.17.Male,Gallus gallus,male,ERP108704,Red Junglefowl,E-MTAB-6769:1479sTS.Chicken.Cerebellum.17.Male
ERR2576467,17,RNA-Seq,101,3294381135,PRJEB26695,SAMEA4659333,ArrayExpress,2192267382,Lausanne Genomics Technology Facility,chicken,public,"fastq,run.zq,sra","ena,gs,ncbi,s3","ena,gs.us-east1,ncbi.public,s3.us-east-1",embryo,2019-02-18,2018-12-29T17:01:47Z,2018-11-16,2018-05-11T10:57:46Z,ERX2593460,embryonic day 17,cerebellum,SAMEA4659333,wild type genotype,University of Heidelberg,2018-12-29T17:01:47Z,2018-05-11T10:57:46Z,public,Illumina HiSeq 2500,1621sTS.Chicken.Cerebellum.17.Male_s,SINGLE,PolyA,TRANSCRIPTOMIC,cerebellum,Gallus gallus,ILLUMINA,2019-02-19T00:00:00Z,2022-07-26T05:51:00Z,2,SAMEA4659333,E-MTAB-6769:1621sTS.Chicken.Cerebellum.17.Male,Gallus gallus,male,ERP108704,Red Junglefowl,E-MTAB-6769:1621sTS.Chicken.Cerebellum.17.Male
ERR2576468,17,RNA-Seq,101,4300782909,PRJEB26695,SAMEA4659334,ArrayExpress,2878831589,Lausanne Genomics Technology Facility,chicken,public,"fastq,run.zq,sra","ena,gs,ncbi,s3","ena,gs.us-east1,ncbi.public,s3.us-east-1",embryo,2019-02-18,2018-12-29T17:01:47Z,2018-11-16,2018-05-11T10:57:46Z,ERX2593461,embryonic day 17,heart,SAMEA4659334,wild type genotype,University of Heidelberg,2018-12-29T17:01:47Z,2018-05-11T10:57:46Z,public,Illumina HiSeq 2500,1474sTS.Chicken.Heart.17.Male_s,SINGLE,PolyA,TRANSCRIPTOMIC,heart,Gallus gallus,ILLUMINA,2019-02-19T00:00:00Z,2021-10-25T02:15:00Z,2,SAMEA4659334,E-MTAB-6769:1474sTS.Chicken.Heart.17.Male,Gallus gallus,male,ERP108704,Red Junglefowl,E-MTAB-6769:1474sTS.Chicken.Heart.17.Male
ERR2576469,17,RNA-Seq,101,3300120258,PRJEB26695,SAMEA4659335,ArrayExpress,2124856030,Lausanne Genomics Technology Facility,chicken,public,"fastq,run.zq,sra","ena,gs,ncbi,s3","ena,gs.us-east1,ncbi.public,s3.us-east-1",embryo,2019-02-18,2018-12-29T17:01:47Z,2018-11-16,2018-05-11T10:57:46Z,ERX2593462,embryonic day 17,heart,SAMEA4659335,wild type genotype,University of Heidelberg,2018-12-29T17:01:47Z,2018-05-11T10:57:46Z,public,Illumina HiSeq 2500,1622sTS.Chicken.Heart.17.Male_s,SINGLE,PolyA,TRANSCRIPTOMIC,heart,Gallus gallus,ILLUMINA,2019-02-19T00:00:00Z,2022-07-26T05:52:00Z,2,SAMEA4659335,E-MTAB-6769:1622sTS.Chicken.Heart.17.Male,Gallus gallus,male,ERP108704,Red Junglefowl,E-MTAB-6769:1622sTS.Chicken.Heart.17.Male
ERR2576470,17,RNA-Seq,101,3993985915,PRJEB26695,SAMEA4659336,ArrayExpress,2676261682,Lausanne Genomics Technology Facility,chicken,public,"fastq,run.zq,sra","ena,gs,ncbi,s3","ena,gs.us-east1,ncbi.public,s3.us-east-1",embryo,2019-02-18,2018-12-29T17:01:47Z,2018-11-16,2018-05-11T10:57:46Z,ERX2593463,embryonic day 17,kidney,SAMEA4659336,wild type genotype,University of Heidelberg,2018-12-29T17:01:47Z,2018-05-11T10:57:46Z,public,Illumina HiSeq 2500,1480sTS.Chicken.Kidney.17.Male_s,SINGLE,PolyA,TRANSCRIPTOMIC,kidney,Gallus gallus,ILLUMINA,2019-02-19T00:00:00Z,2022-07-26T05:53:00Z,2,SAMEA4659336,E-MTAB-6769:1480sTS.Chicken.Kidney.17.Male,Gallus gallus,male,ERP108704,Red Junglefowl,E-MTAB-6769:1480sTS.Chicken.Kidney.17.Male
ERR2576471,17,RNA-Seq,101,3077413743,PRJEB26695,SAMEA4659337,ArrayExpress,1936238171,Lausanne Genomics Technology Facility,chicken,public,"fastq,run.zq,sra","ena,gs,ncbi,s3","ena,gs.us-east1,ncbi.public,s3.us-east-1",embryo,2019-02-18,2018-12-29T17:01:47Z,2018-11-16,2018-05-11T10:57:46Z,ERX2593464,embryonic day 17,kidney,SAMEA4659337,wild type genotype,University of Heidelberg,2018-12-29T17:01:47Z,2018-05-11T10:57:46Z,public,Illumina HiSeq 2500,1623sTS.Chicken.Kidney.17.Male_s,SINGLE,PolyA,TRANSCRIPTOMIC,kidney,Gallus gallus,ILLUMINA,2019-02-19T00:00:00Z,2021-10-25T01:54:00Z,2,SAMEA4659337,E-MTAB-6769:1623sTS.Chicken.Kidney.17.Male,Gallus gallus,male,ERP108704,Red Junglefowl,E-MTAB-6769:1623sTS.Chicken.Kidney.17.Male
ERR2576472,17,RNA-Seq,101,2696219139,PRJEB26695,SAMEA4659338,ArrayExpress,1674624867,Lausanne Genomics Technology Facility,chicken,public,"fastq,run.zq,sra","ena,gs,ncbi,s3","ena,gs.us-east1,ncbi.public,s3.us-east-1",embryo,2019-02-18,2018-12-29T17:01:47Z,2018-11-16,2018-05-11T10:57:46Z,ERX2593465,embryonic day 17,liver,SAMEA4659338,wild type genotype,University of Heidelberg,2018-12-29T17:01:47Z,2018-05-11T10:57:46Z,public,Illumina HiSeq 2500,1481sTS.Chicken.Liver.17.Male_s,SINGLE,PolyA,TRANSCRIPTOMIC,liver,Gallus gallus,ILLUMINA,2019-02-19T00:00:00Z,2022-07-17T19:31:00Z,2,SAMEA4659338,E-MTAB-6769:1481sTS.Chicken.Liver.17.Male,Gallus gallus,male,ERP108704,Red Junglefowl,E-MTAB-6769:1481sTS.Chicken.Liver.17.Male
ERR2576473,17,RNA-Seq,101,2992885631,PRJEB26695,SAMEA4659339,ArrayExpress,1984658535,Lausanne Genomics Technology Facility,chicken,public,"fastq,run.zq,sra","ena,gs,ncbi,s3","ena,gs.us-east1,ncbi.public,s3.us-east-1",embryo,2019-02-18,2018-12-29T17:01:47Z,2018-11-16,2018-05-11T10:57:46Z,ERX2593466,embryonic day 17,liver,SAMEA4659339,wild type genotype,University of Heidelberg,2018-12-29T17:01:47Z,2018-05-11T10:57:46Z,public,Illumina HiSeq 2500,1624sTS.Chicken.Liver.17.Male_s,SINGLE,PolyA,TRANSCRIPTOMIC,liver,Gallus gallus,ILLUMINA,2019-02-19T00:00:00Z,2022-07-22T11:46:00Z,2,SAMEA4659339,E-MTAB-6769:1624sTS.Chicken.Liver.17.Male,Gallus gallus,male,ERP108704,Red Junglefowl,E-MTAB-6769:1624sTS.Chicken.Liver.17.Male
ERR2576474,17,RNA-Seq,101,3100885638,PRJEB26695,SAMEA4659340,ArrayExpress,2063479505,Lausanne Genomics Technology Facility,chicken,public,"fastq,run.zq,sra","ena,gs,ncbi,s3","ena,gs.us-east1,ncbi.public,s3.us-east-1",embryo,2019-02-18,2018-12-29T17:01:47Z,2018-11-16,2018-05-11T10:57:46Z,ERX2593467,embryonic day 17,testis,SAMEA4659340,wild type genotype,University of Heidelberg,2018-12-29T17:01:47Z,2018-05-11T10:57:46Z,public,Illumina HiSeq 2500,1424sTS.Chicken.Testis.17.Male_s,SINGLE,PolyA,TRANSCRIPTOMIC,testis,Gallus gallus,ILLUMINA,2019-02-19T00:00:00Z,2022-07-17T10:07:00Z,2,SAMEA4659340,E-MTAB-6769:1424sTS.Chicken.Testis.17.Male,Gallus gallus,male,ERP108704,Red Junglefowl,E-MTAB-6769:1424sTS.Chicken.Testis.17.Male
ERR2576475,17,RNA-Seq,101,2728580145,PRJEB26695,SAMEA4659341,ArrayExpress,1757793688,Lausanne Genomics Technology Facility,chicken,public,"fastq,run.zq,sra","ena,gs,ncbi,s3","ena,gs.us-east1,ncbi.public,s3.us-east-1",embryo,2019-02-18,2018-12-29T17:01:47Z,2018-11-16,2018-05-11T10:57:46Z,ERX2593468,embryonic day 17,testis,SAMEA4659341,wild type genotype,University of Heidelberg,2018-12-29T17:01:47Z,2018-05-11T10:57:46Z,public,Illumina HiSeq 2500,1625sTS.Chicken.Testis.17.Male_s,SINGLE,PolyA,TRANSCRIPTOMIC,testis,Gallus gallus,ILLUMINA,2019-02-19T00:00:00Z,2022-07-26T05:50:00Z,2,SAMEA4659341,E-MTAB-6769:1625sTS.Chicken.Testis.17.Male,Gallus gallus,male,ERP108704,Red Junglefowl,E-MTAB-6769:1625sTS.Chicken.Testis.17.Male
ERR2576476,0,RNA-Seq,101,3581356273,PRJEB26695,SAMEA4659342,ArrayExpress,2362661706,Lausanne Genomics Technology Facility,chicken,public,"fastq,run.zq,sra","ena,gs,ncbi,s3","ena,gs.us-east1,ncbi.public,s3.us-east-1",postnatal,2019-02-18,2018-12-29T17:01:47Z,2018-11-16,2018-05-11T10:57:46Z,ERX2593469,postnatal day 0,brain,SAMEA4659342,wild type genotype,University of Heidelberg,2018-12-29T17:01:47Z,2018-05-11T10:57:46Z,public,Illumina HiSeq 2500,1429sTS.Chicken.Brain.0dph.Female_s,SINGLE,PolyA,TRANSCRIPTOMIC,brain,Gallus gallus,ILLUMINA,2019-02-19T00:00:00Z,2021-10-25T01:59:00Z,2,SAMEA4659342,E-MTAB-6769:1429sTS.Chicken.Brain.0dph.Female,Gallus gallus,female,ERP108704,Red Junglefowl,E-MTAB-6769:1429sTS.Chicken.Brain.0dph.Female
ERR2576477,0,RNA-Seq,101,3056192330,PRJEB26695,SAMEA4659343,ArrayExpress,2023838625,Lausanne Genomics Technology Facility,chicken,public,"fastq,run.zq,sra","ena,gs,ncbi,s3","ena,gs.us-east1,ncbi.public,s3.us-east-1",postnatal,2019-02-18,2018-12-29T17:01:47Z,2018-11-16,2018-05-11T10:57:46Z,ERX2593470,postnatal day 0,brain,SAMEA4659343,wild type genotype,University of Heidelberg,2018-12-29T17:01:47Z,2018-05-11T10:57:46Z,public,Illumina HiSeq 2500,1638sTS.Chicken.Brain.0dph.Female_s,SINGLE,PolyA,TRANSCRIPTOMIC,brain,Gallus gallus,ILLUMINA,2019-02-19T00:00:00Z,2021-10-25T01:55:00Z,2,SAMEA4659343,E-MTAB-6769:1638sTS.Chicken.Brain.0dph.Female,Gallus gallus,female,ERP108704,Red Junglefowl,E-MTAB-6769:1638sTS.Chicken.Brain.0dph.Female
ERR2576478,0,RNA-Seq,101,3141244228,PRJEB26695,SAMEA4659344,ArrayExpress,2011368655,Lausanne Genomics Technology Facility,chicken,public,"fastq,run.zq,sra","ena,gs,ncbi,s3","ena,gs.us-east1,ncbi.public,s3.us-east-1",postnatal,2019-02-18,2018-12-29T17:01:47Z,2018-11-16,2018-05-11T10:57:46Z,ERX2593471,postnatal day 0,cerebellum,SAMEA4659344,wild type genotype,University of Heidelberg,2018-12-29T17:01:47Z,2018-05-11T10:57:46Z,public,Illumina HiSeq 2500,1487sTS.Chicken.Cerebellum.0dph.Female_s,SINGLE,PolyA,TRANSCRIPTOMIC,cerebellum,Gallus gallus,ILLUMINA,2019-02-19T00:00:00Z,2022-07-26T05:50:00Z,2,SAMEA4659344,E-MTAB-6769:1487sTS.Chicken.Cerebellum.0dph.Female,Gallus gallus,female,ERP108704,Red Junglefowl,E-MTAB-6769:1487sTS.Chicken.Cerebellum.0dph.Female
ERR2576479,0,RNA-Seq,101,21108107160,PRJEB26695,SAMEA4659345,ArrayExpress,14049077452,Lausanne Genomics Technology Facility,chicken,public,"fastq,run.zq,sra","ena,gs,ncbi,s3","ena,gs.us-east1,ncbi.public,s3.us-east-1",postnatal,2019-02-18,2018-12-29T17:01:47Z,2018-11-16,2018-05-11T10:57:46Z,ERX2593472,postnatal day 0,cerebellum,SAMEA4659345,wild type genotype,University of Heidelberg,2018-12-29T17:01:47Z,2018-05-11T10:57:46Z,public,Illumina HiSeq 2500,1639sTSm.Chicken.Cerebellum.0dph.Female_s,SINGLE,PolyA,TRANSCRIPTOMIC,cerebellum,Gallus gallus,ILLUMINA,2019-02-19T00:00:00Z,2022-07-13T13:09:00Z,2,SAMEA4659345,E-MTAB-6769:1639sTSm.Chicken.Cerebellum.0dph.Female,Gallus gallus,female,ERP108704,Red Junglefowl,E-MTAB-6769:1639sTSm.Chicken.Cerebellum.0dph.Female
ERR2576480,0,RNA-Seq,101,3490016317,PRJEB26695,SAMEA4659346,ArrayExpress,2222077509,Lausanne Genomics Technology Facility,chicken,public,"fastq,run.zq,sra","ena,gs,ncbi,s3","ena,gs.us-east1,ncbi.public,s3.us-east-1",postnatal,2019-02-18,2018-12-29T17:01:47Z,2018-11-16,2018-05-11T10:57:46Z,ERX2593473,postnatal day 0,heart,SAMEA4659346,wild type genotype,University of Heidelberg,2018-12-29T17:01:47Z,2018-05-11T10:57:46Z,public,Illumina HiSeq 2500,1476sTS.Chicken.Heart.0dph.Female_s,SINGLE,PolyA,TRANSCRIPTOMIC,heart,Gallus gallus,ILLUMINA,2019-02-19T00:00:00Z,2022-07-26T05:54:00Z,2,SAMEA4659346,E-MTAB-6769:1476sTS.Chicken.Heart.0dph.Female,Gallus gallus,female,ERP108704,Red Junglefowl,E-MTAB-6769:1476sTS.Chicken.Heart.0dph.Female
ERR2576481,0,RNA-Seq,101,3453193333,PRJEB26695,SAMEA4659347,ArrayExpress,2305914991,Lausanne Genomics Technology Facility,chicken,public,"fastq,run.zq,sra","ena,gs,ncbi,s3","ena,gs.us-east1,ncbi.public,s3.us-east-1",postnatal,2019-02-18,2018-12-29T17:01:47Z,2018-11-16,2018-05-11T10:57:47Z,ERX2593474,postnatal day 0,heart,SAMEA4659347,wild type genotype,University of Heidelberg,2018-12-29T17:01:47Z,2018-05-11T10:57:47Z,public,Illumina HiSeq 2500,1640sTS.Chicken.Heart.0dph.Female_s,SINGLE,PolyA,TRANSCRIPTOMIC,heart,Gallus gallus,ILLUMINA,2019-02-19T00:00:00Z,2022-07-26T05:52:00Z,2,SAMEA4659347,E-MTAB-6769:1640sTS.Chicken.Heart.0dph.Female,Gallus gallus,female,ERP108704,Red Junglefowl,E-MTAB-6769:1640sTS.Chicken.Heart.0dph.Female
ERR2576482,0,RNA-Seq,101,4251350479,PRJEB26695,SAMEA4659348,ArrayExpress,2845305089,Lausanne Genomics Technology Facility,chicken,public,"fastq,run.zq,sra","ena,gs,ncbi,s3","ena,gs.us-east1,ncbi.public,s3.us-east-1",postnatal,2019-02-18,2018-12-29T17:01:47Z,2018-11-16,2018-05-11T10:57:47Z,ERX2593475,postnatal day 0,kidney,SAMEA4659348,wild type genotype,University of Heidelberg,2018-12-29T17:01:47Z,2018-05-11T10:57:47Z,public,Illumina HiSeq 2500,1488sTS.Chicken.Kidney.0dph.Female_s,SINGLE,PolyA,TRANSCRIPTOMIC,kidney,Gallus gallus,ILLUMINA,2019-02-19T00:00:00Z,2022-07-14T16:36:00Z,2,SAMEA4659348,E-MTAB-6769:1488sTS.Chicken.Kidney.0dph.Female,Gallus gallus,female,ERP108704,Red Junglefowl,E-MTAB-6769:1488sTS.Chicken.Kidney.0dph.Female
ERR2576483,0,RNA-Seq,101,2760144463,PRJEB26695,SAMEA4659349,ArrayExpress,1740606296,Lausanne Genomics Technology Facility,chicken,public,"fastq,run.zq,sra","ena,gs,ncbi,s3","ena,gs.us-east1,ncbi.public,s3.us-east-1",postnatal,2019-02-18,2018-12-29T17:01:47Z,2018-11-16,2018-05-11T10:57:47Z,ERX2593476,postnatal day 0,kidney,SAMEA4659349,wild type genotype,University of Heidelberg,2018-12-29T17:01:47Z,2018-05-11T10:57:47Z,public,Illumina HiSeq 2500,1641sTS.Chicken.Kidney.0dph.Female_s,SINGLE,PolyA,TRANSCRIPTOMIC,kidney,Gallus gallus,ILLUMINA,2019-02-19T00:00:00Z,2022-07-18T16:18:00Z,2,SAMEA4659349,E-MTAB-6769:1641sTS.Chicken.Kidney.0dph.Female,Gallus gallus,female,ERP108704,Red Junglefowl,E-MTAB-6769:1641sTS.Chicken.Kidney.0dph.Female
ERR2576484,0,RNA-Seq,101,2924414398,PRJEB26695,SAMEA4659350,ArrayExpress,1721005066,Lausanne Genomics Technology Facility,chicken,public,"fastq,run.zq,sra","ena,gs,ncbi,s3","ena,gs.us-east1,ncbi.public,s3.us-east-1",postnatal,2019-02-18,2018-12-29T17:01:47Z,2018-11-16,2018-05-11T10:57:47Z,ERX2593477,postnatal day 0,liver,SAMEA4659350,wild type genotype,University of Heidelberg,2018-12-29T17:01:47Z,2018-05-11T10:57:47Z,public,Illumina HiSeq 2500,1489sTSm.Chicken.Liver.0dph.Female_s,SINGLE,PolyA,TRANSCRIPTOMIC,liver,Gallus gallus,ILLUMINA,2019-02-19T00:00:00Z,2021-10-25T01:56:00Z,2,SAMEA4659350,E-MTAB-6769:1489sTSm.Chicken.Liver.0dph.Female,Gallus gallus,female,ERP108704,Red Junglefowl,E-MTAB-6769:1489sTSm.Chicken.Liver.0dph.Female
ERR2576485,0,RNA-Seq,101,2859918323,PRJEB26695,SAMEA4659351,ArrayExpress,1854274907,Lausanne Genomics Technology Facility,chicken,public,"fastq,run.zq,sra","ena,gs,ncbi,s3","ena,gs.us-east1,ncbi.public,s3.us-east-1",postnatal,2019-02-18,2018-12-29T17:01:47Z,2018-11-16,2018-05-11T10:57:47Z,ERX2593478,postnatal day 0,liver,SAMEA4659351,wild type genotype,University of Heidelberg,2018-12-29T17:01:47Z,2018-05-11T10:57:47Z,public,Illumina HiSeq 2500,1642sTS.Chicken.Liver.0dph.Female_s,SINGLE,PolyA,TRANSCRIPTOMIC,liver,Gallus gallus,ILLUMINA,2019-02-19T00:00:00Z,2021-10-25T01:45:00Z,2,SAMEA4659351,E-MTAB-6769:1642sTS.Chicken.Liver.0dph.Female,Gallus gallus,female,ERP108704,Red Junglefowl,E-MTAB-6769:1642sTS.Chicken.Liver.0dph.Female
ERR2576486,0,RNA-Seq,101,2813151384,PRJEB26695,SAMEA4659352,ArrayExpress,1856963961,Lausanne Genomics Technology Facility,chicken,public,"fastq,run.zq,sra","ena,gs,ncbi,s3","ena,gs.us-east1,ncbi.public,s3.us-east-1",postnatal,2019-02-18,2018-12-29T17:01:47Z,2018-11-16,2018-05-11T10:57:47Z,ERX2593479,postnatal day 0,ovary,SAMEA4659352,wild type genotype,University of Heidelberg,2018-12-29T17:01:47Z,2018-05-11T10:57:47Z,public,Illumina HiSeq 2500,1430sTS.Chicken.Ovary.0dph.Female_s,SINGLE,PolyA,TRANSCRIPTOMIC,ovary,Gallus gallus,ILLUMINA,2019-02-19T00:00:00Z,2022-07-19T15:37:00Z,2,SAMEA4659352,E-MTAB-6769:1430sTS.Chicken.Ovary.0dph.Female,Gallus gallus,female,ERP108704,Red Junglefowl,E-MTAB-6769:1430sTS.Chicken.Ovary.0dph.Female
ERR2576487,0,RNA-Seq,101,1843965181,PRJEB26695,SAMEA4659353,ArrayExpress,1189388439,Lausanne Genomics Technology Facility,chicken,public,"fastq,run.zq,sra","ena,gs,ncbi,s3","ena,gs.us-east1,ncbi.public,s3.us-east-1",postnatal,2019-02-18,2018-12-29T17:01:47Z,2018-11-16,2018-05-11T10:57:47Z,ERX2593480,postnatal day 0,ovary,SAMEA4659353,wild type genotype,University of Heidelberg,2018-12-29T17:01:47Z,2018-05-11T10:57:47Z,public,Illumina HiSeq 2500,1643sTS.Chicken.Ovary.0dph.Female_s,SINGLE,PolyA,TRANSCRIPTOMIC,ovary,Gallus gallus,ILLUMINA,2019-02-19T00:00:00Z,2022-07-26T05:48:00Z,2,SAMEA4659353,E-MTAB-6769:1643sTS.Chicken.Ovary.0dph.Female,Gallus gallus,female,ERP108704,Red Junglefowl,E-MTAB-6769:1643sTS.Chicken.Ovary.0dph.Female
ERR2576488,0,RNA-Seq,101,2840010011,PRJEB26695,SAMEA4659354,ArrayExpress,1867025060,Lausanne Genomics Technology Facility,chicken,public,"fastq,run.zq,sra","ena,gs,ncbi,s3","ena,gs.us-east1,ncbi.public,s3.us-east-1",postnatal,2019-02-18,2018-12-29T17:01:47Z,2018-11-16,2018-05-11T10:57:47Z,ERX2593481,postnatal day 0,brain,SAMEA4659354,wild type genotype,University of Heidelberg,2018-12-29T17:01:47Z,2018-05-11T10:57:47Z,public,Illumina HiSeq 2500,1539sTS.Chicken.Brain.0dph.Male_s,SINGLE,PolyA,TRANSCRIPTOMIC,brain,Gallus gallus,ILLUMINA,2019-02-19T00:00:00Z,2022-07-13T12:18:00Z,2,SAMEA4659354,E-MTAB-6769:1539sTS.Chicken.Brain.0dph.Male,Gallus gallus,male,ERP108704,Red Junglefowl,E-MTAB-6769:1539sTS.Chicken.Brain.0dph.Male
ERR2576489,0,RNA-Seq,101,5027876859,PRJEB26695,SAMEA4659355,ArrayExpress,2571559979,Lausanne Genomics Technology Facility,chicken,public,"fastq,run.zq,sra","ena,gs,ncbi,s3","ena,gs.us-east1,ncbi.public,s3.us-east-1",postnatal,2019-02-18,2018-12-29T17:01:47Z,2018-11-16,2018-05-11T10:57:47Z,ERX2593482,postnatal day 0,brain,SAMEA4659355,wild type genotype,University of Heidelberg,2018-12-29T17:01:47Z,2018-05-11T10:57:47Z,public,Illumina HiSeq 2500,1806sTSm.Chicken.Brain.0dph.Male_s,SINGLE,PolyA,TRANSCRIPTOMIC,brain,Gallus gallus,ILLUMINA,2019-02-19T00:00:00Z,2022-07-21T06:07:00Z,2,SAMEA4659355,E-MTAB-6769:1806sTSm.Chicken.Brain.0dph.Male,Gallus gallus,male,ERP108704,Red Junglefowl,E-MTAB-6769:1806sTSm.Chicken.Brain.0dph.Male
ERR2576490,0,RNA-Seq,101,4119489626,PRJEB26695,SAMEA4659356,ArrayExpress,2212696327,Lausanne Genomics Technology Facility,chicken,public,"fastq,run.zq,sra","ena,gs,ncbi,s3","ena,gs.us-east1,ncbi.public,s3.us-east-1",postnatal,2019-02-18,2018-12-29T17:01:47Z,2018-11-16,2018-05-11T10:57:47Z,ERX2593483,postnatal day 0,cerebellum,SAMEA4659356,wild type genotype,University of Heidelberg,2018-12-29T17:01:47Z,2018-05-11T10:57:47Z,public,Illumina HiSeq 2500,1540sTSm.Chicken.Cerebellum.0dph.Male_s,SINGLE,PolyA,TRANSCRIPTOMIC,cerebellum,Gallus gallus,ILLUMINA,2019-02-19T00:00:00Z,2022-07-26T05:53:00Z,2,SAMEA4659356,E-MTAB-6769:1540sTSm.Chicken.Cerebellum.0dph.Male,Gallus gallus,male,ERP108704,Red Junglefowl,E-MTAB-6769:1540sTSm.Chicken.Cerebellum.0dph.Male
ERR2576491,0,RNA-Seq,101,3791627264,PRJEB26695,SAMEA4659357,ArrayExpress,2519981623,Lausanne Genomics Technology Facility,chicken,public,"fastq,run.zq,sra","ena,gs,ncbi,s3","ena,gs.us-east1,ncbi.public,s3.us-east-1",postnatal,2019-02-18,2018-12-29T17:01:47Z,2018-11-16,2018-05-11T10:57:47Z,ERX2593484,postnatal day 0,cerebellum,SAMEA4659357,wild type genotype,University of Heidelberg,2018-12-29T17:01:47Z,2018-05-11T10:57:47Z,public,Illumina HiSeq 2500,1658sTS.Chicken.Cerebellum.0dph.Male_s,SINGLE,PolyA,TRANSCRIPTOMIC,cerebellum,Gallus gallus,ILLUMINA,2019-02-19T00:00:00Z,2022-07-17T08:07:00Z,2,SAMEA4659357,E-MTAB-6769:1658sTS.Chicken.Cerebellum.0dph.Male,Gallus gallus,male,ERP108704,Red Junglefowl,E-MTAB-6769:1658sTS.Chicken.Cerebellum.0dph.Male
ERR2576492,0,RNA-Seq,101,4229034630,PRJEB26695,SAMEA4659358,ArrayExpress,2832283700,Lausanne Genomics Technology Facility,chicken,public,"fastq,run.zq,sra","ena,gs,ncbi,s3","ena,gs.us-east1,ncbi.public,s3.us-east-1",postnatal,2019-02-18,2018-12-29T17:01:47Z,2018-11-16,2018-05-11T10:57:47Z,ERX2593485,postnatal day 0,heart,SAMEA4659358,wild type genotype,University of Heidelberg,2018-12-29T17:01:47Z,2018-05-11T10:57:47Z,public,Illumina HiSeq 2500,1541sTS.Chicken.Heart.0dph.Male_s,SINGLE,PolyA,TRANSCRIPTOMIC,heart,Gallus gallus,ILLUMINA,2019-02-19T00:00:00Z,2021-10-25T01:46:00Z,2,SAMEA4659358,E-MTAB-6769:1541sTS.Chicken.Heart.0dph.Male,Gallus gallus,male,ERP108704,Red Junglefowl,E-MTAB-6769:1541sTS.Chicken.Heart.0dph.Male
ERR2576493,0,RNA-Seq,101,3623643256,PRJEB26695,SAMEA4659359,ArrayExpress,2302530330,Lausanne Genomics Technology Facility,chicken,public,"fastq,run.zq,sra","ena,gs,ncbi,s3","ena,gs.us-east1,ncbi.public,s3.us-east-1",postnatal,2019-02-18,2018-12-29T17:01:47Z,2018-11-16,2018-05-11T10:57:47Z,ERX2593486,postnatal day 0,heart,SAMEA4659359,wild type genotype,University of Heidelberg,2018-12-29T17:01:47Z,2018-05-11T10:57:47Z,public,Illumina HiSeq 2500,1659sTS.Chicken.Heart.0dph.Male_s,SINGLE,PolyA,TRANSCRIPTOMIC,heart,Gallus gallus,ILLUMINA,2019-02-19T00:00:00Z,2022-07-26T05:52:00Z,2,SAMEA4659359,E-MTAB-6769:1659sTS.Chicken.Heart.0dph.Male,Gallus gallus,male,ERP108704,Red Junglefowl,E-MTAB-6769:1659sTS.Chicken.Heart.0dph.Male
ERR2576494,0,RNA-Seq,101,4249518137,PRJEB26695,SAMEA4659360,ArrayExpress,2630737940,Lausanne Genomics Technology Facility,chicken,public,"fastq,run.zq,sra","ena,gs,ncbi,s3","ena,gs.us-east1,ncbi.public,s3.us-east-1",postnatal,2019-02-18,2018-12-29T17:01:47Z,2018-11-16,2018-05-11T10:57:47Z,ERX2593487,postnatal day 0,kidney,SAMEA4659360,wild type genotype,University of Heidelberg,2018-12-29T17:01:47Z,2018-05-11T10:57:47Z,public,Illumina HiSeq 2500,1542sTS.Chicken.Kidney.0dph.Male_s,SINGLE,PolyA,TRANSCRIPTOMIC,kidney,Gallus gallus,ILLUMINA,2019-02-19T00:00:00Z,2022-07-26T05:54:00Z,2,SAMEA4659360,E-MTAB-6769:1542sTS.Chicken.Kidney.0dph.Male,Gallus gallus,male,ERP108704,Red Junglefowl,E-MTAB-6769:1542sTS.Chicken.Kidney.0dph.Male
ERR2576495,0,RNA-Seq,101,3326276127,PRJEB26695,SAMEA4659361,ArrayExpress,2103746988,Lausanne Genomics Technology Facility,chicken,public,"fastq,run.zq,sra","ena,gs,ncbi,s3","ena,gs.us-east1,ncbi.public,s3.us-east-1",postnatal,2019-02-18,2018-12-29T17:01:47Z,2018-11-16,2018-05-11T10:57:47Z,ERX2593488,postnatal day 0,kidney,SAMEA4659361,wild type genotype,University of Heidelberg,2018-12-29T17:01:47Z,2018-05-11T10:57:47Z,public,Illumina HiSeq 2500,1660sTS.Chicken.Kidney.0dph.Male_s,SINGLE,PolyA,TRANSCRIPTOMIC,kidney,Gallus gallus,ILLUMINA,2019-02-19T00:00:00Z,2022-07-14T04:53:00Z,2,SAMEA4659361,E-MTAB-6769:1660sTS.Chicken.Kidney.0dph.Male,Gallus gallus,male,ERP108704,Red Junglefowl,E-MTAB-6769:1660sTS.Chicken.Kidney.0dph.Male
ERR2576496,0,RNA-Seq,101,2933710135,PRJEB26695,SAMEA4659362,ArrayExpress,1938490173,Lausanne Genomics Technology Facility,chicken,public,"fastq,run.zq,sra","ena,gs,ncbi,s3","ena,gs.us-east1,ncbi.public,s3.us-east-1",postnatal,2019-02-18,2018-12-29T17:01:47Z,2018-11-16,2018-05-11T10:57:47Z,ERX2593489,postnatal day 0,liver,SAMEA4659362,wild type genotype,University of Heidelberg,2018-12-29T17:01:47Z,2018-05-11T10:57:47Z,public,Illumina HiSeq 2500,1543sTS.Chicken.Liver.0dph.Male_s,SINGLE,PolyA,TRANSCRIPTOMIC,liver,Gallus gallus,ILLUMINA,2019-02-19T00:00:00Z,2022-07-26T05:51:00Z,2,SAMEA4659362,E-MTAB-6769:1543sTS.Chicken.Liver.0dph.Male,Gallus gallus,male,ERP108704,Red Junglefowl,E-MTAB-6769:1543sTS.Chicken.Liver.0dph.Male
ERR2576497,0,RNA-Seq,101,3005052495,PRJEB26695,SAMEA4659363,ArrayExpress,1860281754,Lausanne Genomics Technology Facility,chicken,public,"fastq,run.zq,sra","ena,gs,ncbi,s3","ena,gs.us-east1,ncbi.public,s3.us-east-1",postnatal,2019-02-18,2018-12-29T17:01:47Z,2018-11-16,2018-05-11T10:57:47Z,ERX2593490,postnatal day 0,liver,SAMEA4659363,wild type genotype,University of Heidelberg,2018-12-29T17:01:47Z,2018-05-11T10:57:47Z,public,Illumina HiSeq 2500,1661sTS.Chicken.Liver.0dph.Male_s,SINGLE,PolyA,TRANSCRIPTOMIC,liver,Gallus gallus,ILLUMINA,2019-02-19T00:00:00Z,2022-07-17T17:18:00Z,2,SAMEA4659363,E-MTAB-6769:1661sTS.Chicken.Liver.0dph.Male,Gallus gallus,male,ERP108704,Red Junglefowl,E-MTAB-6769:1661sTS.Chicken.Liver.0dph.Male
ERR2576498,0,RNA-Seq,101,3452242721,PRJEB26695,SAMEA4659364,ArrayExpress,2227279652,Lausanne Genomics Technology Facility,chicken,public,"fastq,run.zq,sra","ena,gs,ncbi,s3","ena,gs.us-east1,ncbi.public,s3.us-east-1",postnatal,2019-02-18,2018-12-29T17:01:47Z,2018-11-16,2018-05-11T10:57:47Z,ERX2593491,postnatal day 0,testis,SAMEA4659364,wild type genotype,University of Heidelberg,2018-12-29T17:01:47Z,2018-05-11T10:57:47Z,public,Illumina HiSeq 2500,1544sTS.Chicken.Testis.0dph.Male_s,SINGLE,PolyA,TRANSCRIPTOMIC,testis,Gallus gallus,ILLUMINA,2019-02-19T00:00:00Z,2022-07-26T05:51:00Z,2,SAMEA4659364,E-MTAB-6769:1544sTS.Chicken.Testis.0dph.Male,Gallus gallus,male,ERP108704,Red Junglefowl,E-MTAB-6769:1544sTS.Chicken.Testis.0dph.Male
ERR2576499,0,RNA-Seq,101,2947080818,PRJEB26695,SAMEA4659365,ArrayExpress,1881658627,Lausanne Genomics Technology Facility,chicken,public,"fastq,run.zq,sra","ena,gs,ncbi,s3","ena,gs.us-east1,ncbi.public,s3.us-east-1",postnatal,2019-02-18,2018-12-29T17:01:47Z,2018-11-16,2018-05-11T10:57:47Z,ERX2593492,postnatal day 0,testis,SAMEA4659365,wild type genotype,University of Heidelberg,2018-12-29T17:01:47Z,2018-05-11T10:57:47Z,public,Illumina HiSeq 2500,1662sTS.Chicken.Testis.0dph.Male_s,SINGLE,PolyA,TRANSCRIPTOMIC,testis,Gallus gallus,ILLUMINA,2019-02-19T00:00:00Z,2021-10-25T01:43:00Z,2,SAMEA4659365,E-MTAB-6769:1662sTS.Chicken.Testis.0dph.Male,Gallus gallus,male,ERP108704,Red Junglefowl,E-MTAB-6769:1662sTS.Chicken.Testis.0dph.Male
ERR2576500,155,RNA-Seq,101,3471044073,PRJEB26695,SAMEA4659366,ArrayExpress,2216413809,Lausanne Genomics Technology Facility,chicken,public,"fastq,run.zq,sra","ena,gs,ncbi,s3","ena,gs.us-east1,ncbi.public,s3.us-east-1",postnatal,2019-02-18,2018-12-29T17:01:47Z,2018-11-16,2018-05-11T10:57:47Z,ERX2593493,postnatal day 155,brain,SAMEA4659366,wild type genotype,University of Heidelberg,2018-12-29T17:01:47Z,2018-05-11T10:57:47Z,public,Illumina HiSeq 2500,577sTS.Chicken.Brain.Adult.Female_s,SINGLE,PolyA,TRANSCRIPTOMIC,brain,Gallus gallus,ILLUMINA,2019-02-19T00:00:00Z,2021-10-25T02:02:00Z,2,SAMEA4659366,E-MTAB-6769:577sTS.Chicken.Brain.Adult.Female,Gallus gallus,female,ERP108704,Red Junglefowl,E-MTAB-6769:577sTS.Chicken.Brain.Adult.Female
ERR2576501,155,RNA-Seq,101,3508414982,PRJEB26695,SAMEA4659367,ArrayExpress,2291894340,Lausanne Genomics Technology Facility,chicken,public,"fastq,run.zq,sra","ena,gs,ncbi,s3","ena,gs.us-east1,ncbi.public,s3.us-east-1",postnatal,2019-02-18,2018-12-29T17:01:47Z,2018-11-16,2018-05-11T10:57:47Z,ERX2593494,postnatal day 155,brain,SAMEA4659367,wild type genotype,University of Heidelberg,2018-12-29T17:01:47Z,2018-05-11T10:57:47Z,public,Illumina HiSeq 2500,783sTS.Chicken.Brain.Adult.Female_s,SINGLE,PolyA,TRANSCRIPTOMIC,brain,Gallus gallus,ILLUMINA,2019-02-19T00:00:00Z,2021-10-25T01:54:00Z,2,SAMEA4659367,E-MTAB-6769:783sTS.Chicken.Brain.Adult.Female,Gallus gallus,female,ERP108704,Red Junglefowl,E-MTAB-6769:783sTS.Chicken.Brain.Adult.Female
ERR2576502,155,RNA-Seq,100,4967238100,PRJEB26695,SAMEA4659368,ArrayExpress,3340683613,Lausanne Genomics Technology Facility,chicken,public,"fastq,run.zq,sra","ena,gs,ncbi,s3","ena,gs.us-east1,ncbi.public,s3.us-east-1",postnatal,2019-02-18,2018-12-29T17:01:47Z,2018-11-16,2018-05-11T10:57:47Z,ERX2593495,postnatal day 155,cerebellum,SAMEA4659368,wild type genotype,University of Heidelberg,2018-12-29T17:01:47Z,2018-05-11T10:57:47Z,public,Illumina HiSeq 2500,578sTS.Chicken.Cerebellum.Adult.Female_s,SINGLE,PolyA,TRANSCRIPTOMIC,cerebellum,Gallus gallus,ILLUMINA,2019-02-19T00:00:00Z,2021-10-25T02:13:00Z,2,SAMEA4659368,E-MTAB-6769:578sTS.Chicken.Cerebellum.Adult.Female,Gallus gallus,female,ERP108704,Red Junglefowl,E-MTAB-6769:578sTS.Chicken.Cerebellum.Adult.Female
ERR2576503,155,RNA-Seq,101,3856619047,PRJEB26695,SAMEA4659369,ArrayExpress,2493289560,Lausanne Genomics Technology Facility,chicken,public,"fastq,run.zq,sra","ena,gs,ncbi,s3","ena,gs.us-east1,ncbi.public,s3.us-east-1",postnatal,2019-02-18,2018-12-29T17:01:47Z,2018-11-16,2018-05-11T10:57:47Z,ERX2593496,postnatal day 155,cerebellum,SAMEA4659369,wild type genotype,University of Heidelberg,2018-12-29T17:01:47Z,2018-05-11T10:57:47Z,public,Illumina HiSeq 2500,782sTS.Chicken.Cerebellum.Adult.Female_s,SINGLE,PolyA,TRANSCRIPTOMIC,cerebellum,Gallus gallus,ILLUMINA,2019-02-19T00:00:00Z,2021-10-25T01:36:00Z,2,SAMEA4659369,E-MTAB-6769:782sTS.Chicken.Cerebellum.Adult.Female,Gallus gallus,female,ERP108704,Red Junglefowl,E-MTAB-6769:782sTS.Chicken.Cerebellum.Adult.Female
ERR2576504,155,RNA-Seq,100,3864061900,PRJEB26695,SAMEA4659370,ArrayExpress,2632001640,Lausanne Genomics Technology Facility,chicken,public,"fastq,run.zq,sra","ena,gs,ncbi,s3","ena,gs.us-east1,ncbi.public,s3.us-east-1",postnatal,2019-02-18,2018-12-29T17:01:47Z,2018-11-16,2018-05-11T10:57:47Z,ERX2593497,postnatal day 155,heart,SAMEA4659370,wild type genotype,University of Heidelberg,2018-12-29T17:01:47Z,2018-05-11T10:57:47Z,public,Illumina HiSeq 2500,560sTS.Chicken.Heart.Adult.Female_s,SINGLE,PolyA,TRANSCRIPTOMIC,heart,Gallus gallus,ILLUMINA,2019-02-19T00:00:00Z,2022-07-26T05:54:00Z,2,SAMEA4659370,E-MTAB-6769:560sTS.Chicken.Heart.Adult.Female,Gallus gallus,female,ERP108704,Red Junglefowl,E-MTAB-6769:560sTS.Chicken.Heart.Adult.Female
ERR2576505,155,RNA-Seq,101,5565132825,PRJEB26695,SAMEA4659371,ArrayExpress,3636704153,Lausanne Genomics Technology Facility,chicken,public,"fastq,run.zq,sra","ena,gs,ncbi,s3","ena,gs.us-east1,ncbi.public,s3.us-east-1",postnatal,2019-02-18,2018-12-29T17:01:47Z,2018-11-16,2018-05-11T10:57:47Z,ERX2593498,postnatal day 155,heart,SAMEA4659371,wild type genotype,University of Heidelberg,2018-12-29T17:01:47Z,2018-05-11T10:57:47Z,public,Illumina HiSeq 2500,785sTS.Chicken.Heart.Adult.Female_s,SINGLE,PolyA,TRANSCRIPTOMIC,heart,Gallus gallus,ILLUMINA,2019-02-19T00:00:00Z,2022-07-20T15:39:00Z,2,SAMEA4659371,E-MTAB-6769:785sTS.Chicken.Heart.Adult.Female,Gallus gallus,female,ERP108704,Red Junglefowl,E-MTAB-6769:785sTS.Chicken.Heart.Adult.Female
ERR2576506,155,RNA-Seq,100,4749796400,PRJEB26695,SAMEA4659372,ArrayExpress,3208758988,Lausanne Genomics Technology Facility,chicken,public,"fastq,run.zq,sra","ena,gs,ncbi,s3","ena,gs.us-east1,ncbi.public,s3.us-east-1",postnatal,2019-02-18,2018-12-29T17:01:47Z,2018-11-16,2018-05-11T10:57:47Z,ERX2593499,postnatal day 155,kidney,SAMEA4659372,wild type genotype,University of Heidelberg,2018-12-29T17:01:47Z,2018-05-11T10:57:47Z,public,Illumina HiSeq 2500,559sTS.Chicken.Kidney.Adult.Female_s,SINGLE,PolyA,TRANSCRIPTOMIC,kidney,Gallus gallus,ILLUMINA,2019-02-19T00:00:00Z,2022-07-17T10:10:00Z,2,SAMEA4659372,E-MTAB-6769:559sTS.Chicken.Kidney.Adult.Female,Gallus gallus,female,ERP108704,Red Junglefowl,E-MTAB-6769:559sTS.Chicken.Kidney.Adult.Female
ERR2576507,155,RNA-Seq,101,1851465239,PRJEB26695,SAMEA4659373,ArrayExpress,635621751,Lausanne Genomics Technology Facility,chicken,public,"fastq,run.zq,sra","ena,gs,ncbi,s3","ena,gs.us-east1,ncbi.public,s3.us-east-1",postnatal,2019-02-18,2018-12-29T17:01:47Z,2018-11-16,2018-05-11T10:57:47Z,ERX2593500,postnatal day 155,kidney,SAMEA4659373,wild type genotype,University of Heidelberg,2018-12-29T17:01:47Z,2018-05-11T10:57:47Z,public,Illumina HiSeq 2500,784sTS.Chicken.Kidney.Adult.Female_s,SINGLE,PolyA,TRANSCRIPTOMIC,kidney,Gallus gallus,ILLUMINA,2019-02-19T00:00:00Z,2022-07-22T06:28:00Z,2,SAMEA4659373,E-MTAB-6769:784sTS.Chicken.Kidney.Adult.Female,Gallus gallus,female,ERP108704,Red Junglefowl,E-MTAB-6769:784sTS.Chicken.Kidney.Adult.Female
ERR2576508,155,RNA-Seq,100,4101460100,PRJEB26695,SAMEA4659374,ArrayExpress,2783219626,Lausanne Genomics Technology Facility,chicken,public,"fastq,run.zq,sra","ena,gs,ncbi,s3","ena,gs.us-east1,ncbi.public,s3.us-east-1",postnatal,2019-02-18,2018-12-29T17:01:47Z,2018-11-16,2018-05-11T10:57:47Z,ERX2593501,postnatal day 155,liver,SAMEA4659374,wild type genotype,University of Heidelberg,2018-12-29T17:01:47Z,2018-05-11T10:57:47Z,public,Illumina HiSeq 2500,558sTS.Chicken.Liver.Adult.Female_s,SINGLE,PolyA,TRANSCRIPTOMIC,liver,Gallus gallus,ILLUMINA,2019-02-19T00:00:00Z,2022-07-15T18:16:00Z,2,SAMEA4659374,E-MTAB-6769:558sTS.Chicken.Liver.Adult.Female,Gallus gallus,female,ERP108704,Red Junglefowl,E-MTAB-6769:558sTS.Chicken.Liver.Adult.Female
ERR2576509,155,RNA-Seq,101,4195003286,PRJEB26695,SAMEA4659375,ArrayExpress,2720565625,Lausanne Genomics Technology Facility,chicken,public,"fastq,run.zq,sra","ena,gs,ncbi,s3","ena,gs.us-east1,ncbi.public,s3.us-east-1",postnatal,2019-02-18,2018-12-29T17:01:47Z,2018-11-16,2018-05-11T10:57:47Z,ERX2593502,postnatal day 155,liver,SAMEA4659375,wild type genotype,University of Heidelberg,2018-12-29T17:01:47Z,2018-05-11T10:57:47Z,public,Illumina HiSeq 2500,786sTS.Chicken.Liver.Adult.Female_s,SINGLE,PolyA,TRANSCRIPTOMIC,liver,Gallus gallus,ILLUMINA,2019-02-19T00:00:00Z,2022-07-20T19:29:00Z,2,SAMEA4659375,E-MTAB-6769:786sTS.Chicken.Liver.Adult.Female,Gallus gallus,female,ERP108704,Red Junglefowl,E-MTAB-6769:786sTS.Chicken.Liver.Adult.Female
ERR2576510,155,RNA-Seq,100,3893193500,PRJEB26695,SAMEA4659376,ArrayExpress,2619472181,Lausanne Genomics Technology Facility,chicken,public,"fastq,run.zq,sra","ena,gs,ncbi,s3","ena,gs.us-east1,ncbi.public,s3.us-east-1",postnatal,2019-02-18,2018-12-29T17:01:47Z,2018-11-16,2018-05-11T10:57:47Z,ERX2593503,postnatal day 155,ovary,SAMEA4659376,wild type genotype,University of Heidelberg,2018-12-29T17:01:47Z,2018-05-11T10:57:47Z,public,Illumina HiSeq 2500,561sTS.Chicken.Ovary.Adult.Female_s,SINGLE,PolyA,TRANSCRIPTOMIC,ovary,Gallus gallus,ILLUMINA,2019-02-19T00:00:00Z,2022-07-26T05:53:00Z,2,SAMEA4659376,E-MTAB-6769:561sTS.Chicken.Ovary.Adult.Female,Gallus gallus,female,ERP108704,Red Junglefowl,E-MTAB-6769:561sTS.Chicken.Ovary.Adult.Female
ERR2576511,155,RNA-Seq,101,2197482452,PRJEB26695,SAMEA4659377,ArrayExpress,1419457718,Lausanne Genomics Technology Facility,chicken,public,"fastq,run.zq,sra","ena,gs,ncbi,s3","ena,gs.us-east1,ncbi.public,s3.us-east-1",postnatal,2019-02-18,2018-12-29T17:01:47Z,2018-11-16,2018-05-11T10:57:47Z,ERX2593504,postnatal day 155,ovary,SAMEA4659377,wild type genotype,University of Heidelberg,2018-12-29T17:01:47Z,2018-05-11T10:57:47Z,public,Illumina HiSeq 2500,787sTS.Chicken.Ovary.Adult.Female_s,SINGLE,PolyA,TRANSCRIPTOMIC,ovary,Gallus gallus,ILLUMINA,2019-02-19T00:00:00Z,2022-07-13T12:19:00Z,2,SAMEA4659377,E-MTAB-6769:787sTS.Chicken.Ovary.Adult.Female,Gallus gallus,female,ERP108704,Red Junglefowl,E-MTAB-6769:787sTS.Chicken.Ovary.Adult.Female
ERR2576512,155,RNA-Seq,101,2799970985,PRJEB26695,SAMEA4659378,ArrayExpress,1799011737,Lausanne Genomics Technology Facility,chicken,public,"fastq,run.zq,sra","ena,gs,ncbi,s3","ena,gs.us-east1,ncbi.public,s3.us-east-1",postnatal,2019-02-18,2018-12-29T17:01:47Z,2018-11-16,2018-05-11T10:57:47Z,ERX2593505,postnatal day 155,brain,SAMEA4659378,wild type genotype,University of Heidelberg,2018-12-29T17:01:47Z,2018-05-11T10:57:47Z,public,Illumina HiSeq 2500,653sTS.Chicken.Brain.Adult.Male_s,SINGLE,PolyA,TRANSCRIPTOMIC,brain,Gallus gallus,ILLUMINA,2019-02-19T00:00:00Z,2022-07-26T05:50:00Z,2,SAMEA4659378,E-MTAB-6769:653sTS.Chicken.Brain.Adult.Male,Gallus gallus,male,ERP108704,Red Junglefowl,E-MTAB-6769:653sTS.Chicken.Brain.Adult.Male
ERR2576513,155,RNA-Seq,101,3012065329,PRJEB26695,SAMEA4659379,ArrayExpress,2043553521,Lausanne Genomics Technology Facility,chicken,public,"fastq,run.zq,sra","ena,gs,ncbi,s3","ena,gs.us-east1,ncbi.public,s3.us-east-1",postnatal,2019-02-18,2018-12-29T17:01:47Z,2018-11-16,2018-05-11T10:57:47Z,ERX2593506,postnatal day 155,brain,SAMEA4659379,wild type genotype,University of Heidelberg,2018-12-29T17:01:47Z,2018-05-11T10:57:47Z,public,Illumina HiSeq 2500,922sTS.Chicken.Brain.Adult.Male_s,SINGLE,PolyA,TRANSCRIPTOMIC,brain,Gallus gallus,ILLUMINA,2019-02-19T00:00:00Z,2022-07-26T05:43:00Z,2,SAMEA4659379,E-MTAB-6769:922sTS.Chicken.Brain.Adult.Male,Gallus gallus,male,ERP108704,Red Junglefowl,E-MTAB-6769:922sTS.Chicken.Brain.Adult.Male
ERR2576514,155,RNA-Seq,101,4160940531,PRJEB26695,SAMEA4659380,ArrayExpress,2690143401,Lausanne Genomics Technology Facility,chicken,public,"fastq,run.zq,sra","ena,gs,ncbi,s3","ena,gs.us-east1,ncbi.public,s3.us-east-1",postnatal,2019-02-18,2018-12-29T17:01:47Z,2018-11-16,2018-05-11T10:57:47Z,ERX2593507,postnatal day 155,cerebellum,SAMEA4659380,wild type genotype,University of Heidelberg,2018-12-29T17:01:47Z,2018-05-11T10:57:47Z,public,Illumina HiSeq 2500,654sTS.Chicken.Cerebellum.Adult.Male_s,SINGLE,PolyA,TRANSCRIPTOMIC,cerebellum,Gallus gallus,ILLUMINA,2019-02-19T00:00:00Z,2022-07-18T16:29:00Z,2,SAMEA4659380,E-MTAB-6769:654sTS.Chicken.Cerebellum.Adult.Male,Gallus gallus,male,ERP108704,Red Junglefowl,E-MTAB-6769:654sTS.Chicken.Cerebellum.Adult.Male
ERR2576515,155,RNA-Seq,101,3836946873,PRJEB26695,SAMEA4659381,ArrayExpress,2579439490,Lausanne Genomics Technology Facility,chicken,public,"fastq,run.zq,sra","ena,gs,ncbi,s3","ena,gs.us-east1,ncbi.public,s3.us-east-1",postnatal,2019-02-18,2018-12-29T17:01:47Z,2018-11-16,2018-05-11T10:57:47Z,ERX2593508,postnatal day 155,cerebellum,SAMEA4659381,wild type genotype,University of Heidelberg,2018-12-29T17:01:47Z,2018-05-11T10:57:47Z,public,Illumina HiSeq 2500,921sTS.Chicken.Cerebellum.Adult.Male_s,SINGLE,PolyA,TRANSCRIPTOMIC,cerebellum,Gallus gallus,ILLUMINA,2019-02-19T00:00:00Z,2021-10-25T02:07:00Z,2,SAMEA4659381,E-MTAB-6769:921sTS.Chicken.Cerebellum.Adult.Male,Gallus gallus,male,ERP108704,Red Junglefowl,E-MTAB-6769:921sTS.Chicken.Cerebellum.Adult.Male
ERR2576516,155,RNA-Seq,101,3646098990,PRJEB26695,SAMEA4659382,ArrayExpress,1255297486,Lausanne Genomics Technology Facility,chicken,public,"fastq,run.zq,sra","ena,gs,ncbi,s3","ena,gs.us-east1,ncbi.public,s3.us-east-1",postnatal,2019-02-18,2018-12-29T17:01:47Z,2018-11-16,2018-05-11T10:57:47Z,ERX2593509,postnatal day 155,heart,SAMEA4659382,wild type genotype,University of Heidelberg,2018-12-29T17:01:47Z,2018-05-11T10:57:47Z,public,Illumina HiSeq 2500,650sTS.Chicken.Heart.Adult.Male_s,SINGLE,PolyA,TRANSCRIPTOMIC,heart,Gallus gallus,ILLUMINA,2019-02-19T00:00:00Z,2022-07-26T05:49:00Z,2,SAMEA4659382,E-MTAB-6769:650sTS.Chicken.Heart.Adult.Male,Gallus gallus,male,ERP108704,Red Junglefowl,E-MTAB-6769:650sTS.Chicken.Heart.Adult.Male
ERR2576517,155,RNA-Seq,101,4156394420,PRJEB26695,SAMEA4659383,ArrayExpress,1615766116,Lausanne Genomics Technology Facility,chicken,public,"fastq,run.zq,sra","ena,gs,ncbi,s3","ena,gs.us-east1,ncbi.public,s3.us-east-1",postnatal,2019-02-18,2018-12-29T17:01:47Z,2018-11-16,2018-05-11T10:57:47Z,ERX2593510,postnatal day 155,heart,SAMEA4659383,wild type genotype,University of Heidelberg,2018-12-29T17:01:47Z,2018-05-11T10:57:47Z,public,Illumina HiSeq 2500,764sTS.Chicken.Heart.Adult.Male_s,SINGLE,PolyA,TRANSCRIPTOMIC,heart,Gallus gallus,ILLUMINA,2019-02-19T00:00:00Z,2022-07-17T23:36:00Z,2,SAMEA4659383,E-MTAB-6769:764sTS.Chicken.Heart.Adult.Male,Gallus gallus,male,ERP108704,Red Junglefowl,E-MTAB-6769:764sTS.Chicken.Heart.Adult.Male
ERR2576518,155,RNA-Seq,100,3594679100,PRJEB26695,SAMEA4659384,ArrayExpress,2434142691,Lausanne Genomics Technology Facility,chicken,public,"fastq,run.zq,sra","ena,gs,ncbi,s3","ena,gs.us-east1,ncbi.public,s3.us-east-1",postnatal,2019-02-18,2018-12-29T17:01:47Z,2018-11-16,2018-05-11T10:57:47Z,ERX2593511,postnatal day 155,kidney,SAMEA4659384,wild type genotype,University of Heidelberg,2018-12-29T17:01:47Z,2018-05-11T10:57:47Z,public,Illumina HiSeq 2500,555sTS.Chicken.Kidney.Adult.Male_s,SINGLE,PolyA,TRANSCRIPTOMIC,kidney,Gallus gallus,ILLUMINA,2019-02-19T00:00:00Z,2022-07-26T05:50:00Z,2,SAMEA4659384,E-MTAB-6769:555sTS.Chicken.Kidney.Adult.Male,Gallus gallus,male,ERP108704,Red Junglefowl,E-MTAB-6769:555sTS.Chicken.Kidney.Adult.Male
ERR2576519,155,RNA-Seq,101,2956452608,PRJEB26695,SAMEA4659385,ArrayExpress,2026433089,Lausanne Genomics Technology Facility,chicken,public,"fastq,run.zq,sra","ena,gs,ncbi,s3","ena,gs.us-east1,ncbi.public,s3.us-east-1",postnatal,2019-02-18,2018-12-29T17:01:47Z,2018-11-16,2018-05-11T10:57:47Z,ERX2593512,postnatal day 155,kidney,SAMEA4659385,wild type genotype,University of Heidelberg,2018-12-29T17:01:47Z,2018-05-11T10:57:47Z,public,Illumina HiSeq 2500,918sTS.Chicken.Kidney.adult.Male_s,SINGLE,PolyA,TRANSCRIPTOMIC,kidney,Gallus gallus,ILLUMINA,2019-02-19T00:00:00Z,2021-10-25T01:57:00Z,2,SAMEA4659385,E-MTAB-6769:918sTS.Chicken.Kidney.adult.Male,Gallus gallus,male,ERP108704,Red Junglefowl,E-MTAB-6769:918sTS.Chicken.Kidney.adult.Male
ERR2576520,155,RNA-Seq,101,4711476886,PRJEB26695,SAMEA4659386,ArrayExpress,1706342822,Lausanne Genomics Technology Facility,chicken,public,"fastq,run.zq,sra","ena,gs,ncbi,s3","ena,gs.us-east1,ncbi.public,s3.us-east-1",postnatal,2019-02-18,2018-12-29T17:01:47Z,2018-11-16,2018-05-11T10:57:47Z,ERX2593513,postnatal day 155,liver,SAMEA4659386,wild type genotype,University of Heidelberg,2018-12-29T17:01:47Z,2018-05-11T10:57:47Z,public,Illumina HiSeq 2500,554sTS.Chicken.Liver.Adult.Male_s,SINGLE,PolyA,TRANSCRIPTOMIC,liver,Gallus gallus,ILLUMINA,2019-02-19T00:00:00Z,2022-07-17T08:07:00Z,2,SAMEA4659386,E-MTAB-6769:554sTS.Chicken.Liver.Adult.Male,Gallus gallus,male,ERP108704,Red Junglefowl,E-MTAB-6769:554sTS.Chicken.Liver.Adult.Male
ERR2576521,155,RNA-Seq,101,3383799263,PRJEB26695,SAMEA4659387,ArrayExpress,2288092263,Lausanne Genomics Technology Facility,chicken,public,"fastq,run.zq,sra","ena,gs,ncbi,s3","ena,gs.us-east1,ncbi.public,s3.us-east-1",postnatal,2019-02-18,2018-12-29T17:01:47Z,2018-11-16,2018-05-11T10:57:47Z,ERX2593514,postnatal day 155,liver,SAMEA4659387,wild type genotype,University of Heidelberg,2018-12-29T17:01:47Z,2018-05-11T10:57:47Z,public,Illumina HiSeq 2500,917sTS.Chicken.Liver.adult.Male_s,SINGLE,PolyA,TRANSCRIPTOMIC,liver,Gallus gallus,ILLUMINA,2019-02-19T00:00:00Z,2021-10-25T01:56:00Z,2,SAMEA4659387,E-MTAB-6769:917sTS.Chicken.Liver.adult.Male,Gallus gallus,male,ERP108704,Red Junglefowl,E-MTAB-6769:917sTS.Chicken.Liver.adult.Male
ERR2576522,155,RNA-Seq,101,4506544048,PRJEB26695,SAMEA4659388,ArrayExpress,2858937173,Lausanne Genomics Technology Facility,chicken,public,"fastq,run.zq,sra","ena,gs,ncbi,s3","ena,gs.us-east1,ncbi.public,s3.us-east-1",postnatal,2019-02-18,2018-12-29T17:01:47Z,2018-11-16,2018-05-11T10:57:47Z,ERX2593515,postnatal day 155,testis,SAMEA4659388,wild type genotype,University of Heidelberg,2018-12-29T17:01:47Z,2018-05-11T10:57:47Z,public,Illumina HiSeq 2500,642sTS.Chicken.Testis.Adult.Male_s,SINGLE,PolyA,TRANSCRIPTOMIC,testis,Gallus gallus,ILLUMINA,2019-02-19T00:00:00Z,2022-07-13T12:23:00Z,2,SAMEA4659388,E-MTAB-6769:642sTS.Chicken.Testis.Adult.Male,Gallus gallus,male,ERP108704,Red Junglefowl,E-MTAB-6769:642sTS.Chicken.Testis.Adult.Male
ERR2576523,155,RNA-Seq,101,5262849521,PRJEB26695,SAMEA4659389,ArrayExpress,3520748185,Lausanne Genomics Technology Facility,chicken,public,"fastq,run.zq,sra","ena,gs,ncbi,s3","ena,gs.us-east1,ncbi.public,s3.us-east-1",postnatal,2019-02-18,2018-12-29T17:01:47Z,2018-11-16,2018-05-11T10:57:48Z,ERX2593516,postnatal day 155,testis,SAMEA4659389,wild type genotype,University of Heidelberg,2018-12-29T17:01:47Z,2018-05-11T10:57:48Z,public,Illumina HiSeq 2500,920sTS.Chicken.Testis.Adult.Male_s,SINGLE,PolyA,TRANSCRIPTOMIC,testis,Gallus gallus,ILLUMINA,2019-02-19T00:00:00Z,2022-07-18T06:47:00Z,2,SAMEA4659389,E-MTAB-6769:920sTS.Chicken.Testis.Adult.Male,Gallus gallus,male,ERP108704,Red Junglefowl,E-MTAB-6769:920sTS.Chicken.Testis.Adult.Male
ERR2576524,35,RNA-Seq,101,3156288683,PRJEB26695,SAMEA4659390,ArrayExpress,2109419724,Lausanne Genomics Technology Facility,chicken,public,"fastq,run.zq,sra","ena,gs,ncbi,s3","ena,gs.us-east1,ncbi.public,s3.us-east-1",postnatal,2019-02-18,2018-12-29T17:01:47Z,2018-11-16,2018-05-11T10:57:48Z,ERX2593517,postnatal day 35,brain,SAMEA4659390,wild type genotype,University of Heidelberg,2018-12-29T17:01:47Z,2018-05-11T10:57:48Z,public,Illumina HiSeq 2500,1757sTS.Chicken.Brain.5wph.Female_s,SINGLE,PolyA,TRANSCRIPTOMIC,brain,Gallus gallus,ILLUMINA,2019-02-19T00:00:00Z,2022-07-26T05:50:00Z,2,SAMEA4659390,E-MTAB-6769:1757sTS.Chicken.Brain.5wph.Female,Gallus gallus,female,ERP108704,Red Junglefowl,E-MTAB-6769:1757sTS.Chicken.Brain.5wph.Female
ERR2576525,35,RNA-Seq,101,2273969146,PRJEB26695,SAMEA4659391,ArrayExpress,1407646878,Lausanne Genomics Technology Facility,chicken,public,"fastq,run.zq,sra","ena,gs,ncbi,s3","ena,gs.us-east1,ncbi.public,s3.us-east-1",postnatal,2019-02-18,2018-12-29T17:01:47Z,2018-11-16,2018-05-11T10:57:48Z,ERX2593518,postnatal day 35,brain,SAMEA4659391,wild type genotype,University of Heidelberg,2018-12-29T17:01:47Z,2018-05-11T10:57:48Z,public,Illumina HiSeq 2500,1804sTS.Chicken.Brain.5wph.Female_s,SINGLE,PolyA,TRANSCRIPTOMIC,brain,Gallus gallus,ILLUMINA,2019-02-19T00:00:00Z,2021-10-25T01:22:00Z,2,SAMEA4659391,E-MTAB-6769:1804sTS.Chicken.Brain.5wph.Female,Gallus gallus,female,ERP108704,Red Junglefowl,E-MTAB-6769:1804sTS.Chicken.Brain.5wph.Female
ERR2576526,35,RNA-Seq,101,7128559699,PRJEB26695,SAMEA4659392,ArrayExpress,4699655308,Lausanne Genomics Technology Facility,chicken,public,"fastq,run.zq,sra","ena,gs,ncbi,s3","ena,gs.us-east1,ncbi.public,s3.us-east-1",postnatal,2019-02-18,2018-12-29T17:01:47Z,2018-11-16,2018-05-11T10:57:48Z,ERX2593519,postnatal day 35,cerebellum,SAMEA4659392,wild type genotype,University of Heidelberg,2018-12-29T17:01:47Z,2018-05-11T10:57:48Z,public,Illumina HiSeq 2500,1758sTSm.Chicken.Cerebellum.5wph.Female_s,SINGLE,PolyA,TRANSCRIPTOMIC,cerebellum,Gallus gallus,ILLUMINA,2019-02-19T00:00:00Z,2022-07-17T10:21:00Z,2,SAMEA4659392,E-MTAB-6769:1758sTSm.Chicken.Cerebellum.5wph.Female,Gallus gallus,female,ERP108704,Red Junglefowl,E-MTAB-6769:1758sTSm.Chicken.Cerebellum.5wph.Female
ERR2576527,35,RNA-Seq,101,4774987706,PRJEB26695,SAMEA4659393,ArrayExpress,3120306399,Lausanne Genomics Technology Facility,chicken,public,"fastq,run.zq,sra","ena,gs,ncbi,s3","ena,gs.us-east1,ncbi.public,s3.us-east-1",postnatal,2019-02-18,2018-12-29T17:01:47Z,2018-11-16,2018-05-11T10:57:48Z,ERX2593520,postnatal day 35,cerebellum,SAMEA4659393,wild type genotype,University of Heidelberg,2018-12-29T17:01:47Z,2018-05-11T10:57:48Z,public,Illumina HiSeq 2500,1867sTS.Chicken.Cerebellum.5wph.Female_s,SINGLE,PolyA,TRANSCRIPTOMIC,cerebellum,Gallus gallus,ILLUMINA,2019-02-19T00:00:00Z,2021-10-25T02:08:00Z,2,SAMEA4659393,E-MTAB-6769:1867sTS.Chicken.Cerebellum.5wph.Female,Gallus gallus,female,ERP108704,Red Junglefowl,E-MTAB-6769:1867sTS.Chicken.Cerebellum.5wph.Female
ERR2576528,35,RNA-Seq,101,3947199079,PRJEB26695,SAMEA4659394,ArrayExpress,2636153509,Lausanne Genomics Technology Facility,chicken,public,"fastq,run.zq,sra","ena,gs,ncbi,s3","ena,gs.us-east1,ncbi.public,s3.us-east-1",postnatal,2019-02-18,2018-12-29T17:01:47Z,2018-11-16,2018-05-11T10:57:48Z,ERX2593521,postnatal day 35,heart,SAMEA4659394,wild type genotype,University of Heidelberg,2018-12-29T17:01:47Z,2018-05-11T10:57:48Z,public,Illumina HiSeq 2500,1759sTS.Chicken.Heart.5wph.Female_s,SINGLE,PolyA,TRANSCRIPTOMIC,heart,Gallus gallus,ILLUMINA,2019-02-19T00:00:00Z,2022-07-19T01:15:00Z,2,SAMEA4659394,E-MTAB-6769:1759sTS.Chicken.Heart.5wph.Female,Gallus gallus,female,ERP108704,Red Junglefowl,E-MTAB-6769:1759sTS.Chicken.Heart.5wph.Female
ERR2576529,35,RNA-Seq,101,3715629612,PRJEB26695,SAMEA4659395,ArrayExpress,2521098456,Lausanne Genomics Technology Facility,chicken,public,"fastq,run.zq,sra","ena,gs,ncbi,s3","ena,gs.us-east1,ncbi.public,s3.us-east-1",postnatal,2019-02-18,2018-12-29T17:01:47Z,2018-11-16,2018-05-11T10:57:48Z,ERX2593522,postnatal day 35,heart,SAMEA4659395,wild type genotype,University of Heidelberg,2018-12-29T17:01:47Z,2018-05-11T10:57:48Z,public,Illumina HiSeq 2500,2431sTS.Chicken.Heart.5wph.Female_s,SINGLE,PolyA,TRANSCRIPTOMIC,heart,Gallus gallus,ILLUMINA,2019-02-19T00:00:00Z,2022-07-19T15:42:00Z,2,SAMEA4659395,E-MTAB-6769:2431sTS.Chicken.Heart.5wph.Female,Gallus gallus,female,ERP108704,Red Junglefowl,E-MTAB-6769:2431sTS.Chicken.Heart.5wph.Female
ERR2576530,35,RNA-Seq,101,3807221563,PRJEB26695,SAMEA4659396,ArrayExpress,2519934605,Lausanne Genomics Technology Facility,chicken,public,"fastq,run.zq,sra","ena,gs,ncbi,s3","ena,gs.us-east1,ncbi.public,s3.us-east-1",postnatal,2019-02-18,2018-12-29T17:01:47Z,2018-11-16,2018-05-11T10:57:48Z,ERX2593523,postnatal day 35,kidney,SAMEA4659396,wild type genotype,University of Heidelberg,2018-12-29T17:01:47Z,2018-05-11T10:57:48Z,public,Illumina HiSeq 2500,2433sTS.Chicken.Kidney.5wph.Female_s,SINGLE,PolyA,TRANSCRIPTOMIC,kidney,Gallus gallus,ILLUMINA,2019-02-19T00:00:00Z,2022-07-26T05:53:00Z,2,SAMEA4659396,E-MTAB-6769:2433sTS.Chicken.Kidney.5wph.Female,Gallus gallus,female,ERP108704,Red Junglefowl,E-MTAB-6769:2433sTS.Chicken.Kidney.5wph.Female
ERR2576531,35,RNA-Seq,101,4664110714,PRJEB26695,SAMEA4659397,ArrayExpress,3116024773,Lausanne Genomics Technology Facility,chicken,public,"fastq,run.zq,sra","ena,gs,ncbi,s3","ena,gs.us-east1,ncbi.public,s3.us-east-1",postnatal,2019-02-18,2018-12-29T17:01:47Z,2018-11-16,2018-05-11T10:57:48Z,ERX2593524,postnatal day 35,kidney,SAMEA4659397,wild type genotype,University of Heidelberg,2018-12-29T17:01:47Z,2018-05-11T10:57:48Z,public,Illumina HiSeq 2500,2453sTS.Chicken.Kidney.5wph.Female_s,SINGLE,PolyA,TRANSCRIPTOMIC,kidney,Gallus gallus,ILLUMINA,2019-02-19T00:00:00Z,2022-07-14T14:50:00Z,2,SAMEA4659397,E-MTAB-6769:2453sTS.Chicken.Kidney.5wph.Female,Gallus gallus,female,ERP108704,Red Junglefowl,E-MTAB-6769:2453sTS.Chicken.Kidney.5wph.Female
ERR2576532,35,RNA-Seq,101,1908756984,PRJEB26695,SAMEA4659398,ArrayExpress,1240038397,Lausanne Genomics Technology Facility,chicken,public,"fastq,run.zq,sra","ena,gs,ncbi,s3","ena,gs.us-east1,ncbi.public,s3.us-east-1",postnatal,2019-02-18,2018-12-29T17:01:47Z,2018-11-16,2018-05-11T10:57:48Z,ERX2593525,postnatal day 35,liver,SAMEA4659398,wild type genotype,University of Heidelberg,2018-12-29T17:01:47Z,2018-05-11T10:57:48Z,public,Illumina HiSeq 2500,1760sTS.Chicken.Liver.5wph.Female_s,SINGLE,PolyA,TRANSCRIPTOMIC,liver,Gallus gallus,ILLUMINA,2019-02-19T00:00:00Z,2022-07-21T15:57:00Z,2,SAMEA4659398,E-MTAB-6769:1760sTS.Chicken.Liver.5wph.Female,Gallus gallus,female,ERP108704,Red Junglefowl,E-MTAB-6769:1760sTS.Chicken.Liver.5wph.Female
ERR2576533,35,RNA-Seq,101,2495032189,PRJEB26695,SAMEA4659399,ArrayExpress,1532011273,Lausanne Genomics Technology Facility,chicken,public,"fastq,run.zq,sra","ena,gs,ncbi,s3","ena,gs.us-east1,ncbi.public,s3.us-east-1",postnatal,2019-02-18,2018-12-29T17:01:47Z,2018-11-16,2018-05-11T10:57:48Z,ERX2593526,postnatal day 35,liver,SAMEA4659399,wild type genotype,University of Heidelberg,2018-12-29T17:01:47Z,2018-05-11T10:57:48Z,public,Illumina HiSeq 2500,1871sTS.Chicken.Liver.5wph.Female_s,SINGLE,PolyA,TRANSCRIPTOMIC,liver,Gallus gallus,ILLUMINA,2019-02-19T00:00:00Z,2022-07-26T05:50:00Z,2,SAMEA4659399,E-MTAB-6769:1871sTS.Chicken.Liver.5wph.Female,Gallus gallus,female,ERP108704,Red Junglefowl,E-MTAB-6769:1871sTS.Chicken.Liver.5wph.Female
ERR2576534,35,RNA-Seq,101,2546149501,PRJEB26695,SAMEA4659400,ArrayExpress,1706209895,Lausanne Genomics Technology Facility,chicken,public,"fastq,run.zq,sra","ena,gs,ncbi,s3","ena,gs.us-east1,ncbi.public,s3.us-east-1",postnatal,2019-02-18,2018-12-29T17:01:47Z,2018-11-16,2018-05-11T10:57:48Z,ERX2593527,postnatal day 35,ovary,SAMEA4659400,wild type genotype,University of Heidelberg,2018-12-29T17:01:47Z,2018-05-11T10:57:48Z,public,Illumina HiSeq 2500,1761sTS.Chicken.Ovary.5wph.Female_s,SINGLE,PolyA,TRANSCRIPTOMIC,ovary,Gallus gallus,ILLUMINA,2019-02-19T00:00:00Z,2022-07-17T23:35:00Z,2,SAMEA4659400,E-MTAB-6769:1761sTS.Chicken.Ovary.5wph.Female,Gallus gallus,female,ERP108704,Red Junglefowl,E-MTAB-6769:1761sTS.Chicken.Ovary.5wph.Female
ERR2576535,35,RNA-Seq,101,3179437681,PRJEB26695,SAMEA4659401,ArrayExpress,2043166385,Lausanne Genomics Technology Facility,chicken,public,"fastq,run.zq,sra","ena,gs,ncbi,s3","ena,gs.us-east1,ncbi.public,s3.us-east-1",postnatal,2019-02-18,2018-12-29T17:01:47Z,2018-11-16,2018-05-11T10:57:48Z,ERX2593528,postnatal day 35,ovary,SAMEA4659401,wild type genotype,University of Heidelberg,2018-12-29T17:01:47Z,2018-05-11T10:57:48Z,public,Illumina HiSeq 2500,1768sTS.Chicken.Ovary.5wph.Female_s,SINGLE,PolyA,TRANSCRIPTOMIC,ovary,Gallus gallus,ILLUMINA,2019-02-19T00:00:00Z,2022-07-26T05:41:00Z,2,SAMEA4659401,E-MTAB-6769:1768sTS.Chicken.Ovary.5wph.Female,Gallus gallus,female,ERP108704,Red Junglefowl,E-MTAB-6769:1768sTS.Chicken.Ovary.5wph.Female
ERR2576536,35,RNA-Seq,101,2684367597,PRJEB26695,SAMEA4659402,ArrayExpress,1802380388,Lausanne Genomics Technology Facility,chicken,public,"fastq,run.zq,sra","ena,gs,ncbi,s3","ena,gs.us-east1,ncbi.public,s3.us-east-1",postnatal,2019-02-18,2018-12-29T17:01:47Z,2018-11-16,2018-05-11T10:57:48Z,ERX2593529,postnatal day 35,brain,SAMEA4659402,wild type genotype,University of Heidelberg,2018-12-29T17:01:47Z,2018-05-11T10:57:48Z,public,Illumina HiSeq 2500,1763sTS.Chicken.Brain.5wph.Male_s,SINGLE,PolyA,TRANSCRIPTOMIC,brain,Gallus gallus,ILLUMINA,2019-02-19T00:00:00Z,2022-07-26T05:50:00Z,2,SAMEA4659402,E-MTAB-6769:1763sTS.Chicken.Brain.5wph.Male,Gallus gallus,male,ERP108704,Red Junglefowl,E-MTAB-6769:1763sTS.Chicken.Brain.5wph.Male
ERR2576537,35,RNA-Seq,101,1983808771,PRJEB26695,SAMEA4659403,ArrayExpress,1282610741,Lausanne Genomics Technology Facility,chicken,public,"fastq,run.zq,sra","ena,gs,ncbi,s3","ena,gs.us-east1,ncbi.public,s3.us-east-1",postnatal,2019-02-18,2018-12-29T17:01:47Z,2018-11-16,2018-05-11T10:57:48Z,ERX2593530,postnatal day 35,brain,SAMEA4659403,wild type genotype,University of Heidelberg,2018-12-29T17:01:47Z,2018-05-11T10:57:48Z,public,Illumina HiSeq 2500,1864sTS.Chicken.Brain.5wph.Male_s,SINGLE,PolyA,TRANSCRIPTOMIC,brain,Gallus gallus,ILLUMINA,2019-02-19T00:00:00Z,2021-10-25T01:19:00Z,2,SAMEA4659403,E-MTAB-6769:1864sTS.Chicken.Brain.5wph.Male,Gallus gallus,male,ERP108704,Red Junglefowl,E-MTAB-6769:1864sTS.Chicken.Brain.5wph.Male
ERR2576538,35,RNA-Seq,101,3483844308,PRJEB26695,SAMEA4659404,ArrayExpress,2318296428,Lausanne Genomics Technology Facility,chicken,public,"fastq,run.zq,sra","ena,gs,ncbi,s3","ena,gs.us-east1,ncbi.public,s3.us-east-1",postnatal,2019-02-18,2018-12-29T17:01:47Z,2018-11-16,2018-05-11T10:57:48Z,ERX2593531,postnatal day 35,cerebellum,SAMEA4659404,wild type genotype,University of Heidelberg,2018-12-29T17:01:47Z,2018-05-11T10:57:48Z,public,Illumina HiSeq 2500,1764sTS.Chicken.Cerebellum.5wph.Male_s,SINGLE,PolyA,TRANSCRIPTOMIC,cerebellum,Gallus gallus,ILLUMINA,2019-02-19T00:00:00Z,2022-07-18T23:04:00Z,2,SAMEA4659404,E-MTAB-6769:1764sTS.Chicken.Cerebellum.5wph.Male,Gallus gallus,male,ERP108704,Red Junglefowl,E-MTAB-6769:1764sTS.Chicken.Cerebellum.5wph.Male
ERR2576539,35,RNA-Seq,101,2802493965,PRJEB26695,SAMEA4659405,ArrayExpress,1645888795,Lausanne Genomics Technology Facility,chicken,public,"fastq,run.zq,sra","ena,gs,ncbi,s3","ena,gs.us-east1,ncbi.public,s3.us-east-1",postnatal,2019-02-18,2018-12-29T17:01:47Z,2018-11-16,2018-05-11T10:57:48Z,ERX2593532,postnatal day 35,cerebellum,SAMEA4659405,wild type genotype,University of Heidelberg,2018-12-29T17:01:47Z,2018-05-11T10:57:48Z,public,Illumina HiSeq 2500,1866sTSm.Chicken.Cerebellum.5wph.Male_s,SINGLE,PolyA,TRANSCRIPTOMIC,cerebellum,Gallus gallus,ILLUMINA,2019-02-19T00:00:00Z,2021-10-25T01:31:00Z,2,SAMEA4659405,E-MTAB-6769:1866sTSm.Chicken.Cerebellum.5wph.Male,Gallus gallus,male,ERP108704,Red Junglefowl,E-MTAB-6769:1866sTSm.Chicken.Cerebellum.5wph.Male
ERR2576540,35,RNA-Seq,101,3346254432,PRJEB26695,SAMEA4659406,ArrayExpress,2142171216,Lausanne Genomics Technology Facility,chicken,public,"fastq,run.zq,sra","ena,gs,ncbi,s3","ena,gs.us-east1,ncbi.public,s3.us-east-1",postnatal,2019-02-18,2018-12-29T17:01:47Z,2018-11-16,2018-05-11T10:57:48Z,ERX2593533,postnatal day 35,heart,SAMEA4659406,wild type genotype,University of Heidelberg,2018-12-29T17:01:47Z,2018-05-11T10:57:48Z,public,Illumina HiSeq 2500,1765sTS.Chicken.Heart.5wph.Male_s,SINGLE,PolyA,TRANSCRIPTOMIC,heart,Gallus gallus,ILLUMINA,2019-02-19T00:00:00Z,2022-07-19T15:41:00Z,2,SAMEA4659406,E-MTAB-6769:1765sTS.Chicken.Heart.5wph.Male,Gallus gallus,male,ERP108704,Red Junglefowl,E-MTAB-6769:1765sTS.Chicken.Heart.5wph.Male
ERR2576541,35,RNA-Seq,101,3204988257,PRJEB26695,SAMEA4659407,ArrayExpress,2150612090,Lausanne Genomics Technology Facility,chicken,public,"fastq,run.zq,sra","ena,gs,ncbi,s3","ena,gs.us-east1,ncbi.public,s3.us-east-1",postnatal,2019-02-18,2018-12-29T17:01:47Z,2018-11-16,2018-05-11T10:57:48Z,ERX2593534,postnatal day 35,heart,SAMEA4659407,wild type genotype,University of Heidelberg,2018-12-29T17:01:47Z,2018-05-11T10:57:48Z,public,Illumina HiSeq 2500,2432sTS.Chicken.Heart.5wph.Male_s,SINGLE,PolyA,TRANSCRIPTOMIC,heart,Gallus gallus,ILLUMINA,2019-02-19T00:00:00Z,2022-07-21T10:35:00Z,2,SAMEA4659407,E-MTAB-6769:2432sTS.Chicken.Heart.5wph.Male,Gallus gallus,male,ERP108704,Red Junglefowl,E-MTAB-6769:2432sTS.Chicken.Heart.5wph.Male
ERR2576542,35,RNA-Seq,101,3295289832,PRJEB26695,SAMEA4659408,ArrayExpress,2178044468,Lausanne Genomics Technology Facility,chicken,public,"fastq,run.zq,sra","ena,gs,ncbi,s3","ena,gs.us-east1,ncbi.public,s3.us-east-1",postnatal,2019-02-18,2018-12-29T17:01:47Z,2018-11-16,2018-05-11T10:57:48Z,ERX2593535,postnatal day 35,kidney,SAMEA4659408,wild type genotype,University of Heidelberg,2018-12-29T17:01:47Z,2018-05-11T10:57:48Z,public,Illumina HiSeq 2500,2434sTS.Chicken.Kidney.5wph.Male_s,SINGLE,PolyA,TRANSCRIPTOMIC,kidney,Gallus gallus,ILLUMINA,2019-02-19T00:00:00Z,2022-07-14T10:06:00Z,2,SAMEA4659408,E-MTAB-6769:2434sTS.Chicken.Kidney.5wph.Male,Gallus gallus,male,ERP108704,Red Junglefowl,E-MTAB-6769:2434sTS.Chicken.Kidney.5wph.Male
ERR2576543,35,RNA-Seq,101,3304078852,PRJEB26695,SAMEA4659409,ArrayExpress,2175079255,Lausanne Genomics Technology Facility,chicken,public,"fastq,run.zq,sra","ena,gs,ncbi,s3","ena,gs.us-east1,ncbi.public,s3.us-east-1",postnatal,2019-02-18,2018-12-29T17:01:47Z,2018-11-16,2018-05-11T10:57:48Z,ERX2593536,postnatal day 35,kidney,SAMEA4659409,wild type genotype,University of Heidelberg,2018-12-29T17:01:47Z,2018-05-11T10:57:48Z,public,Illumina HiSeq 2500,2454sTS.Chicken.Kidney.5wph.Male_s,SINGLE,PolyA,TRANSCRIPTOMIC,kidney,Gallus gallus,ILLUMINA,2019-02-19T00:00:00Z,2021-10-25T01:54:00Z,2,SAMEA4659409,E-MTAB-6769:2454sTS.Chicken.Kidney.5wph.Male,Gallus gallus,male,ERP108704,Red Junglefowl,E-MTAB-6769:2454sTS.Chicken.Kidney.5wph.Male
ERR2576544,35,RNA-Seq,101,3488384561,PRJEB26695,SAMEA4659410,ArrayExpress,2325991839,Lausanne Genomics Technology Facility,chicken,public,"fastq,run.zq,sra","ena,gs,ncbi,s3","ena,gs.us-east1,ncbi.public,s3.us-east-1",postnatal,2019-02-18,2018-12-29T17:01:47Z,2018-11-16,2018-05-11T10:57:48Z,ERX2593537,postnatal day 35,liver,SAMEA4659410,wild type genotype,University of Heidelberg,2018-12-29T17:01:47Z,2018-05-11T10:57:48Z,public,Illumina HiSeq 2500,1766sTS.Chicken.Liver.5wph.Male_s,SINGLE,PolyA,TRANSCRIPTOMIC,liver,Gallus gallus,ILLUMINA,2019-02-19T00:00:00Z,2022-07-26T05:52:00Z,2,SAMEA4659410,E-MTAB-6769:1766sTS.Chicken.Liver.5wph.Male,Gallus gallus,male,ERP108704,Red Junglefowl,E-MTAB-6769:1766sTS.Chicken.Liver.5wph.Male
ERR2576545,35,RNA-Seq,101,2218855567,PRJEB26695,SAMEA4659411,ArrayExpress,1358396649,Lausanne Genomics Technology Facility,chicken,public,"fastq,run.zq,sra","ena,gs,ncbi,s3","ena,gs.us-east1,ncbi.public,s3.us-east-1",postnatal,2019-02-18,2018-12-29T17:01:47Z,2018-11-16,2018-05-11T10:57:48Z,ERX2593538,postnatal day 35,liver,SAMEA4659411,wild type genotype,University of Heidelberg,2018-12-29T17:01:47Z,2018-05-11T10:57:48Z,public,Illumina HiSeq 2500,1870sTS.Chicken.Liver.5wph.Male_s,SINGLE,PolyA,TRANSCRIPTOMIC,liver,Gallus gallus,ILLUMINA,2019-02-19T00:00:00Z,2022-07-13T12:17:00Z,2,SAMEA4659411,E-MTAB-6769:1870sTS.Chicken.Liver.5wph.Male,Gallus gallus,male,ERP108704,Red Junglefowl,E-MTAB-6769:1870sTS.Chicken.Liver.5wph.Male
ERR2576546,35,RNA-Seq,101,2706344591,PRJEB26695,SAMEA4659412,ArrayExpress,1800865435,Lausanne Genomics Technology Facility,chicken,public,"fastq,run.zq,sra","ena,gs,ncbi,s3","ena,gs.us-east1,ncbi.public,s3.us-east-1",postnatal,2019-02-18,2018-12-29T17:01:47Z,2018-11-16,2018-05-11T10:57:48Z,ERX2593539,postnatal day 35,testis,SAMEA4659412,wild type genotype,University of Heidelberg,2018-12-29T17:01:47Z,2018-05-11T10:57:48Z,public,Illumina HiSeq 2500,1762sTS.Chicken.Testis.5wph.Male_s,SINGLE,PolyA,TRANSCRIPTOMIC,testis,Gallus gallus,ILLUMINA,2019-02-19T00:00:00Z,2022-07-22T01:33:00Z,2,SAMEA4659412,E-MTAB-6769:1762sTS.Chicken.Testis.5wph.Male,Gallus gallus,male,ERP108704,Red Junglefowl,E-MTAB-6769:1762sTS.Chicken.Testis.5wph.Male
ERR2576547,35,RNA-Seq,101,2911661835,PRJEB26695,SAMEA4659413,ArrayExpress,1863296444,Lausanne Genomics Technology Facility,chicken,public,"fastq,run.zq,sra","ena,gs,ncbi,s3","ena,gs.us-east1,ncbi.public,s3.us-east-1",postnatal,2019-02-18,2018-12-29T17:01:47Z,2018-11-16,2018-05-11T10:57:48Z,ERX2593540,postnatal day 35,testis,SAMEA4659413,wild type genotype,University of Heidelberg,2018-12-29T17:01:47Z,2018-05-11T10:57:48Z,public,Illumina HiSeq 2500,1767sTS.Chicken.Testis.5wph.Male_s,SINGLE,PolyA,TRANSCRIPTOMIC,testis,Gallus gallus,ILLUMINA,2019-02-19T00:00:00Z,2022-07-22T00:59:00Z,2,SAMEA4659413,E-MTAB-6769:1767sTS.Chicken.Testis.5wph.Male,Gallus gallus,male,ERP108704,Red Junglefowl,E-MTAB-6769:1767sTS.Chicken.Testis.5wph.Male
ERR2576548,7,RNA-Seq,101,3633647508,PRJEB26695,SAMEA4659414,ArrayExpress,2369049398,Lausanne Genomics Technology Facility,chicken,public,"fastq,run.zq,sra","ena,gs,ncbi,s3","ena,gs.us-east1,ncbi.public,s3.us-east-1",postnatal,2019-02-18,2018-12-29T17:01:47Z,2018-11-16,2018-05-11T10:57:48Z,ERX2593541,postnatal day 7,brain,SAMEA4659414,wild type genotype,University of Heidelberg,2018-12-29T17:01:47Z,2018-05-11T10:57:48Z,public,Illumina HiSeq 2500,1682sTS.Chicken.Brain.7dph.Female_s,SINGLE,PolyA,TRANSCRIPTOMIC,brain,Gallus gallus,ILLUMINA,2019-02-19T00:00:00Z,2022-07-14T10:05:00Z,2,SAMEA4659414,E-MTAB-6769:1682sTS.Chicken.Brain.7dph.Female,Gallus gallus,female,ERP108704,Red Junglefowl,E-MTAB-6769:1682sTS.Chicken.Brain.7dph.Female
ERR2576549,7,RNA-Seq,101,2081695547,PRJEB26695,SAMEA4659415,ArrayExpress,1282801184,Lausanne Genomics Technology Facility,chicken,public,"fastq,run.zq,sra","ena,gs,ncbi,s3","ena,gs.us-east1,ncbi.public,s3.us-east-1",postnatal,2019-02-18,2018-12-29T17:01:47Z,2018-11-16,2018-05-11T10:57:48Z,ERX2593542,postnatal day 7,brain,SAMEA4659415,wild type genotype,University of Heidelberg,2018-12-29T17:01:47Z,2018-05-11T10:57:48Z,public,Illumina HiSeq 2500,1803sTS.Chicken.Brain.7dph.Female_s,SINGLE,PolyA,TRANSCRIPTOMIC,brain,Gallus gallus,ILLUMINA,2019-02-19T00:00:00Z,2021-10-25T01:20:00Z,2,SAMEA4659415,E-MTAB-6769:1803sTS.Chicken.Brain.7dph.Female,Gallus gallus,female,ERP108704,Red Junglefowl,E-MTAB-6769:1803sTS.Chicken.Brain.7dph.Female
ERR2576550,7,RNA-Seq,101,4577909739,PRJEB26695,SAMEA4659416,ArrayExpress,2999312743,Lausanne Genomics Technology Facility,chicken,public,"fastq,run.zq,sra","ena,gs,ncbi,s3","ena,gs.us-east1,ncbi.public,s3.us-east-1",postnatal,2019-02-18,2018-12-29T17:01:47Z,2018-11-16,2018-05-11T10:57:48Z,ERX2593543,postnatal day 7,cerebellum,SAMEA4659416,wild type genotype,University of Heidelberg,2018-12-29T17:01:47Z,2018-05-11T10:57:48Z,public,Illumina HiSeq 2500,1665sTSm.Chicken.Cerebellum.7dph.Female_s,SINGLE,PolyA,TRANSCRIPTOMIC,cerebellum,Gallus gallus,ILLUMINA,2019-02-19T00:00:00Z,2021-10-25T02:08:00Z,2,SAMEA4659416,E-MTAB-6769:1665sTSm.Chicken.Cerebellum.7dph.Female,Gallus gallus,female,ERP108704,Red Junglefowl,E-MTAB-6769:1665sTSm.Chicken.Cerebellum.7dph.Female
ERR2576551,7,RNA-Seq,101,3175222143,PRJEB26695,SAMEA4659417,ArrayExpress,2029042615,Lausanne Genomics Technology Facility,chicken,public,"fastq,run.zq,sra","ena,gs,ncbi,s3","ena,gs.us-east1,ncbi.public,s3.us-east-1",postnatal,2019-02-18,2018-12-29T17:01:47Z,2018-11-16,2018-05-11T10:57:48Z,ERX2593544,postnatal day 7,cerebellum,SAMEA4659417,wild type genotype,University of Heidelberg,2018-12-29T17:01:47Z,2018-05-11T10:57:48Z,public,Illumina HiSeq 2500,1812sTS.Chicken.Cerebellum.7dph.Female_s,SINGLE,PolyA,TRANSCRIPTOMIC,cerebellum,Gallus gallus,ILLUMINA,2019-02-19T00:00:00Z,2022-07-13T12:18:00Z,2,SAMEA4659417,E-MTAB-6769:1812sTS.Chicken.Cerebellum.7dph.Female,Gallus gallus,female,ERP108704,Red Junglefowl,E-MTAB-6769:1812sTS.Chicken.Cerebellum.7dph.Female
ERR2576552,7,RNA-Seq,101,3657674600,PRJEB26695,SAMEA4659419,ArrayExpress,2445594656,Lausanne Genomics Technology Facility,chicken,public,"fastq,run.zq,sra","ena,gs,ncbi,s3","ena,gs.us-east1,ncbi.public,s3.us-east-1",postnatal,2019-02-18,2018-12-29T17:01:47Z,2018-11-16,2018-05-11T10:57:48Z,ERX2593545,postnatal day 7,heart,SAMEA4659419,wild type genotype,University of Heidelberg,2018-12-29T17:01:47Z,2018-05-11T10:57:48Z,public,Illumina HiSeq 2500,1666sTS.Chicken.Heart.7dph.Female_s,SINGLE,PolyA,TRANSCRIPTOMIC,heart,Gallus gallus,ILLUMINA,2019-02-19T00:00:00Z,2022-07-19T15:39:00Z,2,SAMEA4659419,E-MTAB-6769:1666sTS.Chicken.Heart.7dph.Female,Gallus gallus,female,ERP108704,Red Junglefowl,E-MTAB-6769:1666sTS.Chicken.Heart.7dph.Female
ERR2576553,7,RNA-Seq,101,3667591588,PRJEB26695,SAMEA4659420,ArrayExpress,2325260311,Lausanne Genomics Technology Facility,chicken,public,"fastq,run.zq,sra","ena,gs,ncbi,s3","ena,gs.us-east1,ncbi.public,s3.us-east-1",postnatal,2019-02-18,2018-12-29T17:01:47Z,2018-11-16,2018-05-11T10:57:48Z,ERX2593546,postnatal day 7,heart,SAMEA4659420,wild type genotype,University of Heidelberg,2018-12-29T17:01:47Z,2018-05-11T10:57:48Z,public,Illumina HiSeq 2500,1684sTS.Chicken.Heart.7dph.Female_s,SINGLE,PolyA,TRANSCRIPTOMIC,heart,Gallus gallus,ILLUMINA,2019-02-19T00:00:00Z,2022-07-26T05:52:00Z,2,SAMEA4659420,E-MTAB-6769:1684sTS.Chicken.Heart.7dph.Female,Gallus gallus,female,ERP108704,Red Junglefowl,E-MTAB-6769:1684sTS.Chicken.Heart.7dph.Female
ERR2576554,7,RNA-Seq,101,3989985103,PRJEB26695,SAMEA4659421,ArrayExpress,2586242730,Lausanne Genomics Technology Facility,chicken,public,"fastq,run.zq,sra","ena,gs,ncbi,s3","ena,gs.us-east1,ncbi.public,s3.us-east-1",postnatal,2019-02-18,2018-12-29T17:01:47Z,2018-11-16,2018-05-11T10:57:48Z,ERX2593547,postnatal day 7,kidney,SAMEA4659421,wild type genotype,University of Heidelberg,2018-12-29T17:01:47Z,2018-05-11T10:57:48Z,public,Illumina HiSeq 2500,1667sTS.Chicken.Kidney.7dph.Female_s,SINGLE,PolyA,TRANSCRIPTOMIC,kidney,Gallus gallus,ILLUMINA,2019-02-19T00:00:00Z,2022-07-15T18:17:00Z,2,SAMEA4659421,E-MTAB-6769:1667sTS.Chicken.Kidney.7dph.Female,Gallus gallus,female,ERP108704,Red Junglefowl,E-MTAB-6769:1667sTS.Chicken.Kidney.7dph.Female
ERR2576555,7,RNA-Seq,101,3318816974,PRJEB26695,SAMEA4659422,ArrayExpress,2237624987,Lausanne Genomics Technology Facility,chicken,public,"fastq,run.zq,sra","ena,gs,ncbi,s3","ena,gs.us-east1,ncbi.public,s3.us-east-1",postnatal,2019-02-18,2018-12-29T17:01:47Z,2018-11-16,2018-05-11T10:57:48Z,ERX2593548,postnatal day 7,kidney,SAMEA4659422,wild type genotype,University of Heidelberg,2018-12-29T17:01:47Z,2018-05-11T10:57:48Z,public,Illumina HiSeq 2500,1685sTS.Chicken.Kidney.7dph.Female_s,SINGLE,PolyA,TRANSCRIPTOMIC,kidney,Gallus gallus,ILLUMINA,2019-02-19T00:00:00Z,2022-07-26T05:44:00Z,2,SAMEA4659422,E-MTAB-6769:1685sTS.Chicken.Kidney.7dph.Female,Gallus gallus,female,ERP108704,Red Junglefowl,E-MTAB-6769:1685sTS.Chicken.Kidney.7dph.Female
ERR2576556,7,RNA-Seq,101,3050949925,PRJEB26695,SAMEA4659423,ArrayExpress,1961725864,Lausanne Genomics Technology Facility,chicken,public,"fastq,run.zq,sra","ena,gs,ncbi,s3","ena,gs.us-east1,ncbi.public,s3.us-east-1",postnatal,2019-02-18,2018-12-29T17:01:47Z,2018-11-16,2018-05-11T10:57:48Z,ERX2593549,postnatal day 7,liver,SAMEA4659423,wild type genotype,University of Heidelberg,2018-12-29T17:01:47Z,2018-05-11T10:57:48Z,public,Illumina HiSeq 2500,1668sTS.Chicken.Liver.7dph.Female_s,SINGLE,PolyA,TRANSCRIPTOMIC,liver,Gallus gallus,ILLUMINA,2019-02-19T00:00:00Z,2022-07-22T11:46:00Z,2,SAMEA4659423,E-MTAB-6769:1668sTS.Chicken.Liver.7dph.Female,Gallus gallus,female,ERP108704,Red Junglefowl,E-MTAB-6769:1668sTS.Chicken.Liver.7dph.Female
ERR2576557,7,RNA-Seq,101,3644078081,PRJEB26695,SAMEA4659424,ArrayExpress,1804004256,Lausanne Genomics Technology Facility,chicken,public,"fastq,run.zq,sra","ena,gs,ncbi,s3","ena,gs.us-east1,ncbi.public,s3.us-east-1",postnatal,2019-02-18,2018-12-29T17:01:47Z,2018-11-16,2018-05-11T10:57:48Z,ERX2593550,postnatal day 7,liver,SAMEA4659424,wild type genotype,University of Heidelberg,2018-12-29T17:01:47Z,2018-05-11T10:57:48Z,public,Illumina HiSeq 2500,1686sTSm.Chicken.Liver.7dph.Female_s,SINGLE,PolyA,TRANSCRIPTOMIC,liver,Gallus gallus,ILLUMINA,2019-02-19T00:00:00Z,2022-07-17T10:02:00Z,2,SAMEA4659424,E-MTAB-6769:1686sTSm.Chicken.Liver.7dph.Female,Gallus gallus,female,ERP108704,Red Junglefowl,E-MTAB-6769:1686sTSm.Chicken.Liver.7dph.Female
ERR2576558,7,RNA-Seq,101,4476489175,PRJEB26695,SAMEA4659425,ArrayExpress,2974549666,Lausanne Genomics Technology Facility,chicken,public,"fastq,run.zq,sra","ena,gs,ncbi,s3","ena,gs.us-east1,ncbi.public,s3.us-east-1",postnatal,2019-02-18,2018-12-29T17:01:47Z,2018-11-16,2018-05-11T10:57:48Z,ERX2593551,postnatal day 7,ovary,SAMEA4659425,wild type genotype,University of Heidelberg,2018-12-29T17:01:47Z,2018-05-11T10:57:48Z,public,Illumina HiSeq 2500,1669sTS.Chicken.Ovary.7dph.Female_s,SINGLE,PolyA,TRANSCRIPTOMIC,ovary,Gallus gallus,ILLUMINA,2019-02-19T00:00:00Z,2022-07-26T05:53:00Z,2,SAMEA4659425,E-MTAB-6769:1669sTS.Chicken.Ovary.7dph.Female,Gallus gallus,female,ERP108704,Red Junglefowl,E-MTAB-6769:1669sTS.Chicken.Ovary.7dph.Female
ERR2576559,7,RNA-Seq,101,2909473468,PRJEB26695,SAMEA4659426,ArrayExpress,1863353293,Lausanne Genomics Technology Facility,chicken,public,"fastq,run.zq,sra","ena,gs,ncbi,s3","ena,gs.us-east1,ncbi.public,s3.us-east-1",postnatal,2019-02-18,2018-12-29T17:01:47Z,2018-11-16,2018-05-11T10:57:48Z,ERX2593552,postnatal day 7,ovary,SAMEA4659426,wild type genotype,University of Heidelberg,2018-12-29T17:01:47Z,2018-05-11T10:57:48Z,public,Illumina HiSeq 2500,1687sTS.Chicken.Ovary.7dph.Female_s,SINGLE,PolyA,TRANSCRIPTOMIC,ovary,Gallus gallus,ILLUMINA,2019-02-19T00:00:00Z,2021-10-25T01:43:00Z,2,SAMEA4659426,E-MTAB-6769:1687sTS.Chicken.Ovary.7dph.Female,Gallus gallus,female,ERP108704,Red Junglefowl,E-MTAB-6769:1687sTS.Chicken.Ovary.7dph.Female
ERR2576560,7,RNA-Seq,101,2691608893,PRJEB26695,SAMEA4659427,ArrayExpress,1658360765,Lausanne Genomics Technology Facility,chicken,public,"fastq,run.zq,sra","ena,gs,ncbi,s3","ena,gs.us-east1,ncbi.public,s3.us-east-1",postnatal,2019-02-18,2018-12-29T17:01:47Z,2018-11-16,2018-05-11T10:57:48Z,ERX2593553,postnatal day 7,brain,SAMEA4659427,wild type genotype,University of Heidelberg,2018-12-29T17:01:47Z,2018-05-11T10:57:48Z,public,Illumina HiSeq 2500,1647sTS.Chicken.Brain.7dph.Male_s,SINGLE,PolyA,TRANSCRIPTOMIC,brain,Gallus gallus,ILLUMINA,2019-02-19T00:00:00Z,2021-10-25T01:32:00Z,2,SAMEA4659427,E-MTAB-6769:1647sTS.Chicken.Brain.7dph.Male,Gallus gallus,male,ERP108704,Red Junglefowl,E-MTAB-6769:1647sTS.Chicken.Brain.7dph.Male
ERR2576561,7,RNA-Seq,101,3224310668,PRJEB26695,SAMEA4659428,ArrayExpress,2148920662,Lausanne Genomics Technology Facility,chicken,public,"fastq,run.zq,sra","ena,gs,ncbi,s3","ena,gs.us-east1,ncbi.public,s3.us-east-1",postnatal,2019-02-18,2018-12-29T17:01:47Z,2018-11-16,2018-05-11T10:57:48Z,ERX2593554,postnatal day 7,brain,SAMEA4659428,wild type genotype,University of Heidelberg,2018-12-29T17:01:47Z,2018-05-11T10:57:48Z,public,Illumina HiSeq 2500,1654sTS.Chicken.Brain.7dph.Male_s,SINGLE,PolyA,TRANSCRIPTOMIC,brain,Gallus gallus,ILLUMINA,2019-02-19T00:00:00Z,2022-07-18T22:46:00Z,2,SAMEA4659428,E-MTAB-6769:1654sTS.Chicken.Brain.7dph.Male,Gallus gallus,male,ERP108704,Red Junglefowl,E-MTAB-6769:1654sTS.Chicken.Brain.7dph.Male
ERR2576562,7,RNA-Seq,101,3611890896,PRJEB26695,SAMEA4659429,ArrayExpress,2446925169,Lausanne Genomics Technology Facility,chicken,public,"fastq,run.zq,sra","ena,gs,ncbi,s3","ena,gs.us-east1,ncbi.public,s3.us-east-1",postnatal,2019-02-18,2018-12-29T17:01:47Z,2018-11-16,2018-05-11T10:57:48Z,ERX2593555,postnatal day 7,cerebellum,SAMEA4659429,wild type genotype,University of Heidelberg,2018-12-29T17:01:47Z,2018-05-11T10:57:48Z,public,Illumina HiSeq 2500,1648sTS.Chicken.Cerebellum.7dph.Male_s,SINGLE,PolyA,TRANSCRIPTOMIC,cerebellum,Gallus gallus,ILLUMINA,2019-02-19T00:00:00Z,2021-10-25T02:05:00Z,2,SAMEA4659429,E-MTAB-6769:1648sTS.Chicken.Cerebellum.7dph.Male,Gallus gallus,male,ERP108704,Red Junglefowl,E-MTAB-6769:1648sTS.Chicken.Cerebellum.7dph.Male
ERR2576563,7,RNA-Seq,101,4470564818,PRJEB26695,SAMEA4659430,ArrayExpress,2974166110,Lausanne Genomics Technology Facility,chicken,public,"fastq,run.zq,sra","ena,gs,ncbi,s3","ena,gs.us-east1,ncbi.public,s3.us-east-1",postnatal,2019-02-18,2018-12-29T17:01:47Z,2018-11-16,2018-05-11T10:57:49Z,ERX2593556,postnatal day 7,cerebellum,SAMEA4659430,wild type genotype,University of Heidelberg,2018-12-29T17:01:47Z,2018-05-11T10:57:49Z,public,Illumina HiSeq 2500,1655sTS.Chicken.Cerebellum.7dph.Male_s,SINGLE,PolyA,TRANSCRIPTOMIC,cerebellum,Gallus gallus,ILLUMINA,2019-02-19T00:00:00Z,2022-07-15T18:18:00Z,2,SAMEA4659430,E-MTAB-6769:1655sTS.Chicken.Cerebellum.7dph.Male,Gallus gallus,male,ERP108704,Red Junglefowl,E-MTAB-6769:1655sTS.Chicken.Cerebellum.7dph.Male
ERR2576564,7,RNA-Seq,101,4600122164,PRJEB26695,SAMEA4659431,ArrayExpress,3029875412,Lausanne Genomics Technology Facility,chicken,public,"fastq,run.zq,sra","ena,gs,ncbi,s3","ena,gs.us-east1,ncbi.public,s3.us-east-1",postnatal,2019-02-18,2018-12-29T17:01:47Z,2018-11-16,2018-05-11T10:57:49Z,ERX2593557,postnatal day 7,heart,SAMEA4659431,wild type genotype,University of Heidelberg,2018-12-29T17:01:47Z,2018-05-11T10:57:49Z,public,Illumina HiSeq 2500,1649sTS.Chicken.Heart.7dph.Male_s,SINGLE,PolyA,TRANSCRIPTOMIC,heart,Gallus gallus,ILLUMINA,2019-02-19T00:00:00Z,2022-07-26T05:54:00Z,2,SAMEA4659431,E-MTAB-6769:1649sTS.Chicken.Heart.7dph.Male,Gallus gallus,male,ERP108704,Red Junglefowl,E-MTAB-6769:1649sTS.Chicken.Heart.7dph.Male
ERR2576565,7,RNA-Seq,101,4580305257,PRJEB26695,SAMEA4659432,ArrayExpress,3100743277,Lausanne Genomics Technology Facility,chicken,public,"fastq,run.zq,sra","ena,gs,ncbi,s3","ena,gs.us-east1,ncbi.public,s3.us-east-1",postnatal,2019-02-18,2018-12-29T17:01:47Z,2018-11-16,2018-05-11T10:57:49Z,ERX2593558,postnatal day 7,heart,SAMEA4659432,wild type genotype,University of Heidelberg,2018-12-29T17:01:47Z,2018-05-11T10:57:49Z,public,Illumina HiSeq 2500,1656sTS.Chicken.Heart.7dph.Male_s,SINGLE,PolyA,TRANSCRIPTOMIC,heart,Gallus gallus,ILLUMINA,2019-02-19T00:00:00Z,2022-07-14T16:43:00Z,2,SAMEA4659432,E-MTAB-6769:1656sTS.Chicken.Heart.7dph.Male,Gallus gallus,male,ERP108704,Red Junglefowl,E-MTAB-6769:1656sTS.Chicken.Heart.7dph.Male
ERR2576566,7,RNA-Seq,101,3827158155,PRJEB26695,SAMEA4659433,ArrayExpress,2509816024,Lausanne Genomics Technology Facility,chicken,public,"fastq,run.zq,sra","ena,gs,ncbi,s3","ena,gs.us-east1,ncbi.public,s3.us-east-1",postnatal,2019-02-18,2018-12-29T17:01:47Z,2018-11-16,2018-05-11T10:57:49Z,ERX2593559,postnatal day 7,kidney,SAMEA4659433,wild type genotype,University of Heidelberg,2018-12-29T17:01:47Z,2018-05-11T10:57:49Z,public,Illumina HiSeq 2500,1650sTS.Chicken.Kidney.7dph.Male_s,SINGLE,PolyA,TRANSCRIPTOMIC,kidney,Gallus gallus,ILLUMINA,2019-02-19T00:00:00Z,2021-10-25T02:08:00Z,2,SAMEA4659433,E-MTAB-6769:1650sTS.Chicken.Kidney.7dph.Male,Gallus gallus,male,ERP108704,Red Junglefowl,E-MTAB-6769:1650sTS.Chicken.Kidney.7dph.Male
ERR2576567,7,RNA-Seq,101,3472525844,PRJEB26695,SAMEA4659434,ArrayExpress,2324058875,Lausanne Genomics Technology Facility,chicken,public,"fastq,run.zq,sra","ena,gs,ncbi,s3","ena,gs.us-east1,ncbi.public,s3.us-east-1",postnatal,2019-02-18,2018-12-29T17:01:47Z,2018-11-16,2018-05-11T10:57:49Z,ERX2593560,postnatal day 7,kidney,SAMEA4659434,wild type genotype,University of Heidelberg,2018-12-29T17:01:47Z,2018-05-11T10:57:49Z,public,Illumina HiSeq 2500,1657sTS.Chicken.Kidney.7dph.Male_s,SINGLE,PolyA,TRANSCRIPTOMIC,kidney,Gallus gallus,ILLUMINA,2019-02-19T00:00:00Z,2022-07-26T05:52:00Z,2,SAMEA4659434,E-MTAB-6769:1657sTS.Chicken.Kidney.7dph.Male,Gallus gallus,male,ERP108704,Red Junglefowl,E-MTAB-6769:1657sTS.Chicken.Kidney.7dph.Male
ERR2576568,7,RNA-Seq,101,2398565978,PRJEB26695,SAMEA4659435,ArrayExpress,808580217,Lausanne Genomics Technology Facility,chicken,public,"fastq,run.zq,sra","ena,gs,ncbi,s3","ena,gs.us-east1,ncbi.public,s3.us-east-1",postnatal,2019-02-18,2018-12-29T17:01:47Z,2018-11-16,2018-05-11T10:57:49Z,ERX2593561,postnatal day 7,liver,SAMEA4659435,wild type genotype,University of Heidelberg,2018-12-29T17:01:47Z,2018-05-11T10:57:49Z,public,Illumina HiSeq 2500,1651bsTS.Chicken.Liver.7dph.Male_s,SINGLE,PolyA,TRANSCRIPTOMIC,liver,Gallus gallus,ILLUMINA,2019-02-19T00:00:00Z,2022-07-15T21:45:00Z,2,SAMEA4659435,E-MTAB-6769:1651bsTS.Chicken.Liver.7dph.Male,Gallus gallus,male,ERP108704,Red Junglefowl,E-MTAB-6769:1651bsTS.Chicken.Liver.7dph.Male
ERR2576569,7,RNA-Seq,101,4052607224,PRJEB26695,SAMEA4659436,ArrayExpress,2701870098,Lausanne Genomics Technology Facility,chicken,public,"fastq,run.zq,sra","ena,gs,ncbi,s3","ena,gs.us-east1,ncbi.public,s3.us-east-1",postnatal,2019-02-18,2018-12-29T17:01:47Z,2018-11-16,2018-05-11T10:57:49Z,ERX2593562,postnatal day 7,liver,SAMEA4659436,wild type genotype,University of Heidelberg,2018-12-29T17:01:47Z,2018-05-11T10:57:49Z,public,Illumina HiSeq 2500,1679sTS.Chicken.Liver.7dph.Male_s,SINGLE,PolyA,TRANSCRIPTOMIC,liver,Gallus gallus,ILLUMINA,2019-02-19T00:00:00Z,2022-07-21T23:39:00Z,2,SAMEA4659436,E-MTAB-6769:1679sTS.Chicken.Liver.7dph.Male,Gallus gallus,male,ERP108704,Red Junglefowl,E-MTAB-6769:1679sTS.Chicken.Liver.7dph.Male
ERR2576570,7,RNA-Seq,101,2113025343,PRJEB26695,SAMEA4659437,ArrayExpress,1347517731,Lausanne Genomics Technology Facility,chicken,public,"fastq,run.zq,sra","ena,gs,ncbi,s3","ena,gs.us-east1,ncbi.public,s3.us-east-1",postnatal,2019-02-18,2018-12-29T17:01:47Z,2018-11-16,2018-05-11T10:57:49Z,ERX2593563,postnatal day 7,testis,SAMEA4659437,wild type genotype,University of Heidelberg,2018-12-29T17:01:47Z,2018-05-11T10:57:49Z,public,Illumina HiSeq 2500,1652sTS.Chicken.Testis.7dph.Male_s,SINGLE,PolyA,TRANSCRIPTOMIC,testis,Gallus gallus,ILLUMINA,2019-02-19T00:00:00Z,2022-07-20T23:13:00Z,2,SAMEA4659437,E-MTAB-6769:1652sTS.Chicken.Testis.7dph.Male,Gallus gallus,male,ERP108704,Red Junglefowl,E-MTAB-6769:1652sTS.Chicken.Testis.7dph.Male
ERR2576571,7,RNA-Seq,101,2975251536,PRJEB26695,SAMEA4659438,ArrayExpress,1994665992,Lausanne Genomics Technology Facility,chicken,public,"fastq,run.zq,sra","ena,gs,ncbi,s3","ena,gs.us-east1,ncbi.public,s3.us-east-1",postnatal,2019-02-18,2018-12-29T17:01:47Z,2018-11-16,2018-05-11T10:57:49Z,ERX2593564,postnatal day 7,testis,SAMEA4659438,wild type genotype,University of Heidelberg,2018-12-29T17:01:47Z,2018-05-11T10:57:49Z,public,Illumina HiSeq 2500,1680sTS.Chicken.Testis.7dph.Male_s,SINGLE,PolyA,TRANSCRIPTOMIC,testis,Gallus gallus,ILLUMINA,2019-02-19T00:00:00Z,2022-07-18T16:33:00Z,2,SAMEA4659438,E-MTAB-6769:1680sTS.Chicken.Testis.7dph.Male,Gallus gallus,male,ERP108704,Red Junglefowl,E-MTAB-6769:1680sTS.Chicken.Testis.7dph.Male
ERR2576572,70,RNA-Seq,101,3224417930,PRJEB26695,SAMEA4659439,ArrayExpress,2119651516,Lausanne Genomics Technology Facility,chicken,public,"fastq,run.zq,sra","ena,gs,ncbi,s3","ena,gs.us-east1,ncbi.public,s3.us-east-1",postnatal,2019-02-18,2018-12-29T17:01:47Z,2018-11-16,2018-05-11T10:57:49Z,ERX2593565,postnatal day 70,brain,SAMEA4659439,wild type genotype,University of Heidelberg,2018-12-29T17:01:47Z,2018-05-11T10:57:49Z,public,Illumina HiSeq 2500,1775sTS.Chicken.Brain.10wph.Female_s,SINGLE,PolyA,TRANSCRIPTOMIC,brain,Gallus gallus,ILLUMINA,2019-02-19T00:00:00Z,2021-10-25T01:51:00Z,2,SAMEA4659439,E-MTAB-6769:1775sTS.Chicken.Brain.10wph.Female,Gallus gallus,female,ERP108704,Red Junglefowl,E-MTAB-6769:1775sTS.Chicken.Brain.10wph.Female
ERR2576573,70,RNA-Seq,101,2448576431,PRJEB26695,SAMEA4659440,ArrayExpress,1507261223,Lausanne Genomics Technology Facility,chicken,public,"fastq,run.zq,sra","ena,gs,ncbi,s3","ena,gs.us-east1,ncbi.public,s3.us-east-1",postnatal,2019-02-18,2018-12-29T17:01:47Z,2018-11-16,2018-05-11T10:57:49Z,ERX2593566,postnatal day 70,brain,SAMEA4659440,wild type genotype,University of Heidelberg,2018-12-29T17:01:47Z,2018-05-11T10:57:49Z,public,Illumina HiSeq 2500,1805sTS.Chicken.Brain.10wph.Female_s,SINGLE,PolyA,TRANSCRIPTOMIC,brain,Gallus gallus,ILLUMINA,2019-02-19T00:00:00Z,2021-10-25T01:32:00Z,2,SAMEA4659440,E-MTAB-6769:1805sTS.Chicken.Brain.10wph.Female,Gallus gallus,female,ERP108704,Red Junglefowl,E-MTAB-6769:1805sTS.Chicken.Brain.10wph.Female
ERR2576574,70,RNA-Seq,101,4489259817,PRJEB26695,SAMEA4659441,ArrayExpress,3006121391,Lausanne Genomics Technology Facility,chicken,public,"fastq,run.zq,sra","ena,gs,ncbi,s3","ena,gs.us-east1,ncbi.public,s3.us-east-1",postnatal,2019-02-18,2018-12-29T17:01:47Z,2018-11-16,2018-05-11T10:57:49Z,ERX2593567,postnatal day 70,cerebellum,SAMEA4659441,wild type genotype,University of Heidelberg,2018-12-29T17:01:47Z,2018-05-11T10:57:49Z,public,Illumina HiSeq 2500,1776sTSm.Chicken.Cerebellum.10wph.Female_s,SINGLE,PolyA,TRANSCRIPTOMIC,cerebellum,Gallus gallus,ILLUMINA,2019-02-19T00:00:00Z,2022-07-17T08:07:00Z,2,SAMEA4659441,E-MTAB-6769:1776sTSm.Chicken.Cerebellum.10wph.Female,Gallus gallus,female,ERP108704,Red Junglefowl,E-MTAB-6769:1776sTSm.Chicken.Cerebellum.10wph.Female
ERR2576575,70,RNA-Seq,101,3190389717,PRJEB26695,SAMEA4659442,ArrayExpress,2108265407,Lausanne Genomics Technology Facility,chicken,public,"fastq,run.zq,sra","ena,gs,ncbi,s3","ena,gs.us-east1,ncbi.public,s3.us-east-1",postnatal,2019-02-18,2018-12-29T17:01:47Z,2018-11-16,2018-05-11T10:57:49Z,ERX2593568,postnatal day 70,cerebellum,SAMEA4659442,wild type genotype,University of Heidelberg,2018-12-29T17:01:47Z,2018-05-11T10:57:49Z,public,Illumina HiSeq 2500,1869sTS.Chicken.Cerebellum.10wph.Female_s,SINGLE,PolyA,TRANSCRIPTOMIC,cerebellum,Gallus gallus,ILLUMINA,2019-02-19T00:00:00Z,2021-10-25T01:51:00Z,2,SAMEA4659442,E-MTAB-6769:1869sTS.Chicken.Cerebellum.10wph.Female,Gallus gallus,female,ERP108704,Red Junglefowl,E-MTAB-6769:1869sTS.Chicken.Cerebellum.10wph.Female
ERR2576576,70,RNA-Seq,101,3937145943,PRJEB26695,SAMEA4659443,ArrayExpress,2632896473,Lausanne Genomics Technology Facility,chicken,public,"fastq,run.zq,sra","ena,gs,ncbi,s3","ena,gs.us-east1,ncbi.public,s3.us-east-1",postnatal,2019-02-18,2018-12-29T17:01:47Z,2018-11-16,2018-05-11T10:57:49Z,ERX2593569,postnatal day 70,heart,SAMEA4659443,wild type genotype,University of Heidelberg,2018-12-29T17:01:47Z,2018-05-11T10:57:49Z,public,Illumina HiSeq 2500,1777sTS.Chicken.Heart.10wph.Female_s,SINGLE,PolyA,TRANSCRIPTOMIC,heart,Gallus gallus,ILLUMINA,2019-02-19T00:00:00Z,2022-07-26T05:43:00Z,2,SAMEA4659443,E-MTAB-6769:1777sTS.Chicken.Heart.10wph.Female,Gallus gallus,female,ERP108704,Red Junglefowl,E-MTAB-6769:1777sTS.Chicken.Heart.10wph.Female
ERR2576577,70,RNA-Seq,101,5097103572,PRJEB26695,SAMEA4659444,ArrayExpress,3379173885,Lausanne Genomics Technology Facility,chicken,public,"fastq,run.zq,sra","ena,gs,ncbi,s3","ena,gs.us-east1,ncbi.public,s3.us-east-1",postnatal,2019-02-18,2018-12-29T17:01:47Z,2018-11-16,2018-05-11T10:57:49Z,ERX2593570,postnatal day 70,heart,SAMEA4659444,wild type genotype,University of Heidelberg,2018-12-29T17:01:47Z,2018-05-11T10:57:49Z,public,Illumina HiSeq 2500,2457sTS.Chicken.Heart.10wph.Female_s,SINGLE,PolyA,TRANSCRIPTOMIC,heart,Gallus gallus,ILLUMINA,2019-02-19T00:00:00Z,2022-07-15T18:19:00Z,2,SAMEA4659444,E-MTAB-6769:2457sTS.Chicken.Heart.10wph.Female,Gallus gallus,female,ERP108704,Red Junglefowl,E-MTAB-6769:2457sTS.Chicken.Heart.10wph.Female
ERR2576578,70,RNA-Seq,101,4489632709,PRJEB26695,SAMEA4659445,ArrayExpress,2859095977,Lausanne Genomics Technology Facility,chicken,public,"fastq,run.zq,sra","ena,gs,ncbi,s3","ena,gs.us-east1,ncbi.public,s3.us-east-1",postnatal,2019-02-18,2018-12-29T17:01:47Z,2018-11-16,2018-05-11T10:57:49Z,ERX2593571,postnatal day 70,kidney,SAMEA4659445,wild type genotype,University of Heidelberg,2018-12-29T17:01:47Z,2018-05-11T10:57:49Z,public,Illumina HiSeq 2500,1778sTS.Chicken.Kidney.10wph.Female_s,SINGLE,PolyA,TRANSCRIPTOMIC,kidney,Gallus gallus,ILLUMINA,2019-02-19T00:00:00Z,2022-07-22T16:18:00Z,2,SAMEA4659445,E-MTAB-6769:1778sTS.Chicken.Kidney.10wph.Female,Gallus gallus,female,ERP108704,Red Junglefowl,E-MTAB-6769:1778sTS.Chicken.Kidney.10wph.Female
ERR2576579,70,RNA-Seq,101,3754218783,PRJEB26695,SAMEA4659446,ArrayExpress,2389939382,Lausanne Genomics Technology Facility,chicken,public,"fastq,run.zq,sra","ena,gs,ncbi,s3","ena,gs.us-east1,ncbi.public,s3.us-east-1",postnatal,2019-02-18,2018-12-29T17:01:47Z,2018-11-16,2018-05-11T10:57:49Z,ERX2593572,postnatal day 70,kidney,SAMEA4659446,wild type genotype,University of Heidelberg,2018-12-29T17:01:47Z,2018-05-11T10:57:49Z,public,Illumina HiSeq 2500,2458sTS.Chicken.Kidney.10wph.Female_s,SINGLE,PolyA,TRANSCRIPTOMIC,kidney,Gallus gallus,ILLUMINA,2019-02-19T00:00:00Z,2021-10-25T02:04:00Z,2,SAMEA4659446,E-MTAB-6769:2458sTS.Chicken.Kidney.10wph.Female,Gallus gallus,female,ERP108704,Red Junglefowl,E-MTAB-6769:2458sTS.Chicken.Kidney.10wph.Female
ERR2576580,70,RNA-Seq,101,2703405188,PRJEB26695,SAMEA4659447,ArrayExpress,1737804391,Lausanne Genomics Technology Facility,chicken,public,"fastq,run.zq,sra","ena,gs,ncbi,s3","ena,gs.us-east1,ncbi.public,s3.us-east-1",postnatal,2019-02-18,2018-12-29T17:01:47Z,2018-11-16,2018-05-11T10:57:49Z,ERX2593573,postnatal day 70,liver,SAMEA4659447,wild type genotype,University of Heidelberg,2018-12-29T17:01:47Z,2018-05-11T10:57:49Z,public,Illumina HiSeq 2500,1779sTS.Chicken.Liver.10wph.Female_s,SINGLE,PolyA,TRANSCRIPTOMIC,liver,Gallus gallus,ILLUMINA,2019-02-19T00:00:00Z,2022-07-26T05:50:00Z,2,SAMEA4659447,E-MTAB-6769:1779sTS.Chicken.Liver.10wph.Female,Gallus gallus,female,ERP108704,Red Junglefowl,E-MTAB-6769:1779sTS.Chicken.Liver.10wph.Female
ERR2576581,70,RNA-Seq,101,2544298777,PRJEB26695,SAMEA4659448,ArrayExpress,1562045410,Lausanne Genomics Technology Facility,chicken,public,"fastq,run.zq,sra","ena,gs,ncbi,s3","ena,gs.us-east1,ncbi.public,s3.us-east-1",postnatal,2019-02-18,2018-12-29T17:01:47Z,2018-11-16,2018-05-11T10:57:49Z,ERX2593574,postnatal day 70,liver,SAMEA4659448,wild type genotype,University of Heidelberg,2018-12-29T17:01:47Z,2018-05-11T10:57:49Z,public,Illumina HiSeq 2500,1873sTS.Chicken.Liver.10wph.Female_s,SINGLE,PolyA,TRANSCRIPTOMIC,liver,Gallus gallus,ILLUMINA,2019-02-19T00:00:00Z,2022-07-26T05:50:00Z,2,SAMEA4659448,E-MTAB-6769:1873sTS.Chicken.Liver.10wph.Female,Gallus gallus,female,ERP108704,Red Junglefowl,E-MTAB-6769:1873sTS.Chicken.Liver.10wph.Female
ERR2576582,70,RNA-Seq,101,4116430841,PRJEB26695,SAMEA4659449,ArrayExpress,2752405729,Lausanne Genomics Technology Facility,chicken,public,"fastq,run.zq,sra","ena,gs,ncbi,s3","ena,gs.us-east1,ncbi.public,s3.us-east-1",postnatal,2019-02-18,2018-12-29T17:01:47Z,2018-11-16,2018-05-11T10:57:49Z,ERX2593575,postnatal day 70,ovary,SAMEA4659449,wild type genotype,University of Heidelberg,2018-12-29T17:01:47Z,2018-05-11T10:57:49Z,public,Illumina HiSeq 2500,1780sTS.Chicken.Ovary.10wph.Female_s,SINGLE,PolyA,TRANSCRIPTOMIC,ovary,Gallus gallus,ILLUMINA,2019-02-19T00:00:00Z,2022-07-14T14:51:00Z,2,SAMEA4659449,E-MTAB-6769:1780sTS.Chicken.Ovary.10wph.Female,Gallus gallus,female,ERP108704,Red Junglefowl,E-MTAB-6769:1780sTS.Chicken.Ovary.10wph.Female
ERR2576583,70,RNA-Seq,101,3959258984,PRJEB26695,SAMEA4659450,ArrayExpress,2526166719,Lausanne Genomics Technology Facility,chicken,public,"fastq,run.zq,sra","ena,gs,ncbi,s3","ena,gs.us-east1,ncbi.public,s3.us-east-1",postnatal,2019-02-18,2018-12-29T17:01:47Z,2018-11-16,2018-05-11T10:57:49Z,ERX2593576,postnatal day 70,ovary,SAMEA4659450,wild type genotype,University of Heidelberg,2018-12-29T17:01:47Z,2018-05-11T10:57:49Z,public,Illumina HiSeq 2500,1781sTS.Chicken.Ovary.10wph.Female_s,SINGLE,PolyA,TRANSCRIPTOMIC,ovary,Gallus gallus,ILLUMINA,2019-02-19T00:00:00Z,2022-07-17T23:38:00Z,2,SAMEA4659450,E-MTAB-6769:1781sTS.Chicken.Ovary.10wph.Female,Gallus gallus,female,ERP108704,Red Junglefowl,E-MTAB-6769:1781sTS.Chicken.Ovary.10wph.Female
ERR2576584,70,RNA-Seq,101,6010784922,PRJEB26695,SAMEA4659451,ArrayExpress,3136610203,Lausanne Genomics Technology Facility,chicken,public,"fastq,run.zq,sra","ena,gs,ncbi,s3","ena,gs.us-east1,ncbi.public,s3.us-east-1",postnatal,2019-02-18,2018-12-29T17:01:47Z,2018-11-16,2018-05-11T10:57:49Z,ERX2593577,postnatal day 70,brain,SAMEA4659451,wild type genotype,University of Heidelberg,2018-12-29T17:01:47Z,2018-05-11T10:57:49Z,public,Illumina HiSeq 2500,1865sTSm.Chicken.Brain.10wph.Male_s,SINGLE,PolyA,TRANSCRIPTOMIC,brain,Gallus gallus,ILLUMINA,2019-02-19T00:00:00Z,2022-07-26T05:57:00Z,2,SAMEA4659451,E-MTAB-6769:1865sTSm.Chicken.Brain.10wph.Male,Gallus gallus,male,ERP108704,Red Junglefowl,E-MTAB-6769:1865sTSm.Chicken.Brain.10wph.Male
ERR2576585,70,RNA-Seq,101,4459697824,PRJEB26695,SAMEA4659452,ArrayExpress,2902131533,Lausanne Genomics Technology Facility,chicken,public,"fastq,run.zq,sra","ena,gs,ncbi,s3","ena,gs.us-east1,ncbi.public,s3.us-east-1",postnatal,2019-02-18,2018-12-29T17:01:47Z,2018-11-16,2018-05-11T10:57:49Z,ERX2593578,postnatal day 70,brain,SAMEA4659452,wild type genotype,University of Heidelberg,2018-12-29T17:01:47Z,2018-05-11T10:57:49Z,public,Illumina HiSeq 2500,3920sTS.Chicken.Brain.10wph.Male_s,SINGLE,PolyA,TRANSCRIPTOMIC,brain,Gallus gallus,ILLUMINA,2019-02-19T00:00:00Z,2022-07-14T18:40:00Z,2,SAMEA4659452,E-MTAB-6769:3920sTS.Chicken.Brain.10wph.Male,Gallus gallus,male,ERP108704,Red Junglefowl,E-MTAB-6769:3920sTS.Chicken.Brain.10wph.Male
ERR2576586,70,RNA-Seq,101,12679387894,PRJEB26695,SAMEA4659453,ArrayExpress,7966740284,Lausanne Genomics Technology Facility,chicken,public,"fastq,run.zq,sra","ena,gs,ncbi,s3","ena,gs.us-east1,ncbi.public,s3.us-east-1",postnatal,2019-02-18,2018-12-29T17:01:47Z,2018-11-16,2018-05-11T10:57:49Z,ERX2593579,postnatal day 70,cerebellum,SAMEA4659453,wild type genotype,University of Heidelberg,2018-12-29T17:01:47Z,2018-05-11T10:57:49Z,public,Illumina HiSeq 2500,1770sTS.Chicken.Cerebellum.10wph.Male_s,SINGLE,PolyA,TRANSCRIPTOMIC,cerebellum,Gallus gallus,ILLUMINA,2019-02-19T00:00:00Z,2021-10-25T02:25:00Z,2,SAMEA4659453,E-MTAB-6769:1770sTS.Chicken.Cerebellum.10wph.Male,Gallus gallus,male,ERP108704,Red Junglefowl,E-MTAB-6769:1770sTS.Chicken.Cerebellum.10wph.Male
ERR2576587,70,RNA-Seq,101,2323411878,PRJEB26695,SAMEA4659454,ArrayExpress,1302899550,Lausanne Genomics Technology Facility,chicken,public,"fastq,run.zq,sra","ena,gs,ncbi,s3","ena,gs.us-east1,ncbi.public,s3.us-east-1",postnatal,2019-02-18,2018-12-29T17:01:47Z,2018-11-16,2018-05-11T10:57:49Z,ERX2593580,postnatal day 70,cerebellum,SAMEA4659454,wild type genotype,University of Heidelberg,2018-12-29T17:01:47Z,2018-05-11T10:57:49Z,public,Illumina HiSeq 2500,1868sTS.Chicken.Cerebellum.10wph.Male_s,SINGLE,PolyA,TRANSCRIPTOMIC,cerebellum,Gallus gallus,ILLUMINA,2019-02-19T00:00:00Z,2022-07-26T05:49:00Z,2,SAMEA4659454,E-MTAB-6769:1868sTS.Chicken.Cerebellum.10wph.Male,Gallus gallus,male,ERP108704,Red Junglefowl,E-MTAB-6769:1868sTS.Chicken.Cerebellum.10wph.Male
ERR2576588,70,RNA-Seq,101,4512138943,PRJEB26695,SAMEA4659455,ArrayExpress,3002492723,Lausanne Genomics Technology Facility,chicken,public,"fastq,run.zq,sra","ena,gs,ncbi,s3","ena,gs.us-east1,ncbi.public,s3.us-east-1",postnatal,2019-02-18,2018-12-29T17:01:47Z,2018-11-16,2018-05-11T10:57:49Z,ERX2593581,postnatal day 70,heart,SAMEA4659455,wild type genotype,University of Heidelberg,2018-12-29T17:01:47Z,2018-05-11T10:57:49Z,public,Illumina HiSeq 2500,1771sTS.Chicken.Heart.10wph.Male_s,SINGLE,PolyA,TRANSCRIPTOMIC,heart,Gallus gallus,ILLUMINA,2019-02-19T00:00:00Z,2022-07-15T21:49:00Z,2,SAMEA4659455,E-MTAB-6769:1771sTS.Chicken.Heart.10wph.Male,Gallus gallus,male,ERP108704,Red Junglefowl,E-MTAB-6769:1771sTS.Chicken.Heart.10wph.Male
ERR2576589,70,RNA-Seq,101,2635391485,PRJEB26695,SAMEA4659456,ArrayExpress,1694171489,Lausanne Genomics Technology Facility,chicken,public,"fastq,run.zq,sra","ena,gs,ncbi,s3","ena,gs.us-east1,ncbi.public,s3.us-east-1",postnatal,2019-02-18,2018-12-29T17:01:47Z,2018-11-16,2018-05-11T10:57:49Z,ERX2593582,postnatal day 70,heart,SAMEA4659456,wild type genotype,University of Heidelberg,2018-12-29T17:01:47Z,2018-05-11T10:57:49Z,public,Illumina HiSeq 2500,2455sTS.Chicken.Heart.10wph.Male_s,SINGLE,PolyA,TRANSCRIPTOMIC,heart,Gallus gallus,ILLUMINA,2019-02-19T00:00:00Z,2022-07-26T05:50:00Z,2,SAMEA4659456,E-MTAB-6769:2455sTS.Chicken.Heart.10wph.Male,Gallus gallus,male,ERP108704,Red Junglefowl,E-MTAB-6769:2455sTS.Chicken.Heart.10wph.Male
ERR2576590,70,RNA-Seq,101,3230994040,PRJEB26695,SAMEA4659457,ArrayExpress,2136295087,Lausanne Genomics Technology Facility,chicken,public,"fastq,run.zq,sra","ena,gs,ncbi,s3","ena,gs.us-east1,ncbi.public,s3.us-east-1",postnatal,2019-02-18,2018-12-29T17:01:47Z,2018-11-16,2018-05-11T10:57:49Z,ERX2593583,postnatal day 70,kidney,SAMEA4659457,wild type genotype,University of Heidelberg,2018-12-29T17:01:47Z,2018-05-11T10:57:49Z,public,Illumina HiSeq 2500,1772sTS.Chicken.Kidney.10wph.Male_s,SINGLE,PolyA,TRANSCRIPTOMIC,kidney,Gallus gallus,ILLUMINA,2019-02-19T00:00:00Z,2021-10-25T01:56:00Z,2,SAMEA4659457,E-MTAB-6769:1772sTS.Chicken.Kidney.10wph.Male,Gallus gallus,male,ERP108704,Red Junglefowl,E-MTAB-6769:1772sTS.Chicken.Kidney.10wph.Male
ERR2576591,70,RNA-Seq,101,4388697652,PRJEB26695,SAMEA4659458,ArrayExpress,2812425148,Lausanne Genomics Technology Facility,chicken,public,"fastq,run.zq,sra","ena,gs,ncbi,s3","ena,gs.us-east1,ncbi.public,s3.us-east-1",postnatal,2019-02-18,2018-12-29T17:01:47Z,2018-11-16,2018-05-11T10:57:49Z,ERX2593584,postnatal day 70,kidney,SAMEA4659458,wild type genotype,University of Heidelberg,2018-12-29T17:01:47Z,2018-05-11T10:57:49Z,public,Illumina HiSeq 2500,2456sTS.Chicken.Kidney.10wph.Male_s,SINGLE,PolyA,TRANSCRIPTOMIC,kidney,Gallus gallus,ILLUMINA,2019-02-19T00:00:00Z,2021-10-25T02:08:00Z,2,SAMEA4659458,E-MTAB-6769:2456sTS.Chicken.Kidney.10wph.Male,Gallus gallus,male,ERP108704,Red Junglefowl,E-MTAB-6769:2456sTS.Chicken.Kidney.10wph.Male
ERR2576592,70,RNA-Seq,101,5403182254,PRJEB26695,SAMEA4659459,ArrayExpress,3581800477,Lausanne Genomics Technology Facility,chicken,public,"fastq,run.zq,sra","ena,gs,ncbi,s3","ena,gs.us-east1,ncbi.public,s3.us-east-1",postnatal,2019-02-18,2018-12-29T17:01:47Z,2018-11-16,2018-05-11T10:57:49Z,ERX2593585,postnatal day 70,liver,SAMEA4659459,wild type genotype,University of Heidelberg,2018-12-29T17:01:47Z,2018-05-11T10:57:49Z,public,Illumina HiSeq 2500,1774sTS.Chicken.Liver.10wph.Male_s,SINGLE,PolyA,TRANSCRIPTOMIC,liver,Gallus gallus,ILLUMINA,2019-02-19T00:00:00Z,2022-07-18T16:35:00Z,2,SAMEA4659459,E-MTAB-6769:1774sTS.Chicken.Liver.10wph.Male,Gallus gallus,male,ERP108704,Red Junglefowl,E-MTAB-6769:1774sTS.Chicken.Liver.10wph.Male
ERR2576593,70,RNA-Seq,101,2215117355,PRJEB26695,SAMEA4659460,ArrayExpress,1352940649,Lausanne Genomics Technology Facility,chicken,public,"fastq,run.zq,sra","ena,gs,ncbi,s3","ena,gs.us-east1,ncbi.public,s3.us-east-1",postnatal,2019-02-18,2018-12-29T17:01:47Z,2018-11-16,2018-05-11T10:57:49Z,ERX2593586,postnatal day 70,liver,SAMEA4659460,wild type genotype,University of Heidelberg,2018-12-29T17:01:47Z,2018-05-11T10:57:49Z,public,Illumina HiSeq 2500,1872sTS.Chicken.Liver.10wph.Male_s,SINGLE,PolyA,TRANSCRIPTOMIC,liver,Gallus gallus,ILLUMINA,2019-02-19T00:00:00Z,2021-10-25T01:18:00Z,2,SAMEA4659460,E-MTAB-6769:1872sTS.Chicken.Liver.10wph.Male,Gallus gallus,male,ERP108704,Red Junglefowl,E-MTAB-6769:1872sTS.Chicken.Liver.10wph.Male
ERR2576594,70,RNA-Seq,101,2848878922,PRJEB26695,SAMEA4659461,ArrayExpress,1812168325,Lausanne Genomics Technology Facility,chicken,public,"fastq,run.zq,sra","ena,gs,ncbi,s3","ena,gs.us-east1,ncbi.public,s3.us-east-1",postnatal,2019-02-18,2018-12-29T17:01:47Z,2018-11-16,2018-05-11T10:57:49Z,ERX2593587,postnatal day 70,testis,SAMEA4659461,wild type genotype,University of Heidelberg,2018-12-29T17:01:47Z,2018-05-11T10:57:49Z,public,Illumina HiSeq 2500,1773sTS.Chicken.Testis.10wph.Male_s,SINGLE,PolyA,TRANSCRIPTOMIC,testis,Gallus gallus,ILLUMINA,2019-02-19T00:00:00Z,2022-07-29T14:58:00Z,2,SAMEA4659461,E-MTAB-6769:1773sTS.Chicken.Testis.10wph.Male,Gallus gallus,male,ERP108704,Red Junglefowl,E-MTAB-6769:1773sTS.Chicken.Testis.10wph.Male
ERR2576595,70,RNA-Seq,101,2733679837,PRJEB26695,SAMEA4659462,ArrayExpress,1740765388,Lausanne Genomics Technology Facility,chicken,public,"fastq,run.zq,sra","ena,gs,ncbi,s3","ena,gs.us-east1,ncbi.public,s3.us-east-1",postnatal,2019-02-18,2018-12-29T17:01:47Z,2018-11-16,2018-05-11T10:57:49Z,ERX2593588,postnatal day 70,testis,SAMEA4659462,wild type genotype,University of Heidelberg,2018-12-29T17:01:47Z,2018-05-11T10:57:49Z,public,Illumina HiSeq 2500,1782sTS.Chicken.Testis.10wph.Male_s,SINGLE,PolyA,TRANSCRIPTOMIC,testis,Gallus gallus,ILLUMINA,2019-02-19T00:00:00Z,2022-07-19T01:04:00Z,2,SAMEA4659462,E-MTAB-6769:1782sTS.Chicken.Testis.10wph.Male,Gallus gallus,male,ERP108704,Red Junglefowl,E-MTAB-6769:1782sTS.Chicken.Testis.10wph.Male
