Run,AGE,Assay Type,AvgSpotLen,Bases,BioProject,BioSample,Broker_name,Bytes,Center Name,common_name,Consent,DATASTORE filetype,DATASTORE provider,DATASTORE region,Developmental_stage,disease,ENA-FIRST-PUBLIC (run),ENA-FIRST-PUBLIC,ENA-LAST-UPDATE (run),ENA-LAST-UPDATE,Experiment,Experimental_Factor:_developmental_stage (exp),Experimental_Factor:_organism_part (exp),Experimental_Factor:_sex (exp),external_id,INSDC_center_name,INSDC_first_public,INSDC_last_update,INSDC_status,Instrument,Library Name,LibraryLayout,LibrarySelection,LibrarySource,Organism_part,Organism,Platform,ReleaseDate,create_date,version,Sample Name,Sample_name,Scientific_Name,sex,SRA Study,Submitter_Id
ERR2598051,10,RNA-Seq,101,3631065948,PRJEB26969,SAMEA4689973,ArrayExpress,1296132818,Lausanne Genomics Technology Facility,human,public,"fastq,run.zq,sra","ena,gs,ncbi,s3","ena,gs.us-east1,ncbi.public,s3.us-east-1","10 week post conception,late embryo",normal,2019-02-18,2018-12-30T17:01:52Z,2018-11-16,2018-05-25T13:50:09Z,ERX2614332,10 week post conception,forebrain,female,SAMEA4689973,University of Heidelberg,2018-12-30T17:01:52Z,2018-05-25T13:50:09Z,public,Illumina HiSeq 2500,5664sTS.Human.Forebrain.10w.Female_s,SINGLE,PolyA,TRANSCRIPTOMIC,forebrain,Homo sapiens,ILLUMINA,2019-02-19T00:00:00Z,2021-10-24T06:58:00Z,2,SAMEA4689973,E-MTAB-6814:5664sTS.Human.Forebrain.10w.Female,Homo sapiens,female,ERP109002,E-MTAB-6814:5664sTS.Human.Forebrain.10w.Female
ERR2598052,10,RNA-Seq,101,3770852372,PRJEB26969,SAMEA4689974,ArrayExpress,2538406161,Lausanne Genomics Technology Facility,human,public,"fastq,run.zq,sra","ena,gs,ncbi,s3","ena,gs.us-east1,ncbi.public,s3.us-east-1","10 week post conception,late embryo",normal,2019-02-18,2018-12-30T17:01:52Z,2018-11-16,2018-05-25T13:50:09Z,ERX2614333,10 week post conception,heart,male,SAMEA4689974,University of Heidelberg,2018-12-30T17:01:52Z,2018-05-25T13:50:09Z,public,Illumina HiSeq 2500,2024sTSb.Human.Heart.10w.Male_s,SINGLE,PolyA,TRANSCRIPTOMIC,heart,Homo sapiens,ILLUMINA,2019-02-19T00:00:00Z,2022-07-26T06:05:00Z,2,SAMEA4689974,E-MTAB-6814:2024sTSb.Human.Heart.10w.Male,Homo sapiens,male,ERP109002,E-MTAB-6814:2024sTSb.Human.Heart.10w.Male
ERR2598053,10,RNA-Seq,101,3106951294,PRJEB26969,SAMEA4689975,ArrayExpress,1110823163,Lausanne Genomics Technology Facility,human,public,"fastq,run.zq,sra","ena,gs,ncbi,s3","ena,gs.us-east1,ncbi.public,s3.us-east-1","10 week post conception,late embryo",normal,2019-02-18,2018-12-30T17:01:52Z,2018-11-16,2018-05-25T13:50:09Z,ERX2614334,10 week post conception,heart,female,SAMEA4689975,University of Heidelberg,2018-12-30T17:01:52Z,2018-05-25T13:50:09Z,public,Illumina HiSeq 2500,2092sTS.Human.Heart.10w.Female_s,SINGLE,PolyA,TRANSCRIPTOMIC,heart,Homo sapiens,ILLUMINA,2019-02-19T00:00:00Z,2021-10-24T06:45:00Z,2,SAMEA4689975,E-MTAB-6814:2092sTS.Human.Heart.10w.Female,Homo sapiens,female,ERP109002,E-MTAB-6814:2092sTS.Human.Heart.10w.Female
ERR2598054,10,RNA-Seq,101,2752955889,PRJEB26969,SAMEA4689976,ArrayExpress,1114578339,Lausanne Genomics Technology Facility,human,public,"fastq,run.zq,sra","ena,gs,ncbi,s3","ena,gs.us-east1,ncbi.public,s3.us-east-1","10 week post conception,late embryo",normal,2019-02-18,2018-12-30T17:01:52Z,2018-11-16,2018-05-25T13:50:09Z,ERX2614335,10 week post conception,heart,male,SAMEA4689976,University of Heidelberg,2018-12-30T17:01:52Z,2018-05-25T13:50:09Z,public,Illumina HiSeq 2500,3777sTS.Human.Heart.10w.Male_s,SINGLE,PolyA,TRANSCRIPTOMIC,heart,Homo sapiens,ILLUMINA,2019-02-19T00:00:00Z,2022-07-14T10:03:00Z,2,SAMEA4689976,E-MTAB-6814:3777sTS.Human.Heart.10w.Male,Homo sapiens,male,ERP109002,E-MTAB-6814:3777sTS.Human.Heart.10w.Male
ERR2598055,10,RNA-Seq,101,2968368386,PRJEB26969,SAMEA4689977,ArrayExpress,1038932542,Lausanne Genomics Technology Facility,human,public,"fastq,run.zq,sra","ena,gs,ncbi,s3","ena,gs.us-east1,ncbi.public,s3.us-east-1","10 week post conception,late embryo",normal,2019-02-18,2018-12-30T17:01:52Z,2018-11-16,2018-05-25T13:50:09Z,ERX2614336,10 week post conception,heart,female,SAMEA4689977,University of Heidelberg,2018-12-30T17:01:52Z,2018-05-25T13:50:09Z,public,Illumina HiSeq 2500,5679sTS.Human.Heart.10w.Female_s,SINGLE,PolyA,TRANSCRIPTOMIC,heart,Homo sapiens,ILLUMINA,2019-02-19T00:00:00Z,2022-07-13T19:15:00Z,2,SAMEA4689977,E-MTAB-6814:5679sTS.Human.Heart.10w.Female,Homo sapiens,female,ERP109002,E-MTAB-6814:5679sTS.Human.Heart.10w.Female
ERR2598056,10,RNA-Seq,101,4663687827,PRJEB26969,SAMEA4689978,ArrayExpress,1859963913,Lausanne Genomics Technology Facility,human,public,"fastq,run.zq,sra","ena,gs,ncbi,s3","ena,gs.us-east1,ncbi.public,s3.us-east-1","10 week post conception,late embryo",normal,2019-02-18,2018-12-30T17:01:52Z,2018-11-16,2018-05-25T13:50:09Z,ERX2614337,10 week post conception,hindbrain,male,SAMEA4689978,University of Heidelberg,2018-12-30T17:01:52Z,2018-05-25T13:50:09Z,public,Illumina HiSeq 2500,3653sTS.Human.Hindbrain.10w.Male_s,SINGLE,PolyA,TRANSCRIPTOMIC,hindbrain,Homo sapiens,ILLUMINA,2019-02-19T00:00:00Z,2022-07-26T06:08:00Z,2,SAMEA4689978,E-MTAB-6814:3653sTS.Human.Hindbrain.10w.Male,Homo sapiens,male,ERP109002,E-MTAB-6814:3653sTS.Human.Hindbrain.10w.Male
ERR2598057,10,RNA-Seq,101,4148057678,PRJEB26969,SAMEA4689979,ArrayExpress,1629744390,Lausanne Genomics Technology Facility,human,public,"fastq,run.zq,sra","ena,gs,ncbi,s3","ena,gs.us-east1,ncbi.public,s3.us-east-1","10 week post conception,late embryo",normal,2019-02-18,2018-12-30T17:01:52Z,2018-11-16,2018-05-25T13:50:09Z,ERX2614338,10 week post conception,hindbrain,female,SAMEA4689979,University of Heidelberg,2018-12-30T17:01:52Z,2018-05-25T13:50:09Z,public,Illumina HiSeq 2500,5743sTS.Human.Hindbrain.10w.Female_s,SINGLE,PolyA,TRANSCRIPTOMIC,hindbrain,Homo sapiens,ILLUMINA,2019-02-19T00:00:00Z,2022-07-15T18:17:00Z,2,SAMEA4689979,E-MTAB-6814:5743sTS.Human.Hindbrain.10w.Female,Homo sapiens,female,ERP109002,E-MTAB-6814:5743sTS.Human.Hindbrain.10w.Female
ERR2598058,10,RNA-Seq,101,4287993784,PRJEB26969,SAMEA4689980,ArrayExpress,1551665609,Lausanne Genomics Technology Facility,human,public,"fastq,run.zq,sra","ena,gs,ncbi,s3","ena,gs.us-east1,ncbi.public,s3.us-east-1","10 week post conception,late embryo",normal,2019-02-18,2018-12-30T17:01:52Z,2018-11-16,2018-05-25T13:50:09Z,ERX2614339,10 week post conception,kidney,female,SAMEA4689980,University of Heidelberg,2018-12-30T17:01:52Z,2018-05-25T13:50:09Z,public,Illumina HiSeq 2500,5646sTS.Human.Kidney.10w.Female_s,SINGLE,PolyA,TRANSCRIPTOMIC,kidney,Homo sapiens,ILLUMINA,2019-02-19T00:00:00Z,2022-07-17T19:34:00Z,2,SAMEA4689980,E-MTAB-6814:5646sTS.Human.Kidney.10w.Female,Homo sapiens,female,ERP109002,E-MTAB-6814:5646sTS.Human.Kidney.10w.Female
ERR2598059,10,RNA-Seq,101,3590194480,PRJEB26969,SAMEA4689981,ArrayExpress,1308322197,Lausanne Genomics Technology Facility,human,public,"fastq,run.zq,sra","ena,gs,ncbi,s3","ena,gs.us-east1,ncbi.public,s3.us-east-1","10 week post conception,late embryo",normal,2019-02-18,2018-12-30T17:01:52Z,2018-11-16,2018-05-25T13:50:09Z,ERX2614340,10 week post conception,kidney,female,SAMEA4689981,University of Heidelberg,2018-12-30T17:01:52Z,2018-05-25T13:50:09Z,public,Illumina HiSeq 2500,5709sTS.Human.Kidney.10w.Female_s,SINGLE,PolyA,TRANSCRIPTOMIC,kidney,Homo sapiens,ILLUMINA,2019-02-19T00:00:00Z,2022-07-26T06:04:00Z,2,SAMEA4689981,E-MTAB-6814:5709sTS.Human.Kidney.10w.Female,Homo sapiens,female,ERP109002,E-MTAB-6814:5709sTS.Human.Kidney.10w.Female
ERR2598060,10,RNA-Seq,101,2187374574,PRJEB26969,SAMEA4689982,ArrayExpress,830972090,Lausanne Genomics Technology Facility,human,public,"fastq,run.zq,sra","ena,gs,ncbi,s3","ena,gs.us-east1,ncbi.public,s3.us-east-1","10 week post conception,late embryo",normal,2019-02-18,2018-12-30T17:01:52Z,2018-11-16,2018-05-25T13:50:09Z,ERX2614341,10 week post conception,kidney,female,SAMEA4689982,University of Heidelberg,2018-12-30T17:01:52Z,2018-05-25T13:50:09Z,public,Illumina HiSeq 2500,5930sTS.Human.Kidney.10w.Female_s,SINGLE,PolyA,TRANSCRIPTOMIC,kidney,Homo sapiens,ILLUMINA,2019-02-19T00:00:00Z,2022-07-15T21:43:00Z,2,SAMEA4689982,E-MTAB-6814:5930sTS.Human.Kidney.10w.Female,Homo sapiens,female,ERP109002,E-MTAB-6814:5930sTS.Human.Kidney.10w.Female
ERR2598061,10,RNA-Seq,101,3707796961,PRJEB26969,SAMEA4689983,ArrayExpress,2565885231,Lausanne Genomics Technology Facility,human,public,"fastq,run.zq,sra","ena,gs,ncbi,s3","ena,gs.us-east1,ncbi.public,s3.us-east-1","10 week post conception,late embryo",normal,2019-02-18,2018-12-30T17:01:52Z,2018-11-16,2018-05-25T13:50:09Z,ERX2614342,10 week post conception,liver,male,SAMEA4689983,University of Heidelberg,2018-12-30T17:01:52Z,2018-05-25T13:50:09Z,public,Illumina HiSeq 2500,2025sTSb.Human.Liver.10w.Male_s,SINGLE,PolyA,TRANSCRIPTOMIC,liver,Homo sapiens,ILLUMINA,2019-02-19T00:00:00Z,2022-07-26T06:06:00Z,2,SAMEA4689983,E-MTAB-6814:2025sTSb.Human.Liver.10w.Male,Homo sapiens,male,ERP109002,E-MTAB-6814:2025sTSb.Human.Liver.10w.Male
ERR2598062,10,RNA-Seq,101,2545404424,PRJEB26969,SAMEA4689984,ArrayExpress,1575624910,Lausanne Genomics Technology Facility,human,public,"fastq,run.zq,sra","ena,gs,ncbi,s3","ena,gs.us-east1,ncbi.public,s3.us-east-1","10 week post conception,late embryo",normal,2019-02-18,2018-12-30T17:01:52Z,2018-11-16,2018-05-25T13:50:09Z,ERX2614343,10 week post conception,liver,female,SAMEA4689984,University of Heidelberg,2018-12-30T17:01:52Z,2018-05-25T13:50:09Z,public,Illumina HiSeq 2500,2094sTS.Human.Liver.10w.Female_s,SINGLE,PolyA,TRANSCRIPTOMIC,liver,Homo sapiens,ILLUMINA,2019-02-19T00:00:00Z,2021-10-24T06:59:00Z,2,SAMEA4689984,E-MTAB-6814:2094sTS.Human.Liver.10w.Female,Homo sapiens,female,ERP109002,E-MTAB-6814:2094sTS.Human.Liver.10w.Female
ERR2598063,10,RNA-Seq,101,3054068906,PRJEB26969,SAMEA4689985,ArrayExpress,1231382232,Lausanne Genomics Technology Facility,human,public,"fastq,run.zq,sra","ena,gs,ncbi,s3","ena,gs.us-east1,ncbi.public,s3.us-east-1","10 week post conception,late embryo",normal,2019-02-18,2018-12-30T17:01:52Z,2018-11-16,2018-05-25T13:50:09Z,ERX2614344,10 week post conception,liver,male,SAMEA4689985,University of Heidelberg,2018-12-30T17:01:52Z,2018-05-25T13:50:09Z,public,Illumina HiSeq 2500,3654sTS.Human.Liver.10w.Male_s,SINGLE,PolyA,TRANSCRIPTOMIC,liver,Homo sapiens,ILLUMINA,2019-02-19T00:00:00Z,2022-07-14T10:05:00Z,2,SAMEA4689985,E-MTAB-6814:3654sTS.Human.Liver.10w.Male,Homo sapiens,male,ERP109002,E-MTAB-6814:3654sTS.Human.Liver.10w.Male
ERR2598064,10,RNA-Seq,101,2513978173,PRJEB26969,SAMEA4689986,ArrayExpress,901435254,Lausanne Genomics Technology Facility,human,public,"fastq,run.zq,sra","ena,gs,ncbi,s3","ena,gs.us-east1,ncbi.public,s3.us-east-1","10 week post conception,late embryo",normal,2019-02-18,2018-12-30T17:01:52Z,2018-11-16,2018-05-25T13:50:09Z,ERX2614345,10 week post conception,liver,female,SAMEA4689986,University of Heidelberg,2018-12-30T17:01:52Z,2018-05-25T13:50:09Z,public,Illumina HiSeq 2500,5678sTS.Human.Liver.10w.Female_s,SINGLE,PolyA,TRANSCRIPTOMIC,liver,Homo sapiens,ILLUMINA,2019-02-19T00:00:00Z,2021-10-24T06:37:00Z,2,SAMEA4689986,E-MTAB-6814:5678sTS.Human.Liver.10w.Female,Homo sapiens,female,ERP109002,E-MTAB-6814:5678sTS.Human.Liver.10w.Female
ERR2598065,10,RNA-Seq,101,2685012280,PRJEB26969,SAMEA4689987,ArrayExpress,1651414363,Lausanne Genomics Technology Facility,human,public,"fastq,run.zq,sra","ena,gs,ncbi,s3","ena,gs.us-east1,ncbi.public,s3.us-east-1","10 week post conception,late embryo",normal,2019-02-18,2018-12-30T17:01:52Z,2018-11-16,2018-05-25T13:50:09Z,ERX2614346,10 week post conception,ovary,female,SAMEA4689987,University of Heidelberg,2018-12-30T17:01:52Z,2018-05-25T13:50:09Z,public,Illumina HiSeq 2500,2095sTS.Human.Ovary.10w.Female_s,SINGLE,PolyA,TRANSCRIPTOMIC,ovary,Homo sapiens,ILLUMINA,2019-02-19T00:00:00Z,2022-07-26T06:04:00Z,2,SAMEA4689987,E-MTAB-6814:2095sTS.Human.Ovary.10w.Female,Homo sapiens,female,ERP109002,E-MTAB-6814:2095sTS.Human.Ovary.10w.Female
ERR2598066,10,RNA-Seq,101,6649580430,PRJEB26969,SAMEA4689988,ArrayExpress,2427943776,Lausanne Genomics Technology Facility,human,public,"fastq,run.zq,sra","ena,gs,ncbi,s3","ena,gs.us-east1,ncbi.public,s3.us-east-1","10 week post conception,late embryo",normal,2019-02-18,2018-12-30T17:01:52Z,2018-11-16,2018-05-25T13:50:09Z,ERX2614347,10 week post conception,ovary,female,SAMEA4689988,University of Heidelberg,2018-12-30T17:01:52Z,2018-05-25T13:50:09Z,public,Illumina HiSeq 2500,5677sTS.Human.Ovary.10w.Female_s,SINGLE,PolyA,TRANSCRIPTOMIC,ovary,Homo sapiens,ILLUMINA,2019-02-19T00:00:00Z,2022-07-26T06:11:00Z,2,SAMEA4689988,E-MTAB-6814:5677sTS.Human.Ovary.10w.Female,Homo sapiens,female,ERP109002,E-MTAB-6814:5677sTS.Human.Ovary.10w.Female
ERR2598067,10,RNA-Seq,101,2794310238,PRJEB26969,SAMEA4689989,ArrayExpress,1004144492,Lausanne Genomics Technology Facility,human,public,"fastq,run.zq,sra","ena,gs,ncbi,s3","ena,gs.us-east1,ncbi.public,s3.us-east-1","10 week post conception,late embryo",normal,2019-02-18,2018-12-30T17:01:52Z,2018-11-16,2018-05-25T13:50:09Z,ERX2614348,10 week post conception,testis,male,SAMEA4689989,University of Heidelberg,2018-12-30T17:01:52Z,2018-05-25T13:50:09Z,public,Illumina HiSeq 2500,1988sTS.Human.Testis.10w.Male_s,SINGLE,PolyA,TRANSCRIPTOMIC,testis,Homo sapiens,ILLUMINA,2019-02-19T00:00:00Z,2022-07-18T22:43:00Z,2,SAMEA4689989,E-MTAB-6814:1988sTS.Human.Testis.10w.Male,Homo sapiens,male,ERP109002,E-MTAB-6814:1988sTS.Human.Testis.10w.Male
ERR2598068,10,RNA-Seq,101,4697183669,PRJEB26969,SAMEA4689990,ArrayExpress,1889068520,Lausanne Genomics Technology Facility,human,public,"fastq,run.zq,sra","ena,gs,ncbi,s3","ena,gs.us-east1,ncbi.public,s3.us-east-1","10 week post conception,late embryo",normal,2019-02-18,2018-12-30T17:01:52Z,2018-11-16,2018-05-25T13:50:09Z,ERX2614349,10 week post conception,testis,male,SAMEA4689990,University of Heidelberg,2018-12-30T17:01:52Z,2018-05-25T13:50:09Z,public,Illumina HiSeq 2500,3655sTS.Human.Testis.10w.Male_s,SINGLE,PolyA,TRANSCRIPTOMIC,testis,Homo sapiens,ILLUMINA,2019-02-19T00:00:00Z,2022-07-26T06:08:00Z,2,SAMEA4689990,E-MTAB-6814:3655sTS.Human.Testis.10w.Male,Homo sapiens,male,ERP109002,E-MTAB-6814:3655sTS.Human.Testis.10w.Male
ERR2598069,11,RNA-Seq,101,2438436738,PRJEB26969,SAMEA4689991,ArrayExpress,1429756080,Lausanne Genomics Technology Facility,human,public,"fastq,run.zq,sra","ena,gs,ncbi,s3","ena,gs.us-east1,ncbi.public,s3.us-east-1","11 week post conception,late embryo",normal,2019-02-18,2018-12-30T17:01:52Z,2018-11-16,2018-05-25T13:50:09Z,ERX2614350,11 week post conception,forebrain,male,SAMEA4689991,University of Heidelberg,2018-12-30T17:01:52Z,2018-05-25T13:50:09Z,public,Illumina HiSeq 2500,2047sTS.Human.Forebrain.11w.Male_s,SINGLE,PolyA,TRANSCRIPTOMIC,forebrain,Homo sapiens,ILLUMINA,2019-02-19T00:00:00Z,2022-07-13T12:17:00Z,2,SAMEA4689991,E-MTAB-6814:2047sTS.Human.Forebrain.11w.Male,Homo sapiens,male,ERP109002,E-MTAB-6814:2047sTS.Human.Forebrain.11w.Male
ERR2598070,11,RNA-Seq,101,2377009447,PRJEB26969,SAMEA4689992,ArrayExpress,1602129245,Lausanne Genomics Technology Facility,human,public,"fastq,run.zq,sra","ena,gs,ncbi,s3","ena,gs.us-east1,ncbi.public,s3.us-east-1","11 week post conception,late embryo",normal,2019-02-18,2018-12-30T17:01:52Z,2018-11-16,2018-05-25T13:50:09Z,ERX2614351,11 week post conception,forebrain,male,SAMEA4689992,University of Heidelberg,2018-12-30T17:01:52Z,2018-05-25T13:50:09Z,public,Illumina HiSeq 2500,2111sTS.Human.Forebrain.11w.Male_s,SINGLE,PolyA,TRANSCRIPTOMIC,forebrain,Homo sapiens,ILLUMINA,2019-02-19T00:00:00Z,2022-07-31T23:43:00Z,2,SAMEA4689992,E-MTAB-6814:2111sTS.Human.Forebrain.11w.Male,Homo sapiens,male,ERP109002,E-MTAB-6814:2111sTS.Human.Forebrain.11w.Male
ERR2598071,11,RNA-Seq,101,2150553812,PRJEB26969,SAMEA4689993,ArrayExpress,805846477,Lausanne Genomics Technology Facility,human,public,"fastq,run.zq,sra","ena,gs,ncbi,s3","ena,gs.us-east1,ncbi.public,s3.us-east-1","11 week post conception,late embryo",normal,2019-02-18,2018-12-30T17:01:52Z,2018-11-16,2018-05-25T13:50:09Z,ERX2614352,11 week post conception,forebrain,male,SAMEA4689993,University of Heidelberg,2018-12-30T17:01:52Z,2018-05-25T13:50:09Z,public,Illumina HiSeq 2500,5952sTS.Human.Forebrain.11w.Male_s,SINGLE,PolyA,TRANSCRIPTOMIC,forebrain,Homo sapiens,ILLUMINA,2019-02-19T00:00:00Z,2021-10-24T06:37:00Z,2,SAMEA4689993,E-MTAB-6814:5952sTS.Human.Forebrain.11w.Male,Homo sapiens,male,ERP109002,E-MTAB-6814:5952sTS.Human.Forebrain.11w.Male
ERR2598072,11,RNA-Seq,101,2860666733,PRJEB26969,SAMEA4689994,ArrayExpress,1069223338,Lausanne Genomics Technology Facility,human,public,"fastq,run.zq,sra","ena,gs,ncbi,s3","ena,gs.us-east1,ncbi.public,s3.us-east-1","11 week post conception,late embryo",normal,2019-02-18,2018-12-30T17:01:52Z,2018-11-16,2018-05-25T13:50:09Z,ERX2614353,11 week post conception,forebrain,female,SAMEA4689994,University of Heidelberg,2018-12-30T17:01:52Z,2018-05-25T13:50:09Z,public,Illumina HiSeq 2500,5953sTS.Human.Forebrain.11w.Female_s,SINGLE,PolyA,TRANSCRIPTOMIC,forebrain,Homo sapiens,ILLUMINA,2019-02-19T00:00:00Z,2021-10-24T06:44:00Z,2,SAMEA4689994,E-MTAB-6814:5953sTS.Human.Forebrain.11w.Female,Homo sapiens,female,ERP109002,E-MTAB-6814:5953sTS.Human.Forebrain.11w.Female
ERR2598073,11,RNA-Seq,101,3759930939,PRJEB26969,SAMEA4689995,ArrayExpress,2281204622,Lausanne Genomics Technology Facility,human,public,"fastq,run.zq,sra","ena,gs,ncbi,s3","ena,gs.us-east1,ncbi.public,s3.us-east-1","11 week post conception,late embryo",normal,2019-02-18,2018-12-30T17:01:52Z,2018-11-16,2018-05-25T13:50:09Z,ERX2614354,11 week post conception,heart,male,SAMEA4689995,University of Heidelberg,2018-12-30T17:01:52Z,2018-05-25T13:50:09Z,public,Illumina HiSeq 2500,1437sTS.Human.Heart.11w.Male_s,SINGLE,PolyA,TRANSCRIPTOMIC,heart,Homo sapiens,ILLUMINA,2019-02-19T00:00:00Z,2021-10-24T07:00:00Z,2,SAMEA4689995,E-MTAB-6814:1437sTS.Human.Heart.11w.Male,Homo sapiens,male,ERP109002,E-MTAB-6814:1437sTS.Human.Heart.11w.Male
ERR2598074,11,RNA-Seq,101,2355508466,PRJEB26969,SAMEA4689996,ArrayExpress,1389215220,Lausanne Genomics Technology Facility,human,public,"fastq,run.zq,sra","ena,gs,ncbi,s3","ena,gs.us-east1,ncbi.public,s3.us-east-1","11 week post conception,late embryo",normal,2019-02-18,2018-12-30T17:01:52Z,2018-11-16,2018-05-25T13:50:09Z,ERX2614355,11 week post conception,heart,male,SAMEA4689996,University of Heidelberg,2018-12-30T17:01:52Z,2018-05-25T13:50:09Z,public,Illumina HiSeq 2500,2044sTS.Human.Heart.11w.Male_s,SINGLE,PolyA,TRANSCRIPTOMIC,heart,Homo sapiens,ILLUMINA,2019-02-19T00:00:00Z,2022-07-17T01:55:00Z,2,SAMEA4689996,E-MTAB-6814:2044sTS.Human.Heart.11w.Male,Homo sapiens,male,ERP109002,E-MTAB-6814:2044sTS.Human.Heart.11w.Male
ERR2598075,11,RNA-Seq,101,1278417701,PRJEB26969,SAMEA4689997,ArrayExpress,870058593,Lausanne Genomics Technology Facility,human,public,"fastq,run.zq,sra","ena,gs,ncbi,s3","ena,gs.us-east1,ncbi.public,s3.us-east-1","11 week post conception,late embryo",normal,2019-02-18,2018-12-30T17:01:52Z,2018-11-16,2018-05-25T13:50:09Z,ERX2614356,11 week post conception,heart,male,SAMEA4689997,University of Heidelberg,2018-12-30T17:01:52Z,2018-05-25T13:50:09Z,public,Illumina HiSeq 2500,2113sTS.Human.Heart.11w.Male_s,SINGLE,PolyA,TRANSCRIPTOMIC,heart,Homo sapiens,ILLUMINA,2019-02-19T00:00:00Z,2021-10-24T06:33:00Z,2,SAMEA4689997,E-MTAB-6814:2113sTS.Human.Heart.11w.Male,Homo sapiens,male,ERP109002,E-MTAB-6814:2113sTS.Human.Heart.11w.Male
ERR2598076,11,RNA-Seq,101,4775592898,PRJEB26969,SAMEA4689998,ArrayExpress,1917518847,Lausanne Genomics Technology Facility,human,public,"fastq,run.zq,sra","ena,gs,ncbi,s3","ena,gs.us-east1,ncbi.public,s3.us-east-1","11 week post conception,late embryo",normal,2019-02-18,2018-12-30T17:01:52Z,2018-11-16,2018-05-25T13:50:09Z,ERX2614357,11 week post conception,heart,female,SAMEA4689998,University of Heidelberg,2018-12-30T17:01:52Z,2018-05-25T13:50:09Z,public,Illumina HiSeq 2500,3643sTS.Human.Heart.11w.Female_s,SINGLE,PolyA,TRANSCRIPTOMIC,heart,Homo sapiens,ILLUMINA,2019-02-19T00:00:00Z,2021-10-24T06:53:00Z,2,SAMEA4689998,E-MTAB-6814:3643sTS.Human.Heart.11w.Female,Homo sapiens,female,ERP109002,E-MTAB-6814:3643sTS.Human.Heart.11w.Female
ERR2598077,11,RNA-Seq,101,2636385123,PRJEB26969,SAMEA4689999,ArrayExpress,1510024571,Lausanne Genomics Technology Facility,human,public,"fastq,run.zq,sra","ena,gs,ncbi,s3","ena,gs.us-east1,ncbi.public,s3.us-east-1","11 week post conception,late embryo",normal,2019-02-18,2018-12-30T17:01:52Z,2018-11-16,2018-05-25T13:50:09Z,ERX2614358,11 week post conception,hindbrain,male,SAMEA4689999,University of Heidelberg,2018-12-30T17:01:52Z,2018-05-25T13:50:09Z,public,Illumina HiSeq 2500,2048sTSm.Human.Hindbrain.11w.Male_s,SINGLE,PolyA,TRANSCRIPTOMIC,hindbrain,Homo sapiens,ILLUMINA,2019-02-19T00:00:00Z,2022-07-14T04:51:00Z,2,SAMEA4689999,E-MTAB-6814:2048sTSm.Human.Hindbrain.11w.Male,Homo sapiens,male,ERP109002,E-MTAB-6814:2048sTSm.Human.Hindbrain.11w.Male
ERR2598078,11,RNA-Seq,101,5743963021,PRJEB26969,SAMEA4690000,ArrayExpress,3518377538,Lausanne Genomics Technology Facility,human,public,"fastq,run.zq,sra","ena,gs,ncbi,s3","ena,gs.us-east1,ncbi.public,s3.us-east-1","11 week post conception,late embryo",normal,2019-02-18,2018-12-30T17:01:52Z,2018-11-16,2018-05-25T13:50:09Z,ERX2614359,11 week post conception,hindbrain,male,SAMEA4690000,University of Heidelberg,2018-12-30T17:01:52Z,2018-05-25T13:50:09Z,public,Illumina HiSeq 2500,2096sTS.Human.Cerebellum.11w.Male_s,SINGLE,PolyA,TRANSCRIPTOMIC,hindbrain,Homo sapiens,ILLUMINA,2019-02-19T00:00:00Z,2022-07-19T15:44:00Z,2,SAMEA4690000,E-MTAB-6814:2096sTS.Human.Cerebellum.11w.Male,Homo sapiens,male,ERP109002,E-MTAB-6814:2096sTS.Human.Cerebellum.11w.Male
ERR2598079,11,RNA-Seq,101,4091674731,PRJEB26969,SAMEA4690001,ArrayExpress,1643191053,Lausanne Genomics Technology Facility,human,public,"fastq,run.zq,sra","ena,gs,ncbi,s3","ena,gs.us-east1,ncbi.public,s3.us-east-1","11 week post conception,late embryo",normal,2019-02-18,2018-12-30T17:01:52Z,2018-11-16,2018-05-25T13:50:09Z,ERX2614360,11 week post conception,hindbrain,male,SAMEA4690001,University of Heidelberg,2018-12-30T17:01:52Z,2018-05-25T13:50:09Z,public,Illumina HiSeq 2500,3668sTS.Human.Hindbrain.11w.Male_s,SINGLE,PolyA,TRANSCRIPTOMIC,hindbrain,Homo sapiens,ILLUMINA,2019-02-19T00:00:00Z,2022-07-26T06:05:00Z,2,SAMEA4690001,E-MTAB-6814:3668sTS.Human.Hindbrain.11w.Male,Homo sapiens,male,ERP109002,E-MTAB-6814:3668sTS.Human.Hindbrain.11w.Male
ERR2598080,11,RNA-Seq,101,2625325825,PRJEB26969,SAMEA4690002,ArrayExpress,931034734,Lausanne Genomics Technology Facility,human,public,"fastq,run.zq,sra","ena,gs,ncbi,s3","ena,gs.us-east1,ncbi.public,s3.us-east-1","11 week post conception,late embryo",normal,2019-02-18,2018-12-30T17:01:52Z,2018-11-16,2018-05-25T13:50:09Z,ERX2614361,11 week post conception,hindbrain,female,SAMEA4690002,University of Heidelberg,2018-12-30T17:01:52Z,2018-05-25T13:50:09Z,public,Illumina HiSeq 2500,5637sTS.Human.Hindbrain.11w.Female_s,SINGLE,PolyA,TRANSCRIPTOMIC,hindbrain,Homo sapiens,ILLUMINA,2019-02-19T00:00:00Z,2022-07-17T08:59:00Z,2,SAMEA4690002,E-MTAB-6814:5637sTS.Human.Hindbrain.11w.Female,Homo sapiens,female,ERP109002,E-MTAB-6814:5637sTS.Human.Hindbrain.11w.Female
ERR2598081,11,RNA-Seq,101,2955069009,PRJEB26969,SAMEA4690003,ArrayExpress,1779811775,Lausanne Genomics Technology Facility,human,public,"fastq,run.zq,sra","ena,gs,ncbi,s3","ena,gs.us-east1,ncbi.public,s3.us-east-1","11 week post conception,late embryo",normal,2019-02-18,2018-12-30T17:01:52Z,2018-11-16,2018-05-25T13:50:09Z,ERX2614362,11 week post conception,kidney,male,SAMEA4690003,University of Heidelberg,2018-12-30T17:01:52Z,2018-05-25T13:50:09Z,public,Illumina HiSeq 2500,1439sTS.Human.Kidney.11w.Male_s,SINGLE,PolyA,TRANSCRIPTOMIC,kidney,Homo sapiens,ILLUMINA,2019-02-19T00:00:00Z,2022-07-26T06:05:00Z,2,SAMEA4690003,E-MTAB-6814:1439sTS.Human.Kidney.11w.Male,Homo sapiens,male,ERP109002,E-MTAB-6814:1439sTS.Human.Kidney.11w.Male
ERR2598082,11,RNA-Seq,101,2732323912,PRJEB26969,SAMEA4690004,ArrayExpress,989242502,Lausanne Genomics Technology Facility,human,public,"fastq,run.zq,sra","ena,gs,ncbi,s3","ena,gs.us-east1,ncbi.public,s3.us-east-1","11 week post conception,late embryo",normal,2019-02-18,2018-12-30T17:01:52Z,2018-11-16,2018-05-25T13:50:09Z,ERX2614363,11 week post conception,kidney,female,SAMEA4690004,University of Heidelberg,2018-12-30T17:01:52Z,2018-05-25T13:50:09Z,public,Illumina HiSeq 2500,5647sTS.Human.Kidney.11w.Female_s,SINGLE,PolyA,TRANSCRIPTOMIC,kidney,Homo sapiens,ILLUMINA,2019-02-19T00:00:00Z,2021-10-24T06:41:00Z,2,SAMEA4690004,E-MTAB-6814:5647sTS.Human.Kidney.11w.Female,Homo sapiens,female,ERP109002,E-MTAB-6814:5647sTS.Human.Kidney.11w.Female
ERR2598083,11,RNA-Seq,101,3334834261,PRJEB26969,SAMEA4690005,ArrayExpress,2242525645,Lausanne Genomics Technology Facility,human,public,"fastq,run.zq,sra","ena,gs,ncbi,s3","ena,gs.us-east1,ncbi.public,s3.us-east-1","11 week post conception,late embryo",normal,2019-02-18,2018-12-30T17:01:52Z,2018-11-16,2018-05-25T13:50:09Z,ERX2614364,11 week post conception,liver,male,SAMEA4690005,University of Heidelberg,2018-12-30T17:01:52Z,2018-05-25T13:50:09Z,public,Illumina HiSeq 2500,2046sTSb.Human.Liver.11w.Male_s,SINGLE,PolyA,TRANSCRIPTOMIC,liver,Homo sapiens,ILLUMINA,2019-02-19T00:00:00Z,2022-07-15T21:46:00Z,2,SAMEA4690005,E-MTAB-6814:2046sTSb.Human.Liver.11w.Male,Homo sapiens,male,ERP109002,E-MTAB-6814:2046sTSb.Human.Liver.11w.Male
ERR2598084,11,RNA-Seq,101,1513010805,PRJEB26969,SAMEA4690006,ArrayExpress,1025079097,Lausanne Genomics Technology Facility,human,public,"fastq,run.zq,sra","ena,gs,ncbi,s3","ena,gs.us-east1,ncbi.public,s3.us-east-1","11 week post conception,late embryo",normal,2019-02-18,2018-12-30T17:01:52Z,2018-11-16,2018-05-25T13:50:09Z,ERX2614365,11 week post conception,liver,male,SAMEA4690006,University of Heidelberg,2018-12-30T17:01:52Z,2018-05-25T13:50:09Z,public,Illumina HiSeq 2500,2112sTS.Human.Liver.11w.Male_s,SINGLE,PolyA,TRANSCRIPTOMIC,liver,Homo sapiens,ILLUMINA,2019-02-19T00:00:00Z,2021-10-24T06:34:00Z,2,SAMEA4690006,E-MTAB-6814:2112sTS.Human.Liver.11w.Male,Homo sapiens,male,ERP109002,E-MTAB-6814:2112sTS.Human.Liver.11w.Male
ERR2598085,11,RNA-Seq,101,4888784709,PRJEB26969,SAMEA4690007,ArrayExpress,1799995764,Lausanne Genomics Technology Facility,human,public,"fastq,run.zq,sra","ena,gs,ncbi,s3","ena,gs.us-east1,ncbi.public,s3.us-east-1","11 week post conception,late embryo",normal,2019-02-18,2018-12-30T17:01:52Z,2018-11-16,2018-05-25T13:50:09Z,ERX2614366,11 week post conception,liver,female,SAMEA4690007,University of Heidelberg,2018-12-30T17:01:52Z,2018-05-25T13:50:09Z,public,Illumina HiSeq 2500,3779sTS.Human.Liver.11w.Female_s,SINGLE,PolyA,TRANSCRIPTOMIC,liver,Homo sapiens,ILLUMINA,2019-02-19T00:00:00Z,2021-10-24T06:53:00Z,2,SAMEA4690007,E-MTAB-6814:3779sTS.Human.Liver.11w.Female,Homo sapiens,female,ERP109002,E-MTAB-6814:3779sTS.Human.Liver.11w.Female
ERR2598086,11,RNA-Seq,101,3683285675,PRJEB26969,SAMEA4690008,ArrayExpress,1483593196,Lausanne Genomics Technology Facility,human,public,"fastq,run.zq,sra","ena,gs,ncbi,s3","ena,gs.us-east1,ncbi.public,s3.us-east-1","11 week post conception,late embryo",normal,2019-02-18,2018-12-30T17:01:52Z,2018-11-16,2018-05-25T13:50:10Z,ERX2614367,11 week post conception,ovary,female,SAMEA4690008,University of Heidelberg,2018-12-30T17:01:52Z,2018-05-25T13:50:10Z,public,Illumina HiSeq 2500,3644sTS.Human.Ovary.11w.Female_s,SINGLE,PolyA,TRANSCRIPTOMIC,ovary,Homo sapiens,ILLUMINA,2019-02-19T00:00:00Z,2022-07-18T16:22:00Z,2,SAMEA4690008,E-MTAB-6814:3644sTS.Human.Ovary.11w.Female,Homo sapiens,female,ERP109002,E-MTAB-6814:3644sTS.Human.Ovary.11w.Female
ERR2598087,11,RNA-Seq,101,3249460274,PRJEB26969,SAMEA4690009,ArrayExpress,1166323261,Lausanne Genomics Technology Facility,human,public,"fastq,run.zq,sra","ena,gs,ncbi,s3","ena,gs.us-east1,ncbi.public,s3.us-east-1","11 week post conception,late embryo",normal,2019-02-18,2018-12-30T17:01:52Z,2018-11-16,2018-05-25T13:50:10Z,ERX2614368,11 week post conception,testis,male,SAMEA4690009,University of Heidelberg,2018-12-30T17:01:52Z,2018-05-25T13:50:10Z,public,Illumina HiSeq 2500,2110sTS.Human.Testis.11w.Male_s,SINGLE,PolyA,TRANSCRIPTOMIC,testis,Homo sapiens,ILLUMINA,2019-02-19T00:00:00Z,2022-07-18T16:20:00Z,2,SAMEA4690009,E-MTAB-6814:2110sTS.Human.Testis.11w.Male,Homo sapiens,male,ERP109002,E-MTAB-6814:2110sTS.Human.Testis.11w.Male
ERR2598088,11,RNA-Seq,101,3068237287,PRJEB26969,SAMEA4690010,ArrayExpress,1166329539,Lausanne Genomics Technology Facility,human,public,"fastq,run.zq,sra","ena,gs,ncbi,s3","ena,gs.us-east1,ncbi.public,s3.us-east-1","11 week post conception,late embryo",normal,2019-02-18,2018-12-30T17:01:52Z,2018-11-16,2018-05-25T13:50:10Z,ERX2614369,11 week post conception,testis,male,SAMEA4690010,University of Heidelberg,2018-12-30T17:01:52Z,2018-05-25T13:50:10Z,public,Illumina HiSeq 2500,5934sTS.Human.Testis.11w.Male_s,SINGLE,PolyA,TRANSCRIPTOMIC,testis,Homo sapiens,ILLUMINA,2019-02-19T00:00:00Z,2021-10-24T06:51:00Z,2,SAMEA4690010,E-MTAB-6814:5934sTS.Human.Testis.11w.Male,Homo sapiens,male,ERP109002,E-MTAB-6814:5934sTS.Human.Testis.11w.Male
ERR2598089,12,RNA-Seq,101,2608627495,PRJEB26969,SAMEA4690011,ArrayExpress,953637042,Lausanne Genomics Technology Facility,human,public,"fastq,run.zq,sra","ena,gs,ncbi,s3","ena,gs.us-east1,ncbi.public,s3.us-east-1","12 week post conception,late embryo",normal,2019-02-18,2018-12-30T17:01:52Z,2018-11-16,2018-05-25T13:50:10Z,ERX2614370,12 week post conception,forebrain,male,SAMEA4690011,University of Heidelberg,2018-12-30T17:01:52Z,2018-05-25T13:50:10Z,public,Illumina HiSeq 2500,5721sTS.Human.Forebrain.12w.Male_s,SINGLE,PolyA,TRANSCRIPTOMIC,forebrain,Homo sapiens,ILLUMINA,2019-02-19T00:00:00Z,2022-07-17T10:01:00Z,2,SAMEA4690011,E-MTAB-6814:5721sTS.Human.Forebrain.12w.Male,Homo sapiens,male,ERP109002,E-MTAB-6814:5721sTS.Human.Forebrain.12w.Male
ERR2598090,12,RNA-Seq,101,1858825816,PRJEB26969,SAMEA4690012,ArrayExpress,646802382,Lausanne Genomics Technology Facility,human,public,"fastq,run.zq,sra","ena,gs,ncbi,s3","ena,gs.us-east1,ncbi.public,s3.us-east-1","12 week post conception,late embryo",normal,2019-02-18,2018-12-30T17:01:52Z,2018-11-16,2018-05-25T13:50:10Z,ERX2614371,12 week post conception,heart,female,SAMEA4690012,University of Heidelberg,2018-12-30T17:01:52Z,2018-05-25T13:50:10Z,public,Illumina HiSeq 2500,3585sTS.Human.Heart.12w.Female_s,SINGLE,PolyA,TRANSCRIPTOMIC,heart,Homo sapiens,ILLUMINA,2019-02-19T00:00:00Z,2022-07-23T00:51:00Z,2,SAMEA4690012,E-MTAB-6814:3585sTS.Human.Heart.12w.Female,Homo sapiens,female,ERP109002,E-MTAB-6814:3585sTS.Human.Heart.12w.Female
ERR2598091,12,RNA-Seq,101,4585876922,PRJEB26969,SAMEA4690013,ArrayExpress,1753847536,Lausanne Genomics Technology Facility,human,public,"fastq,run.zq,sra","ena,gs,ncbi,s3","ena,gs.us-east1,ncbi.public,s3.us-east-1","12 week post conception,late embryo",normal,2019-02-18,2018-12-30T17:01:52Z,2018-11-16,2018-05-25T13:50:10Z,ERX2614372,12 week post conception,heart,male,SAMEA4690013,University of Heidelberg,2018-12-30T17:01:52Z,2018-05-25T13:50:10Z,public,Illumina HiSeq 2500,3770sTS.Human.Heart.12w.Male_s,SINGLE,PolyA,TRANSCRIPTOMIC,heart,Homo sapiens,ILLUMINA,2019-02-19T00:00:00Z,2022-07-15T18:19:00Z,2,SAMEA4690013,E-MTAB-6814:3770sTS.Human.Heart.12w.Male,Homo sapiens,male,ERP109002,E-MTAB-6814:3770sTS.Human.Heart.12w.Male
ERR2598092,12,RNA-Seq,101,6642485483,PRJEB26969,SAMEA4690014,ArrayExpress,2554125979,Lausanne Genomics Technology Facility,human,public,"fastq,run.zq,sra","ena,gs,ncbi,s3","ena,gs.us-east1,ncbi.public,s3.us-east-1","12 week post conception,late embryo",normal,2019-02-18,2018-12-30T17:01:52Z,2018-11-16,2018-05-25T13:50:10Z,ERX2614373,12 week post conception,hindbrain,male,SAMEA4690014,University of Heidelberg,2018-12-30T17:01:52Z,2018-05-25T13:50:10Z,public,Illumina HiSeq 2500,3769sTS.Human.Hindbrain.12w.Male_s,SINGLE,PolyA,TRANSCRIPTOMIC,hindbrain,Homo sapiens,ILLUMINA,2019-02-19T00:00:00Z,2022-07-15T18:21:00Z,2,SAMEA4690014,E-MTAB-6814:3769sTS.Human.Hindbrain.12w.Male,Homo sapiens,male,ERP109002,E-MTAB-6814:3769sTS.Human.Hindbrain.12w.Male
ERR2598093,12,RNA-Seq,101,4472679253,PRJEB26969,SAMEA4690015,ArrayExpress,1533958310,Lausanne Genomics Technology Facility,human,public,"fastq,run.zq,sra","ena,gs,ncbi,s3","ena,gs.us-east1,ncbi.public,s3.us-east-1","12 week post conception,late embryo",normal,2019-02-18,2018-12-30T17:01:52Z,2018-11-16,2018-05-25T13:50:10Z,ERX2614374,12 week post conception,hindbrain,female,SAMEA4690015,University of Heidelberg,2018-12-30T17:01:52Z,2018-05-25T13:50:10Z,public,Illumina HiSeq 2500,5708sTS.Human.Hindbrain.12w.Female_s,SINGLE,PolyA,TRANSCRIPTOMIC,hindbrain,Homo sapiens,ILLUMINA,2019-02-19T00:00:00Z,2021-10-24T06:58:00Z,2,SAMEA4690015,E-MTAB-6814:5708sTS.Human.Hindbrain.12w.Female,Homo sapiens,female,ERP109002,E-MTAB-6814:5708sTS.Human.Hindbrain.12w.Female
ERR2598094,12,RNA-Seq,101,2620476209,PRJEB26969,SAMEA4690016,ArrayExpress,952897646,Lausanne Genomics Technology Facility,human,public,"fastq,run.zq,sra","ena,gs,ncbi,s3","ena,gs.us-east1,ncbi.public,s3.us-east-1","12 week post conception,late embryo",normal,2019-02-18,2018-12-30T17:01:52Z,2018-11-16,2018-05-25T13:50:10Z,ERX2614375,12 week post conception,hindbrain,male,SAMEA4690016,University of Heidelberg,2018-12-30T17:01:52Z,2018-05-25T13:50:10Z,public,Illumina HiSeq 2500,5722sTS.Human.Hindbrain.12w.Male_s,SINGLE,PolyA,TRANSCRIPTOMIC,hindbrain,Homo sapiens,ILLUMINA,2019-02-19T00:00:00Z,2022-07-13T12:17:00Z,2,SAMEA4690016,E-MTAB-6814:5722sTS.Human.Hindbrain.12w.Male,Homo sapiens,male,ERP109002,E-MTAB-6814:5722sTS.Human.Hindbrain.12w.Male
ERR2598095,12,RNA-Seq,101,2962348382,PRJEB26969,SAMEA4690017,ArrayExpress,1076590744,Lausanne Genomics Technology Facility,human,public,"fastq,run.zq,sra","ena,gs,ncbi,s3","ena,gs.us-east1,ncbi.public,s3.us-east-1","12 week post conception,late embryo",normal,2019-02-18,2018-12-30T17:01:52Z,2018-11-16,2018-05-25T13:50:10Z,ERX2614376,12 week post conception,kidney,female,SAMEA4690017,University of Heidelberg,2018-12-30T17:01:52Z,2018-05-25T13:50:10Z,public,Illumina HiSeq 2500,5648sTS.Human.Kidney.12w.Female_s,SINGLE,PolyA,TRANSCRIPTOMIC,kidney,Homo sapiens,ILLUMINA,2019-02-19T00:00:00Z,2022-07-21T22:25:00Z,2,SAMEA4690017,E-MTAB-6814:5648sTS.Human.Kidney.12w.Female,Homo sapiens,female,ERP109002,E-MTAB-6814:5648sTS.Human.Kidney.12w.Female
ERR2598096,12,RNA-Seq,101,3615622341,PRJEB26969,SAMEA4690018,ArrayExpress,1316475258,Lausanne Genomics Technology Facility,human,public,"fastq,run.zq,sra","ena,gs,ncbi,s3","ena,gs.us-east1,ncbi.public,s3.us-east-1","12 week post conception,late embryo",normal,2019-02-18,2018-12-30T17:01:52Z,2018-11-16,2018-05-25T13:50:10Z,ERX2614377,12 week post conception,kidney,male,SAMEA4690018,University of Heidelberg,2018-12-30T17:01:52Z,2018-05-25T13:50:10Z,public,Illumina HiSeq 2500,5651sTS.Human.Kidney.12w.Male_s,SINGLE,PolyA,TRANSCRIPTOMIC,kidney,Homo sapiens,ILLUMINA,2019-02-19T00:00:00Z,2021-10-24T06:58:00Z,2,SAMEA4690018,E-MTAB-6814:5651sTS.Human.Kidney.12w.Male,Homo sapiens,male,ERP109002,E-MTAB-6814:5651sTS.Human.Kidney.12w.Male
ERR2598097,12,RNA-Seq,101,3951525616,PRJEB26969,SAMEA4690019,ArrayExpress,1515951845,Lausanne Genomics Technology Facility,human,public,"fastq,run.zq,sra","ena,gs,ncbi,s3","ena,gs.us-east1,ncbi.public,s3.us-east-1","12 week post conception,late embryo",normal,2019-02-18,2018-12-30T17:01:52Z,2018-11-16,2018-05-25T13:50:10Z,ERX2614378,12 week post conception,liver,male,SAMEA4690019,University of Heidelberg,2018-12-30T17:01:52Z,2018-05-25T13:50:10Z,public,Illumina HiSeq 2500,3776sTS.Human.Liver.12w.Male_s,SINGLE,PolyA,TRANSCRIPTOMIC,liver,Homo sapiens,ILLUMINA,2019-02-19T00:00:00Z,2021-10-24T06:57:00Z,2,SAMEA4690019,E-MTAB-6814:3776sTS.Human.Liver.12w.Male,Homo sapiens,male,ERP109002,E-MTAB-6814:3776sTS.Human.Liver.12w.Male
ERR2598098,12,RNA-Seq,101,3910740301,PRJEB26969,SAMEA4690020,ArrayExpress,1523155554,Lausanne Genomics Technology Facility,human,public,"fastq,run.zq,sra","ena,gs,ncbi,s3","ena,gs.us-east1,ncbi.public,s3.us-east-1","12 week post conception,late embryo",normal,2019-02-18,2018-12-30T17:01:52Z,2018-11-16,2018-05-25T13:50:10Z,ERX2614379,12 week post conception,ovary,female,SAMEA4690020,University of Heidelberg,2018-12-30T17:01:52Z,2018-05-25T13:50:10Z,public,Illumina HiSeq 2500,3774sTS.Human.Ovary.12w.Female_s,SINGLE,PolyA,TRANSCRIPTOMIC,ovary,Homo sapiens,ILLUMINA,2019-02-19T00:00:00Z,2022-07-18T16:24:00Z,2,SAMEA4690020,E-MTAB-6814:3774sTS.Human.Ovary.12w.Female,Homo sapiens,female,ERP109002,E-MTAB-6814:3774sTS.Human.Ovary.12w.Female
ERR2598099,12,RNA-Seq,101,3016636589,PRJEB26969,SAMEA4690021,ArrayExpress,1125750501,Lausanne Genomics Technology Facility,human,public,"fastq,run.zq,sra","ena,gs,ncbi,s3","ena,gs.us-east1,ncbi.public,s3.us-east-1","12 week post conception,late embryo",normal,2019-02-18,2018-12-30T17:01:52Z,2018-11-16,2018-05-25T13:50:10Z,ERX2614380,12 week post conception,ovary,female,SAMEA4690021,University of Heidelberg,2018-12-30T17:01:52Z,2018-05-25T13:50:10Z,public,Illumina HiSeq 2500,5936sTS.Human.Ovary.12w.Female_s,SINGLE,PolyA,TRANSCRIPTOMIC,ovary,Homo sapiens,ILLUMINA,2019-02-19T00:00:00Z,2021-10-24T06:57:00Z,2,SAMEA4690021,E-MTAB-6814:5936sTS.Human.Ovary.12w.Female,Homo sapiens,female,ERP109002,E-MTAB-6814:5936sTS.Human.Ovary.12w.Female
ERR2598100,12,RNA-Seq,101,2722263807,PRJEB26969,SAMEA4690022,ArrayExpress,1063486809,Lausanne Genomics Technology Facility,human,public,"fastq,run.zq,sra","ena,gs,ncbi,s3","ena,gs.us-east1,ncbi.public,s3.us-east-1","12 week post conception,late embryo",normal,2019-02-18,2018-12-30T17:01:52Z,2018-11-16,2018-05-25T13:50:10Z,ERX2614381,12 week post conception,testis,male,SAMEA4690022,University of Heidelberg,2018-12-30T17:01:52Z,2018-05-25T13:50:10Z,public,Illumina HiSeq 2500,3775sTS.Human.Testis.12w.Male_s,SINGLE,PolyA,TRANSCRIPTOMIC,testis,Homo sapiens,ILLUMINA,2019-02-19T00:00:00Z,2022-07-14T04:51:00Z,2,SAMEA4690022,E-MTAB-6814:3775sTS.Human.Testis.12w.Male,Homo sapiens,male,ERP109002,E-MTAB-6814:3775sTS.Human.Testis.12w.Male
ERR2598101,12,RNA-Seq,101,1690255301,PRJEB26969,SAMEA4690023,ArrayExpress,600108737,Lausanne Genomics Technology Facility,human,public,"fastq,run.zq,sra","ena,gs,ncbi,s3","ena,gs.us-east1,ncbi.public,s3.us-east-1","12 week post conception,late embryo",normal,2019-02-18,2018-12-30T17:01:52Z,2018-11-16,2018-05-25T13:50:10Z,ERX2614382,12 week post conception,testis,male,SAMEA4690023,University of Heidelberg,2018-12-30T17:01:52Z,2018-05-25T13:50:10Z,public,Illumina HiSeq 2500,5935sTS.Human.Testis.12w.Male_s,SINGLE,PolyA,TRANSCRIPTOMIC,testis,Homo sapiens,ILLUMINA,2019-02-19T00:00:00Z,2022-07-19T15:35:00Z,2,SAMEA4690023,E-MTAB-6814:5935sTS.Human.Testis.12w.Male,Homo sapiens,male,ERP109002,E-MTAB-6814:5935sTS.Human.Testis.12w.Male
ERR2598102,13,RNA-Seq,101,3002415688,PRJEB26969,SAMEA4690024,ArrayExpress,1166154447,Lausanne Genomics Technology Facility,human,public,"fastq,run.zq,sra","ena,gs,ncbi,s3","ena,gs.us-east1,ncbi.public,s3.us-east-1","13 week post conception,late embryo",normal,2019-02-18,2018-12-30T17:01:52Z,2018-11-16,2018-05-25T13:50:10Z,ERX2614383,13 week post conception,forebrain,male,SAMEA4690024,University of Heidelberg,2018-12-30T17:01:52Z,2018-05-25T13:50:10Z,public,Illumina HiSeq 2500,5711sTS.Human.Forebrain.13w.Male_s,SINGLE,PolyA,TRANSCRIPTOMIC,forebrain,Homo sapiens,ILLUMINA,2019-02-19T00:00:00Z,2022-07-26T06:04:00Z,2,SAMEA4690024,E-MTAB-6814:5711sTS.Human.Forebrain.13w.Male,Homo sapiens,male,ERP109002,E-MTAB-6814:5711sTS.Human.Forebrain.13w.Male
ERR2598103,13,RNA-Seq,101,2829941927,PRJEB26969,SAMEA4690025,ArrayExpress,1077866818,Lausanne Genomics Technology Facility,human,public,"fastq,run.zq,sra","ena,gs,ncbi,s3","ena,gs.us-east1,ncbi.public,s3.us-east-1","13 week post conception,late embryo",normal,2019-02-18,2018-12-30T17:01:52Z,2018-11-16,2018-05-25T13:50:10Z,ERX2614384,13 week post conception,forebrain,male,SAMEA4690025,University of Heidelberg,2018-12-30T17:01:52Z,2018-05-25T13:50:10Z,public,Illumina HiSeq 2500,5939sTS.Human.Forebrain.13w.Male_s,SINGLE,PolyA,TRANSCRIPTOMIC,forebrain,Homo sapiens,ILLUMINA,2019-02-19T00:00:00Z,2022-07-15T21:45:00Z,2,SAMEA4690025,E-MTAB-6814:5939sTS.Human.Forebrain.13w.Male,Homo sapiens,male,ERP109002,E-MTAB-6814:5939sTS.Human.Forebrain.13w.Male
ERR2598104,13,RNA-Seq,101,3332086354,PRJEB26969,SAMEA4690026,ArrayExpress,1224906446,Lausanne Genomics Technology Facility,human,public,"fastq,run.zq,sra","ena,gs,ncbi,s3","ena,gs.us-east1,ncbi.public,s3.us-east-1","13 week post conception,late embryo",normal,2019-02-18,2018-12-30T17:01:52Z,2018-11-16,2018-05-25T13:50:10Z,ERX2614385,13 week post conception,forebrain,female,SAMEA4690026,University of Heidelberg,2018-12-30T17:01:52Z,2018-05-25T13:50:10Z,public,Illumina HiSeq 2500,5955sTS.Human.Forebrain.13w.Female_s,SINGLE,PolyA,TRANSCRIPTOMIC,forebrain,Homo sapiens,ILLUMINA,2019-02-19T00:00:00Z,2021-10-24T06:53:00Z,2,SAMEA4690026,E-MTAB-6814:5955sTS.Human.Forebrain.13w.Female,Homo sapiens,female,ERP109002,E-MTAB-6814:5955sTS.Human.Forebrain.13w.Female
ERR2598105,13,RNA-Seq,101,3007108956,PRJEB26969,SAMEA4690027,ArrayExpress,1020086178,Lausanne Genomics Technology Facility,human,public,"fastq,run.zq,sra","ena,gs,ncbi,s3","ena,gs.us-east1,ncbi.public,s3.us-east-1","13 week post conception,late embryo",normal,2019-02-18,2018-12-30T17:01:52Z,2018-11-16,2018-05-25T13:50:10Z,ERX2614386,13 week post conception,heart,male,SAMEA4690027,University of Heidelberg,2018-12-30T17:01:52Z,2018-05-25T13:50:10Z,public,Illumina HiSeq 2500,5659sTS.Human.Heart.13w.Male_s,SINGLE,PolyA,TRANSCRIPTOMIC,heart,Homo sapiens,ILLUMINA,2019-02-19T00:00:00Z,2022-07-26T06:03:00Z,2,SAMEA4690027,E-MTAB-6814:5659sTS.Human.Heart.13w.Male,Homo sapiens,male,ERP109002,E-MTAB-6814:5659sTS.Human.Heart.13w.Male
ERR2598106,13,RNA-Seq,101,2585758267,PRJEB26969,SAMEA4690028,ArrayExpress,925035219,Lausanne Genomics Technology Facility,human,public,"fastq,run.zq,sra","ena,gs,ncbi,s3","ena,gs.us-east1,ncbi.public,s3.us-east-1","13 week post conception,late embryo",normal,2019-02-18,2018-12-30T17:01:52Z,2018-11-16,2018-05-25T13:50:10Z,ERX2614387,13 week post conception,heart,male,SAMEA4690028,University of Heidelberg,2018-12-30T17:01:52Z,2018-05-25T13:50:10Z,public,Illumina HiSeq 2500,5696sTS.Human.Heart.13w.Male_s,SINGLE,PolyA,TRANSCRIPTOMIC,heart,Homo sapiens,ILLUMINA,2019-02-19T00:00:00Z,2022-07-18T16:18:00Z,2,SAMEA4690028,E-MTAB-6814:5696sTS.Human.Heart.13w.Male,Homo sapiens,male,ERP109002,E-MTAB-6814:5696sTS.Human.Heart.13w.Male
ERR2598107,13,RNA-Seq,101,2640924366,PRJEB26969,SAMEA4690029,ArrayExpress,918369575,Lausanne Genomics Technology Facility,human,public,"fastq,run.zq,sra","ena,gs,ncbi,s3","ena,gs.us-east1,ncbi.public,s3.us-east-1","13 week post conception,late embryo",normal,2019-02-18,2018-12-30T17:01:52Z,2018-11-16,2018-05-25T13:50:10Z,ERX2614388,13 week post conception,heart,male,SAMEA4690029,University of Heidelberg,2018-12-30T17:01:52Z,2018-05-25T13:50:10Z,public,Illumina HiSeq 2500,5938sTS.Human.Heart.13w.Male_s,SINGLE,PolyA,TRANSCRIPTOMIC,heart,Homo sapiens,ILLUMINA,2019-02-19T00:00:00Z,2022-07-20T19:24:00Z,2,SAMEA4690029,E-MTAB-6814:5938sTS.Human.Heart.13w.Male,Homo sapiens,male,ERP109002,E-MTAB-6814:5938sTS.Human.Heart.13w.Male
ERR2598108,13,RNA-Seq,101,1734372505,PRJEB26969,SAMEA4690030,ArrayExpress,656876262,Lausanne Genomics Technology Facility,human,public,"fastq,run.zq,sra","ena,gs,ncbi,s3","ena,gs.us-east1,ncbi.public,s3.us-east-1","13 week post conception,late embryo",normal,2019-02-18,2018-12-30T17:01:52Z,2018-11-16,2018-05-25T13:50:10Z,ERX2614389,13 week post conception,heart,female,SAMEA4690030,University of Heidelberg,2018-12-30T17:01:52Z,2018-05-25T13:50:10Z,public,Illumina HiSeq 2500,5942sTS.Human.Heart.13w.Female_s,SINGLE,PolyA,TRANSCRIPTOMIC,heart,Homo sapiens,ILLUMINA,2019-02-19T00:00:00Z,2022-07-26T06:01:00Z,2,SAMEA4690030,E-MTAB-6814:5942sTS.Human.Heart.13w.Female,Homo sapiens,female,ERP109002,E-MTAB-6814:5942sTS.Human.Heart.13w.Female
ERR2598109,13,RNA-Seq,101,3416617193,PRJEB26969,SAMEA4690031,ArrayExpress,1218966751,Lausanne Genomics Technology Facility,human,public,"fastq,run.zq,sra","ena,gs,ncbi,s3","ena,gs.us-east1,ncbi.public,s3.us-east-1","13 week post conception,late embryo",normal,2019-02-18,2018-12-30T17:01:52Z,2018-11-16,2018-05-25T13:50:10Z,ERX2614390,13 week post conception,hindbrain,male,SAMEA4690031,University of Heidelberg,2018-12-30T17:01:52Z,2018-05-25T13:50:10Z,public,Illumina HiSeq 2500,5670sTS.Human.Hindbrain.13w.Male_s,SINGLE,PolyA,TRANSCRIPTOMIC,hindbrain,Homo sapiens,ILLUMINA,2019-02-19T00:00:00Z,2022-07-14T04:53:00Z,2,SAMEA4690031,E-MTAB-6814:5670sTS.Human.Hindbrain.13w.Male,Homo sapiens,male,ERP109002,E-MTAB-6814:5670sTS.Human.Hindbrain.13w.Male
ERR2598110,13,RNA-Seq,101,2368504540,PRJEB26969,SAMEA4690032,ArrayExpress,865314049,Lausanne Genomics Technology Facility,human,public,"fastq,run.zq,sra","ena,gs,ncbi,s3","ena,gs.us-east1,ncbi.public,s3.us-east-1","13 week post conception,late embryo",normal,2019-02-18,2018-12-30T17:01:52Z,2018-11-16,2018-05-25T13:50:10Z,ERX2614391,13 week post conception,hindbrain,male,SAMEA4690032,University of Heidelberg,2018-12-30T17:01:52Z,2018-05-25T13:50:10Z,public,Illumina HiSeq 2500,5724sTS.Human.Hindbrain.13w.Male_s,SINGLE,PolyA,TRANSCRIPTOMIC,hindbrain,Homo sapiens,ILLUMINA,2019-02-19T00:00:00Z,2021-10-24T06:37:00Z,2,SAMEA4690032,E-MTAB-6814:5724sTS.Human.Hindbrain.13w.Male,Homo sapiens,male,ERP109002,E-MTAB-6814:5724sTS.Human.Hindbrain.13w.Male
ERR2598111,13,RNA-Seq,101,2183621616,PRJEB26969,SAMEA4690033,ArrayExpress,817710583,Lausanne Genomics Technology Facility,human,public,"fastq,run.zq,sra","ena,gs,ncbi,s3","ena,gs.us-east1,ncbi.public,s3.us-east-1","13 week post conception,late embryo",normal,2019-02-18,2018-12-30T17:01:52Z,2018-11-16,2018-05-25T13:50:10Z,ERX2614392,13 week post conception,hindbrain,female,SAMEA4690033,University of Heidelberg,2018-12-30T17:01:52Z,2018-05-25T13:50:10Z,public,Illumina HiSeq 2500,5943sTS.Human.Hindbrain.13w.Female_s,SINGLE,PolyA,TRANSCRIPTOMIC,hindbrain,Homo sapiens,ILLUMINA,2019-02-19T00:00:00Z,2021-10-24T06:41:00Z,2,SAMEA4690033,E-MTAB-6814:5943sTS.Human.Hindbrain.13w.Female,Homo sapiens,female,ERP109002,E-MTAB-6814:5943sTS.Human.Hindbrain.13w.Female
ERR2598112,13,RNA-Seq,101,2156082249,PRJEB26969,SAMEA4690034,ArrayExpress,732303322,Lausanne Genomics Technology Facility,human,public,"fastq,run.zq,sra","ena,gs,ncbi,s3","ena,gs.us-east1,ncbi.public,s3.us-east-1","13 week post conception,late embryo",normal,2019-02-18,2018-12-30T17:01:52Z,2018-11-16,2018-05-25T13:50:10Z,ERX2614393,13 week post conception,kidney,male,SAMEA4690034,University of Heidelberg,2018-12-30T17:01:52Z,2018-05-25T13:50:10Z,public,Illumina HiSeq 2500,5655sTS.Human.Kidney.13w.Male_s,SINGLE,PolyA,TRANSCRIPTOMIC,kidney,Homo sapiens,ILLUMINA,2019-02-19T00:00:00Z,2022-07-18T16:19:00Z,2,SAMEA4690034,E-MTAB-6814:5655sTS.Human.Kidney.13w.Male,Homo sapiens,male,ERP109002,E-MTAB-6814:5655sTS.Human.Kidney.13w.Male
ERR2598113,13,RNA-Seq,101,3784561809,PRJEB26969,SAMEA4690035,ArrayExpress,1346904709,Lausanne Genomics Technology Facility,human,public,"fastq,run.zq,sra","ena,gs,ncbi,s3","ena,gs.us-east1,ncbi.public,s3.us-east-1","13 week post conception,late embryo",normal,2019-02-18,2018-12-30T17:01:52Z,2018-11-16,2018-05-25T13:50:10Z,ERX2614394,13 week post conception,kidney,female,SAMEA4690035,University of Heidelberg,2018-12-30T17:01:52Z,2018-05-25T13:50:10Z,public,Illumina HiSeq 2500,5697sTS.Human.Kidney.13w.Female_s,SINGLE,PolyA,TRANSCRIPTOMIC,kidney,Homo sapiens,ILLUMINA,2019-02-19T00:00:00Z,2021-10-24T06:39:00Z,2,SAMEA4690035,E-MTAB-6814:5697sTS.Human.Kidney.13w.Female,Homo sapiens,female,ERP109002,E-MTAB-6814:5697sTS.Human.Kidney.13w.Female
ERR2598114,13,RNA-Seq,101,3582926318,PRJEB26969,SAMEA4690036,ArrayExpress,1303486078,Lausanne Genomics Technology Facility,human,public,"fastq,run.zq,sra","ena,gs,ncbi,s3","ena,gs.us-east1,ncbi.public,s3.us-east-1","13 week post conception,late embryo",normal,2019-02-18,2018-12-30T17:01:52Z,2018-11-16,2018-05-25T13:50:10Z,ERX2614395,13 week post conception,kidney,male,SAMEA4690036,University of Heidelberg,2018-12-30T17:01:52Z,2018-05-25T13:50:10Z,public,Illumina HiSeq 2500,5713sTS.Human.Kidney.13w.Male_s,SINGLE,PolyA,TRANSCRIPTOMIC,kidney,Homo sapiens,ILLUMINA,2019-02-19T00:00:00Z,2021-10-24T06:47:00Z,2,SAMEA4690036,E-MTAB-6814:5713sTS.Human.Kidney.13w.Male,Homo sapiens,male,ERP109002,E-MTAB-6814:5713sTS.Human.Kidney.13w.Male
ERR2598115,13,RNA-Seq,101,2419232497,PRJEB26969,SAMEA4690037,ArrayExpress,909548775,Lausanne Genomics Technology Facility,human,public,"fastq,run.zq,sra","ena,gs,ncbi,s3","ena,gs.us-east1,ncbi.public,s3.us-east-1","13 week post conception,late embryo",normal,2019-02-18,2018-12-30T17:01:52Z,2018-11-16,2018-05-25T13:50:10Z,ERX2614396,13 week post conception,liver,female,SAMEA4690037,University of Heidelberg,2018-12-30T17:01:52Z,2018-05-25T13:50:10Z,public,Illumina HiSeq 2500,5954sTS.Human.Liver.13w.Female_s,SINGLE,PolyA,TRANSCRIPTOMIC,liver,Homo sapiens,ILLUMINA,2019-02-19T00:00:00Z,2022-07-17T23:34:00Z,2,SAMEA4690037,E-MTAB-6814:5954sTS.Human.Liver.13w.Female,Homo sapiens,female,ERP109002,E-MTAB-6814:5954sTS.Human.Liver.13w.Female
ERR2598116,13,RNA-Seq,101,2366205780,PRJEB26969,SAMEA4690038,ArrayExpress,892753637,Lausanne Genomics Technology Facility,human,public,"fastq,run.zq,sra","ena,gs,ncbi,s3","ena,gs.us-east1,ncbi.public,s3.us-east-1","13 week post conception,late embryo",normal,2019-02-18,2018-12-30T17:01:52Z,2018-11-16,2018-05-25T13:50:10Z,ERX2614397,13 week post conception,ovary,female,SAMEA4690038,University of Heidelberg,2018-12-30T17:01:52Z,2018-05-25T13:50:10Z,public,Illumina HiSeq 2500,5944sTS.Human.Ovary.13w.Female_s,SINGLE,PolyA,TRANSCRIPTOMIC,ovary,Homo sapiens,ILLUMINA,2019-02-19T00:00:00Z,2021-10-24T06:42:00Z,2,SAMEA4690038,E-MTAB-6814:5944sTS.Human.Ovary.13w.Female,Homo sapiens,female,ERP109002,E-MTAB-6814:5944sTS.Human.Ovary.13w.Female
ERR2598117,13,RNA-Seq,101,2222008080,PRJEB26969,SAMEA4690039,ArrayExpress,811461616,Lausanne Genomics Technology Facility,human,public,"fastq,run.zq,sra","ena,gs,ncbi,s3","ena,gs.us-east1,ncbi.public,s3.us-east-1","13 week post conception,late embryo",normal,2019-02-18,2018-12-30T17:01:52Z,2018-11-16,2018-05-25T13:50:10Z,ERX2614398,13 week post conception,testis,male,SAMEA4690039,University of Heidelberg,2018-12-30T17:01:52Z,2018-05-25T13:50:10Z,public,Illumina HiSeq 2500,5716sTS.Human.Testis.13w.Male_s,SINGLE,PolyA,TRANSCRIPTOMIC,testis,Homo sapiens,ILLUMINA,2019-02-19T00:00:00Z,2022-07-14T06:27:00Z,2,SAMEA4690039,E-MTAB-6814:5716sTS.Human.Testis.13w.Male,Homo sapiens,male,ERP109002,E-MTAB-6814:5716sTS.Human.Testis.13w.Male
ERR2598118,13,RNA-Seq,101,3975132649,PRJEB26969,SAMEA4690040,ArrayExpress,1416205892,Lausanne Genomics Technology Facility,human,public,"fastq,run.zq,sra","ena,gs,ncbi,s3","ena,gs.us-east1,ncbi.public,s3.us-east-1","13 week post conception,late embryo",normal,2019-02-18,2018-12-30T17:01:52Z,2018-11-16,2018-05-25T13:50:10Z,ERX2614399,13 week post conception,testis,male,SAMEA4690040,University of Heidelberg,2018-12-30T17:01:52Z,2018-05-25T13:50:10Z,public,Illumina HiSeq 2500,5937sTS.Human.Testis.13w.Male_s,SINGLE,PolyA,TRANSCRIPTOMIC,testis,Homo sapiens,ILLUMINA,2019-02-19T00:00:00Z,2022-07-21T21:08:00Z,2,SAMEA4690040,E-MTAB-6814:5937sTS.Human.Testis.13w.Male,Homo sapiens,male,ERP109002,E-MTAB-6814:5937sTS.Human.Testis.13w.Male
ERR2598119,13,RNA-Seq,101,3254206264,PRJEB26969,SAMEA4690041,ArrayExpress,1244025358,Lausanne Genomics Technology Facility,human,public,"fastq,run.zq,sra","ena,gs,ncbi,s3","ena,gs.us-east1,ncbi.public,s3.us-east-1","13 week post conception,late embryo",normal,2019-02-18,2018-12-30T17:01:52Z,2018-11-16,2018-05-25T13:50:10Z,ERX2614400,13 week post conception,testis,male,SAMEA4690041,University of Heidelberg,2018-12-30T17:01:52Z,2018-05-25T13:50:10Z,public,Illumina HiSeq 2500,5940sTS.Human.Testis.13w.Male_s,SINGLE,PolyA,TRANSCRIPTOMIC,testis,Homo sapiens,ILLUMINA,2019-02-19T00:00:00Z,2021-10-24T06:53:00Z,2,SAMEA4690041,E-MTAB-6814:5940sTS.Human.Testis.13w.Male,Homo sapiens,male,ERP109002,E-MTAB-6814:5940sTS.Human.Testis.13w.Male
ERR2598120,16,RNA-Seq,101,5088517663,PRJEB26969,SAMEA4690042,ArrayExpress,1796932076,Lausanne Genomics Technology Facility,human,public,"fastq,run.zq,sra","ena,gs,ncbi,s3","ena,gs.us-east1,ncbi.public,s3.us-east-1","16 week post conception,late embryo",normal,2019-02-18,2018-12-30T17:01:52Z,2018-11-16,2018-05-25T13:50:10Z,ERX2614401,16 week post conception,forebrain,female,SAMEA4690042,University of Heidelberg,2018-12-30T17:01:52Z,2018-05-25T13:50:10Z,public,Illumina HiSeq 2500,5665sTSm.Human.Forebrain.16w.Female_s,SINGLE,PolyA,TRANSCRIPTOMIC,forebrain,Homo sapiens,ILLUMINA,2019-02-19T00:00:00Z,2022-07-14T04:56:00Z,2,SAMEA4690042,E-MTAB-6814:5665sTSm.Human.Forebrain.16w.Female,Homo sapiens,female,ERP109002,E-MTAB-6814:5665sTSm.Human.Forebrain.16w.Female
ERR2598121,16,RNA-Seq,101,2973884804,PRJEB26969,SAMEA4690043,ArrayExpress,1113299689,Lausanne Genomics Technology Facility,human,public,"fastq,run.zq,sra","ena,gs,ncbi,s3","ena,gs.us-east1,ncbi.public,s3.us-east-1","16 week post conception,late embryo",normal,2019-02-18,2018-12-30T17:01:52Z,2018-11-16,2018-05-25T13:50:10Z,ERX2614402,16 week post conception,forebrain,male,SAMEA4690043,University of Heidelberg,2018-12-30T17:01:52Z,2018-05-25T13:50:10Z,public,Illumina HiSeq 2500,5951sTS.Human.Forebrain.16w.Male_s,SINGLE,PolyA,TRANSCRIPTOMIC,forebrain,Homo sapiens,ILLUMINA,2019-02-19T00:00:00Z,2021-10-24T06:44:00Z,2,SAMEA4690043,E-MTAB-6814:5951sTS.Human.Forebrain.16w.Male,Homo sapiens,male,ERP109002,E-MTAB-6814:5951sTS.Human.Forebrain.16w.Male
ERR2598122,16,RNA-Seq,101,2078955518,PRJEB26969,SAMEA4690044,ArrayExpress,704818780,Lausanne Genomics Technology Facility,human,public,"fastq,run.zq,sra","ena,gs,ncbi,s3","ena,gs.us-east1,ncbi.public,s3.us-east-1","16 week post conception,late embryo",normal,2019-02-18,2018-12-30T17:01:52Z,2018-11-16,2018-05-25T13:50:10Z,ERX2614403,16 week post conception,heart,female,SAMEA4690044,University of Heidelberg,2018-12-30T17:01:52Z,2018-05-25T13:50:10Z,public,Illumina HiSeq 2500,5658sTS.Human.Heart.16w.Female_s,SINGLE,PolyA,TRANSCRIPTOMIC,heart,Homo sapiens,ILLUMINA,2019-02-19T00:00:00Z,2021-10-24T06:35:00Z,2,SAMEA4690044,E-MTAB-6814:5658sTS.Human.Heart.16w.Female,Homo sapiens,female,ERP109002,E-MTAB-6814:5658sTS.Human.Heart.16w.Female
ERR2598123,16,RNA-Seq,101,2737595405,PRJEB26969,SAMEA4690045,ArrayExpress,974484059,Lausanne Genomics Technology Facility,human,public,"fastq,run.zq,sra","ena,gs,ncbi,s3","ena,gs.us-east1,ncbi.public,s3.us-east-1","16 week post conception,late embryo",normal,2019-02-18,2018-12-30T17:01:52Z,2018-11-16,2018-05-25T13:50:10Z,ERX2614404,16 week post conception,heart,male,SAMEA4690045,University of Heidelberg,2018-12-30T17:01:52Z,2018-05-25T13:50:10Z,public,Illumina HiSeq 2500,5700sTS.Human.Heart.16w.Male_s,SINGLE,PolyA,TRANSCRIPTOMIC,heart,Homo sapiens,ILLUMINA,2019-02-19T00:00:00Z,2022-07-15T18:14:00Z,2,SAMEA4690045,E-MTAB-6814:5700sTS.Human.Heart.16w.Male,Homo sapiens,male,ERP109002,E-MTAB-6814:5700sTS.Human.Heart.16w.Male
ERR2598124,16,RNA-Seq,101,4006158738,PRJEB26969,SAMEA4690046,ArrayExpress,1404564697,Lausanne Genomics Technology Facility,human,public,"fastq,run.zq,sra","ena,gs,ncbi,s3","ena,gs.us-east1,ncbi.public,s3.us-east-1","16 week post conception,late embryo",normal,2019-02-18,2018-12-30T17:01:52Z,2018-11-16,2018-05-25T13:50:10Z,ERX2614405,16 week post conception,heart,male,SAMEA4690046,University of Heidelberg,2018-12-30T17:01:52Z,2018-05-25T13:50:10Z,public,Illumina HiSeq 2500,5701sTS.Human.Heart.16w.Male_s,SINGLE,PolyA,TRANSCRIPTOMIC,heart,Homo sapiens,ILLUMINA,2019-02-19T00:00:00Z,2022-07-20T01:27:00Z,2,SAMEA4690046,E-MTAB-6814:5701sTS.Human.Heart.16w.Male,Homo sapiens,male,ERP109002,E-MTAB-6814:5701sTS.Human.Heart.16w.Male
ERR2598125,16,RNA-Seq,101,3500538699,PRJEB26969,SAMEA4690047,ArrayExpress,1257108712,Lausanne Genomics Technology Facility,human,public,"fastq,run.zq,sra","ena,gs,ncbi,s3","ena,gs.us-east1,ncbi.public,s3.us-east-1","16 week post conception,late embryo",normal,2019-02-18,2018-12-30T17:01:52Z,2018-11-16,2018-05-25T13:50:10Z,ERX2614406,16 week post conception,hindbrain,female,SAMEA4690047,University of Heidelberg,2018-12-30T17:01:52Z,2018-05-25T13:50:10Z,public,Illumina HiSeq 2500,5669sTS.Human.Hindbrain.16w.Female_s,SINGLE,PolyA,TRANSCRIPTOMIC,hindbrain,Homo sapiens,ILLUMINA,2019-02-19T00:00:00Z,2022-07-26T06:05:00Z,2,SAMEA4690047,E-MTAB-6814:5669sTS.Human.Hindbrain.16w.Female,Homo sapiens,female,ERP109002,E-MTAB-6814:5669sTS.Human.Hindbrain.16w.Female
ERR2598126,16,RNA-Seq,101,4641972322,PRJEB26969,SAMEA4690048,ArrayExpress,1664662404,Lausanne Genomics Technology Facility,human,public,"fastq,run.zq,sra","ena,gs,ncbi,s3","ena,gs.us-east1,ncbi.public,s3.us-east-1","16 week post conception,late embryo",normal,2019-02-18,2018-12-30T17:01:52Z,2018-11-16,2018-05-25T13:50:10Z,ERX2614407,16 week post conception,hindbrain,male,SAMEA4690048,University of Heidelberg,2018-12-30T17:01:52Z,2018-05-25T13:50:10Z,public,Illumina HiSeq 2500,5671sTS.Human.Hindbrain.16w.Male_s,SINGLE,PolyA,TRANSCRIPTOMIC,hindbrain,Homo sapiens,ILLUMINA,2019-02-19T00:00:00Z,2022-07-29T21:02:00Z,2,SAMEA4690048,E-MTAB-6814:5671sTS.Human.Hindbrain.16w.Male,Homo sapiens,male,ERP109002,E-MTAB-6814:5671sTS.Human.Hindbrain.16w.Male
ERR2598127,16,RNA-Seq,101,2541531478,PRJEB26969,SAMEA4690049,ArrayExpress,956869578,Lausanne Genomics Technology Facility,human,public,"fastq,run.zq,sra","ena,gs,ncbi,s3","ena,gs.us-east1,ncbi.public,s3.us-east-1","16 week post conception,late embryo",normal,2019-02-18,2018-12-30T17:01:52Z,2018-11-16,2018-05-25T13:50:10Z,ERX2614408,16 week post conception,hindbrain,female,SAMEA4690049,University of Heidelberg,2018-12-30T17:01:52Z,2018-05-25T13:50:10Z,public,Illumina HiSeq 2500,5956sTS.Human.Hindbrain.16w.Female_s,SINGLE,PolyA,TRANSCRIPTOMIC,hindbrain,Homo sapiens,ILLUMINA,2019-02-19T00:00:00Z,2022-07-26T06:03:00Z,2,SAMEA4690049,E-MTAB-6814:5956sTS.Human.Hindbrain.16w.Female,Homo sapiens,female,ERP109002,E-MTAB-6814:5956sTS.Human.Hindbrain.16w.Female
ERR2598128,16,RNA-Seq,101,2558503215,PRJEB26969,SAMEA4690050,ArrayExpress,873929641,Lausanne Genomics Technology Facility,human,public,"fastq,run.zq,sra","ena,gs,ncbi,s3","ena,gs.us-east1,ncbi.public,s3.us-east-1","16 week post conception,late embryo",normal,2019-02-18,2018-12-30T17:01:52Z,2018-11-16,2018-05-25T13:50:10Z,ERX2614409,16 week post conception,kidney,female,SAMEA4690050,University of Heidelberg,2018-12-30T17:01:52Z,2018-05-25T13:50:10Z,public,Illumina HiSeq 2500,5661sTS.Human.Kidney.16w.Female_s,SINGLE,PolyA,TRANSCRIPTOMIC,kidney,Homo sapiens,ILLUMINA,2019-02-19T00:00:00Z,2021-10-24T06:40:00Z,2,SAMEA4690050,E-MTAB-6814:5661sTS.Human.Kidney.16w.Female,Homo sapiens,female,ERP109002,E-MTAB-6814:5661sTS.Human.Kidney.16w.Female
ERR2598129,16,RNA-Seq,101,2325348755,PRJEB26969,SAMEA4690051,ArrayExpress,833332907,Lausanne Genomics Technology Facility,human,public,"fastq,run.zq,sra","ena,gs,ncbi,s3","ena,gs.us-east1,ncbi.public,s3.us-east-1","16 week post conception,late embryo",normal,2019-02-18,2018-12-30T17:01:52Z,2018-11-16,2018-05-25T13:50:10Z,ERX2614410,16 week post conception,kidney,male,SAMEA4690051,University of Heidelberg,2018-12-30T17:01:52Z,2018-05-25T13:50:10Z,public,Illumina HiSeq 2500,5687sTS.Human.Kidney.16w.Male_s,SINGLE,PolyA,TRANSCRIPTOMIC,kidney,Homo sapiens,ILLUMINA,2019-02-19T00:00:00Z,2022-07-17T19:30:00Z,2,SAMEA4690051,E-MTAB-6814:5687sTS.Human.Kidney.16w.Male,Homo sapiens,male,ERP109002,E-MTAB-6814:5687sTS.Human.Kidney.16w.Male
ERR2598130,16,RNA-Seq,101,2700149150,PRJEB26969,SAMEA4690052,ArrayExpress,958676732,Lausanne Genomics Technology Facility,human,public,"fastq,run.zq,sra","ena,gs,ncbi,s3","ena,gs.us-east1,ncbi.public,s3.us-east-1","16 week post conception,late embryo",normal,2019-02-18,2018-12-30T17:01:52Z,2018-11-16,2018-05-25T13:50:10Z,ERX2614411,16 week post conception,kidney,male,SAMEA4690052,University of Heidelberg,2018-12-30T17:01:52Z,2018-05-25T13:50:10Z,public,Illumina HiSeq 2500,5698sTS.Human.Kidney.16w.Male_s,SINGLE,PolyA,TRANSCRIPTOMIC,kidney,Homo sapiens,ILLUMINA,2019-02-19T00:00:00Z,2021-10-24T06:36:00Z,2,SAMEA4690052,E-MTAB-6814:5698sTS.Human.Kidney.16w.Male,Homo sapiens,male,ERP109002,E-MTAB-6814:5698sTS.Human.Kidney.16w.Male
ERR2598131,16,RNA-Seq,101,3485503132,PRJEB26969,SAMEA4690053,ArrayExpress,1175166483,Lausanne Genomics Technology Facility,human,public,"fastq,run.zq,sra","ena,gs,ncbi,s3","ena,gs.us-east1,ncbi.public,s3.us-east-1","16 week post conception,late embryo",normal,2019-02-18,2018-12-30T17:01:52Z,2018-11-16,2018-05-25T13:50:10Z,ERX2614412,16 week post conception,liver,female,SAMEA4690053,University of Heidelberg,2018-12-30T17:01:52Z,2018-05-25T13:50:10Z,public,Illumina HiSeq 2500,5654sTS.Human.Liver.16w.Female_s,SINGLE,PolyA,TRANSCRIPTOMIC,liver,Homo sapiens,ILLUMINA,2019-02-19T00:00:00Z,2022-07-26T06:04:00Z,2,SAMEA4690053,E-MTAB-6814:5654sTS.Human.Liver.16w.Female,Homo sapiens,female,ERP109002,E-MTAB-6814:5654sTS.Human.Liver.16w.Female
ERR2598132,16,RNA-Seq,101,2304072903,PRJEB26969,SAMEA4690054,ArrayExpress,779214933,Lausanne Genomics Technology Facility,human,public,"fastq,run.zq,sra","ena,gs,ncbi,s3","ena,gs.us-east1,ncbi.public,s3.us-east-1","16 week post conception,late embryo",normal,2019-02-18,2018-12-30T17:01:52Z,2018-11-16,2018-05-25T13:50:10Z,ERX2614413,16 week post conception,liver,male,SAMEA4690054,University of Heidelberg,2018-12-30T17:01:52Z,2018-05-25T13:50:10Z,public,Illumina HiSeq 2500,5656sTS.Human.Liver.16w.Male_s,SINGLE,PolyA,TRANSCRIPTOMIC,liver,Homo sapiens,ILLUMINA,2019-02-19T00:00:00Z,2021-10-24T06:35:00Z,2,SAMEA4690054,E-MTAB-6814:5656sTS.Human.Liver.16w.Male,Homo sapiens,male,ERP109002,E-MTAB-6814:5656sTS.Human.Liver.16w.Male
ERR2598133,16,RNA-Seq,101,7601980534,PRJEB26969,SAMEA4690055,ArrayExpress,2721936582,Lausanne Genomics Technology Facility,human,public,"fastq,run.zq,sra","ena,gs,ncbi,s3","ena,gs.us-east1,ncbi.public,s3.us-east-1","16 week post conception,late embryo",normal,2019-02-18,2018-12-30T17:01:52Z,2018-11-16,2018-05-25T13:50:10Z,ERX2614414,16 week post conception,ovary,female,SAMEA4690055,University of Heidelberg,2018-12-30T17:01:52Z,2018-05-25T13:50:10Z,public,Illumina HiSeq 2500,5673sTS.Human.Ovary.16w.Female_s,SINGLE,PolyA,TRANSCRIPTOMIC,ovary,Homo sapiens,ILLUMINA,2019-02-19T00:00:00Z,2022-07-26T06:13:00Z,2,SAMEA4690055,E-MTAB-6814:5673sTS.Human.Ovary.16w.Female,Homo sapiens,female,ERP109002,E-MTAB-6814:5673sTS.Human.Ovary.16w.Female
ERR2598134,16,RNA-Seq,101,1978559599,PRJEB26969,SAMEA4690056,ArrayExpress,720231004,Lausanne Genomics Technology Facility,human,public,"fastq,run.zq,sra","ena,gs,ncbi,s3","ena,gs.us-east1,ncbi.public,s3.us-east-1","16 week post conception,late embryo",normal,2019-02-18,2018-12-30T17:01:52Z,2018-11-16,2018-05-25T13:50:10Z,ERX2614415,16 week post conception,testis,male,SAMEA4690056,University of Heidelberg,2018-12-30T17:01:52Z,2018-05-25T13:50:10Z,public,Illumina HiSeq 2500,5652sTS.Human.Testis.16w.Male_s,SINGLE,PolyA,TRANSCRIPTOMIC,testis,Homo sapiens,ILLUMINA,2019-02-19T00:00:00Z,2022-07-19T01:01:00Z,2,SAMEA4690056,E-MTAB-6814:5652sTS.Human.Testis.16w.Male,Homo sapiens,male,ERP109002,E-MTAB-6814:5652sTS.Human.Testis.16w.Male
ERR2598135,16,RNA-Seq,101,4135286733,PRJEB26969,SAMEA4690057,ArrayExpress,1484759798,Lausanne Genomics Technology Facility,human,public,"fastq,run.zq,sra","ena,gs,ncbi,s3","ena,gs.us-east1,ncbi.public,s3.us-east-1","16 week post conception,late embryo",normal,2019-02-18,2018-12-30T17:01:52Z,2018-11-16,2018-05-25T13:50:10Z,ERX2614416,16 week post conception,testis,male,SAMEA4690057,University of Heidelberg,2018-12-30T17:01:52Z,2018-05-25T13:50:10Z,public,Illumina HiSeq 2500,5694sTS.Human.Testis.16w.Male_s,SINGLE,PolyA,TRANSCRIPTOMIC,testis,Homo sapiens,ILLUMINA,2019-02-19T00:00:00Z,2022-07-18T06:40:00Z,2,SAMEA4690057,E-MTAB-6814:5694sTS.Human.Testis.16w.Male,Homo sapiens,male,ERP109002,E-MTAB-6814:5694sTS.Human.Testis.16w.Male
ERR2598136,16,RNA-Seq,101,2513622653,PRJEB26969,SAMEA4690058,ArrayExpress,935625562,Lausanne Genomics Technology Facility,human,public,"fastq,run.zq,sra","ena,gs,ncbi,s3","ena,gs.us-east1,ncbi.public,s3.us-east-1","16 week post conception,late embryo",normal,2019-02-18,2018-12-30T17:01:52Z,2018-11-16,2018-05-25T13:50:10Z,ERX2614417,16 week post conception,testis,male,SAMEA4690058,University of Heidelberg,2018-12-30T17:01:52Z,2018-05-25T13:50:10Z,public,Illumina HiSeq 2500,5946sTS.Human.Testis.16w.Male_s,SINGLE,PolyA,TRANSCRIPTOMIC,testis,Homo sapiens,ILLUMINA,2019-02-19T00:00:00Z,2022-07-26T06:03:00Z,2,SAMEA4690058,E-MTAB-6814:5946sTS.Human.Testis.16w.Male,Homo sapiens,male,ERP109002,E-MTAB-6814:5946sTS.Human.Testis.16w.Male
ERR2598137,18,RNA-Seq,101,3074332435,PRJEB26969,SAMEA4690059,ArrayExpress,1114711974,Lausanne Genomics Technology Facility,human,public,"fastq,run.zq,sra","ena,gs,ncbi,s3","ena,gs.us-east1,ncbi.public,s3.us-east-1","18 week post conception,late embryo",normal,2019-02-18,2018-12-30T17:01:52Z,2018-11-16,2018-05-25T13:50:11Z,ERX2614418,18 week post conception,forebrain,male,SAMEA4690059,University of Heidelberg,2018-12-30T17:01:52Z,2018-05-25T13:50:11Z,public,Illumina HiSeq 2500,5667sTS.Human.Forebrain.18w.Male_s,SINGLE,PolyA,TRANSCRIPTOMIC,forebrain,Homo sapiens,ILLUMINA,2019-02-19T00:00:00Z,2021-10-24T06:51:00Z,2,SAMEA4690059,E-MTAB-6814:5667sTS.Human.Forebrain.18w.Male,Homo sapiens,male,ERP109002,E-MTAB-6814:5667sTS.Human.Forebrain.18w.Male
ERR2598138,18,RNA-Seq,101,2358502106,PRJEB26969,SAMEA4690060,ArrayExpress,803359688,Lausanne Genomics Technology Facility,human,public,"fastq,run.zq,sra","ena,gs,ncbi,s3","ena,gs.us-east1,ncbi.public,s3.us-east-1","18 week post conception,late embryo",normal,2019-02-18,2018-12-30T17:01:52Z,2018-11-16,2018-05-25T13:50:11Z,ERX2614419,18 week post conception,heart,male,SAMEA4690060,University of Heidelberg,2018-12-30T17:01:52Z,2018-05-25T13:50:11Z,public,Illumina HiSeq 2500,5660sTS.Human.Heart.18w.Male_s,SINGLE,PolyA,TRANSCRIPTOMIC,heart,Homo sapiens,ILLUMINA,2019-02-19T00:00:00Z,2022-07-18T06:35:00Z,2,SAMEA4690060,E-MTAB-6814:5660sTS.Human.Heart.18w.Male,Homo sapiens,male,ERP109002,E-MTAB-6814:5660sTS.Human.Heart.18w.Male
ERR2598139,18,RNA-Seq,101,4265880844,PRJEB26969,SAMEA4690061,ArrayExpress,1525012443,Lausanne Genomics Technology Facility,human,public,"fastq,run.zq,sra","ena,gs,ncbi,s3","ena,gs.us-east1,ncbi.public,s3.us-east-1","18 week post conception,late embryo",normal,2019-02-18,2018-12-30T17:01:52Z,2018-11-16,2018-05-25T13:50:11Z,ERX2614420,18 week post conception,kidney,female,SAMEA4690061,University of Heidelberg,2018-12-30T17:01:52Z,2018-05-25T13:50:11Z,public,Illumina HiSeq 2500,5662sTS.Human.Kidney.18w.Female_s,SINGLE,PolyA,TRANSCRIPTOMIC,kidney,Homo sapiens,ILLUMINA,2019-02-19T00:00:00Z,2021-10-24T06:48:00Z,2,SAMEA4690061,E-MTAB-6814:5662sTS.Human.Kidney.18w.Female,Homo sapiens,female,ERP109002,E-MTAB-6814:5662sTS.Human.Kidney.18w.Female
ERR2598140,18,RNA-Seq,101,3029242904,PRJEB26969,SAMEA4690062,ArrayExpress,1091414411,Lausanne Genomics Technology Facility,human,public,"fastq,run.zq,sra","ena,gs,ncbi,s3","ena,gs.us-east1,ncbi.public,s3.us-east-1","18 week post conception,late embryo",normal,2019-02-18,2018-12-30T17:01:52Z,2018-11-16,2018-05-25T13:50:11Z,ERX2614421,18 week post conception,kidney,male,SAMEA4690062,University of Heidelberg,2018-12-30T17:01:52Z,2018-05-25T13:50:11Z,public,Illumina HiSeq 2500,5688sTS.Human.Kidney.18w.Male_s,SINGLE,PolyA,TRANSCRIPTOMIC,kidney,Homo sapiens,ILLUMINA,2019-02-19T00:00:00Z,2021-10-24T06:59:00Z,2,SAMEA4690062,E-MTAB-6814:5688sTS.Human.Kidney.18w.Male,Homo sapiens,male,ERP109002,E-MTAB-6814:5688sTS.Human.Kidney.18w.Male
ERR2598141,18,RNA-Seq,101,2459560686,PRJEB26969,SAMEA4690063,ArrayExpress,970347212,Lausanne Genomics Technology Facility,human,public,"fastq,run.zq,sra","ena,gs,ncbi,s3","ena,gs.us-east1,ncbi.public,s3.us-east-1","18 week post conception,late embryo",normal,2019-02-18,2018-12-30T17:01:52Z,2018-11-16,2018-05-25T13:50:11Z,ERX2614422,18 week post conception,kidney,female,SAMEA4690063,University of Heidelberg,2018-12-30T17:01:52Z,2018-05-25T13:50:11Z,public,Illumina HiSeq 2500,5957sTS.Human.Kidney.18w.Female_s,SINGLE,PolyA,TRANSCRIPTOMIC,kidney,Homo sapiens,ILLUMINA,2019-02-19T00:00:00Z,2022-07-12T19:12:00Z,2,SAMEA4690063,E-MTAB-6814:5957sTS.Human.Kidney.18w.Female,Homo sapiens,female,ERP109002,E-MTAB-6814:5957sTS.Human.Kidney.18w.Female
ERR2598142,18,RNA-Seq,101,2046711167,PRJEB26969,SAMEA4690064,ArrayExpress,737053832,Lausanne Genomics Technology Facility,human,public,"fastq,run.zq,sra","ena,gs,ncbi,s3","ena,gs.us-east1,ncbi.public,s3.us-east-1","18 week post conception,late embryo",normal,2019-02-18,2018-12-30T17:01:52Z,2018-11-16,2018-05-25T13:50:11Z,ERX2614423,18 week post conception,liver,female,SAMEA4690064,University of Heidelberg,2018-12-30T17:01:52Z,2018-05-25T13:50:11Z,public,Illumina HiSeq 2500,5641sTS.Human.Liver.18w.Female_s,SINGLE,PolyA,TRANSCRIPTOMIC,liver,Homo sapiens,ILLUMINA,2019-02-19T00:00:00Z,2022-07-26T06:03:00Z,2,SAMEA4690064,E-MTAB-6814:5641sTS.Human.Liver.18w.Female,Homo sapiens,female,ERP109002,E-MTAB-6814:5641sTS.Human.Liver.18w.Female
ERR2598143,18,RNA-Seq,101,2331344216,PRJEB26969,SAMEA4690065,ArrayExpress,790111624,Lausanne Genomics Technology Facility,human,public,"fastq,run.zq,sra","ena,gs,ncbi,s3","ena,gs.us-east1,ncbi.public,s3.us-east-1","18 week post conception,late embryo",normal,2019-02-18,2018-12-30T17:01:52Z,2018-11-16,2018-05-25T13:50:11Z,ERX2614424,18 week post conception,liver,male,SAMEA4690065,University of Heidelberg,2018-12-30T17:01:52Z,2018-05-25T13:50:11Z,public,Illumina HiSeq 2500,5657sTS.Human.Liver.18w.Male_s,SINGLE,PolyA,TRANSCRIPTOMIC,liver,Homo sapiens,ILLUMINA,2019-02-19T00:00:00Z,2022-07-19T01:02:00Z,2,SAMEA4690065,E-MTAB-6814:5657sTS.Human.Liver.18w.Male,Homo sapiens,male,ERP109002,E-MTAB-6814:5657sTS.Human.Liver.18w.Male
ERR2598144,18,RNA-Seq,101,2624165840,PRJEB26969,SAMEA4690066,ArrayExpress,896482394,Lausanne Genomics Technology Facility,human,public,"fastq,run.zq,sra","ena,gs,ncbi,s3","ena,gs.us-east1,ncbi.public,s3.us-east-1","18 week post conception,late embryo",normal,2019-02-18,2018-12-30T17:01:52Z,2018-11-16,2018-05-25T13:50:11Z,ERX2614425,18 week post conception,liver,female,SAMEA4690066,University of Heidelberg,2018-12-30T17:01:52Z,2018-05-25T13:50:11Z,public,Illumina HiSeq 2500,5948sTS.Human.Liver.18w.Female_s,SINGLE,PolyA,TRANSCRIPTOMIC,liver,Homo sapiens,ILLUMINA,2019-02-19T00:00:00Z,2022-07-17T12:07:00Z,2,SAMEA4690066,E-MTAB-6814:5948sTS.Human.Liver.18w.Female,Homo sapiens,female,ERP109002,E-MTAB-6814:5948sTS.Human.Liver.18w.Female
ERR2598145,18,RNA-Seq,101,1107555597,PRJEB26969,SAMEA4690067,ArrayExpress,402532714,Lausanne Genomics Technology Facility,human,public,"fastq,run.zq,sra","ena,gs,ncbi,s3","ena,gs.us-east1,ncbi.public,s3.us-east-1","18 week post conception,late embryo",normal,2019-02-18,2018-12-30T17:01:52Z,2018-11-16,2018-05-25T13:50:11Z,ERX2614426,18 week post conception,ovary,female,SAMEA4690067,University of Heidelberg,2018-12-30T17:01:52Z,2018-05-25T13:50:11Z,public,Illumina HiSeq 2500,5674sTS.Human.Ovary.18w.Female_s,SINGLE,PolyA,TRANSCRIPTOMIC,ovary,Homo sapiens,ILLUMINA,2019-02-19T00:00:00Z,2022-07-26T06:01:00Z,2,SAMEA4690067,E-MTAB-6814:5674sTS.Human.Ovary.18w.Female,Homo sapiens,female,ERP109002,E-MTAB-6814:5674sTS.Human.Ovary.18w.Female
ERR2598146,18,RNA-Seq,101,1675533844,PRJEB26969,SAMEA4690068,ArrayExpress,634025448,Lausanne Genomics Technology Facility,human,public,"fastq,run.zq,sra","ena,gs,ncbi,s3","ena,gs.us-east1,ncbi.public,s3.us-east-1","18 week post conception,late embryo",normal,2019-02-18,2018-12-30T17:01:52Z,2018-11-16,2018-05-25T13:50:11Z,ERX2614427,18 week post conception,ovary,female,SAMEA4690068,University of Heidelberg,2018-12-30T17:01:52Z,2018-05-25T13:50:11Z,public,Illumina HiSeq 2500,5949sTS.Human.Ovary.18w.Female_s,SINGLE,PolyA,TRANSCRIPTOMIC,ovary,Homo sapiens,ILLUMINA,2019-02-19T00:00:00Z,2021-10-24T06:33:00Z,2,SAMEA4690068,E-MTAB-6814:5949sTS.Human.Ovary.18w.Female,Homo sapiens,female,ERP109002,E-MTAB-6814:5949sTS.Human.Ovary.18w.Female
ERR2598147,18,RNA-Seq,101,2796820391,PRJEB26969,SAMEA4690069,ArrayExpress,1017158526,Lausanne Genomics Technology Facility,human,public,"fastq,run.zq,sra","ena,gs,ncbi,s3","ena,gs.us-east1,ncbi.public,s3.us-east-1","18 week post conception,late embryo",normal,2019-02-18,2018-12-30T17:01:52Z,2018-11-16,2018-05-25T13:50:11Z,ERX2614428,18 week post conception,testis,male,SAMEA4690069,University of Heidelberg,2018-12-30T17:01:52Z,2018-05-25T13:50:11Z,public,Illumina HiSeq 2500,5653sTS.Human.Testis.18w.Male_s,SINGLE,PolyA,TRANSCRIPTOMIC,testis,Homo sapiens,ILLUMINA,2019-02-19T00:00:00Z,2022-07-21T15:57:00Z,2,SAMEA4690069,E-MTAB-6814:5653sTS.Human.Testis.18w.Male,Homo sapiens,male,ERP109002,E-MTAB-6814:5653sTS.Human.Testis.18w.Male
ERR2598148,19,RNA-Seq,101,4888663206,PRJEB26969,SAMEA4690070,ArrayExpress,1757747236,Lausanne Genomics Technology Facility,human,public,"fastq,run.zq,sra","ena,gs,ncbi,s3","ena,gs.us-east1,ncbi.public,s3.us-east-1","19 week post conception,late embryo",normal,2019-02-18,2018-12-30T17:01:52Z,2018-11-16,2018-05-25T13:50:11Z,ERX2614429,19 week post conception,forebrain,male,SAMEA4690070,University of Heidelberg,2018-12-30T17:01:52Z,2018-05-25T13:50:11Z,public,Illumina HiSeq 2500,5768sTS.Human.Brain.19w.Male_s,SINGLE,PolyA,TRANSCRIPTOMIC,forebrain,Homo sapiens,ILLUMINA,2019-02-19T00:00:00Z,2022-07-26T06:08:00Z,2,SAMEA4690070,E-MTAB-6814:5768sTS.Human.Brain.19w.Male,Homo sapiens,male,ERP109002,E-MTAB-6814:5768sTS.Human.Brain.19w.Male
ERR2598149,19,RNA-Seq,101,3807532239,PRJEB26969,SAMEA4690071,ArrayExpress,1490339911,Lausanne Genomics Technology Facility,human,public,"fastq,run.zq,sra","ena,gs,ncbi,s3","ena,gs.us-east1,ncbi.public,s3.us-east-1","19 week post conception,late embryo",normal,2019-02-18,2018-12-30T17:01:52Z,2018-11-16,2018-05-25T13:50:11Z,ERX2614430,19 week post conception,forebrain,female,SAMEA4690071,University of Heidelberg,2018-12-30T17:01:52Z,2018-05-25T13:50:11Z,public,Illumina HiSeq 2500,5782sTS.Human.Brain.19w.Female_s,SINGLE,PolyA,TRANSCRIPTOMIC,forebrain,Homo sapiens,ILLUMINA,2019-02-19T00:00:00Z,2021-10-24T06:43:00Z,2,SAMEA4690071,E-MTAB-6814:5782sTS.Human.Brain.19w.Female,Homo sapiens,female,ERP109002,E-MTAB-6814:5782sTS.Human.Brain.19w.Female
ERR2598150,19,RNA-Seq,101,3063033565,PRJEB26969,SAMEA4690072,ArrayExpress,1140862674,Lausanne Genomics Technology Facility,human,public,"fastq,run.zq,sra","ena,gs,ncbi,s3","ena,gs.us-east1,ncbi.public,s3.us-east-1","19 week post conception,late embryo",normal,2019-02-18,2018-12-30T17:01:52Z,2018-11-16,2018-05-25T13:50:11Z,ERX2614431,19 week post conception,forebrain,male,SAMEA4690072,University of Heidelberg,2018-12-30T17:01:52Z,2018-05-25T13:50:11Z,public,Illumina HiSeq 2500,5960sTS.Human.Brain.19w.Male_s,SINGLE,PolyA,TRANSCRIPTOMIC,forebrain,Homo sapiens,ILLUMINA,2019-02-19T00:00:00Z,2021-10-24T06:47:00Z,2,SAMEA4690072,E-MTAB-6814:5960sTS.Human.Brain.19w.Male,Homo sapiens,male,ERP109002,E-MTAB-6814:5960sTS.Human.Brain.19w.Male
ERR2598151,20,RNA-Seq,101,1699120879,PRJEB26969,SAMEA4690073,ArrayExpress,609972065,Lausanne Genomics Technology Facility,human,public,"fastq,run.zq,sra","ena,gs,ncbi,s3","ena,gs.us-east1,ncbi.public,s3.us-east-1","19 week post conception,late embryo",normal,2019-02-18,2018-12-30T17:01:52Z,2018-11-16,2018-05-25T13:50:11Z,ERX2614432,19 week post conception,forebrain,male,SAMEA4690073,University of Heidelberg,2018-12-30T17:01:52Z,2018-05-25T13:50:11Z,public,Illumina HiSeq 2500,5668sTS.Human.Brain.20w.Male_s,SINGLE,PolyA,TRANSCRIPTOMIC,forebrain,Homo sapiens,ILLUMINA,2019-02-19T00:00:00Z,2022-07-26T06:03:00Z,2,SAMEA4690073,E-MTAB-6814:5668sTS.Human.Brain.20w.Male,Homo sapiens,male,ERP109002,E-MTAB-6814:5668sTS.Human.Brain.20w.Male
ERR2598152,20,RNA-Seq,101,4976356254,PRJEB26969,SAMEA4690074,ArrayExpress,1927525457,Lausanne Genomics Technology Facility,human,public,"fastq,run.zq,sra","ena,gs,ncbi,s3","ena,gs.us-east1,ncbi.public,s3.us-east-1","19 week post conception,late embryo",normal,2019-02-18,2018-12-30T17:01:52Z,2018-11-16,2018-05-25T13:50:11Z,ERX2614433,19 week post conception,forebrain,female,SAMEA4690074,University of Heidelberg,2018-12-30T17:01:52Z,2018-05-25T13:50:11Z,public,Illumina HiSeq 2500,5770sTS.Human.Brain.20w.Female_s,SINGLE,PolyA,TRANSCRIPTOMIC,forebrain,Homo sapiens,ILLUMINA,2019-02-19T00:00:00Z,2022-07-26T06:09:00Z,2,SAMEA4690074,E-MTAB-6814:5770sTS.Human.Brain.20w.Female,Homo sapiens,female,ERP109002,E-MTAB-6814:5770sTS.Human.Brain.20w.Female
ERR2598153,19,RNA-Seq,101,4604389818,PRJEB26969,SAMEA4690075,ArrayExpress,1747387852,Lausanne Genomics Technology Facility,human,public,"fastq,run.zq,sra","ena,gs,ncbi,s3","ena,gs.us-east1,ncbi.public,s3.us-east-1","19 week post conception,late embryo",normal,2019-02-18,2018-12-30T17:01:52Z,2018-11-16,2018-05-25T13:50:11Z,ERX2614434,19 week post conception,heart,male,SAMEA4690075,University of Heidelberg,2018-12-30T17:01:52Z,2018-05-25T13:50:11Z,public,Illumina HiSeq 2500,5777sTS.Human.Heart.19w.Male_s,SINGLE,PolyA,TRANSCRIPTOMIC,heart,Homo sapiens,ILLUMINA,2019-02-19T00:00:00Z,2021-10-24T06:58:00Z,2,SAMEA4690075,E-MTAB-6814:5777sTS.Human.Heart.19w.Male,Homo sapiens,male,ERP109002,E-MTAB-6814:5777sTS.Human.Heart.19w.Male
ERR2598154,19,RNA-Seq,101,5037342579,PRJEB26969,SAMEA4690076,ArrayExpress,1887340086,Lausanne Genomics Technology Facility,human,public,"fastq,run.zq,sra","ena,gs,ncbi,s3","ena,gs.us-east1,ncbi.public,s3.us-east-1","19 week post conception,late embryo",normal,2019-02-18,2018-12-30T17:01:52Z,2018-11-16,2018-05-25T13:50:11Z,ERX2614435,19 week post conception,heart,male,SAMEA4690076,University of Heidelberg,2018-12-30T17:01:52Z,2018-05-25T13:50:11Z,public,Illumina HiSeq 2500,5780sTS.Human.Heart.19w.Male_s,SINGLE,PolyA,TRANSCRIPTOMIC,heart,Homo sapiens,ILLUMINA,2019-02-19T00:00:00Z,2021-10-24T06:47:00Z,2,SAMEA4690076,E-MTAB-6814:5780sTS.Human.Heart.19w.Male,Homo sapiens,male,ERP109002,E-MTAB-6814:5780sTS.Human.Heart.19w.Male
ERR2598155,19,RNA-Seq,101,2566345360,PRJEB26969,SAMEA4690077,ArrayExpress,1000937883,Lausanne Genomics Technology Facility,human,public,"fastq,run.zq,sra","ena,gs,ncbi,s3","ena,gs.us-east1,ncbi.public,s3.us-east-1","19 week post conception,late embryo",normal,2019-02-18,2018-12-30T17:01:52Z,2018-11-16,2018-05-25T13:50:11Z,ERX2614436,19 week post conception,heart,female,SAMEA4690077,University of Heidelberg,2018-12-30T17:01:52Z,2018-05-25T13:50:11Z,public,Illumina HiSeq 2500,5783sTS.Human.Heart.19w.Female_s,SINGLE,PolyA,TRANSCRIPTOMIC,heart,Homo sapiens,ILLUMINA,2019-02-19T00:00:00Z,2022-07-12T16:24:00Z,2,SAMEA4690077,E-MTAB-6814:5783sTS.Human.Heart.19w.Female,Homo sapiens,female,ERP109002,E-MTAB-6814:5783sTS.Human.Heart.19w.Female
ERR2598156,19,RNA-Seq,101,5287143960,PRJEB26969,SAMEA4690078,ArrayExpress,1996835364,Lausanne Genomics Technology Facility,human,public,"fastq,run.zq,sra","ena,gs,ncbi,s3","ena,gs.us-east1,ncbi.public,s3.us-east-1","19 week post conception,late embryo",normal,2019-02-18,2018-12-30T17:01:52Z,2018-11-16,2018-05-25T13:50:11Z,ERX2614437,19 week post conception,kidney,male,SAMEA4690078,University of Heidelberg,2018-12-30T17:01:52Z,2018-05-25T13:50:11Z,public,Illumina HiSeq 2500,5779sTS.Human.Kidney.19w.Male_s,SINGLE,PolyA,TRANSCRIPTOMIC,kidney,Homo sapiens,ILLUMINA,2019-02-19T00:00:00Z,2022-07-26T06:10:00Z,2,SAMEA4690078,E-MTAB-6814:5779sTS.Human.Kidney.19w.Male,Homo sapiens,male,ERP109002,E-MTAB-6814:5779sTS.Human.Kidney.19w.Male
ERR2598157,20,RNA-Seq,101,3525558621,PRJEB26969,SAMEA4690079,ArrayExpress,1364850160,Lausanne Genomics Technology Facility,human,public,"fastq,run.zq,sra","ena,gs,ncbi,s3","ena,gs.us-east1,ncbi.public,s3.us-east-1","19 week post conception,late embryo",normal,2019-02-18,2018-12-30T17:01:52Z,2018-11-16,2018-05-25T13:50:11Z,ERX2614438,19 week post conception,kidney,female,SAMEA4690079,University of Heidelberg,2018-12-30T17:01:52Z,2018-05-25T13:50:11Z,public,Illumina HiSeq 2500,5771sTS.Human.Kidney.20w.Female_s,SINGLE,PolyA,TRANSCRIPTOMIC,kidney,Homo sapiens,ILLUMINA,2019-02-19T00:00:00Z,2021-10-24T06:57:00Z,2,SAMEA4690079,E-MTAB-6814:5771sTS.Human.Kidney.20w.Female,Homo sapiens,female,ERP109002,E-MTAB-6814:5771sTS.Human.Kidney.20w.Female
ERR2598158,20,RNA-Seq,101,3277466665,PRJEB26969,SAMEA4690080,ArrayExpress,1242050099,Lausanne Genomics Technology Facility,human,public,"fastq,run.zq,sra","ena,gs,ncbi,s3","ena,gs.us-east1,ncbi.public,s3.us-east-1","19 week post conception,late embryo",normal,2019-02-18,2018-12-30T17:01:52Z,2018-11-16,2018-05-25T13:50:11Z,ERX2614439,19 week post conception,kidney,male,SAMEA4690080,University of Heidelberg,2018-12-30T17:01:52Z,2018-05-25T13:50:11Z,public,Illumina HiSeq 2500,5775sTS.Human.Kidney.20w.Male_s,SINGLE,PolyA,TRANSCRIPTOMIC,kidney,Homo sapiens,ILLUMINA,2019-02-19T00:00:00Z,2022-07-17T19:31:00Z,2,SAMEA4690080,E-MTAB-6814:5775sTS.Human.Kidney.20w.Male,Homo sapiens,male,ERP109002,E-MTAB-6814:5775sTS.Human.Kidney.20w.Male
ERR2598159,19,RNA-Seq,101,4995631599,PRJEB26969,SAMEA4690081,ArrayExpress,1932444026,Lausanne Genomics Technology Facility,human,public,"fastq,run.zq,sra","ena,gs,ncbi,s3","ena,gs.us-east1,ncbi.public,s3.us-east-1","19 week post conception,late embryo",normal,2019-02-18,2018-12-30T17:01:52Z,2018-11-16,2018-05-25T13:50:11Z,ERX2614440,19 week post conception,liver,male,SAMEA4690081,University of Heidelberg,2018-12-30T17:01:52Z,2018-05-25T13:50:11Z,public,Illumina HiSeq 2500,5769sTS.Human.Liver.19w.Male_s,SINGLE,PolyA,TRANSCRIPTOMIC,liver,Homo sapiens,ILLUMINA,2019-02-19T00:00:00Z,2022-07-26T06:10:00Z,2,SAMEA4690081,E-MTAB-6814:5769sTS.Human.Liver.19w.Male,Homo sapiens,male,ERP109002,E-MTAB-6814:5769sTS.Human.Liver.19w.Male
ERR2598160,19,RNA-Seq,101,3206857464,PRJEB26969,SAMEA4690082,ArrayExpress,1212920851,Lausanne Genomics Technology Facility,human,public,"fastq,run.zq,sra","ena,gs,ncbi,s3","ena,gs.us-east1,ncbi.public,s3.us-east-1","19 week post conception,late embryo",normal,2019-02-18,2018-12-30T17:01:52Z,2018-11-16,2018-05-25T13:50:11Z,ERX2614441,19 week post conception,liver,female,SAMEA4690082,University of Heidelberg,2018-12-30T17:01:52Z,2018-05-25T13:50:11Z,public,Illumina HiSeq 2500,5781sTS.Human.Liver.19w.Female_s,SINGLE,PolyA,TRANSCRIPTOMIC,liver,Homo sapiens,ILLUMINA,2019-02-19T00:00:00Z,2022-07-15T21:46:00Z,2,SAMEA4690082,E-MTAB-6814:5781sTS.Human.Liver.19w.Female,Homo sapiens,female,ERP109002,E-MTAB-6814:5781sTS.Human.Liver.19w.Female
ERR2598161,20,RNA-Seq,101,2608452260,PRJEB26969,SAMEA4690083,ArrayExpress,1015139271,Lausanne Genomics Technology Facility,human,public,"fastq,run.zq,sra","ena,gs,ncbi,s3","ena,gs.us-east1,ncbi.public,s3.us-east-1","19 week post conception,late embryo",normal,2019-02-18,2018-12-30T17:01:52Z,2018-11-16,2018-05-25T13:50:11Z,ERX2614442,19 week post conception,liver,female,SAMEA4690083,University of Heidelberg,2018-12-30T17:01:52Z,2018-05-25T13:50:11Z,public,Illumina HiSeq 2500,5772sTS.Human.Liver.20w.Female_s,SINGLE,PolyA,TRANSCRIPTOMIC,liver,Homo sapiens,ILLUMINA,2019-02-19T00:00:00Z,2021-10-24T06:39:00Z,2,SAMEA4690083,E-MTAB-6814:5772sTS.Human.Liver.20w.Female,Homo sapiens,female,ERP109002,E-MTAB-6814:5772sTS.Human.Liver.20w.Female
ERR2598162,20,RNA-Seq,101,5409414560,PRJEB26969,SAMEA4690084,ArrayExpress,2091387580,Lausanne Genomics Technology Facility,human,public,"fastq,run.zq,sra","ena,gs,ncbi,s3","ena,gs.us-east1,ncbi.public,s3.us-east-1","19 week post conception,late embryo",normal,2019-02-18,2018-12-30T17:01:52Z,2018-11-16,2018-05-25T13:50:11Z,ERX2614443,19 week post conception,liver,male,SAMEA4690084,University of Heidelberg,2018-12-30T17:01:52Z,2018-05-25T13:50:11Z,public,Illumina HiSeq 2500,5773sTS.Human.Liver.20w.Male_s,SINGLE,PolyA,TRANSCRIPTOMIC,liver,Homo sapiens,ILLUMINA,2019-02-19T00:00:00Z,2022-07-26T06:13:00Z,2,SAMEA4690084,E-MTAB-6814:5773sTS.Human.Liver.20w.Male,Homo sapiens,male,ERP109002,E-MTAB-6814:5773sTS.Human.Liver.20w.Male
ERR2598163,19,RNA-Seq,101,4550903450,PRJEB26969,SAMEA4690085,ArrayExpress,1716724883,Lausanne Genomics Technology Facility,human,public,"fastq,run.zq,sra","ena,gs,ncbi,s3","ena,gs.us-east1,ncbi.public,s3.us-east-1","19 week post conception,late embryo",normal,2019-02-18,2018-12-30T17:01:52Z,2018-11-16,2018-05-25T13:50:11Z,ERX2614444,19 week post conception,testis,male,SAMEA4690085,University of Heidelberg,2018-12-30T17:01:52Z,2018-05-25T13:50:11Z,public,Illumina HiSeq 2500,5778sTS.Human.Testis.19w.Male_s,SINGLE,PolyA,TRANSCRIPTOMIC,testis,Homo sapiens,ILLUMINA,2019-02-19T00:00:00Z,2022-07-13T12:23:00Z,2,SAMEA4690085,E-MTAB-6814:5778sTS.Human.Testis.19w.Male,Homo sapiens,male,ERP109002,E-MTAB-6814:5778sTS.Human.Testis.19w.Male
ERR2598164,4,RNA-Seq,101,3093386186,PRJEB26969,SAMEA4690086,ArrayExpress,1064160192,Lausanne Genomics Technology Facility,human,public,"fastq,run.zq,sra","ena,gs,ncbi,s3","ena,gs.us-east1,ncbi.public,s3.us-east-1","4 week post conception,embryo",normal,2019-02-18,2018-12-30T17:01:52Z,2018-11-16,2018-05-25T13:50:11Z,ERX2614445,4 week post conception,forebrain,male,SAMEA4690086,University of Heidelberg,2018-12-30T17:01:52Z,2018-05-25T13:50:11Z,public,Illumina HiSeq 2500,3587sTS.Human.Forebrain.CS13.Male_s,SINGLE,PolyA,TRANSCRIPTOMIC,forebrain,Homo sapiens,ILLUMINA,2019-02-19T00:00:00Z,2021-10-24T06:37:00Z,2,SAMEA4690086,E-MTAB-6814:3587sTS.Human.Forebrain.CS13.Male,Homo sapiens,male,ERP109002,E-MTAB-6814:3587sTS.Human.Forebrain.CS13.Male
ERR2598165,4,RNA-Seq,101,2765883990,PRJEB26969,SAMEA4690087,ArrayExpress,1010465845,Lausanne Genomics Technology Facility,human,public,"fastq,run.zq,sra","ena,gs,ncbi,s3","ena,gs.us-east1,ncbi.public,s3.us-east-1","4 week post conception,embryo",normal,2019-02-18,2018-12-30T17:01:52Z,2018-11-16,2018-05-25T13:50:11Z,ERX2614446,4 week post conception,forebrain,male,SAMEA4690087,University of Heidelberg,2018-12-30T17:01:52Z,2018-05-25T13:50:11Z,public,Illumina HiSeq 2500,5624sTS.Human.Forebrain.4w.Male_s,SINGLE,PolyA,TRANSCRIPTOMIC,forebrain,Homo sapiens,ILLUMINA,2019-02-19T00:00:00Z,2021-10-24T06:43:00Z,2,SAMEA4690087,E-MTAB-6814:5624sTS.Human.Forebrain.4w.Male,Homo sapiens,male,ERP109002,E-MTAB-6814:5624sTS.Human.Forebrain.4w.Male
ERR2598166,4,RNA-Seq,101,5173179701,PRJEB26969,SAMEA4690088,ArrayExpress,1968287724,Lausanne Genomics Technology Facility,human,public,"fastq,run.zq,sra","ena,gs,ncbi,s3","ena,gs.us-east1,ncbi.public,s3.us-east-1","4 week post conception,embryo",normal,2019-02-18,2018-12-30T17:01:52Z,2018-11-16,2018-05-25T13:50:11Z,ERX2614447,4 week post conception,forebrain,male,SAMEA4690088,University of Heidelberg,2018-12-30T17:01:52Z,2018-05-25T13:50:11Z,public,Illumina HiSeq 2500,6096sTS.Human.Forebrain.4w.Male_s,SINGLE,PolyA,TRANSCRIPTOMIC,forebrain,Homo sapiens,ILLUMINA,2019-02-19T00:00:00Z,2022-07-13T12:27:00Z,2,SAMEA4690088,E-MTAB-6814:6096sTS.Human.Forebrain.4w.Male,Homo sapiens,male,ERP109002,E-MTAB-6814:6096sTS.Human.Forebrain.4w.Male
ERR2598167,4,RNA-Seq,101,2796056225,PRJEB26969,SAMEA4690089,ArrayExpress,962635659,Lausanne Genomics Technology Facility,human,public,"fastq,run.zq,sra","ena,gs,ncbi,s3","ena,gs.us-east1,ncbi.public,s3.us-east-1","4 week post conception,embryo",normal,2019-02-18,2018-12-30T17:01:52Z,2018-11-16,2018-05-25T13:50:11Z,ERX2614448,4 week post conception,heart,female,SAMEA4690089,University of Heidelberg,2018-12-30T17:01:52Z,2018-05-25T13:50:11Z,public,Illumina HiSeq 2500,3586sTS.Human.Heart.CS14.Female_s,SINGLE,PolyA,TRANSCRIPTOMIC,heart,Homo sapiens,ILLUMINA,2019-02-19T00:00:00Z,2022-07-17T12:08:00Z,2,SAMEA4690089,E-MTAB-6814:3586sTS.Human.Heart.CS14.Female,Homo sapiens,female,ERP109002,E-MTAB-6814:3586sTS.Human.Heart.CS14.Female
ERR2598168,4,RNA-Seq,101,2340824379,PRJEB26969,SAMEA4690090,ArrayExpress,807443703,Lausanne Genomics Technology Facility,human,public,"fastq,run.zq,sra","ena,gs,ncbi,s3","ena,gs.us-east1,ncbi.public,s3.us-east-1","4 week post conception,embryo",normal,2019-02-18,2018-12-30T17:01:52Z,2018-11-16,2018-05-25T13:50:11Z,ERX2614449,4 week post conception,heart,male,SAMEA4690090,University of Heidelberg,2018-12-30T17:01:52Z,2018-05-25T13:50:11Z,public,Illumina HiSeq 2500,3588sTS.Human.Heart.CS13.Male_s,SINGLE,PolyA,TRANSCRIPTOMIC,heart,Homo sapiens,ILLUMINA,2019-02-19T00:00:00Z,2022-07-26T06:03:00Z,2,SAMEA4690090,E-MTAB-6814:3588sTS.Human.Heart.CS13.Male,Homo sapiens,male,ERP109002,E-MTAB-6814:3588sTS.Human.Heart.CS13.Male
ERR2598169,4,RNA-Seq,101,2575556459,PRJEB26969,SAMEA4690091,ArrayExpress,936884559,Lausanne Genomics Technology Facility,human,public,"fastq,run.zq,sra","ena,gs,ncbi,s3","ena,gs.us-east1,ncbi.public,s3.us-east-1","4 week post conception,embryo",normal,2019-02-18,2018-12-30T17:01:52Z,2018-11-16,2018-05-25T13:50:11Z,ERX2614450,4 week post conception,hindbrain,female,SAMEA4690091,University of Heidelberg,2018-12-30T17:01:52Z,2018-05-25T13:50:11Z,public,Illumina HiSeq 2500,5622sTS.Human.Hindbrain.4w.Female_s,SINGLE,PolyA,TRANSCRIPTOMIC,hindbrain,Homo sapiens,ILLUMINA,2019-02-19T00:00:00Z,2022-07-29T20:56:00Z,2,SAMEA4690091,E-MTAB-6814:5622sTS.Human.Hindbrain.4w.Female,Homo sapiens,female,ERP109002,E-MTAB-6814:5622sTS.Human.Hindbrain.4w.Female
ERR2598170,4,RNA-Seq,101,3339308460,PRJEB26969,SAMEA4690092,ArrayExpress,1226018623,Lausanne Genomics Technology Facility,human,public,"fastq,run.zq,sra","ena,gs,ncbi,s3","ena,gs.us-east1,ncbi.public,s3.us-east-1","4 week post conception,embryo",normal,2019-02-18,2018-12-30T17:01:52Z,2018-11-16,2018-05-25T13:50:11Z,ERX2614451,4 week post conception,hindbrain,male,SAMEA4690092,University of Heidelberg,2018-12-30T17:01:52Z,2018-05-25T13:50:11Z,public,Illumina HiSeq 2500,5625sTS.Human.Hindbrain.4w.Male_s,SINGLE,PolyA,TRANSCRIPTOMIC,hindbrain,Homo sapiens,ILLUMINA,2019-02-19T00:00:00Z,2022-07-26T06:05:00Z,2,SAMEA4690092,E-MTAB-6814:5625sTS.Human.Hindbrain.4w.Male,Homo sapiens,male,ERP109002,E-MTAB-6814:5625sTS.Human.Hindbrain.4w.Male
ERR2598171,4,RNA-Seq,101,4216909782,PRJEB26969,SAMEA4690093,ArrayExpress,1600103704,Lausanne Genomics Technology Facility,human,public,"fastq,run.zq,sra","ena,gs,ncbi,s3","ena,gs.us-east1,ncbi.public,s3.us-east-1","4 week post conception,embryo",normal,2019-02-18,2018-12-30T17:01:52Z,2018-11-16,2018-05-25T13:50:11Z,ERX2614452,4 week post conception,hindbrain,male,SAMEA4690093,University of Heidelberg,2018-12-30T17:01:52Z,2018-05-25T13:50:11Z,public,Illumina HiSeq 2500,6097sTS.Human.Hindbrain.4w.Male_s,SINGLE,PolyA,TRANSCRIPTOMIC,hindbrain,Homo sapiens,ILLUMINA,2019-02-19T00:00:00Z,2021-10-24T06:52:00Z,2,SAMEA4690093,E-MTAB-6814:6097sTS.Human.Hindbrain.4w.Male,Homo sapiens,male,ERP109002,E-MTAB-6814:6097sTS.Human.Hindbrain.4w.Male
ERR2598172,4,RNA-Seq,101,1594423269,PRJEB26969,SAMEA4690094,ArrayExpress,580611225,Lausanne Genomics Technology Facility,human,public,"fastq,run.zq,sra","ena,gs,ncbi,s3","ena,gs.us-east1,ncbi.public,s3.us-east-1","4 week post conception,embryo",normal,2019-02-18,2018-12-30T17:01:52Z,2018-11-16,2018-05-25T13:50:11Z,ERX2614453,4 week post conception,kidney,male,SAMEA4690094,University of Heidelberg,2018-12-30T17:01:52Z,2018-05-25T13:50:11Z,public,Illumina HiSeq 2500,5911sTS.Human.KidneyTestis.4w.Male_s,SINGLE,PolyA,TRANSCRIPTOMIC,kidney,Homo sapiens,ILLUMINA,2019-02-19T00:00:00Z,2021-10-24T06:34:00Z,2,SAMEA4690094,E-MTAB-6814:5911sTS.Human.KidneyTestis.4w.Male,Homo sapiens,male,ERP109002,E-MTAB-6814:5911sTS.Human.KidneyTestis.4w.Male
ERR2598173,4,RNA-Seq,101,5180554923,PRJEB26969,SAMEA4690095,ArrayExpress,2115310324,Lausanne Genomics Technology Facility,human,public,"fastq,run.zq,sra","ena,gs,ncbi,s3","ena,gs.us-east1,ncbi.public,s3.us-east-1","4 week post conception,embryo",normal,2019-02-18,2018-12-30T17:01:52Z,2018-11-16,2018-05-25T13:50:11Z,ERX2614454,4 week post conception,liver,male,SAMEA4690095,University of Heidelberg,2018-12-30T17:01:52Z,2018-05-25T13:50:11Z,public,Illumina HiSeq 2500,3589sTS.Human.Liver.CS13.Male_s,SINGLE,PolyA,TRANSCRIPTOMIC,liver,Homo sapiens,ILLUMINA,2019-02-19T00:00:00Z,2022-07-26T06:11:00Z,2,SAMEA4690095,E-MTAB-6814:3589sTS.Human.Liver.CS13.Male,Homo sapiens,male,ERP109002,E-MTAB-6814:3589sTS.Human.Liver.CS13.Male
ERR2598174,4,RNA-Seq,101,2495473357,PRJEB26969,SAMEA4690096,ArrayExpress,915343899,Lausanne Genomics Technology Facility,human,public,"fastq,run.zq,sra","ena,gs,ncbi,s3","ena,gs.us-east1,ncbi.public,s3.us-east-1","4 week post conception,embryo",normal,2019-02-18,2018-12-30T17:01:52Z,2018-11-16,2018-05-25T13:50:11Z,ERX2614455,4 week post conception,liver,male,SAMEA4690096,University of Heidelberg,2018-12-30T17:01:52Z,2018-05-25T13:50:11Z,public,Illumina HiSeq 2500,5626sTS.Human.Liver.4w.Male_s,SINGLE,PolyA,TRANSCRIPTOMIC,liver,Homo sapiens,ILLUMINA,2019-02-19T00:00:00Z,2022-07-14T10:03:00Z,2,SAMEA4690096,E-MTAB-6814:5626sTS.Human.Liver.4w.Male,Homo sapiens,male,ERP109002,E-MTAB-6814:5626sTS.Human.Liver.4w.Male
ERR2598175,4,RNA-Seq,101,2170302544,PRJEB26969,SAMEA4690097,ArrayExpress,819638090,Lausanne Genomics Technology Facility,human,public,"fastq,run.zq,sra","ena,gs,ncbi,s3","ena,gs.us-east1,ncbi.public,s3.us-east-1","4 week post conception,embryo",normal,2019-02-18,2018-12-30T17:01:52Z,2018-11-16,2018-05-25T13:50:11Z,ERX2614456,4 week post conception,liver,male,SAMEA4690097,University of Heidelberg,2018-12-30T17:01:52Z,2018-05-25T13:50:11Z,public,Illumina HiSeq 2500,5910sTS.Human.Liver.4w.Male_s,SINGLE,PolyA,TRANSCRIPTOMIC,liver,Homo sapiens,ILLUMINA,2019-02-19T00:00:00Z,2022-07-21T18:10:00Z,2,SAMEA4690097,E-MTAB-6814:5910sTS.Human.Liver.4w.Male,Homo sapiens,male,ERP109002,E-MTAB-6814:5910sTS.Human.Liver.4w.Male
ERR2598176,4,RNA-Seq,101,1457006911,PRJEB26969,SAMEA4690098,ArrayExpress,538486125,Lausanne Genomics Technology Facility,human,public,"fastq,run.zq,sra","ena,gs,ncbi,s3","ena,gs.us-east1,ncbi.public,s3.us-east-1","4 week post conception,embryo",normal,2019-02-18,2018-12-30T17:01:52Z,2018-11-16,2018-05-25T13:50:11Z,ERX2614457,4 week post conception,liver,female,SAMEA4690098,University of Heidelberg,2018-12-30T17:01:52Z,2018-05-25T13:50:11Z,public,Illumina HiSeq 2500,5913sTS.Human.Liver.4w.Female_s,SINGLE,PolyA,TRANSCRIPTOMIC,liver,Homo sapiens,ILLUMINA,2019-02-19T00:00:00Z,2022-07-17T12:05:00Z,2,SAMEA4690098,E-MTAB-6814:5913sTS.Human.Liver.4w.Female,Homo sapiens,female,ERP109002,E-MTAB-6814:5913sTS.Human.Liver.4w.Female
ERR2598177,4,RNA-Seq,101,3763597441,PRJEB26969,SAMEA4690099,ArrayExpress,1363424266,Lausanne Genomics Technology Facility,human,public,"fastq,run.zq,sra","ena,gs,ncbi,s3","ena,gs.us-east1,ncbi.public,s3.us-east-1","4 week post conception,embryo",normal,2019-02-18,2018-12-30T17:01:52Z,2018-11-16,2018-05-25T13:50:11Z,ERX2614458,4 week post conception,ovary,female,SAMEA4690099,University of Heidelberg,2018-12-30T17:01:52Z,2018-05-25T13:50:11Z,public,Illumina HiSeq 2500,5623sTS.Human.Ovary.4w.Female_s,SINGLE,PolyA,TRANSCRIPTOMIC,ovary,Homo sapiens,ILLUMINA,2019-02-19T00:00:00Z,2022-07-14T18:36:00Z,2,SAMEA4690099,E-MTAB-6814:5623sTS.Human.Ovary.4w.Female,Homo sapiens,female,ERP109002,E-MTAB-6814:5623sTS.Human.Ovary.4w.Female
ERR2598178,4,RNA-Seq,101,2563616239,PRJEB26969,SAMEA4690100,ArrayExpress,962657077,Lausanne Genomics Technology Facility,human,public,"fastq,run.zq,sra","ena,gs,ncbi,s3","ena,gs.us-east1,ncbi.public,s3.us-east-1","4 week post conception,embryo",normal,2019-02-18,2018-12-30T17:01:52Z,2018-11-16,2018-05-25T13:50:11Z,ERX2614459,4 week post conception,ovary,female,SAMEA4690100,University of Heidelberg,2018-12-30T17:01:52Z,2018-05-25T13:50:11Z,public,Illumina HiSeq 2500,5914sTS.Human.Ovary.4w.Female_s,SINGLE,PolyA,TRANSCRIPTOMIC,ovary,Homo sapiens,ILLUMINA,2019-02-19T00:00:00Z,2021-10-24T07:00:00Z,2,SAMEA4690100,E-MTAB-6814:5914sTS.Human.Ovary.4w.Female,Homo sapiens,female,ERP109002,E-MTAB-6814:5914sTS.Human.Ovary.4w.Female
ERR2598179,4,RNA-Seq,101,2998394878,PRJEB26969,SAMEA4690101,ArrayExpress,1227828294,Lausanne Genomics Technology Facility,human,public,"fastq,run.zq,sra","ena,gs,ncbi,s3","ena,gs.us-east1,ncbi.public,s3.us-east-1","4 week post conception,embryo",normal,2019-02-18,2018-12-30T17:01:52Z,2018-11-16,2018-05-25T13:50:11Z,ERX2614460,4 week post conception,testis,male,SAMEA4690101,University of Heidelberg,2018-12-30T17:01:52Z,2018-05-25T13:50:11Z,public,Illumina HiSeq 2500,3590sTS.Human.Testis.CS13.Male_s,SINGLE,PolyA,TRANSCRIPTOMIC,testis,Homo sapiens,ILLUMINA,2019-02-19T00:00:00Z,2021-10-24T06:55:00Z,2,SAMEA4690101,E-MTAB-6814:3590sTS.Human.Testis.CS13.Male,Homo sapiens,male,ERP109002,E-MTAB-6814:3590sTS.Human.Testis.CS13.Male
ERR2598180,5,RNA-Seq,101,2974796632,PRJEB26969,SAMEA4690102,ArrayExpress,1151057169,Lausanne Genomics Technology Facility,human,public,"fastq,run.zq,sra","ena,gs,ncbi,s3","ena,gs.us-east1,ncbi.public,s3.us-east-1","5 week post conception,embryo",normal,2019-02-18,2018-12-30T17:01:52Z,2018-11-16,2018-05-25T13:50:11Z,ERX2614461,5 week post conception,forebrain,male,SAMEA4690102,University of Heidelberg,2018-12-30T17:01:52Z,2018-05-25T13:50:11Z,public,Illumina HiSeq 2500,3669sTS.Human.Forebrain.CS16.Male_s,SINGLE,PolyA,TRANSCRIPTOMIC,forebrain,Homo sapiens,ILLUMINA,2019-02-19T00:00:00Z,2021-10-24T06:53:00Z,2,SAMEA4690102,E-MTAB-6814:3669sTS.Human.Forebrain.CS16.Male,Homo sapiens,male,ERP109002,E-MTAB-6814:3669sTS.Human.Forebrain.CS16.Male
ERR2598181,5,RNA-Seq,101,4530616893,PRJEB26969,SAMEA4690103,ArrayExpress,1586282889,Lausanne Genomics Technology Facility,human,public,"fastq,run.zq,sra","ena,gs,ncbi,s3","ena,gs.us-east1,ncbi.public,s3.us-east-1","5 week post conception,embryo",normal,2019-02-18,2018-12-30T17:01:52Z,2018-11-16,2018-05-25T13:50:11Z,ERX2614462,5 week post conception,forebrain,female,SAMEA4690103,University of Heidelberg,2018-12-30T17:01:52Z,2018-05-25T13:50:11Z,public,Illumina HiSeq 2500,5628sTS.Human.Forebrain.5w.Female_s,SINGLE,PolyA,TRANSCRIPTOMIC,forebrain,Homo sapiens,ILLUMINA,2019-02-19T00:00:00Z,2022-07-18T16:27:00Z,2,SAMEA4690103,E-MTAB-6814:5628sTS.Human.Forebrain.5w.Female,Homo sapiens,female,ERP109002,E-MTAB-6814:5628sTS.Human.Forebrain.5w.Female
ERR2598182,5,RNA-Seq,101,5175309791,PRJEB26969,SAMEA4690104,ArrayExpress,2006284103,Lausanne Genomics Technology Facility,human,public,"fastq,run.zq,sra","ena,gs,ncbi,s3","ena,gs.us-east1,ncbi.public,s3.us-east-1","5 week post conception,embryo",normal,2019-02-18,2018-12-30T17:01:52Z,2018-11-16,2018-05-25T13:50:11Z,ERX2614463,5 week post conception,heart,male,SAMEA4690104,University of Heidelberg,2018-12-30T17:01:52Z,2018-05-25T13:50:11Z,public,Illumina HiSeq 2500,3671sTS.Human.Heart.CS16.Male_s,SINGLE,PolyA,TRANSCRIPTOMIC,heart,Homo sapiens,ILLUMINA,2019-02-19T00:00:00Z,2021-10-24T06:59:00Z,2,SAMEA4690104,E-MTAB-6814:3671sTS.Human.Heart.CS16.Male,Homo sapiens,male,ERP109002,E-MTAB-6814:3671sTS.Human.Heart.CS16.Male
ERR2598183,5,RNA-Seq,101,2830740837,PRJEB26969,SAMEA4690105,ArrayExpress,1016287472,Lausanne Genomics Technology Facility,human,public,"fastq,run.zq,sra","ena,gs,ncbi,s3","ena,gs.us-east1,ncbi.public,s3.us-east-1","5 week post conception,embryo",normal,2019-02-18,2018-12-30T17:01:52Z,2018-11-16,2018-05-25T13:50:11Z,ERX2614464,5 week post conception,heart,female,SAMEA4690105,University of Heidelberg,2018-12-30T17:01:52Z,2018-05-25T13:50:11Z,public,Illumina HiSeq 2500,5642sTS.Human.Heart.5w.Female_s,SINGLE,PolyA,TRANSCRIPTOMIC,heart,Homo sapiens,ILLUMINA,2019-02-19T00:00:00Z,2021-10-24T06:48:00Z,2,SAMEA4690105,E-MTAB-6814:5642sTS.Human.Heart.5w.Female,Homo sapiens,female,ERP109002,E-MTAB-6814:5642sTS.Human.Heart.5w.Female
ERR2598184,5,RNA-Seq,101,3446918910,PRJEB26969,SAMEA4690106,ArrayExpress,1334415655,Lausanne Genomics Technology Facility,human,public,"fastq,run.zq,sra","ena,gs,ncbi,s3","ena,gs.us-east1,ncbi.public,s3.us-east-1","5 week post conception,embryo",normal,2019-02-18,2018-12-30T17:01:52Z,2018-11-16,2018-05-25T13:50:11Z,ERX2614465,5 week post conception,hindbrain,male,SAMEA4690106,University of Heidelberg,2018-12-30T17:01:52Z,2018-05-25T13:50:11Z,public,Illumina HiSeq 2500,3670sTS.Human.Hindbrain.CS16.Male_s,SINGLE,PolyA,TRANSCRIPTOMIC,hindbrain,Homo sapiens,ILLUMINA,2019-02-19T00:00:00Z,2022-07-30T06:58:00Z,2,SAMEA4690106,E-MTAB-6814:3670sTS.Human.Hindbrain.CS16.Male,Homo sapiens,male,ERP109002,E-MTAB-6814:3670sTS.Human.Hindbrain.CS16.Male
ERR2598185,5,RNA-Seq,101,3182086204,PRJEB26969,SAMEA4690107,ArrayExpress,1121804015,Lausanne Genomics Technology Facility,human,public,"fastq,run.zq,sra","ena,gs,ncbi,s3","ena,gs.us-east1,ncbi.public,s3.us-east-1","5 week post conception,embryo",normal,2019-02-18,2018-12-30T17:01:52Z,2018-11-16,2018-05-25T13:50:11Z,ERX2614466,5 week post conception,hindbrain,female,SAMEA4690107,University of Heidelberg,2018-12-30T17:01:52Z,2018-05-25T13:50:11Z,public,Illumina HiSeq 2500,5635sTS.Human.Hindbrain.5w.Female_s,SINGLE,PolyA,TRANSCRIPTOMIC,hindbrain,Homo sapiens,ILLUMINA,2019-02-19T00:00:00Z,2022-07-20T20:27:00Z,2,SAMEA4690107,E-MTAB-6814:5635sTS.Human.Hindbrain.5w.Female,Homo sapiens,female,ERP109002,E-MTAB-6814:5635sTS.Human.Hindbrain.5w.Female
ERR2598186,5,RNA-Seq,101,4202334270,PRJEB26969,SAMEA4690108,ArrayExpress,1520629625,Lausanne Genomics Technology Facility,human,public,"fastq,run.zq,sra","ena,gs,ncbi,s3","ena,gs.us-east1,ncbi.public,s3.us-east-1","5 week post conception,embryo",normal,2019-02-18,2018-12-30T17:01:52Z,2018-11-16,2018-05-25T13:50:11Z,ERX2614467,5 week post conception,kidney,male,SAMEA4690108,University of Heidelberg,2018-12-30T17:01:52Z,2018-05-25T13:50:11Z,public,Illumina HiSeq 2500,5649sTS.Human.Kidney.5w.Male_s,SINGLE,PolyA,TRANSCRIPTOMIC,kidney,Homo sapiens,ILLUMINA,2019-02-19T00:00:00Z,2022-07-19T01:12:00Z,2,SAMEA4690108,E-MTAB-6814:5649sTS.Human.Kidney.5w.Male,Homo sapiens,male,ERP109002,E-MTAB-6814:5649sTS.Human.Kidney.5w.Male
ERR2598187,5,RNA-Seq,101,2980078225,PRJEB26969,SAMEA4690109,ArrayExpress,1085384902,Lausanne Genomics Technology Facility,human,public,"fastq,run.zq,sra","ena,gs,ncbi,s3","ena,gs.us-east1,ncbi.public,s3.us-east-1","5 week post conception,embryo",normal,2019-02-18,2018-12-30T17:01:52Z,2018-11-16,2018-05-25T13:50:11Z,ERX2614468,5 week post conception,kidney,female,SAMEA4690109,University of Heidelberg,2018-12-30T17:01:52Z,2018-05-25T13:50:11Z,public,Illumina HiSeq 2500,5717sTS.Human.Kidney.5w.Female_s,SINGLE,PolyA,TRANSCRIPTOMIC,kidney,Homo sapiens,ILLUMINA,2019-02-19T00:00:00Z,2022-07-19T15:38:00Z,2,SAMEA4690109,E-MTAB-6814:5717sTS.Human.Kidney.5w.Female,Homo sapiens,female,ERP109002,E-MTAB-6814:5717sTS.Human.Kidney.5w.Female
ERR2598188,5,RNA-Seq,101,2834960011,PRJEB26969,SAMEA4690110,ArrayExpress,1004440675,Lausanne Genomics Technology Facility,human,public,"fastq,run.zq,sra","ena,gs,ncbi,s3","ena,gs.us-east1,ncbi.public,s3.us-east-1","5 week post conception,embryo",normal,2019-02-18,2018-12-30T17:01:52Z,2018-11-16,2018-05-25T13:50:11Z,ERX2614469,5 week post conception,liver,male,SAMEA4690110,University of Heidelberg,2018-12-30T17:01:52Z,2018-05-25T13:50:11Z,public,Illumina HiSeq 2500,5629sTS.Human.Liver.5w.Male_s,SINGLE,PolyA,TRANSCRIPTOMIC,liver,Homo sapiens,ILLUMINA,2019-02-19T00:00:00Z,2021-10-24T06:45:00Z,2,SAMEA4690110,E-MTAB-6814:5629sTS.Human.Liver.5w.Male,Homo sapiens,male,ERP109002,E-MTAB-6814:5629sTS.Human.Liver.5w.Male
ERR2598189,5,RNA-Seq,101,2733229276,PRJEB26969,SAMEA4690111,ArrayExpress,977378403,Lausanne Genomics Technology Facility,human,public,"fastq,run.zq,sra","ena,gs,ncbi,s3","ena,gs.us-east1,ncbi.public,s3.us-east-1","5 week post conception,embryo",normal,2019-02-18,2018-12-30T17:01:52Z,2018-11-16,2018-05-25T13:50:12Z,ERX2614470,5 week post conception,liver,female,SAMEA4690111,University of Heidelberg,2018-12-30T17:01:52Z,2018-05-25T13:50:12Z,public,Illumina HiSeq 2500,5640sTS.Human.Liver.5w.Female_s,SINGLE,PolyA,TRANSCRIPTOMIC,liver,Homo sapiens,ILLUMINA,2019-02-19T00:00:00Z,2021-10-24T06:41:00Z,2,SAMEA4690111,E-MTAB-6814:5640sTS.Human.Liver.5w.Female,Homo sapiens,female,ERP109002,E-MTAB-6814:5640sTS.Human.Liver.5w.Female
ERR2598190,5,RNA-Seq,101,3731222093,PRJEB26969,SAMEA4690112,ArrayExpress,1338538594,Lausanne Genomics Technology Facility,human,public,"fastq,run.zq,sra","ena,gs,ncbi,s3","ena,gs.us-east1,ncbi.public,s3.us-east-1","5 week post conception,embryo",normal,2019-02-18,2018-12-30T17:01:52Z,2018-11-16,2018-05-25T13:50:12Z,ERX2614471,5 week post conception,ovary,female,SAMEA4690112,University of Heidelberg,2018-12-30T17:01:52Z,2018-05-25T13:50:12Z,public,Illumina HiSeq 2500,5638sTS.Human.Ovary.5w.Female_s,SINGLE,PolyA,TRANSCRIPTOMIC,ovary,Homo sapiens,ILLUMINA,2019-02-19T00:00:00Z,2022-07-21T04:31:00Z,2,SAMEA4690112,E-MTAB-6814:5638sTS.Human.Ovary.5w.Female,Homo sapiens,female,ERP109002,E-MTAB-6814:5638sTS.Human.Ovary.5w.Female
ERR2598191,5,RNA-Seq,101,2135215851,PRJEB26969,SAMEA4690113,ArrayExpress,802145850,Lausanne Genomics Technology Facility,human,public,"fastq,run.zq,sra","ena,gs,ncbi,s3","ena,gs.us-east1,ncbi.public,s3.us-east-1","5 week post conception,embryo",normal,2019-02-18,2018-12-30T17:01:52Z,2018-11-16,2018-05-25T13:50:12Z,ERX2614472,5 week post conception,testis,male,SAMEA4690113,University of Heidelberg,2018-12-30T17:01:52Z,2018-05-25T13:50:12Z,public,Illumina HiSeq 2500,5916sTS.Human.Testis.5w.Male_s,SINGLE,PolyA,TRANSCRIPTOMIC,testis,Homo sapiens,ILLUMINA,2019-02-19T00:00:00Z,2022-07-22T11:44:00Z,2,SAMEA4690113,E-MTAB-6814:5916sTS.Human.Testis.5w.Male,Homo sapiens,male,ERP109002,E-MTAB-6814:5916sTS.Human.Testis.5w.Male
ERR2598192,5,RNA-Seq,101,3458680865,PRJEB26969,SAMEA4690114,ArrayExpress,1360085591,Lausanne Genomics Technology Facility,human,public,"fastq,run.zq,sra","ena,gs,ncbi,s3","ena,gs.us-east1,ncbi.public,s3.us-east-1","5 week post conception,embryo",normal,2019-02-18,2018-12-30T17:01:52Z,2018-11-16,2018-05-25T13:50:12Z,ERX2614473,5 week post conception,testis,male,SAMEA4690114,University of Heidelberg,2018-12-30T17:01:52Z,2018-05-25T13:50:12Z,public,Illumina HiSeq 2500,5958sTS.Human.Testis.5w.Male_s,SINGLE,PolyA,TRANSCRIPTOMIC,testis,Homo sapiens,ILLUMINA,2019-02-19T00:00:00Z,2022-07-15T18:16:00Z,2,SAMEA4690114,E-MTAB-6814:5958sTS.Human.Testis.5w.Male,Homo sapiens,male,ERP109002,E-MTAB-6814:5958sTS.Human.Testis.5w.Male
ERR2598193,6,RNA-Seq,101,4464634805,PRJEB26969,SAMEA4690115,ArrayExpress,2839210968,Lausanne Genomics Technology Facility,human,public,"fastq,run.zq,sra","ena,gs,ncbi,s3","ena,gs.us-east1,ncbi.public,s3.us-east-1","embryo,6 week post conception",normal,2019-02-18,2018-12-30T17:01:52Z,2018-11-16,2018-05-25T13:50:12Z,ERX2614474,6 week post conception,heart,male,SAMEA4690115,University of Heidelberg,2018-12-30T17:01:52Z,2018-05-25T13:50:12Z,public,Illumina HiSeq 2500,2088sTS.Human.Heart.CS18.Male_s,SINGLE,PolyA,TRANSCRIPTOMIC,heart,Homo sapiens,ILLUMINA,2019-02-19T00:00:00Z,2022-07-26T06:09:00Z,2,SAMEA4690115,E-MTAB-6814:2088sTS.Human.Heart.CS18.Male,Homo sapiens,male,ERP109002,E-MTAB-6814:2088sTS.Human.Heart.CS18.Male
ERR2598194,6,RNA-Seq,101,2858945794,PRJEB26969,SAMEA4690116,ArrayExpress,1118720584,Lausanne Genomics Technology Facility,human,public,"fastq,run.zq,sra","ena,gs,ncbi,s3","ena,gs.us-east1,ncbi.public,s3.us-east-1","embryo,6 week post conception",normal,2019-02-18,2018-12-30T17:01:52Z,2018-11-16,2018-05-25T13:50:12Z,ERX2614475,6 week post conception,heart,female,SAMEA4690116,University of Heidelberg,2018-12-30T17:01:52Z,2018-05-25T13:50:12Z,public,Illumina HiSeq 2500,3675sTS.Human.Heart.CS17.Female_s,SINGLE,PolyA,TRANSCRIPTOMIC,heart,Homo sapiens,ILLUMINA,2019-02-19T00:00:00Z,2021-10-24T06:42:00Z,2,SAMEA4690116,E-MTAB-6814:3675sTS.Human.Heart.CS17.Female,Homo sapiens,female,ERP109002,E-MTAB-6814:3675sTS.Human.Heart.CS17.Female
ERR2598195,6,RNA-Seq,101,3043195246,PRJEB26969,SAMEA4690117,ArrayExpress,1102615444,Lausanne Genomics Technology Facility,human,public,"fastq,run.zq,sra","ena,gs,ncbi,s3","ena,gs.us-east1,ncbi.public,s3.us-east-1","embryo,6 week post conception",normal,2019-02-18,2018-12-30T17:01:52Z,2018-11-16,2018-05-25T13:50:12Z,ERX2614476,6 week post conception,hindbrain,male,SAMEA4690117,University of Heidelberg,2018-12-30T17:01:52Z,2018-05-25T13:50:12Z,public,Illumina HiSeq 2500,2089sTS.Human.Hindbrain.CS18.Male_s,SINGLE,PolyA,TRANSCRIPTOMIC,hindbrain,Homo sapiens,ILLUMINA,2019-02-19T00:00:00Z,2022-07-26T06:05:00Z,2,SAMEA4690117,E-MTAB-6814:2089sTS.Human.Hindbrain.CS18.Male,Homo sapiens,male,ERP109002,E-MTAB-6814:2089sTS.Human.Hindbrain.CS18.Male
ERR2598196,6,RNA-Seq,101,2782136809,PRJEB26969,SAMEA4690118,ArrayExpress,1077257716,Lausanne Genomics Technology Facility,human,public,"fastq,run.zq,sra","ena,gs,ncbi,s3","ena,gs.us-east1,ncbi.public,s3.us-east-1","embryo,6 week post conception",normal,2019-02-18,2018-12-30T17:01:52Z,2018-11-16,2018-05-25T13:50:12Z,ERX2614477,6 week post conception,hindbrain,male,SAMEA4690118,University of Heidelberg,2018-12-30T17:01:52Z,2018-05-25T13:50:12Z,public,Illumina HiSeq 2500,3672sTS.Human.Hindbrain.CS18.Male_s,SINGLE,PolyA,TRANSCRIPTOMIC,hindbrain,Homo sapiens,ILLUMINA,2019-02-19T00:00:00Z,2021-10-24T06:47:00Z,2,SAMEA4690118,E-MTAB-6814:3672sTS.Human.Hindbrain.CS18.Male,Homo sapiens,male,ERP109002,E-MTAB-6814:3672sTS.Human.Hindbrain.CS18.Male
ERR2598197,6,RNA-Seq,101,5103945413,PRJEB26969,SAMEA4690119,ArrayExpress,1962071711,Lausanne Genomics Technology Facility,human,public,"fastq,run.zq,sra","ena,gs,ncbi,s3","ena,gs.us-east1,ncbi.public,s3.us-east-1","embryo,6 week post conception",normal,2019-02-18,2018-12-30T17:01:52Z,2018-11-16,2018-05-25T13:50:12Z,ERX2614478,6 week post conception,hindbrain,female,SAMEA4690119,University of Heidelberg,2018-12-30T17:01:52Z,2018-05-25T13:50:12Z,public,Illumina HiSeq 2500,3674sTS.Human.Hindbrain.CS17.Female_s,SINGLE,PolyA,TRANSCRIPTOMIC,hindbrain,Homo sapiens,ILLUMINA,2019-02-19T00:00:00Z,2021-10-24T06:55:00Z,2,SAMEA4690119,E-MTAB-6814:3674sTS.Human.Hindbrain.CS17.Female,Homo sapiens,female,ERP109002,E-MTAB-6814:3674sTS.Human.Hindbrain.CS17.Female
ERR2598198,6,RNA-Seq,101,3960820747,PRJEB26969,SAMEA4690120,ArrayExpress,1556129425,Lausanne Genomics Technology Facility,human,public,"fastq,run.zq,sra","ena,gs,ncbi,s3","ena,gs.us-east1,ncbi.public,s3.us-east-1","embryo,6 week post conception",normal,2019-02-18,2018-12-30T17:01:52Z,2018-11-16,2018-05-25T13:50:12Z,ERX2614479,6 week post conception,hindbrain,female,SAMEA4690120,University of Heidelberg,2018-12-30T17:01:52Z,2018-05-25T13:50:12Z,public,Illumina HiSeq 2500,5742sTS.Human.Hindbrain.6w.Female_s,SINGLE,PolyA,TRANSCRIPTOMIC,hindbrain,Homo sapiens,ILLUMINA,2019-02-19T00:00:00Z,2022-07-14T04:55:00Z,2,SAMEA4690120,E-MTAB-6814:5742sTS.Human.Hindbrain.6w.Female,Homo sapiens,female,ERP109002,E-MTAB-6814:5742sTS.Human.Hindbrain.6w.Female
ERR2598199,6,RNA-Seq,101,3084197610,PRJEB26969,SAMEA4690121,ArrayExpress,1113107901,Lausanne Genomics Technology Facility,human,public,"fastq,run.zq,sra","ena,gs,ncbi,s3","ena,gs.us-east1,ncbi.public,s3.us-east-1","embryo,6 week post conception",normal,2019-02-18,2018-12-30T17:01:52Z,2018-11-16,2018-05-25T13:50:12Z,ERX2614480,6 week post conception,kidney,female,SAMEA4690121,University of Heidelberg,2018-12-30T17:01:52Z,2018-05-25T13:50:12Z,public,Illumina HiSeq 2500,5643sTS.Human.Kidney.6w.Female_s,SINGLE,PolyA,TRANSCRIPTOMIC,kidney,Homo sapiens,ILLUMINA,2019-02-19T00:00:00Z,2022-07-26T06:04:00Z,2,SAMEA4690121,E-MTAB-6814:5643sTS.Human.Kidney.6w.Female,Homo sapiens,female,ERP109002,E-MTAB-6814:5643sTS.Human.Kidney.6w.Female
ERR2598200,6,RNA-Seq,101,3888407686,PRJEB26969,SAMEA4690122,ArrayExpress,1414871558,Lausanne Genomics Technology Facility,human,public,"fastq,run.zq,sra","ena,gs,ncbi,s3","ena,gs.us-east1,ncbi.public,s3.us-east-1","embryo,6 week post conception",normal,2019-02-18,2018-12-30T17:01:52Z,2018-11-16,2018-05-25T13:50:12Z,ERX2614481,6 week post conception,kidney,male,SAMEA4690122,University of Heidelberg,2018-12-30T17:01:52Z,2018-05-25T13:50:12Z,public,Illumina HiSeq 2500,5650sTS.Human.Kidney.6w.Male_s,SINGLE,PolyA,TRANSCRIPTOMIC,kidney,Homo sapiens,ILLUMINA,2019-02-19T00:00:00Z,2022-07-14T18:37:00Z,2,SAMEA4690122,E-MTAB-6814:5650sTS.Human.Kidney.6w.Male,Homo sapiens,male,ERP109002,E-MTAB-6814:5650sTS.Human.Kidney.6w.Male
ERR2598201,6,RNA-Seq,101,4183797841,PRJEB26969,SAMEA4690123,ArrayExpress,2808037813,Lausanne Genomics Technology Facility,human,public,"fastq,run.zq,sra","ena,gs,ncbi,s3","ena,gs.us-east1,ncbi.public,s3.us-east-1","embryo,6 week post conception",normal,2019-02-18,2018-12-30T17:01:52Z,2018-11-16,2018-05-25T13:50:12Z,ERX2614482,6 week post conception,liver,male,SAMEA4690123,University of Heidelberg,2018-12-30T17:01:52Z,2018-05-25T13:50:12Z,public,Illumina HiSeq 2500,2076sTS.Human.Liver.CS18.Male_s,SINGLE,PolyA,TRANSCRIPTOMIC,liver,Homo sapiens,ILLUMINA,2019-02-19T00:00:00Z,2022-07-17T20:21:00Z,2,SAMEA4690123,E-MTAB-6814:2076sTS.Human.Liver.CS18.Male,Homo sapiens,male,ERP109002,E-MTAB-6814:2076sTS.Human.Liver.CS18.Male
ERR2598202,6,RNA-Seq,101,3722032002,PRJEB26969,SAMEA4690124,ArrayExpress,1444948508,Lausanne Genomics Technology Facility,human,public,"fastq,run.zq,sra","ena,gs,ncbi,s3","ena,gs.us-east1,ncbi.public,s3.us-east-1","embryo,6 week post conception",normal,2019-02-18,2018-12-30T17:01:52Z,2018-11-16,2018-05-25T13:50:12Z,ERX2614483,6 week post conception,liver,female,SAMEA4690124,University of Heidelberg,2018-12-30T17:01:52Z,2018-05-25T13:50:12Z,public,Illumina HiSeq 2500,3676sTS.Human.Liver.CS17.Female_s,SINGLE,PolyA,TRANSCRIPTOMIC,liver,Homo sapiens,ILLUMINA,2019-02-19T00:00:00Z,2022-07-30T07:00:00Z,2,SAMEA4690124,E-MTAB-6814:3676sTS.Human.Liver.CS17.Female,Homo sapiens,female,ERP109002,E-MTAB-6814:3676sTS.Human.Liver.CS17.Female
ERR2598203,6,RNA-Seq,101,3205088651,PRJEB26969,SAMEA4690125,ArrayExpress,1147000287,Lausanne Genomics Technology Facility,human,public,"fastq,run.zq,sra","ena,gs,ncbi,s3","ena,gs.us-east1,ncbi.public,s3.us-east-1","embryo,6 week post conception",normal,2019-02-18,2018-12-30T17:01:52Z,2018-11-16,2018-05-25T13:50:12Z,ERX2614484,6 week post conception,ovary,female,SAMEA4690125,University of Heidelberg,2018-12-30T17:01:52Z,2018-05-25T13:50:12Z,public,Illumina HiSeq 2500,5639sTS.Human.Ovary.6w.Female_s,SINGLE,PolyA,TRANSCRIPTOMIC,ovary,Homo sapiens,ILLUMINA,2019-02-19T00:00:00Z,2022-07-15T21:45:00Z,2,SAMEA4690125,E-MTAB-6814:5639sTS.Human.Ovary.6w.Female,Homo sapiens,female,ERP109002,E-MTAB-6814:5639sTS.Human.Ovary.6w.Female
ERR2598204,6,RNA-Seq,101,2261242439,PRJEB26969,SAMEA4690126,ArrayExpress,1401694056,Lausanne Genomics Technology Facility,human,public,"fastq,run.zq,sra","ena,gs,ncbi,s3","ena,gs.us-east1,ncbi.public,s3.us-east-1","embryo,6 week post conception",normal,2019-02-18,2018-12-30T17:01:52Z,2018-11-16,2018-05-25T13:50:12Z,ERX2614485,6 week post conception,testis,male,SAMEA4690126,University of Heidelberg,2018-12-30T17:01:52Z,2018-05-25T13:50:12Z,public,Illumina HiSeq 2500,2090sTS.Human.Testis.CS18.Male_s,SINGLE,PolyA,TRANSCRIPTOMIC,testis,Homo sapiens,ILLUMINA,2019-02-19T00:00:00Z,2021-10-24T06:44:00Z,2,SAMEA4690126,E-MTAB-6814:2090sTS.Human.Testis.CS18.Male,Homo sapiens,male,ERP109002,E-MTAB-6814:2090sTS.Human.Testis.CS18.Male
ERR2598205,6,RNA-Seq,101,3178493836,PRJEB26969,SAMEA4690127,ArrayExpress,1237215837,Lausanne Genomics Technology Facility,human,public,"fastq,run.zq,sra","ena,gs,ncbi,s3","ena,gs.us-east1,ncbi.public,s3.us-east-1","embryo,6 week post conception",normal,2019-02-18,2018-12-30T17:01:52Z,2018-11-16,2018-05-25T13:50:12Z,ERX2614486,6 week post conception,testis,male,SAMEA4690127,University of Heidelberg,2018-12-30T17:01:52Z,2018-05-25T13:50:12Z,public,Illumina HiSeq 2500,3677sTS.Human.Testis.CS18.Male_s,SINGLE,PolyA,TRANSCRIPTOMIC,testis,Homo sapiens,ILLUMINA,2019-02-19T00:00:00Z,2022-07-23T01:59:00Z,2,SAMEA4690127,E-MTAB-6814:3677sTS.Human.Testis.CS18.Male,Homo sapiens,male,ERP109002,E-MTAB-6814:3677sTS.Human.Testis.CS18.Male
ERR2598206,7,RNA-Seq,101,5853085138,PRJEB26969,SAMEA4690128,ArrayExpress,3010263791,Lausanne Genomics Technology Facility,human,public,"fastq,run.zq,sra","ena,gs,ncbi,s3","ena,gs.us-east1,ncbi.public,s3.us-east-1","embryo,7 week post conception",normal,2019-02-18,2018-12-30T17:01:52Z,2018-11-16,2018-05-25T13:50:12Z,ERX2614487,7 week post conception,forebrain,male,SAMEA4690128,University of Heidelberg,2018-12-30T17:01:52Z,2018-05-25T13:50:12Z,public,Illumina HiSeq 2500,2026sTSm.Human.Forebrain.CS21.Male_s,SINGLE,PolyA,TRANSCRIPTOMIC,forebrain,Homo sapiens,ILLUMINA,2019-02-19T00:00:00Z,2022-07-15T18:18:00Z,2,SAMEA4690128,E-MTAB-6814:2026sTSm.Human.Forebrain.CS21.Male,Homo sapiens,male,ERP109002,E-MTAB-6814:2026sTSm.Human.Forebrain.CS21.Male
ERR2598207,7,RNA-Seq,101,4281623411,PRJEB26969,SAMEA4690129,ArrayExpress,1615675477,Lausanne Genomics Technology Facility,human,public,"fastq,run.zq,sra","ena,gs,ncbi,s3","ena,gs.us-east1,ncbi.public,s3.us-east-1","embryo,7 week post conception",normal,2019-02-18,2018-12-30T17:01:52Z,2018-11-16,2018-05-25T13:50:12Z,ERX2614488,7 week post conception,forebrain,female,SAMEA4690129,University of Heidelberg,2018-12-30T17:01:52Z,2018-05-25T13:50:12Z,public,Illumina HiSeq 2500,3571sTS.Human.Forebrain.CS20.Female_s,SINGLE,PolyA,TRANSCRIPTOMIC,forebrain,Homo sapiens,ILLUMINA,2019-02-19T00:00:00Z,2022-07-18T16:23:00Z,2,SAMEA4690129,E-MTAB-6814:3571sTS.Human.Forebrain.CS20.Female,Homo sapiens,female,ERP109002,E-MTAB-6814:3571sTS.Human.Forebrain.CS20.Female
ERR2598208,7,RNA-Seq,101,3373133764,PRJEB26969,SAMEA4690130,ArrayExpress,1383144292,Lausanne Genomics Technology Facility,human,public,"fastq,run.zq,sra","ena,gs,ncbi,s3","ena,gs.us-east1,ncbi.public,s3.us-east-1","embryo,7 week post conception",normal,2019-02-18,2018-12-30T17:01:52Z,2018-11-16,2018-05-25T13:50:12Z,ERX2614489,7 week post conception,forebrain,male,SAMEA4690130,University of Heidelberg,2018-12-30T17:01:52Z,2018-05-25T13:50:12Z,public,Illumina HiSeq 2500,3636sTS.Human.Forebrain.CS21.Male_s,SINGLE,PolyA,TRANSCRIPTOMIC,forebrain,Homo sapiens,ILLUMINA,2019-02-19T00:00:00Z,2021-10-24T06:49:00Z,2,SAMEA4690130,E-MTAB-6814:3636sTS.Human.Forebrain.CS21.Male,Homo sapiens,male,ERP109002,E-MTAB-6814:3636sTS.Human.Forebrain.CS21.Male
ERR2598209,7,RNA-Seq,101,1975114388,PRJEB26969,SAMEA4690131,ArrayExpress,1154510366,Lausanne Genomics Technology Facility,human,public,"fastq,run.zq,sra","ena,gs,ncbi,s3","ena,gs.us-east1,ncbi.public,s3.us-east-1","embryo,7 week post conception",normal,2019-02-18,2018-12-30T17:01:52Z,2018-11-16,2018-05-25T13:50:12Z,ERX2614490,7 week post conception,heart,male,SAMEA4690131,University of Heidelberg,2018-12-30T17:01:52Z,2018-05-25T13:50:12Z,public,Illumina HiSeq 2500,2027sTS.Human.Heart.CS21.Male_s,SINGLE,PolyA,TRANSCRIPTOMIC,heart,Homo sapiens,ILLUMINA,2019-02-19T00:00:00Z,2022-07-14T04:50:00Z,2,SAMEA4690131,E-MTAB-6814:2027sTS.Human.Heart.CS21.Male,Homo sapiens,male,ERP109002,E-MTAB-6814:2027sTS.Human.Heart.CS21.Male
ERR2598210,7,RNA-Seq,101,3536342290,PRJEB26969,SAMEA4690132,ArrayExpress,1221002065,Lausanne Genomics Technology Facility,human,public,"fastq,run.zq,sra","ena,gs,ncbi,s3","ena,gs.us-east1,ncbi.public,s3.us-east-1","embryo,7 week post conception",normal,2019-02-18,2018-12-30T17:01:52Z,2018-11-16,2018-05-25T13:50:12Z,ERX2614491,7 week post conception,heart,female,SAMEA4690132,University of Heidelberg,2018-12-30T17:01:52Z,2018-05-25T13:50:12Z,public,Illumina HiSeq 2500,3573sTS.Human.Heart.CS20.Female_s,SINGLE,PolyA,TRANSCRIPTOMIC,heart,Homo sapiens,ILLUMINA,2019-02-19T00:00:00Z,2022-07-19T15:39:00Z,2,SAMEA4690132,E-MTAB-6814:3573sTS.Human.Heart.CS20.Female,Homo sapiens,female,ERP109002,E-MTAB-6814:3573sTS.Human.Heart.CS20.Female
ERR2598211,7,RNA-Seq,101,3421166536,PRJEB26969,SAMEA4690133,ArrayExpress,1401120559,Lausanne Genomics Technology Facility,human,public,"fastq,run.zq,sra","ena,gs,ncbi,s3","ena,gs.us-east1,ncbi.public,s3.us-east-1","embryo,7 week post conception",normal,2019-02-18,2018-12-30T17:01:52Z,2018-11-16,2018-05-25T13:50:12Z,ERX2614492,7 week post conception,heart,male,SAMEA4690133,University of Heidelberg,2018-12-30T17:01:52Z,2018-05-25T13:50:12Z,public,Illumina HiSeq 2500,3638sTS.Human.Heart.CS21.Male_s,SINGLE,PolyA,TRANSCRIPTOMIC,heart,Homo sapiens,ILLUMINA,2019-02-19T00:00:00Z,2022-07-26T06:07:00Z,2,SAMEA4690133,E-MTAB-6814:3638sTS.Human.Heart.CS21.Male,Homo sapiens,male,ERP109002,E-MTAB-6814:3638sTS.Human.Heart.CS21.Male
ERR2598212,7,RNA-Seq,101,3768901658,PRJEB26969,SAMEA4690134,ArrayExpress,2585205324,Lausanne Genomics Technology Facility,human,public,"fastq,run.zq,sra","ena,gs,ncbi,s3","ena,gs.us-east1,ncbi.public,s3.us-east-1","embryo,7 week post conception",normal,2019-02-18,2018-12-30T17:01:52Z,2018-11-16,2018-05-25T13:50:12Z,ERX2614493,7 week post conception,hindbrain,male,SAMEA4690134,University of Heidelberg,2018-12-30T17:01:52Z,2018-05-25T13:50:12Z,public,Illumina HiSeq 2500,2029sTSb.Human.Hindbrain.CS21.Male_s,SINGLE,PolyA,TRANSCRIPTOMIC,hindbrain,Homo sapiens,ILLUMINA,2019-02-19T00:00:00Z,2022-07-15T18:18:00Z,2,SAMEA4690134,E-MTAB-6814:2029sTSb.Human.Hindbrain.CS21.Male,Homo sapiens,male,ERP109002,E-MTAB-6814:2029sTSb.Human.Hindbrain.CS21.Male
ERR2598213,7,RNA-Seq,101,4504635653,PRJEB26969,SAMEA4690135,ArrayExpress,1701637400,Lausanne Genomics Technology Facility,human,public,"fastq,run.zq,sra","ena,gs,ncbi,s3","ena,gs.us-east1,ncbi.public,s3.us-east-1","embryo,7 week post conception",normal,2019-02-18,2018-12-30T17:01:52Z,2018-11-16,2018-05-25T13:50:12Z,ERX2614494,7 week post conception,hindbrain,female,SAMEA4690135,University of Heidelberg,2018-12-30T17:01:52Z,2018-05-25T13:50:12Z,public,Illumina HiSeq 2500,3572sTS.Human.Hindbrain.CS20.Female_s,SINGLE,PolyA,TRANSCRIPTOMIC,hindbrain,Homo sapiens,ILLUMINA,2019-02-19T00:00:00Z,2021-10-24T06:59:00Z,2,SAMEA4690135,E-MTAB-6814:3572sTS.Human.Hindbrain.CS20.Female,Homo sapiens,female,ERP109002,E-MTAB-6814:3572sTS.Human.Hindbrain.CS20.Female
ERR2598214,7,RNA-Seq,101,4954134234,PRJEB26969,SAMEA4690136,ArrayExpress,2015637412,Lausanne Genomics Technology Facility,human,public,"fastq,run.zq,sra","ena,gs,ncbi,s3","ena,gs.us-east1,ncbi.public,s3.us-east-1","embryo,7 week post conception",normal,2019-02-18,2018-12-30T17:01:52Z,2018-11-16,2018-05-25T13:50:12Z,ERX2614495,7 week post conception,hindbrain,male,SAMEA4690136,University of Heidelberg,2018-12-30T17:01:52Z,2018-05-25T13:50:12Z,public,Illumina HiSeq 2500,3637sTS.Human.Hindbrain.CS21.Male_s,SINGLE,PolyA,TRANSCRIPTOMIC,hindbrain,Homo sapiens,ILLUMINA,2019-02-19T00:00:00Z,2021-10-24T06:55:00Z,2,SAMEA4690136,E-MTAB-6814:3637sTS.Human.Hindbrain.CS21.Male,Homo sapiens,male,ERP109002,E-MTAB-6814:3637sTS.Human.Hindbrain.CS21.Male
ERR2598215,7,RNA-Seq,101,3621796370,PRJEB26969,SAMEA4690137,ArrayExpress,1314159201,Lausanne Genomics Technology Facility,human,public,"fastq,run.zq,sra","ena,gs,ncbi,s3","ena,gs.us-east1,ncbi.public,s3.us-east-1","embryo,7 week post conception",normal,2019-02-18,2018-12-30T17:01:52Z,2018-11-16,2018-05-25T13:50:12Z,ERX2614496,7 week post conception,kidney,female,SAMEA4690137,University of Heidelberg,2018-12-30T17:01:52Z,2018-05-25T13:50:12Z,public,Illumina HiSeq 2500,5644sTS.Human.Kidney.7w.Female_s,SINGLE,PolyA,TRANSCRIPTOMIC,kidney,Homo sapiens,ILLUMINA,2019-02-19T00:00:00Z,2022-07-17T23:36:00Z,2,SAMEA4690137,E-MTAB-6814:5644sTS.Human.Kidney.7w.Female,Homo sapiens,female,ERP109002,E-MTAB-6814:5644sTS.Human.Kidney.7w.Female
ERR2598216,7,RNA-Seq,101,3567195164,PRJEB26969,SAMEA4690138,ArrayExpress,1283244110,Lausanne Genomics Technology Facility,human,public,"fastq,run.zq,sra","ena,gs,ncbi,s3","ena,gs.us-east1,ncbi.public,s3.us-east-1","embryo,7 week post conception",normal,2019-02-18,2018-12-30T17:01:52Z,2018-11-16,2018-05-25T13:50:12Z,ERX2614497,7 week post conception,kidney,male,SAMEA4690138,University of Heidelberg,2018-12-30T17:01:52Z,2018-05-25T13:50:12Z,public,Illumina HiSeq 2500,5675sTS.Human.Kidney.7w.Male_s,SINGLE,PolyA,TRANSCRIPTOMIC,kidney,Homo sapiens,ILLUMINA,2019-02-19T00:00:00Z,2022-07-26T06:06:00Z,2,SAMEA4690138,E-MTAB-6814:5675sTS.Human.Kidney.7w.Male,Homo sapiens,male,ERP109002,E-MTAB-6814:5675sTS.Human.Kidney.7w.Male
ERR2598217,7,RNA-Seq,101,2778245784,PRJEB26969,SAMEA4690139,ArrayExpress,1673673536,Lausanne Genomics Technology Facility,human,public,"fastq,run.zq,sra","ena,gs,ncbi,s3","ena,gs.us-east1,ncbi.public,s3.us-east-1","embryo,7 week post conception",normal,2019-02-18,2018-12-30T17:01:52Z,2018-11-16,2018-05-25T13:50:12Z,ERX2614498,7 week post conception,liver,male,SAMEA4690139,University of Heidelberg,2018-12-30T17:01:52Z,2018-05-25T13:50:12Z,public,Illumina HiSeq 2500,2014sTS.Human.Liver.CS21.Male_s,SINGLE,PolyA,TRANSCRIPTOMIC,liver,Homo sapiens,ILLUMINA,2019-02-19T00:00:00Z,2022-07-14T18:34:00Z,2,SAMEA4690139,E-MTAB-6814:2014sTS.Human.Liver.CS21.Male,Homo sapiens,male,ERP109002,E-MTAB-6814:2014sTS.Human.Liver.CS21.Male
ERR2598218,7,RNA-Seq,101,3067888029,PRJEB26969,SAMEA4690140,ArrayExpress,1050662878,Lausanne Genomics Technology Facility,human,public,"fastq,run.zq,sra","ena,gs,ncbi,s3","ena,gs.us-east1,ncbi.public,s3.us-east-1","embryo,7 week post conception",normal,2019-02-18,2018-12-30T17:01:52Z,2018-11-16,2018-05-25T13:50:12Z,ERX2614499,7 week post conception,liver,female,SAMEA4690140,University of Heidelberg,2018-12-30T17:01:52Z,2018-05-25T13:50:12Z,public,Illumina HiSeq 2500,3574sTS.Human.Liver.CS20.Female_s,SINGLE,PolyA,TRANSCRIPTOMIC,liver,Homo sapiens,ILLUMINA,2019-02-19T00:00:00Z,2021-10-24T06:49:00Z,2,SAMEA4690140,E-MTAB-6814:3574sTS.Human.Liver.CS20.Female,Homo sapiens,female,ERP109002,E-MTAB-6814:3574sTS.Human.Liver.CS20.Female
ERR2598219,7,RNA-Seq,101,4065052040,PRJEB26969,SAMEA4690141,ArrayExpress,1664711831,Lausanne Genomics Technology Facility,human,public,"fastq,run.zq,sra","ena,gs,ncbi,s3","ena,gs.us-east1,ncbi.public,s3.us-east-1","embryo,7 week post conception",normal,2019-02-18,2018-12-30T17:01:52Z,2018-11-16,2018-05-25T13:50:12Z,ERX2614500,7 week post conception,liver,male,SAMEA4690141,University of Heidelberg,2018-12-30T17:01:52Z,2018-05-25T13:50:12Z,public,Illumina HiSeq 2500,3639sTS.Human.Liver.CS21.Male_s,SINGLE,PolyA,TRANSCRIPTOMIC,liver,Homo sapiens,ILLUMINA,2019-02-19T00:00:00Z,2022-07-18T22:47:00Z,2,SAMEA4690141,E-MTAB-6814:3639sTS.Human.Liver.CS21.Male,Homo sapiens,male,ERP109002,E-MTAB-6814:3639sTS.Human.Liver.CS21.Male
ERR2598220,7,RNA-Seq,101,3812523255,PRJEB26969,SAMEA4690142,ArrayExpress,1572147487,Lausanne Genomics Technology Facility,human,public,"fastq,run.zq,sra","ena,gs,ncbi,s3","ena,gs.us-east1,ncbi.public,s3.us-east-1","embryo,7 week post conception",normal,2019-02-18,2018-12-30T17:01:52Z,2018-11-16,2018-05-25T13:50:12Z,ERX2614501,7 week post conception,liver,male,SAMEA4690142,University of Heidelberg,2018-12-30T17:01:52Z,2018-05-25T13:50:12Z,public,Illumina HiSeq 2500,3641sTS.Human.Liver.CS19.Male_s,SINGLE,PolyA,TRANSCRIPTOMIC,liver,Homo sapiens,ILLUMINA,2019-02-19T00:00:00Z,2022-07-16T22:56:00Z,2,SAMEA4690142,E-MTAB-6814:3641sTS.Human.Liver.CS19.Male,Homo sapiens,male,ERP109002,E-MTAB-6814:3641sTS.Human.Liver.CS19.Male
ERR2598221,7,RNA-Seq,101,2989571821,PRJEB26969,SAMEA4690143,ArrayExpress,1025505880,Lausanne Genomics Technology Facility,human,public,"fastq,run.zq,sra","ena,gs,ncbi,s3","ena,gs.us-east1,ncbi.public,s3.us-east-1","embryo,7 week post conception",normal,2019-02-18,2018-12-30T17:01:52Z,2018-11-16,2018-05-25T13:50:12Z,ERX2614502,7 week post conception,ovary,female,SAMEA4690143,University of Heidelberg,2018-12-30T17:01:52Z,2018-05-25T13:50:12Z,public,Illumina HiSeq 2500,3575sTS.Human.Ovary.CS20.Female_s,SINGLE,PolyA,TRANSCRIPTOMIC,ovary,Homo sapiens,ILLUMINA,2019-02-19T00:00:00Z,2022-07-12T16:24:00Z,2,SAMEA4690143,E-MTAB-6814:3575sTS.Human.Ovary.CS20.Female,Homo sapiens,female,ERP109002,E-MTAB-6814:3575sTS.Human.Ovary.CS20.Female
ERR2598222,7,RNA-Seq,101,2012799104,PRJEB26969,SAMEA4690144,ArrayExpress,748403401,Lausanne Genomics Technology Facility,human,public,"fastq,run.zq,sra","ena,gs,ncbi,s3","ena,gs.us-east1,ncbi.public,s3.us-east-1","embryo,7 week post conception",normal,2019-02-18,2018-12-30T17:01:52Z,2018-11-16,2018-05-25T13:50:12Z,ERX2614503,7 week post conception,ovary,female,SAMEA4690144,University of Heidelberg,2018-12-30T17:01:52Z,2018-05-25T13:50:12Z,public,Illumina HiSeq 2500,5920sTS.Human.Ovary.7w.Female_s,SINGLE,PolyA,TRANSCRIPTOMIC,ovary,Homo sapiens,ILLUMINA,2019-02-19T00:00:00Z,2021-10-24T06:35:00Z,2,SAMEA4690144,E-MTAB-6814:5920sTS.Human.Ovary.7w.Female,Homo sapiens,female,ERP109002,E-MTAB-6814:5920sTS.Human.Ovary.7w.Female
ERR2598223,7,RNA-Seq,101,3861580874,PRJEB26969,SAMEA4690145,ArrayExpress,2640445568,Lausanne Genomics Technology Facility,human,public,"fastq,run.zq,sra","ena,gs,ncbi,s3","ena,gs.us-east1,ncbi.public,s3.us-east-1","embryo,7 week post conception",normal,2019-02-18,2018-12-30T17:01:52Z,2018-11-16,2018-05-25T13:50:12Z,ERX2614504,7 week post conception,testis,male,SAMEA4690145,University of Heidelberg,2018-12-30T17:01:52Z,2018-05-25T13:50:12Z,public,Illumina HiSeq 2500,2015sTSb.Human.Testis.CS21.Male_s,SINGLE,PolyA,TRANSCRIPTOMIC,testis,Homo sapiens,ILLUMINA,2019-02-19T00:00:00Z,2021-10-24T06:56:00Z,2,SAMEA4690145,E-MTAB-6814:2015sTSb.Human.Testis.CS21.Male,Homo sapiens,male,ERP109002,E-MTAB-6814:2015sTSb.Human.Testis.CS21.Male
ERR2598224,7,RNA-Seq,101,4090111756,PRJEB26969,SAMEA4690146,ArrayExpress,1668859707,Lausanne Genomics Technology Facility,human,public,"fastq,run.zq,sra","ena,gs,ncbi,s3","ena,gs.us-east1,ncbi.public,s3.us-east-1","embryo,7 week post conception",normal,2019-02-18,2018-12-30T17:01:52Z,2018-11-16,2018-05-25T13:50:12Z,ERX2614505,7 week post conception,testis,male,SAMEA4690146,University of Heidelberg,2018-12-30T17:01:52Z,2018-05-25T13:50:12Z,public,Illumina HiSeq 2500,3640sTS.Human.Testis.CS21.Male_s,SINGLE,PolyA,TRANSCRIPTOMIC,testis,Homo sapiens,ILLUMINA,2019-02-19T00:00:00Z,2021-10-24T06:55:00Z,2,SAMEA4690146,E-MTAB-6814:3640sTS.Human.Testis.CS21.Male,Homo sapiens,male,ERP109002,E-MTAB-6814:3640sTS.Human.Testis.CS21.Male
ERR2598225,7,RNA-Seq,101,2838988497,PRJEB26969,SAMEA4690147,ArrayExpress,1145666344,Lausanne Genomics Technology Facility,human,public,"fastq,run.zq,sra","ena,gs,ncbi,s3","ena,gs.us-east1,ncbi.public,s3.us-east-1","embryo,7 week post conception",normal,2019-02-18,2018-12-30T17:01:52Z,2018-11-16,2018-05-25T13:50:12Z,ERX2614506,7 week post conception,testis,male,SAMEA4690147,University of Heidelberg,2018-12-30T17:01:52Z,2018-05-25T13:50:12Z,public,Illumina HiSeq 2500,3642sTS.Human.Testis.CS19.Male_s,SINGLE,PolyA,TRANSCRIPTOMIC,testis,Homo sapiens,ILLUMINA,2019-02-19T00:00:00Z,2022-07-26T06:06:00Z,2,SAMEA4690147,E-MTAB-6814:3642sTS.Human.Testis.CS19.Male,Homo sapiens,male,ERP109002,E-MTAB-6814:3642sTS.Human.Testis.CS19.Male
ERR2598226,8,RNA-Seq,101,2474498384,PRJEB26969,SAMEA4690148,ArrayExpress,1478323460,Lausanne Genomics Technology Facility,human,public,"fastq,run.zq,sra","ena,gs,ncbi,s3","ena,gs.us-east1,ncbi.public,s3.us-east-1","8 week post conception,embryo",normal,2019-02-18,2018-12-30T17:01:52Z,2018-11-16,2018-05-25T13:50:12Z,ERX2614507,8 week post conception,forebrain,female,SAMEA4690148,University of Heidelberg,2018-12-30T17:01:52Z,2018-05-25T13:50:12Z,public,Illumina HiSeq 2500,2034sTS.Human.Forebrain.CS22.Female_s,SINGLE,PolyA,TRANSCRIPTOMIC,forebrain,Homo sapiens,ILLUMINA,2019-02-19T00:00:00Z,2022-07-15T21:44:00Z,2,SAMEA4690148,E-MTAB-6814:2034sTS.Human.Forebrain.CS22.Female,Homo sapiens,female,ERP109002,E-MTAB-6814:2034sTS.Human.Forebrain.CS22.Female
ERR2598227,8,RNA-Seq,101,5069268679,PRJEB26969,SAMEA4690149,ArrayExpress,3234166465,Lausanne Genomics Technology Facility,human,public,"fastq,run.zq,sra","ena,gs,ncbi,s3","ena,gs.us-east1,ncbi.public,s3.us-east-1","8 week post conception,embryo",normal,2019-02-18,2018-12-30T17:01:52Z,2018-11-16,2018-05-25T13:50:12Z,ERX2614508,8 week post conception,forebrain,male,SAMEA4690149,University of Heidelberg,2018-12-30T17:01:52Z,2018-05-25T13:50:12Z,public,Illumina HiSeq 2500,2080sTS.Human.Brain.CS23.Male_s,SINGLE,PolyA,TRANSCRIPTOMIC,forebrain,Homo sapiens,ILLUMINA,2019-02-19T00:00:00Z,2022-07-26T06:12:00Z,2,SAMEA4690149,E-MTAB-6814:2080sTS.Human.Brain.CS23.Male,Homo sapiens,male,ERP109002,E-MTAB-6814:2080sTS.Human.Brain.CS23.Male
ERR2598228,8,RNA-Seq,101,2662528367,PRJEB26969,SAMEA4690150,ArrayExpress,1599905325,Lausanne Genomics Technology Facility,human,public,"fastq,run.zq,sra","ena,gs,ncbi,s3","ena,gs.us-east1,ncbi.public,s3.us-east-1","8 week post conception,embryo",normal,2019-02-18,2018-12-30T17:01:52Z,2018-11-16,2018-05-25T13:50:12Z,ERX2614509,8 week post conception,forebrain,female,SAMEA4690150,University of Heidelberg,2018-12-30T17:01:52Z,2018-05-25T13:50:12Z,public,Illumina HiSeq 2500,2086sTSm.Human.Brain.CS23.Female_s,SINGLE,PolyA,TRANSCRIPTOMIC,forebrain,Homo sapiens,ILLUMINA,2019-02-19T00:00:00Z,2021-10-24T06:46:00Z,2,SAMEA4690150,E-MTAB-6814:2086sTSm.Human.Brain.CS23.Female,Homo sapiens,female,ERP109002,E-MTAB-6814:2086sTSm.Human.Brain.CS23.Female
ERR2598229,8,RNA-Seq,101,4011722626,PRJEB26969,SAMEA4690151,ArrayExpress,2155235147,Lausanne Genomics Technology Facility,human,public,"fastq,run.zq,sra","ena,gs,ncbi,s3","ena,gs.us-east1,ncbi.public,s3.us-east-1","8 week post conception,embryo",normal,2019-02-18,2018-12-30T17:01:52Z,2018-11-16,2018-05-25T13:50:12Z,ERX2614510,8 week post conception,forebrain,male,SAMEA4690151,University of Heidelberg,2018-12-30T17:01:52Z,2018-05-25T13:50:12Z,public,Illumina HiSeq 2500,2035sTSm.Human.Forebrain.8w.Male_s,SINGLE,PolyA,TRANSCRIPTOMIC,forebrain,Homo sapiens,ILLUMINA,2019-02-19T00:00:00Z,2022-07-14T10:07:00Z,2,SAMEA4690151,E-MTAB-6814:2035sTSm.Human.Forebrain.8w.Male,Homo sapiens,male,ERP109002,E-MTAB-6814:2035sTSm.Human.Forebrain.8w.Male
ERR2598230,8,RNA-Seq,101,2846434318,PRJEB26969,SAMEA4690152,ArrayExpress,1647488647,Lausanne Genomics Technology Facility,human,public,"fastq,run.zq,sra","ena,gs,ncbi,s3","ena,gs.us-east1,ncbi.public,s3.us-east-1","8 week post conception,embryo",normal,2019-02-18,2018-12-30T17:01:52Z,2018-11-16,2018-05-25T13:50:12Z,ERX2614511,8 week post conception,heart,male,SAMEA4690152,University of Heidelberg,2018-12-30T17:01:52Z,2018-05-25T13:50:12Z,public,Illumina HiSeq 2500,1443sTSm.Human.Heart.CS23.Male_s,SINGLE,PolyA,TRANSCRIPTOMIC,heart,Homo sapiens,ILLUMINA,2019-02-19T00:00:00Z,2022-07-21T14:04:00Z,2,SAMEA4690152,E-MTAB-6814:1443sTSm.Human.Heart.CS23.Male,Homo sapiens,male,ERP109002,E-MTAB-6814:1443sTSm.Human.Heart.CS23.Male
ERR2598231,8,RNA-Seq,101,3462497554,PRJEB26969,SAMEA4690153,ArrayExpress,2378449494,Lausanne Genomics Technology Facility,human,public,"fastq,run.zq,sra","ena,gs,ncbi,s3","ena,gs.us-east1,ncbi.public,s3.us-east-1","8 week post conception,embryo",normal,2019-02-18,2018-12-30T17:01:52Z,2018-11-16,2018-05-25T13:50:12Z,ERX2614512,8 week post conception,heart,male,SAMEA4690153,University of Heidelberg,2018-12-30T17:01:52Z,2018-05-25T13:50:12Z,public,Illumina HiSeq 2500,2030sTSb.Human.Heart.CS22.Male_s,SINGLE,PolyA,TRANSCRIPTOMIC,heart,Homo sapiens,ILLUMINA,2019-02-19T00:00:00Z,2022-07-26T06:08:00Z,2,SAMEA4690153,E-MTAB-6814:2030sTSb.Human.Heart.CS22.Male,Homo sapiens,male,ERP109002,E-MTAB-6814:2030sTSb.Human.Heart.CS22.Male
ERR2598232,8,RNA-Seq,101,5236870200,PRJEB26969,SAMEA4690154,ArrayExpress,2667169710,Lausanne Genomics Technology Facility,human,public,"fastq,run.zq,sra","ena,gs,ncbi,s3","ena,gs.us-east1,ncbi.public,s3.us-east-1","8 week post conception,embryo",normal,2019-02-18,2018-12-30T17:01:52Z,2018-11-16,2018-05-25T13:50:12Z,ERX2614513,8 week post conception,heart,female,SAMEA4690154,University of Heidelberg,2018-12-30T17:01:52Z,2018-05-25T13:50:12Z,public,Illumina HiSeq 2500,2032sTSm.Human.Heart.CS22.Female_s,SINGLE,PolyA,TRANSCRIPTOMIC,heart,Homo sapiens,ILLUMINA,2019-02-19T00:00:00Z,2022-07-17T23:41:00Z,2,SAMEA4690154,E-MTAB-6814:2032sTSm.Human.Heart.CS22.Female,Homo sapiens,female,ERP109002,E-MTAB-6814:2032sTSm.Human.Heart.CS22.Female
ERR2598233,8,RNA-Seq,101,4498839465,PRJEB26969,SAMEA4690155,ArrayExpress,2874675672,Lausanne Genomics Technology Facility,human,public,"fastq,run.zq,sra","ena,gs,ncbi,s3","ena,gs.us-east1,ncbi.public,s3.us-east-1","8 week post conception,embryo",normal,2019-02-18,2018-12-30T17:01:52Z,2018-11-16,2018-05-25T13:50:12Z,ERX2614514,8 week post conception,heart,female,SAMEA4690155,University of Heidelberg,2018-12-30T17:01:52Z,2018-05-25T13:50:12Z,public,Illumina HiSeq 2500,2081sTS.Human.Heart.CS23.Female_s,SINGLE,PolyA,TRANSCRIPTOMIC,heart,Homo sapiens,ILLUMINA,2019-02-19T00:00:00Z,2021-10-24T07:02:00Z,2,SAMEA4690155,E-MTAB-6814:2081sTS.Human.Heart.CS23.Female,Homo sapiens,female,ERP109002,E-MTAB-6814:2081sTS.Human.Heart.CS23.Female
ERR2598234,8,RNA-Seq,101,2900027039,PRJEB26969,SAMEA4690156,ArrayExpress,2012080156,Lausanne Genomics Technology Facility,human,public,"fastq,run.zq,sra","ena,gs,ncbi,s3","ena,gs.us-east1,ncbi.public,s3.us-east-1","8 week post conception,embryo",normal,2019-02-18,2018-12-30T17:01:52Z,2018-11-16,2018-05-25T13:50:12Z,ERX2614515,8 week post conception,heart,male,SAMEA4690156,University of Heidelberg,2018-12-30T17:01:52Z,2018-05-25T13:50:12Z,public,Illumina HiSeq 2500,2037sTSb.Human.Heart.8w.Male_s,SINGLE,PolyA,TRANSCRIPTOMIC,heart,Homo sapiens,ILLUMINA,2019-02-19T00:00:00Z,2021-10-24T06:52:00Z,2,SAMEA4690156,E-MTAB-6814:2037sTSb.Human.Heart.8w.Male,Homo sapiens,male,ERP109002,E-MTAB-6814:2037sTSb.Human.Heart.8w.Male
ERR2598235,8,RNA-Seq,101,1896347922,PRJEB26969,SAMEA4690157,ArrayExpress,1104404717,Lausanne Genomics Technology Facility,human,public,"fastq,run.zq,sra","ena,gs,ncbi,s3","ena,gs.us-east1,ncbi.public,s3.us-east-1","8 week post conception,embryo",normal,2019-02-18,2018-12-30T17:01:52Z,2018-11-16,2018-05-25T13:50:12Z,ERX2614516,8 week post conception,hindbrain,male,SAMEA4690157,University of Heidelberg,2018-12-30T17:01:52Z,2018-05-25T13:50:12Z,public,Illumina HiSeq 2500,2031sTS.Human.Hindbrain.CS22.Male_s,SINGLE,PolyA,TRANSCRIPTOMIC,hindbrain,Homo sapiens,ILLUMINA,2019-02-19T00:00:00Z,2022-07-13T12:16:00Z,2,SAMEA4690157,E-MTAB-6814:2031sTS.Human.Hindbrain.CS22.Male,Homo sapiens,male,ERP109002,E-MTAB-6814:2031sTS.Human.Hindbrain.CS22.Male
ERR2598236,8,RNA-Seq,101,2793280442,PRJEB26969,SAMEA4690158,ArrayExpress,1671714716,Lausanne Genomics Technology Facility,human,public,"fastq,run.zq,sra","ena,gs,ncbi,s3","ena,gs.us-east1,ncbi.public,s3.us-east-1","8 week post conception,embryo",normal,2019-02-18,2018-12-30T17:01:52Z,2018-11-16,2018-05-25T13:50:12Z,ERX2614517,8 week post conception,hindbrain,female,SAMEA4690158,University of Heidelberg,2018-12-30T17:01:52Z,2018-05-25T13:50:12Z,public,Illumina HiSeq 2500,2033sTS.Human.Hindbrain.CS22.Female_s,SINGLE,PolyA,TRANSCRIPTOMIC,hindbrain,Homo sapiens,ILLUMINA,2019-02-19T00:00:00Z,2021-10-24T06:50:00Z,2,SAMEA4690158,E-MTAB-6814:2033sTS.Human.Hindbrain.CS22.Female,Homo sapiens,female,ERP109002,E-MTAB-6814:2033sTS.Human.Hindbrain.CS22.Female
ERR2598237,8,RNA-Seq,101,3543389464,PRJEB26969,SAMEA4690159,ArrayExpress,2419584612,Lausanne Genomics Technology Facility,human,public,"fastq,run.zq,sra","ena,gs,ncbi,s3","ena,gs.us-east1,ncbi.public,s3.us-east-1","8 week post conception,embryo",normal,2019-02-18,2018-12-30T17:01:52Z,2018-11-16,2018-05-25T13:50:12Z,ERX2614518,8 week post conception,hindbrain,female,SAMEA4690159,University of Heidelberg,2018-12-30T17:01:52Z,2018-05-25T13:50:12Z,public,Illumina HiSeq 2500,2082sTSb.Human.Hindbrain.CS23.Female_s,SINGLE,PolyA,TRANSCRIPTOMIC,hindbrain,Homo sapiens,ILLUMINA,2019-02-19T00:00:00Z,2022-07-15T06:49:00Z,2,SAMEA4690159,E-MTAB-6814:2082sTSb.Human.Hindbrain.CS23.Female,Homo sapiens,female,ERP109002,E-MTAB-6814:2082sTSb.Human.Hindbrain.CS23.Female
ERR2598238,8,RNA-Seq,101,4593842994,PRJEB26969,SAMEA4690160,ArrayExpress,2294754446,Lausanne Genomics Technology Facility,human,public,"fastq,run.zq,sra","ena,gs,ncbi,s3","ena,gs.us-east1,ncbi.public,s3.us-east-1","8 week post conception,embryo",normal,2019-02-18,2018-12-30T17:01:52Z,2018-11-16,2018-05-25T13:50:12Z,ERX2614519,8 week post conception,hindbrain,male,SAMEA4690160,University of Heidelberg,2018-12-30T17:01:52Z,2018-05-25T13:50:12Z,public,Illumina HiSeq 2500,2036sTSm.Human.Hindbrain.8w.Male_s,SINGLE,PolyA,TRANSCRIPTOMIC,hindbrain,Homo sapiens,ILLUMINA,2019-02-19T00:00:00Z,2022-07-12T19:16:00Z,2,SAMEA4690160,E-MTAB-6814:2036sTSm.Human.Hindbrain.8w.Male,Homo sapiens,male,ERP109002,E-MTAB-6814:2036sTSm.Human.Hindbrain.8w.Male
ERR2598239,8,RNA-Seq,101,3157982857,PRJEB26969,SAMEA4690161,ArrayExpress,1126389682,Lausanne Genomics Technology Facility,human,public,"fastq,run.zq,sra","ena,gs,ncbi,s3","ena,gs.us-east1,ncbi.public,s3.us-east-1","8 week post conception,embryo",normal,2019-02-18,2018-12-30T17:01:52Z,2018-11-16,2018-05-25T13:50:12Z,ERX2614520,8 week post conception,kidney,female,SAMEA4690161,University of Heidelberg,2018-12-30T17:01:52Z,2018-05-25T13:50:12Z,public,Illumina HiSeq 2500,5645sTS.Human.Kidney.CS22.Female_s,SINGLE,PolyA,TRANSCRIPTOMIC,kidney,Homo sapiens,ILLUMINA,2019-02-19T00:00:00Z,2022-07-26T06:07:00Z,2,SAMEA4690161,E-MTAB-6814:5645sTS.Human.Kidney.CS22.Female,Homo sapiens,female,ERP109002,E-MTAB-6814:5645sTS.Human.Kidney.CS22.Female
ERR2598240,8,RNA-Seq,101,2737440067,PRJEB26969,SAMEA4690162,ArrayExpress,990251561,Lausanne Genomics Technology Facility,human,public,"fastq,run.zq,sra","ena,gs,ncbi,s3","ena,gs.us-east1,ncbi.public,s3.us-east-1","8 week post conception,embryo",normal,2019-02-18,2018-12-30T17:01:52Z,2018-11-16,2018-05-25T13:50:12Z,ERX2614521,8 week post conception,kidney,male,SAMEA4690162,University of Heidelberg,2018-12-30T17:01:52Z,2018-05-25T13:50:12Z,public,Illumina HiSeq 2500,5676sTS.Human.Kidney.CS23.Male_s,SINGLE,PolyA,TRANSCRIPTOMIC,kidney,Homo sapiens,ILLUMINA,2019-02-19T00:00:00Z,2022-07-15T23:39:00Z,2,SAMEA4690162,E-MTAB-6814:5676sTS.Human.Kidney.CS23.Male,Homo sapiens,male,ERP109002,E-MTAB-6814:5676sTS.Human.Kidney.CS23.Male
ERR2598241,8,RNA-Seq,101,2402339035,PRJEB26969,SAMEA4690163,ArrayExpress,1385962231,Lausanne Genomics Technology Facility,human,public,"fastq,run.zq,sra","ena,gs,ncbi,s3","ena,gs.us-east1,ncbi.public,s3.us-east-1","8 week post conception,embryo",normal,2019-02-18,2018-12-30T17:01:52Z,2018-11-16,2018-05-25T13:50:12Z,ERX2614522,8 week post conception,liver,male,SAMEA4690163,University of Heidelberg,2018-12-30T17:01:52Z,2018-05-25T13:50:12Z,public,Illumina HiSeq 2500,2016sTSm.Human.Liver.CS22.Male_s,SINGLE,PolyA,TRANSCRIPTOMIC,liver,Homo sapiens,ILLUMINA,2019-02-19T00:00:00Z,2022-07-17T09:59:00Z,2,SAMEA4690163,E-MTAB-6814:2016sTSm.Human.Liver.CS22.Male,Homo sapiens,male,ERP109002,E-MTAB-6814:2016sTSm.Human.Liver.CS22.Male
ERR2598242,8,RNA-Seq,101,2766732188,PRJEB26969,SAMEA4690164,ArrayExpress,1579035699,Lausanne Genomics Technology Facility,human,public,"fastq,run.zq,sra","ena,gs,ncbi,s3","ena,gs.us-east1,ncbi.public,s3.us-east-1","8 week post conception,embryo",normal,2019-02-18,2018-12-30T17:01:52Z,2018-11-16,2018-05-25T13:50:12Z,ERX2614523,8 week post conception,liver,female,SAMEA4690164,University of Heidelberg,2018-12-30T17:01:52Z,2018-05-25T13:50:12Z,public,Illumina HiSeq 2500,2017sTSm.Human.Liver.CS22.Female_s,SINGLE,PolyA,TRANSCRIPTOMIC,liver,Homo sapiens,ILLUMINA,2019-02-19T00:00:00Z,2021-10-24T06:59:00Z,2,SAMEA4690164,E-MTAB-6814:2017sTSm.Human.Liver.CS22.Female,Homo sapiens,female,ERP109002,E-MTAB-6814:2017sTSm.Human.Liver.CS22.Female
ERR2598243,8,RNA-Seq,101,2445769641,PRJEB26969,SAMEA4690165,ArrayExpress,1502430900,Lausanne Genomics Technology Facility,human,public,"fastq,run.zq,sra","ena,gs,ncbi,s3","ena,gs.us-east1,ncbi.public,s3.us-east-1","8 week post conception,embryo",normal,2019-02-18,2018-12-30T17:01:52Z,2018-11-16,2018-05-25T13:50:13Z,ERX2614524,8 week post conception,liver,female,SAMEA4690165,University of Heidelberg,2018-12-30T17:01:52Z,2018-05-25T13:50:13Z,public,Illumina HiSeq 2500,2085sTSm.Human.Liver.CS23.Female_s,SINGLE,PolyA,TRANSCRIPTOMIC,liver,Homo sapiens,ILLUMINA,2019-02-19T00:00:00Z,2022-07-15T21:44:00Z,2,SAMEA4690165,E-MTAB-6814:2085sTSm.Human.Liver.CS23.Female,Homo sapiens,female,ERP109002,E-MTAB-6814:2085sTSm.Human.Liver.CS23.Female
ERR2598244,8,RNA-Seq,101,5414361944,PRJEB26969,SAMEA4690166,ArrayExpress,2722784853,Lausanne Genomics Technology Facility,human,public,"fastq,run.zq,sra","ena,gs,ncbi,s3","ena,gs.us-east1,ncbi.public,s3.us-east-1","8 week post conception,embryo",normal,2019-02-18,2018-12-30T17:01:52Z,2018-11-16,2018-05-25T13:50:13Z,ERX2614525,8 week post conception,liver,male,SAMEA4690166,University of Heidelberg,2018-12-30T17:01:52Z,2018-05-25T13:50:13Z,public,Illumina HiSeq 2500,2019sTSm.Human.Liver.8w.Male_s,SINGLE,PolyA,TRANSCRIPTOMIC,liver,Homo sapiens,ILLUMINA,2019-02-19T00:00:00Z,2022-07-17T20:25:00Z,2,SAMEA4690166,E-MTAB-6814:2019sTSm.Human.Liver.8w.Male,Homo sapiens,male,ERP109002,E-MTAB-6814:2019sTSm.Human.Liver.8w.Male
ERR2598245,8,RNA-Seq,101,2764675525,PRJEB26969,SAMEA4690167,ArrayExpress,1567113360,Lausanne Genomics Technology Facility,human,public,"fastq,run.zq,sra","ena,gs,ncbi,s3","ena,gs.us-east1,ncbi.public,s3.us-east-1","8 week post conception,embryo",normal,2019-02-18,2018-12-30T17:01:52Z,2018-11-16,2018-05-25T13:50:13Z,ERX2614526,8 week post conception,ovary,female,SAMEA4690167,University of Heidelberg,2018-12-30T17:01:52Z,2018-05-25T13:50:13Z,public,Illumina HiSeq 2500,2018sTSm.Human.Ovary.CS22.Female_s,SINGLE,PolyA,TRANSCRIPTOMIC,ovary,Homo sapiens,ILLUMINA,2019-02-19T00:00:00Z,2022-07-26T06:06:00Z,2,SAMEA4690167,E-MTAB-6814:2018sTSm.Human.Ovary.CS22.Female,Homo sapiens,female,ERP109002,E-MTAB-6814:2018sTSm.Human.Ovary.CS22.Female
ERR2598246,8,RNA-Seq,101,5813724327,PRJEB26969,SAMEA4690169,ArrayExpress,3118866846,Lausanne Genomics Technology Facility,human,public,"fastq,run.zq,sra","ena,gs,ncbi,s3","ena,gs.us-east1,ncbi.public,s3.us-east-1","8 week post conception,embryo",normal,2019-02-18,2018-12-30T17:01:52Z,2018-11-16,2018-05-25T13:50:13Z,ERX2614527,8 week post conception,ovary,female,SAMEA4690169,University of Heidelberg,2018-12-30T17:01:52Z,2018-05-25T13:50:13Z,public,Illumina HiSeq 2500,2083sTSm.Human.Ovary.CS23.Female_s,SINGLE,PolyA,TRANSCRIPTOMIC,ovary,Homo sapiens,ILLUMINA,2019-02-19T00:00:00Z,2021-10-24T07:03:00Z,2,SAMEA4690169,E-MTAB-6814:2083sTSm.Human.Ovary.CS23.Female,Homo sapiens,female,ERP109002,E-MTAB-6814:2083sTSm.Human.Ovary.CS23.Female
ERR2598247,8,RNA-Seq,101,2135767311,PRJEB26969,SAMEA4690170,ArrayExpress,1277922590,Lausanne Genomics Technology Facility,human,public,"fastq,run.zq,sra","ena,gs,ncbi,s3","ena,gs.us-east1,ncbi.public,s3.us-east-1","8 week post conception,embryo",normal,2019-02-18,2018-12-30T17:01:52Z,2018-11-16,2018-05-25T13:50:13Z,ERX2614528,8 week post conception,testis,male,SAMEA4690170,University of Heidelberg,2018-12-30T17:01:52Z,2018-05-25T13:50:13Z,public,Illumina HiSeq 2500,1990sTS.Human.Testis.CS22.Male_s,SINGLE,PolyA,TRANSCRIPTOMIC,testis,Homo sapiens,ILLUMINA,2019-02-19T00:00:00Z,2022-07-26T06:03:00Z,2,SAMEA4690170,E-MTAB-6814:1990sTS.Human.Testis.CS22.Male,Homo sapiens,male,ERP109002,E-MTAB-6814:1990sTS.Human.Testis.CS22.Male
ERR2598248,8,RNA-Seq,101,3375452926,PRJEB26969,SAMEA4690171,ArrayExpress,1214012312,Lausanne Genomics Technology Facility,human,public,"fastq,run.zq,sra","ena,gs,ncbi,s3","ena,gs.us-east1,ncbi.public,s3.us-east-1","8 week post conception,embryo",normal,2019-02-18,2018-12-30T17:01:52Z,2018-11-16,2018-05-25T13:50:13Z,ERX2614529,8 week post conception,testis,male,SAMEA4690171,University of Heidelberg,2018-12-30T17:01:52Z,2018-05-25T13:50:13Z,public,Illumina HiSeq 2500,1991sTS.Human.Testis.CS23.Male_s,SINGLE,PolyA,TRANSCRIPTOMIC,testis,Homo sapiens,ILLUMINA,2019-02-19T00:00:00Z,2021-10-24T06:53:00Z,2,SAMEA4690171,E-MTAB-6814:1991sTS.Human.Testis.CS23.Male,Homo sapiens,male,ERP109002,E-MTAB-6814:1991sTS.Human.Testis.CS23.Male
ERR2598249,8,RNA-Seq,101,4469725407,PRJEB26969,SAMEA4690172,ArrayExpress,2269267213,Lausanne Genomics Technology Facility,human,public,"fastq,run.zq,sra","ena,gs,ncbi,s3","ena,gs.us-east1,ncbi.public,s3.us-east-1","8 week post conception,embryo",normal,2019-02-18,2018-12-30T17:01:52Z,2018-11-16,2018-05-25T13:50:13Z,ERX2614530,8 week post conception,testis,male,SAMEA4690172,University of Heidelberg,2018-12-30T17:01:52Z,2018-05-25T13:50:13Z,public,Illumina HiSeq 2500,2020sTSm.Human.Testis.8w.Male_s,SINGLE,PolyA,TRANSCRIPTOMIC,testis,Homo sapiens,ILLUMINA,2019-02-19T00:00:00Z,2022-07-14T14:49:00Z,2,SAMEA4690172,E-MTAB-6814:2020sTSm.Human.Testis.8w.Male,Homo sapiens,male,ERP109002,E-MTAB-6814:2020sTSm.Human.Testis.8w.Male
ERR2598250,9,RNA-Seq,101,3502799584,PRJEB26969,SAMEA4690173,ArrayExpress,2362806358,Lausanne Genomics Technology Facility,human,public,"fastq,run.zq,sra","ena,gs,ncbi,s3","ena,gs.us-east1,ncbi.public,s3.us-east-1","9 week post conception,late embryo",normal,2019-02-18,2018-12-30T17:01:52Z,2018-11-16,2018-05-25T13:50:13Z,ERX2614531,9 week post conception,forebrain,male,SAMEA4690173,University of Heidelberg,2018-12-30T17:01:52Z,2018-05-25T13:50:13Z,public,Illumina HiSeq 2500,2041sTSb.Human.Brain.9w.Male_s,SINGLE,PolyA,TRANSCRIPTOMIC,forebrain,Homo sapiens,ILLUMINA,2019-02-19T00:00:00Z,2022-07-22T07:37:00Z,2,SAMEA4690173,E-MTAB-6814:2041sTSb.Human.Brain.9w.Male,Homo sapiens,male,ERP109002,E-MTAB-6814:2041sTSb.Human.Brain.9w.Male
ERR2598251,9,RNA-Seq,101,1857287687,PRJEB26969,SAMEA4690174,ArrayExpress,1115990369,Lausanne Genomics Technology Facility,human,public,"fastq,run.zq,sra","ena,gs,ncbi,s3","ena,gs.us-east1,ncbi.public,s3.us-east-1","9 week post conception,late embryo",normal,2019-02-18,2018-12-30T17:01:52Z,2018-11-16,2018-05-25T13:50:13Z,ERX2614532,9 week post conception,forebrain,female,SAMEA4690174,University of Heidelberg,2018-12-30T17:01:52Z,2018-05-25T13:50:13Z,public,Illumina HiSeq 2500,2050sTS.Human.Forebrain.9w.Female_s,SINGLE,PolyA,TRANSCRIPTOMIC,forebrain,Homo sapiens,ILLUMINA,2019-02-19T00:00:00Z,2022-07-26T06:04:00Z,2,SAMEA4690174,E-MTAB-6814:2050sTS.Human.Forebrain.9w.Female,Homo sapiens,female,ERP109002,E-MTAB-6814:2050sTS.Human.Forebrain.9w.Female
ERR2598252,9,RNA-Seq,101,2086286199,PRJEB26969,SAMEA4690175,ArrayExpress,1258100195,Lausanne Genomics Technology Facility,human,public,"fastq,run.zq,sra","ena,gs,ncbi,s3","ena,gs.us-east1,ncbi.public,s3.us-east-1","9 week post conception,late embryo",normal,2019-02-18,2018-12-30T17:01:52Z,2018-11-16,2018-05-25T13:50:13Z,ERX2614533,9 week post conception,forebrain,male,SAMEA4690175,University of Heidelberg,2018-12-30T17:01:52Z,2018-05-25T13:50:13Z,public,Illumina HiSeq 2500,2068sTS.Human.Brain.9w.Male_s,SINGLE,PolyA,TRANSCRIPTOMIC,forebrain,Homo sapiens,ILLUMINA,2019-02-19T00:00:00Z,2022-07-20T19:53:00Z,2,SAMEA4690175,E-MTAB-6814:2068sTS.Human.Brain.9w.Male,Homo sapiens,male,ERP109002,E-MTAB-6814:2068sTS.Human.Brain.9w.Male
ERR2598253,9,RNA-Seq,101,4644457528,PRJEB26969,SAMEA4690176,ArrayExpress,2422392923,Lausanne Genomics Technology Facility,human,public,"fastq,run.zq,sra","ena,gs,ncbi,s3","ena,gs.us-east1,ncbi.public,s3.us-east-1","9 week post conception,late embryo",normal,2019-02-18,2018-12-30T17:01:52Z,2018-11-16,2018-05-25T13:50:13Z,ERX2614534,9 week post conception,heart,male,SAMEA4690176,University of Heidelberg,2018-12-30T17:01:52Z,2018-05-25T13:50:13Z,public,Illumina HiSeq 2500,2039sTSm.Human.Heart.9w.Male_s,SINGLE,PolyA,TRANSCRIPTOMIC,heart,Homo sapiens,ILLUMINA,2019-02-19T00:00:00Z,2021-10-24T06:50:00Z,2,SAMEA4690176,E-MTAB-6814:2039sTSm.Human.Heart.9w.Male,Homo sapiens,male,ERP109002,E-MTAB-6814:2039sTSm.Human.Heart.9w.Male
ERR2598254,9,RNA-Seq,101,5542494281,PRJEB26969,SAMEA4690177,ArrayExpress,2732334202,Lausanne Genomics Technology Facility,human,public,"fastq,run.zq,sra","ena,gs,ncbi,s3","ena,gs.us-east1,ncbi.public,s3.us-east-1","9 week post conception,late embryo",normal,2019-02-18,2018-12-30T17:01:52Z,2018-11-16,2018-05-25T13:50:13Z,ERX2614535,9 week post conception,heart,female,SAMEA4690177,University of Heidelberg,2018-12-30T17:01:52Z,2018-05-25T13:50:13Z,public,Illumina HiSeq 2500,2051sTSm.Human.Heart.9w.Female_s,SINGLE,PolyA,TRANSCRIPTOMIC,heart,Homo sapiens,ILLUMINA,2019-02-19T00:00:00Z,2021-10-24T07:04:00Z,2,SAMEA4690177,E-MTAB-6814:2051sTSm.Human.Heart.9w.Female,Homo sapiens,female,ERP109002,E-MTAB-6814:2051sTSm.Human.Heart.9w.Female
ERR2598255,9,RNA-Seq,101,3973548161,PRJEB26969,SAMEA4690178,ArrayExpress,2670218800,Lausanne Genomics Technology Facility,human,public,"fastq,run.zq,sra","ena,gs,ncbi,s3","ena,gs.us-east1,ncbi.public,s3.us-east-1","9 week post conception,late embryo",normal,2019-02-18,2018-12-30T17:01:52Z,2018-11-16,2018-05-25T13:50:13Z,ERX2614536,9 week post conception,heart,male,SAMEA4690178,University of Heidelberg,2018-12-30T17:01:52Z,2018-05-25T13:50:13Z,public,Illumina HiSeq 2500,2071sTS.Human.Heart.9w.Male_s,SINGLE,PolyA,TRANSCRIPTOMIC,heart,Homo sapiens,ILLUMINA,2019-02-19T00:00:00Z,2022-07-18T16:29:00Z,2,SAMEA4690178,E-MTAB-6814:2071sTS.Human.Heart.9w.Male,Homo sapiens,male,ERP109002,E-MTAB-6814:2071sTS.Human.Heart.9w.Male
ERR2598256,9,RNA-Seq,101,1827402797,PRJEB26969,SAMEA4690179,ArrayExpress,1098136288,Lausanne Genomics Technology Facility,human,public,"fastq,run.zq,sra","ena,gs,ncbi,s3","ena,gs.us-east1,ncbi.public,s3.us-east-1","9 week post conception,late embryo",normal,2019-02-18,2018-12-30T17:01:52Z,2018-11-16,2018-05-25T13:50:13Z,ERX2614537,9 week post conception,hindbrain,male,SAMEA4690179,University of Heidelberg,2018-12-30T17:01:52Z,2018-05-25T13:50:13Z,public,Illumina HiSeq 2500,2040sTS.Human.Hindbrain.9w.Male_s,SINGLE,PolyA,TRANSCRIPTOMIC,hindbrain,Homo sapiens,ILLUMINA,2019-02-19T00:00:00Z,2022-07-26T06:03:00Z,2,SAMEA4690179,E-MTAB-6814:2040sTS.Human.Hindbrain.9w.Male,Homo sapiens,male,ERP109002,E-MTAB-6814:2040sTS.Human.Hindbrain.9w.Male
ERR2598257,9,RNA-Seq,101,2711408226,PRJEB26969,SAMEA4690180,ArrayExpress,1625111893,Lausanne Genomics Technology Facility,human,public,"fastq,run.zq,sra","ena,gs,ncbi,s3","ena,gs.us-east1,ncbi.public,s3.us-east-1","9 week post conception,late embryo",normal,2019-02-18,2018-12-30T17:01:52Z,2018-11-16,2018-05-25T13:50:13Z,ERX2614538,9 week post conception,hindbrain,female,SAMEA4690180,University of Heidelberg,2018-12-30T17:01:52Z,2018-05-25T13:50:13Z,public,Illumina HiSeq 2500,2054sTS.Human.Hindbrain.9w.Female_s,SINGLE,PolyA,TRANSCRIPTOMIC,hindbrain,Homo sapiens,ILLUMINA,2019-02-19T00:00:00Z,2021-10-24T06:56:00Z,2,SAMEA4690180,E-MTAB-6814:2054sTS.Human.Hindbrain.9w.Female,Homo sapiens,female,ERP109002,E-MTAB-6814:2054sTS.Human.Hindbrain.9w.Female
ERR2598258,9,RNA-Seq,101,2794794533,PRJEB26969,SAMEA4690181,ArrayExpress,977461448,Lausanne Genomics Technology Facility,human,public,"fastq,run.zq,sra","ena,gs,ncbi,s3","ena,gs.us-east1,ncbi.public,s3.us-east-1","9 week post conception,late embryo",normal,2019-02-18,2018-12-30T17:01:52Z,2018-11-16,2018-05-25T13:50:13Z,ERX2614539,9 week post conception,kidney,male,SAMEA4690181,University of Heidelberg,2018-12-30T17:01:52Z,2018-05-25T13:50:13Z,public,Illumina HiSeq 2500,5680sTS.Human.Kidney.9w.Male_s,SINGLE,PolyA,TRANSCRIPTOMIC,kidney,Homo sapiens,ILLUMINA,2019-02-19T00:00:00Z,2021-10-24T06:43:00Z,2,SAMEA4690181,E-MTAB-6814:5680sTS.Human.Kidney.9w.Male,Homo sapiens,male,ERP109002,E-MTAB-6814:5680sTS.Human.Kidney.9w.Male
ERR2598259,9,RNA-Seq,101,2065410812,PRJEB26969,SAMEA4690182,ArrayExpress,777713561,Lausanne Genomics Technology Facility,human,public,"fastq,run.zq,sra","ena,gs,ncbi,s3","ena,gs.us-east1,ncbi.public,s3.us-east-1","9 week post conception,late embryo",normal,2019-02-18,2018-12-30T17:01:52Z,2018-11-16,2018-05-25T13:50:13Z,ERX2614540,9 week post conception,kidney,male,SAMEA4690182,University of Heidelberg,2018-12-30T17:01:52Z,2018-05-25T13:50:13Z,public,Illumina HiSeq 2500,5925sTS.Human.Kidney.9w.Male_s,SINGLE,PolyA,TRANSCRIPTOMIC,kidney,Homo sapiens,ILLUMINA,2019-02-19T00:00:00Z,2022-07-22T13:49:00Z,2,SAMEA4690182,E-MTAB-6814:5925sTS.Human.Kidney.9w.Male,Homo sapiens,male,ERP109002,E-MTAB-6814:5925sTS.Human.Kidney.9w.Male
ERR2598260,9,RNA-Seq,101,3819976651,PRJEB26969,SAMEA4690183,ArrayExpress,2582094462,Lausanne Genomics Technology Facility,human,public,"fastq,run.zq,sra","ena,gs,ncbi,s3","ena,gs.us-east1,ncbi.public,s3.us-east-1","9 week post conception,late embryo",normal,2019-02-18,2018-12-30T17:01:52Z,2018-11-16,2018-05-25T13:50:13Z,ERX2614541,9 week post conception,liver,male,SAMEA4690183,University of Heidelberg,2018-12-30T17:01:52Z,2018-05-25T13:50:13Z,public,Illumina HiSeq 2500,2022sTSb.Human.Liver.9w.Male_s,SINGLE,PolyA,TRANSCRIPTOMIC,liver,Homo sapiens,ILLUMINA,2019-02-19T00:00:00Z,2022-07-13T22:48:00Z,2,SAMEA4690183,E-MTAB-6814:2022sTSb.Human.Liver.9w.Male,Homo sapiens,male,ERP109002,E-MTAB-6814:2022sTSb.Human.Liver.9w.Male
ERR2598261,9,RNA-Seq,101,2132266247,PRJEB26969,SAMEA4690184,ArrayExpress,1284468196,Lausanne Genomics Technology Facility,human,public,"fastq,run.zq,sra","ena,gs,ncbi,s3","ena,gs.us-east1,ncbi.public,s3.us-east-1","9 week post conception,late embryo",normal,2019-02-18,2018-12-30T17:01:52Z,2018-11-16,2018-05-25T13:50:13Z,ERX2614542,9 week post conception,liver,female,SAMEA4690184,University of Heidelberg,2018-12-30T17:01:52Z,2018-05-25T13:50:13Z,public,Illumina HiSeq 2500,2053sTS.Human.Liver.9w.Female_s,SINGLE,PolyA,TRANSCRIPTOMIC,liver,Homo sapiens,ILLUMINA,2019-02-19T00:00:00Z,2022-07-21T19:13:00Z,2,SAMEA4690184,E-MTAB-6814:2053sTS.Human.Liver.9w.Female,Homo sapiens,female,ERP109002,E-MTAB-6814:2053sTS.Human.Liver.9w.Female
ERR2598262,9,RNA-Seq,101,4007165203,PRJEB26969,SAMEA4690185,ArrayExpress,2158938960,Lausanne Genomics Technology Facility,human,public,"fastq,run.zq,sra","ena,gs,ncbi,s3","ena,gs.us-east1,ncbi.public,s3.us-east-1","9 week post conception,late embryo",normal,2019-02-18,2018-12-30T17:01:52Z,2018-11-16,2018-05-25T13:50:13Z,ERX2614543,9 week post conception,liver,male,SAMEA4690185,University of Heidelberg,2018-12-30T17:01:52Z,2018-05-25T13:50:13Z,public,Illumina HiSeq 2500,2072sTSm.Human.Liver.9w.Male_s,SINGLE,PolyA,TRANSCRIPTOMIC,liver,Homo sapiens,ILLUMINA,2019-02-19T00:00:00Z,2022-07-26T06:08:00Z,2,SAMEA4690185,E-MTAB-6814:2072sTSm.Human.Liver.9w.Male,Homo sapiens,male,ERP109002,E-MTAB-6814:2072sTSm.Human.Liver.9w.Male
ERR2598263,9,RNA-Seq,101,2534132420,PRJEB26969,SAMEA4690186,ArrayExpress,1481471004,Lausanne Genomics Technology Facility,human,public,"fastq,run.zq,sra","ena,gs,ncbi,s3","ena,gs.us-east1,ncbi.public,s3.us-east-1","9 week post conception,late embryo",normal,2019-02-18,2018-12-30T17:01:52Z,2018-11-16,2018-05-25T13:50:13Z,ERX2614544,9 week post conception,ovary,female,SAMEA4690186,University of Heidelberg,2018-12-30T17:01:52Z,2018-05-25T13:50:13Z,public,Illumina HiSeq 2500,2052sTSm.Human.Ovary.9w.Female_s,SINGLE,PolyA,TRANSCRIPTOMIC,ovary,Homo sapiens,ILLUMINA,2019-02-19T00:00:00Z,2022-07-14T10:04:00Z,2,SAMEA4690186,E-MTAB-6814:2052sTSm.Human.Ovary.9w.Female,Homo sapiens,female,ERP109002,E-MTAB-6814:2052sTSm.Human.Ovary.9w.Female
ERR2598264,9,RNA-Seq,101,2955792068,PRJEB26969,SAMEA4690187,ArrayExpress,1975496456,Lausanne Genomics Technology Facility,human,public,"fastq,run.zq,sra","ena,gs,ncbi,s3","ena,gs.us-east1,ncbi.public,s3.us-east-1","9 week post conception,late embryo",normal,2019-02-18,2018-12-30T17:01:52Z,2018-11-16,2018-05-25T13:50:13Z,ERX2614545,9 week post conception,testis,male,SAMEA4690187,University of Heidelberg,2018-12-30T17:01:52Z,2018-05-25T13:50:13Z,public,Illumina HiSeq 2500,2074sTS.Human.Testis.9w.Male_s,SINGLE,PolyA,TRANSCRIPTOMIC,testis,Homo sapiens,ILLUMINA,2019-02-19T00:00:00Z,2022-07-20T01:10:00Z,2,SAMEA4690187,E-MTAB-6814:2074sTS.Human.Testis.9w.Male,Homo sapiens,male,ERP109002,E-MTAB-6814:2074sTS.Human.Testis.9w.Male
ERR2598265,9,RNA-Seq,101,3390139134,PRJEB26969,SAMEA4690188,ArrayExpress,1289311787,Lausanne Genomics Technology Facility,human,public,"fastq,run.zq,sra","ena,gs,ncbi,s3","ena,gs.us-east1,ncbi.public,s3.us-east-1","9 week post conception,late embryo",normal,2019-02-18,2018-12-30T17:01:52Z,2018-11-16,2018-05-25T13:50:13Z,ERX2614546,9 week post conception,testis,male,SAMEA4690188,University of Heidelberg,2018-12-30T17:01:52Z,2018-05-25T13:50:13Z,public,Illumina HiSeq 2500,5926sTS.Human.Testis.9w.Male_s,SINGLE,PolyA,TRANSCRIPTOMIC,testis,Homo sapiens,ILLUMINA,2019-02-19T00:00:00Z,2021-10-24T06:50:00Z,2,SAMEA4690188,E-MTAB-6814:5926sTS.Human.Testis.9w.Male,Homo sapiens,male,ERP109002,E-MTAB-6814:5926sTS.Human.Testis.9w.Male
ERR2598266,14,RNA-Seq,101,1938910332,PRJEB26969,SAMEA4690189,ArrayExpress,719661956,Lausanne Genomics Technology Facility,human,public,"fastq,run.zq,sra","ena,gs,ncbi,s3","ena,gs.us-east1,ncbi.public,s3.us-east-1",adolescent,normal,2019-02-18,2018-12-30T17:01:52Z,2018-11-16,2018-05-25T13:50:13Z,ERX2614547,adolescent,forebrain,male,SAMEA4690189,University of Heidelberg,2018-12-30T17:01:52Z,2018-05-25T13:50:13Z,public,Illumina HiSeq 2500,5515sTS.Human.Brain.14ypb.Male_s,SINGLE,PolyA,TRANSCRIPTOMIC,forebrain,Homo sapiens,ILLUMINA,2019-02-19T00:00:00Z,2022-07-14T10:02:00Z,2,SAMEA4690189,E-MTAB-6814:5515sTS.Human.Brain.14ypb.Male,Homo sapiens,male,ERP109002,E-MTAB-6814:5515sTS.Human.Brain.14ypb.Male
ERR2598267,16,RNA-Seq,101,4527191680,PRJEB26969,SAMEA4690190,ArrayExpress,1669663055,Lausanne Genomics Technology Facility,human,public,"fastq,run.zq,sra","ena,gs,ncbi,s3","ena,gs.us-east1,ncbi.public,s3.us-east-1",adolescent,normal,2019-02-18,2018-12-30T17:01:52Z,2018-11-16,2018-05-25T13:50:13Z,ERX2614548,adolescent,forebrain,male,SAMEA4690190,University of Heidelberg,2018-12-30T17:01:52Z,2018-05-25T13:50:13Z,public,Illumina HiSeq 2500,5532sTS.Human.Brain.16ypb.Male_s,SINGLE,PolyA,TRANSCRIPTOMIC,forebrain,Homo sapiens,ILLUMINA,2019-02-19T00:00:00Z,2022-07-17T12:13:00Z,2,SAMEA4690190,E-MTAB-6814:5532sTS.Human.Brain.16ypb.Male,Homo sapiens,male,ERP109002,E-MTAB-6814:5532sTS.Human.Brain.16ypb.Male
ERR2598268,17,RNA-Seq,101,3452625309,PRJEB26969,SAMEA4690191,ArrayExpress,1268075093,Lausanne Genomics Technology Facility,human,public,"fastq,run.zq,sra","ena,gs,ncbi,s3","ena,gs.us-east1,ncbi.public,s3.us-east-1",adolescent,normal,2019-02-18,2018-12-30T17:01:52Z,2018-11-16,2018-05-25T13:50:13Z,ERX2614549,adolescent,forebrain,male,SAMEA4690191,University of Heidelberg,2018-12-30T17:01:52Z,2018-05-25T13:50:13Z,public,Illumina HiSeq 2500,5553sTS.Human.Brain.17ypb.Male_s,SINGLE,PolyA,TRANSCRIPTOMIC,forebrain,Homo sapiens,ILLUMINA,2019-02-19T00:00:00Z,2022-07-26T06:06:00Z,2,SAMEA4690191,E-MTAB-6814:5553sTS.Human.Brain.17ypb.Male,Homo sapiens,male,ERP109002,E-MTAB-6814:5553sTS.Human.Brain.17ypb.Male
ERR2598269,13,RNA-Seq,101,2248241416,PRJEB26969,SAMEA4690192,ArrayExpress,825237819,Lausanne Genomics Technology Facility,human,public,"fastq,run.zq,sra","ena,gs,ncbi,s3","ena,gs.us-east1,ncbi.public,s3.us-east-1",adolescent,normal,2019-02-18,2018-12-30T17:01:52Z,2018-11-16,2018-05-25T13:50:13Z,ERX2614550,adolescent,forebrain,male,SAMEA4690192,University of Heidelberg,2018-12-30T17:01:52Z,2018-05-25T13:50:13Z,public,Illumina HiSeq 2500,5570sTS.Human.Brain.13ypb.Male_s,SINGLE,PolyA,TRANSCRIPTOMIC,forebrain,Homo sapiens,ILLUMINA,2019-02-19T00:00:00Z,2022-07-29T20:56:00Z,2,SAMEA4690192,E-MTAB-6814:5570sTS.Human.Brain.13ypb.Male,Homo sapiens,male,ERP109002,E-MTAB-6814:5570sTS.Human.Brain.13ypb.Male
ERR2598270,13,RNA-Seq,101,2237166261,PRJEB26969,SAMEA4690193,ArrayExpress,780786603,Lausanne Genomics Technology Facility,human,public,"fastq,run.zq,sra","ena,gs,ncbi,s3","ena,gs.us-east1,ncbi.public,s3.us-east-1",adolescent,normal,2019-02-18,2018-12-30T17:01:52Z,2018-11-16,2018-05-25T13:50:13Z,ERX2614551,adolescent,heart,male,SAMEA4690193,University of Heidelberg,2018-12-30T17:01:52Z,2018-05-25T13:50:13Z,public,Illumina HiSeq 2500,5822sTS.Human.Heart.13ypb.Male_s,SINGLE,PolyA,TRANSCRIPTOMIC,heart,Homo sapiens,ILLUMINA,2019-02-19T00:00:00Z,2022-07-22T08:33:00Z,2,SAMEA4690193,E-MTAB-6814:5822sTS.Human.Heart.13ypb.Male,Homo sapiens,male,ERP109002,E-MTAB-6814:5822sTS.Human.Heart.13ypb.Male
ERR2598271,13,RNA-Seq,101,2515420251,PRJEB26969,SAMEA4690194,ArrayExpress,936545179,Lausanne Genomics Technology Facility,human,public,"fastq,run.zq,sra","ena,gs,ncbi,s3","ena,gs.us-east1,ncbi.public,s3.us-east-1",adolescent,normal,2019-02-18,2018-12-30T17:01:52Z,2018-11-16,2018-05-25T13:50:13Z,ERX2614552,adolescent,hindbrain,male,SAMEA4690194,University of Heidelberg,2018-12-30T17:01:52Z,2018-05-25T13:50:13Z,public,Illumina HiSeq 2500,5511sTS.Human.Cerebellum.13ypb.Male_s,SINGLE,PolyA,TRANSCRIPTOMIC,hindbrain,Homo sapiens,ILLUMINA,2019-02-19T00:00:00Z,2022-07-26T06:05:00Z,2,SAMEA4690194,E-MTAB-6814:5511sTS.Human.Cerebellum.13ypb.Male,Homo sapiens,male,ERP109002,E-MTAB-6814:5511sTS.Human.Cerebellum.13ypb.Male
ERR2598272,16,RNA-Seq,101,10193219869,PRJEB26969,SAMEA4690195,ArrayExpress,3843326908,Lausanne Genomics Technology Facility,human,public,"fastq,run.zq,sra","ena,gs,ncbi,s3","ena,gs.us-east1,ncbi.public,s3.us-east-1",adolescent,normal,2019-02-18,2018-12-30T17:01:52Z,2018-11-16,2018-05-25T13:50:13Z,ERX2614553,adolescent,hindbrain,male,SAMEA4690195,University of Heidelberg,2018-12-30T17:01:52Z,2018-05-25T13:50:13Z,public,Illumina HiSeq 2500,5534sTS.Human.Cerebellum.16ypb.Male_s,SINGLE,PolyA,TRANSCRIPTOMIC,hindbrain,Homo sapiens,ILLUMINA,2019-02-19T00:00:00Z,2021-10-24T07:07:00Z,2,SAMEA4690195,E-MTAB-6814:5534sTS.Human.Cerebellum.16ypb.Male,Homo sapiens,male,ERP109002,E-MTAB-6814:5534sTS.Human.Cerebellum.16ypb.Male
ERR2598273,14,RNA-Seq,101,8732747951,PRJEB26969,SAMEA4690196,ArrayExpress,3322216997,Lausanne Genomics Technology Facility,human,public,"fastq,run.zq,sra","ena,gs,ncbi,s3","ena,gs.us-east1,ncbi.public,s3.us-east-1",adolescent,normal,2019-02-18,2018-12-30T17:01:52Z,2018-11-16,2018-05-25T13:50:13Z,ERX2614554,adolescent,hindbrain,male,SAMEA4690196,University of Heidelberg,2018-12-30T17:01:52Z,2018-05-25T13:50:13Z,public,Illumina HiSeq 2500,5545sTS.Human.Cerebellum.14ypb.Male_s,SINGLE,PolyA,TRANSCRIPTOMIC,hindbrain,Homo sapiens,ILLUMINA,2019-02-19T00:00:00Z,2022-07-20T23:40:00Z,2,SAMEA4690196,E-MTAB-6814:5545sTS.Human.Cerebellum.14ypb.Male,Homo sapiens,male,ERP109002,E-MTAB-6814:5545sTS.Human.Cerebellum.14ypb.Male
ERR2598274,17,RNA-Seq,101,4550939911,PRJEB26969,SAMEA4690197,ArrayExpress,1586464947,Lausanne Genomics Technology Facility,human,public,"fastq,run.zq,sra","ena,gs,ncbi,s3","ena,gs.us-east1,ncbi.public,s3.us-east-1",adolescent,normal,2019-02-18,2018-12-30T17:01:52Z,2018-11-16,2018-05-25T13:50:13Z,ERX2614555,adolescent,hindbrain,male,SAMEA4690197,University of Heidelberg,2018-12-30T17:01:52Z,2018-05-25T13:50:13Z,public,Illumina HiSeq 2500,5565sTS.Human.Cerebellum.17ypb.Male_s,SINGLE,PolyA,TRANSCRIPTOMIC,hindbrain,Homo sapiens,ILLUMINA,2019-02-19T00:00:00Z,2021-10-24T06:58:00Z,2,SAMEA4690197,E-MTAB-6814:5565sTS.Human.Cerebellum.17ypb.Male,Homo sapiens,male,ERP109002,E-MTAB-6814:5565sTS.Human.Cerebellum.17ypb.Male
ERR2598275,17,RNA-Seq,101,3561053051,PRJEB26969,SAMEA4690198,ArrayExpress,1423515542,Lausanne Genomics Technology Facility,human,public,"fastq,run.zq,sra","ena,gs,ncbi,s3","ena,gs.us-east1,ncbi.public,s3.us-east-1",adolescent,normal,2019-02-18,2018-12-30T17:01:52Z,2018-11-16,2018-05-25T13:50:13Z,ERX2614556,adolescent,liver,male,SAMEA4690198,University of Heidelberg,2018-12-30T17:01:52Z,2018-05-25T13:50:13Z,public,Illumina HiSeq 2500,5575sTS.Human.Liver.17ypb.Male_s,SINGLE,PolyA,TRANSCRIPTOMIC,liver,Homo sapiens,ILLUMINA,2019-02-19T00:00:00Z,2022-07-20T19:57:00Z,2,SAMEA4690198,E-MTAB-6814:5575sTS.Human.Liver.17ypb.Male,Homo sapiens,male,ERP109002,E-MTAB-6814:5575sTS.Human.Liver.17ypb.Male
ERR2598276,16,RNA-Seq,101,2836775688,PRJEB26969,SAMEA4690199,ArrayExpress,1055818855,Lausanne Genomics Technology Facility,human,public,"fastq,run.zq,sra","ena,gs,ncbi,s3","ena,gs.us-east1,ncbi.public,s3.us-east-1",adolescent,normal,2019-02-18,2018-12-30T17:01:52Z,2018-11-16,2018-05-25T13:50:13Z,ERX2614557,adolescent,testis,male,SAMEA4690199,University of Heidelberg,2018-12-30T17:01:52Z,2018-05-25T13:50:13Z,public,Illumina HiSeq 2500,5526sTS.Human.Testis.16ypb.Male_s,SINGLE,PolyA,TRANSCRIPTOMIC,testis,Homo sapiens,ILLUMINA,2019-02-19T00:00:00Z,2022-07-19T14:34:00Z,2,SAMEA4690199,E-MTAB-6814:5526sTS.Human.Testis.16ypb.Male,Homo sapiens,male,ERP109002,E-MTAB-6814:5526sTS.Human.Testis.16ypb.Male
ERR2598277,17,RNA-Seq,101,7658746069,PRJEB26969,SAMEA4690200,ArrayExpress,2876919195,Lausanne Genomics Technology Facility,human,public,"fastq,run.zq,sra","ena,gs,ncbi,s3","ena,gs.us-east1,ncbi.public,s3.us-east-1",adolescent,normal,2019-02-18,2018-12-30T17:01:52Z,2018-11-16,2018-05-25T13:50:13Z,ERX2614558,adolescent,testis,male,SAMEA4690200,University of Heidelberg,2018-12-30T17:01:52Z,2018-05-25T13:50:13Z,public,Illumina HiSeq 2500,5546sTS.Human.Testis.17ypb.Male_s,SINGLE,PolyA,TRANSCRIPTOMIC,testis,Homo sapiens,ILLUMINA,2019-02-19T00:00:00Z,2021-10-24T07:01:00Z,2,SAMEA4690200,E-MTAB-6814:5546sTS.Human.Testis.17ypb.Male,Homo sapiens,male,ERP109002,E-MTAB-6814:5546sTS.Human.Testis.17ypb.Male
ERR2598278,14,RNA-Seq,101,1918026966,PRJEB26969,SAMEA4690201,ArrayExpress,678402412,Lausanne Genomics Technology Facility,human,public,"fastq,run.zq,sra","ena,gs,ncbi,s3","ena,gs.us-east1,ncbi.public,s3.us-east-1",adolescent,normal,2019-02-18,2018-12-30T17:01:52Z,2018-11-16,2018-05-25T13:50:13Z,ERX2614559,adolescent,testis,male,SAMEA4690201,University of Heidelberg,2018-12-30T17:01:52Z,2018-05-25T13:50:13Z,public,Illumina HiSeq 2500,5561sTS.Human.Testis.14ypb.Male_s,SINGLE,PolyA,TRANSCRIPTOMIC,testis,Homo sapiens,ILLUMINA,2019-02-19T00:00:00Z,2022-07-19T15:35:00Z,2,SAMEA4690201,E-MTAB-6814:5561sTS.Human.Testis.14ypb.Male,Homo sapiens,male,ERP109002,E-MTAB-6814:5561sTS.Human.Testis.14ypb.Male
ERR2598279,14,RNA-Seq,101,5397935708,PRJEB26969,SAMEA4690202,ArrayExpress,1926924586,Lausanne Genomics Technology Facility,human,public,"fastq,run.zq,sra","ena,gs,ncbi,s3","ena,gs.us-east1,ncbi.public,s3.us-east-1",adolescent,normal,2019-02-18,2018-12-30T17:01:52Z,2018-11-16,2018-05-25T13:50:13Z,ERX2614560,adolescent,testis,male,SAMEA4690202,University of Heidelberg,2018-12-30T17:01:52Z,2018-05-25T13:50:13Z,public,Illumina HiSeq 2500,5564sTS.Human.Testis.14ypb.Male_s,SINGLE,PolyA,TRANSCRIPTOMIC,testis,Homo sapiens,ILLUMINA,2019-02-19T00:00:00Z,2022-07-26T06:11:00Z,2,SAMEA4690202,E-MTAB-6814:5564sTS.Human.Testis.14ypb.Male,Homo sapiens,male,ERP109002,E-MTAB-6814:5564sTS.Human.Testis.14ypb.Male
ERR2598280,58,RNA-Seq,101,3140597222,PRJEB26969,SAMEA4690203,ArrayExpress,1164630702,Lausanne Genomics Technology Facility,human,public,"fastq,run.zq,sra","ena,gs,ncbi,s3","ena,gs.us-east1,ncbi.public,s3.us-east-1",elderly,normal,2019-02-18,2018-12-30T17:01:52Z,2018-11-16,2018-05-25T13:50:13Z,ERX2614561,elderly,forebrain,male,SAMEA4690203,University of Heidelberg,2018-12-30T17:01:52Z,2018-05-25T13:50:13Z,public,Illumina HiSeq 2500,5514sTS.Human.Brain.58ypb.Male_s,SINGLE,PolyA,TRANSCRIPTOMIC,forebrain,Homo sapiens,ILLUMINA,2019-02-19T00:00:00Z,2021-10-24T07:00:00Z,2,SAMEA4690203,E-MTAB-6814:5514sTS.Human.Brain.58ypb.Male,Homo sapiens,male,ERP109002,E-MTAB-6814:5514sTS.Human.Brain.58ypb.Male
ERR2598281,58,RNA-Seq,101,4196399409,PRJEB26969,SAMEA4690204,ArrayExpress,1563526633,Lausanne Genomics Technology Facility,human,public,"fastq,run.zq,sra","ena,gs,ncbi,s3","ena,gs.us-east1,ncbi.public,s3.us-east-1",elderly,normal,2019-02-18,2018-12-30T17:01:52Z,2018-11-16,2018-05-25T13:50:13Z,ERX2614562,elderly,forebrain,male,SAMEA4690204,University of Heidelberg,2018-12-30T17:01:52Z,2018-05-25T13:50:13Z,public,Illumina HiSeq 2500,5524sTS.Human.Brain.58ypb.Male_s,SINGLE,PolyA,TRANSCRIPTOMIC,forebrain,Homo sapiens,ILLUMINA,2019-02-19T00:00:00Z,2022-07-17T10:04:00Z,2,SAMEA4690204,E-MTAB-6814:5524sTS.Human.Brain.58ypb.Male,Homo sapiens,male,ERP109002,E-MTAB-6814:5524sTS.Human.Brain.58ypb.Male
ERR2598282,58,RNA-Seq,101,3288230033,PRJEB26969,SAMEA4690205,ArrayExpress,1240228145,Lausanne Genomics Technology Facility,human,public,"fastq,run.zq,sra","ena,gs,ncbi,s3","ena,gs.us-east1,ncbi.public,s3.us-east-1",elderly,normal,2019-02-18,2018-12-30T17:01:52Z,2018-11-16,2018-05-25T13:50:13Z,ERX2614563,elderly,hindbrain,male,SAMEA4690205,University of Heidelberg,2018-12-30T17:01:52Z,2018-05-25T13:50:13Z,public,Illumina HiSeq 2500,5525sTS.Human.Cerebellum.58ypb.Male_s,SINGLE,PolyA,TRANSCRIPTOMIC,hindbrain,Homo sapiens,ILLUMINA,2019-02-19T00:00:00Z,2022-07-26T06:07:00Z,2,SAMEA4690205,E-MTAB-6814:5525sTS.Human.Cerebellum.58ypb.Male,Homo sapiens,male,ERP109002,E-MTAB-6814:5525sTS.Human.Cerebellum.58ypb.Male
ERR2598283,58,RNA-Seq,101,4554544096,PRJEB26969,SAMEA4690206,ArrayExpress,1671020874,Lausanne Genomics Technology Facility,human,public,"fastq,run.zq,sra","ena,gs,ncbi,s3","ena,gs.us-east1,ncbi.public,s3.us-east-1",elderly,normal,2019-02-18,2018-12-30T17:01:52Z,2018-11-16,2018-05-25T13:50:13Z,ERX2614564,elderly,hindbrain,male,SAMEA4690206,University of Heidelberg,2018-12-30T17:01:52Z,2018-05-25T13:50:13Z,public,Illumina HiSeq 2500,5573sTS.Human.Cerebellum.58ypb.Male_s,SINGLE,PolyA,TRANSCRIPTOMIC,hindbrain,Homo sapiens,ILLUMINA,2019-02-19T00:00:00Z,2022-07-29T19:01:00Z,2,SAMEA4690206,E-MTAB-6814:5573sTS.Human.Cerebellum.58ypb.Male,Homo sapiens,male,ERP109002,E-MTAB-6814:5573sTS.Human.Cerebellum.58ypb.Male
ERR2598284,58,RNA-Seq,101,2872904701,PRJEB26969,SAMEA4690207,ArrayExpress,1063155297,Lausanne Genomics Technology Facility,human,public,"fastq,run.zq,sra","ena,gs,ncbi,s3","ena,gs.us-east1,ncbi.public,s3.us-east-1",elderly,normal,2019-02-18,2018-12-30T17:01:52Z,2018-11-16,2018-05-25T13:50:13Z,ERX2614565,elderly,liver,male,SAMEA4690207,University of Heidelberg,2018-12-30T17:01:52Z,2018-05-25T13:50:13Z,public,Illumina HiSeq 2500,5512sTS.Human.Liver.58ypb.Male_s,SINGLE,PolyA,TRANSCRIPTOMIC,liver,Homo sapiens,ILLUMINA,2019-02-19T00:00:00Z,2021-10-24T06:45:00Z,2,SAMEA4690207,E-MTAB-6814:5512sTS.Human.Liver.58ypb.Male,Homo sapiens,male,ERP109002,E-MTAB-6814:5512sTS.Human.Liver.58ypb.Male
ERR2598285,58,RNA-Seq,101,2578481116,PRJEB26969,SAMEA4690208,ArrayExpress,948464901,Lausanne Genomics Technology Facility,human,public,"fastq,run.zq,sra","ena,gs,ncbi,s3","ena,gs.us-east1,ncbi.public,s3.us-east-1",elderly,normal,2019-02-18,2018-12-30T17:01:52Z,2018-11-16,2018-05-25T13:50:13Z,ERX2614566,elderly,liver,male,SAMEA4690208,University of Heidelberg,2018-12-30T17:01:52Z,2018-05-25T13:50:13Z,public,Illumina HiSeq 2500,5571sTS.Human.Liver.58ypb.Male_s,SINGLE,PolyA,TRANSCRIPTOMIC,liver,Homo sapiens,ILLUMINA,2019-02-19T00:00:00Z,2022-07-26T06:06:00Z,2,SAMEA4690208,E-MTAB-6814:5571sTS.Human.Liver.58ypb.Male,Homo sapiens,male,ERP109002,E-MTAB-6814:5571sTS.Human.Liver.58ypb.Male
ERR2598286,55,RNA-Seq,101,2624978587,PRJEB26969,SAMEA4690209,ArrayExpress,987587107,Lausanne Genomics Technology Facility,human,public,"fastq,run.zq,sra","ena,gs,ncbi,s3","ena,gs.us-east1,ncbi.public,s3.us-east-1",elderly,normal,2019-02-18,2018-12-30T17:01:52Z,2018-11-16,2018-05-25T13:50:13Z,ERX2614567,elderly,testis,male,SAMEA4690209,University of Heidelberg,2018-12-30T17:01:52Z,2018-05-25T13:50:13Z,public,Illumina HiSeq 2500,5518sTS.Human.Testis.55ypb.Male_s,SINGLE,PolyA,TRANSCRIPTOMIC,testis,Homo sapiens,ILLUMINA,2019-02-19T00:00:00Z,2022-07-19T01:02:00Z,2,SAMEA4690209,E-MTAB-6814:5518sTS.Human.Testis.55ypb.Male,Homo sapiens,male,ERP109002,E-MTAB-6814:5518sTS.Human.Testis.55ypb.Male
ERR2598287,271,RNA-Seq,101,4749364915,PRJEB26969,SAMEA4690210,ArrayExpress,1815258546,Lausanne Genomics Technology Facility,human,public,"fastq,run.zq,sra","ena,gs,ncbi,s3","ena,gs.us-east1,ncbi.public,s3.us-east-1",infant,normal,2019-02-18,2018-12-30T17:01:52Z,2018-11-16,2018-05-25T13:50:13Z,ERX2614568,infant,forebrain,male,SAMEA4690210,University of Heidelberg,2018-12-30T17:01:52Z,2018-05-25T13:50:13Z,public,Illumina HiSeq 2500,5521sTS.Human.Brain.271dpb.Male_s,SINGLE,PolyA,TRANSCRIPTOMIC,forebrain,Homo sapiens,ILLUMINA,2019-02-19T00:00:00Z,2022-07-19T15:41:00Z,2,SAMEA4690210,E-MTAB-6814:5521sTS.Human.Brain.271dpb.Male,Homo sapiens,male,ERP109002,E-MTAB-6814:5521sTS.Human.Brain.271dpb.Male
ERR2598288,221,RNA-Seq,101,7922598974,PRJEB26969,SAMEA4690211,ArrayExpress,2956064101,Lausanne Genomics Technology Facility,human,public,"fastq,run.zq,sra","ena,gs,ncbi,s3","ena,gs.us-east1,ncbi.public,s3.us-east-1",infant,normal,2019-02-18,2018-12-30T17:01:52Z,2018-11-16,2018-05-25T13:50:13Z,ERX2614569,infant,forebrain,male,SAMEA4690211,University of Heidelberg,2018-12-30T17:01:52Z,2018-05-25T13:50:13Z,public,Illumina HiSeq 2500,5539sTS.Human.Brain.221dpb.Male_s,SINGLE,PolyA,TRANSCRIPTOMIC,forebrain,Homo sapiens,ILLUMINA,2019-02-19T00:00:00Z,2021-10-24T07:08:00Z,2,SAMEA4690211,E-MTAB-6814:5539sTS.Human.Brain.221dpb.Male,Homo sapiens,male,ERP109002,E-MTAB-6814:5539sTS.Human.Brain.221dpb.Male
ERR2598289,226,RNA-Seq,101,3599399216,PRJEB26969,SAMEA4690212,ArrayExpress,1287711937,Lausanne Genomics Technology Facility,human,public,"fastq,run.zq,sra","ena,gs,ncbi,s3","ena,gs.us-east1,ncbi.public,s3.us-east-1",infant,normal,2019-02-18,2018-12-30T17:01:52Z,2018-11-16,2018-05-25T13:50:13Z,ERX2614570,infant,heart,male,SAMEA4690212,University of Heidelberg,2018-12-30T17:01:52Z,2018-05-25T13:50:13Z,public,Illumina HiSeq 2500,5818sTS.Human.Heart.226dpb.Male_s,SINGLE,PolyA,TRANSCRIPTOMIC,heart,Homo sapiens,ILLUMINA,2019-02-19T00:00:00Z,2022-07-15T18:15:00Z,2,SAMEA4690212,E-MTAB-6814:5818sTS.Human.Heart.226dpb.Male,Homo sapiens,male,ERP109002,E-MTAB-6814:5818sTS.Human.Heart.226dpb.Male
ERR2598290,127,RNA-Seq,101,2682807652,PRJEB26969,SAMEA4690213,ArrayExpress,941080409,Lausanne Genomics Technology Facility,human,public,"fastq,run.zq,sra","ena,gs,ncbi,s3","ena,gs.us-east1,ncbi.public,s3.us-east-1",infant,normal,2019-02-18,2018-12-30T17:01:52Z,2018-11-16,2018-05-25T13:50:13Z,ERX2614571,infant,heart,male,SAMEA4690213,University of Heidelberg,2018-12-30T17:01:52Z,2018-05-25T13:50:13Z,public,Illumina HiSeq 2500,5836sTS.Human.Heart.127dpb.Male_s,SINGLE,PolyA,TRANSCRIPTOMIC,heart,Homo sapiens,ILLUMINA,2019-02-19T00:00:00Z,2022-07-18T16:20:00Z,2,SAMEA4690213,E-MTAB-6814:5836sTS.Human.Heart.127dpb.Male,Homo sapiens,male,ERP109002,E-MTAB-6814:5836sTS.Human.Heart.127dpb.Male
ERR2598291,6,RNA-Seq,101,1999301161,PRJEB26969,SAMEA4690214,ArrayExpress,713613210,Lausanne Genomics Technology Facility,human,public,"fastq,run.zq,sra","ena,gs,ncbi,s3","ena,gs.us-east1,ncbi.public,s3.us-east-1",infant,normal,2019-02-18,2018-12-30T17:01:52Z,2018-11-16,2018-05-25T13:50:13Z,ERX2614572,infant,heart,female,SAMEA4690214,University of Heidelberg,2018-12-30T17:01:52Z,2018-05-25T13:50:13Z,public,Illumina HiSeq 2500,5828sTS.Human.Heart.6mpb.Female_s,SINGLE,PolyA,TRANSCRIPTOMIC,heart,Homo sapiens,ILLUMINA,2019-02-19T00:00:00Z,2022-07-26T06:06:00Z,2,SAMEA4690214,E-MTAB-6814:5828sTS.Human.Heart.6mpb.Female,Homo sapiens,female,ERP109002,E-MTAB-6814:5828sTS.Human.Heart.6mpb.Female
ERR2598292,6,RNA-Seq,101,2064307185,PRJEB26969,SAMEA4690215,ArrayExpress,740938411,Lausanne Genomics Technology Facility,human,public,"fastq,run.zq,sra","ena,gs,ncbi,s3","ena,gs.us-east1,ncbi.public,s3.us-east-1",infant,normal,2019-02-18,2018-12-30T17:01:52Z,2018-11-16,2018-05-25T13:50:13Z,ERX2614573,infant,heart,female,SAMEA4690215,University of Heidelberg,2018-12-30T17:01:52Z,2018-05-25T13:50:13Z,public,Illumina HiSeq 2500,5909sTS.Human.Heart.6mpb.Female_s,SINGLE,PolyA,TRANSCRIPTOMIC,heart,Homo sapiens,ILLUMINA,2019-02-19T00:00:00Z,2021-10-24T06:35:00Z,2,SAMEA4690215,E-MTAB-6814:5909sTS.Human.Heart.6mpb.Female,Homo sapiens,female,ERP109002,E-MTAB-6814:5909sTS.Human.Heart.6mpb.Female
ERR2598293,221,RNA-Seq,101,3912187732,PRJEB26969,SAMEA4690216,ArrayExpress,1431971012,Lausanne Genomics Technology Facility,human,public,"fastq,run.zq,sra","ena,gs,ncbi,s3","ena,gs.us-east1,ncbi.public,s3.us-east-1",infant,normal,2019-02-18,2018-12-30T17:01:52Z,2018-11-16,2018-05-25T13:50:13Z,ERX2614574,infant,hindbrain,male,SAMEA4690216,University of Heidelberg,2018-12-30T17:01:52Z,2018-05-25T13:50:13Z,public,Illumina HiSeq 2500,5555sTS.Human.Cerebellum.221dpb.Male_s,SINGLE,PolyA,TRANSCRIPTOMIC,hindbrain,Homo sapiens,ILLUMINA,2019-02-19T00:00:00Z,2022-07-22T07:36:00Z,2,SAMEA4690216,E-MTAB-6814:5555sTS.Human.Cerebellum.221dpb.Male,Homo sapiens,male,ERP109002,E-MTAB-6814:5555sTS.Human.Cerebellum.221dpb.Male
ERR2598294,270,RNA-Seq,101,3227004035,PRJEB26969,SAMEA4690217,ArrayExpress,1185387966,Lausanne Genomics Technology Facility,human,public,"fastq,run.zq,sra","ena,gs,ncbi,s3","ena,gs.us-east1,ncbi.public,s3.us-east-1",infant,normal,2019-02-18,2018-12-30T17:01:52Z,2018-11-16,2018-05-25T13:50:13Z,ERX2614575,infant,hindbrain,male,SAMEA4690217,University of Heidelberg,2018-12-30T17:01:52Z,2018-05-25T13:50:13Z,public,Illumina HiSeq 2500,5568sTS.Human.Cerebellum.270dpb.Male_s,SINGLE,PolyA,TRANSCRIPTOMIC,hindbrain,Homo sapiens,ILLUMINA,2019-02-19T00:00:00Z,2021-10-24T06:48:00Z,2,SAMEA4690217,E-MTAB-6814:5568sTS.Human.Cerebellum.270dpb.Male,Homo sapiens,male,ERP109002,E-MTAB-6814:5568sTS.Human.Cerebellum.270dpb.Male
ERR2598295,6,RNA-Seq,101,2957523511,PRJEB26969,SAMEA4690218,ArrayExpress,1067626668,Lausanne Genomics Technology Facility,human,public,"fastq,run.zq,sra","ena,gs,ncbi,s3","ena,gs.us-east1,ncbi.public,s3.us-east-1",infant,normal,2019-02-18,2018-12-30T17:01:52Z,2018-11-16,2018-05-25T13:50:13Z,ERX2614576,infant,hindbrain,female,SAMEA4690218,University of Heidelberg,2018-12-30T17:01:52Z,2018-05-25T13:50:13Z,public,Illumina HiSeq 2500,5849sTS.Human.Cerebellum.6mpb.Female_s,SINGLE,PolyA,TRANSCRIPTOMIC,hindbrain,Homo sapiens,ILLUMINA,2019-02-19T00:00:00Z,2021-10-24T06:43:00Z,2,SAMEA4690218,E-MTAB-6814:5849sTS.Human.Cerebellum.6mpb.Female,Homo sapiens,female,ERP109002,E-MTAB-6814:5849sTS.Human.Cerebellum.6mpb.Female
ERR2598296,226,RNA-Seq,101,2521712248,PRJEB26969,SAMEA4690219,ArrayExpress,863654464,Lausanne Genomics Technology Facility,human,public,"sra,fastq,run.zq","ena,gs,ncbi,s3","ena,gs.us-east1,ncbi.public,s3.us-east-1",infant,normal,2019-02-18,2018-12-30T17:01:52Z,2018-11-16,2018-05-25T13:50:13Z,ERX2614577,infant,kidney,female,SAMEA4690219,University of Heidelberg,2018-12-30T17:01:52Z,2018-05-25T13:50:13Z,public,Illumina HiSeq 2500,5819sTS.Human.Kidney.226dpb.Female_s,SINGLE,PolyA,TRANSCRIPTOMIC,kidney,Homo sapiens,ILLUMINA,2019-02-19T00:00:00Z,2022-07-26T06:06:00Z,2,SAMEA4690219,E-MTAB-6814:5819sTS.Human.Kidney.226dpb.Female,Homo sapiens,female,ERP109002,E-MTAB-6814:5819sTS.Human.Kidney.226dpb.Female
ERR2598297,6,RNA-Seq,101,2601026639,PRJEB26969,SAMEA4690220,ArrayExpress,977224614,Lausanne Genomics Technology Facility,human,public,"fastq,run.zq,sra","ena,gs,ncbi,s3","ena,gs.us-east1,ncbi.public,s3.us-east-1",infant,normal,2019-02-18,2018-12-30T17:01:52Z,2018-11-16,2018-05-25T13:50:13Z,ERX2614578,infant,kidney,female,SAMEA4690220,University of Heidelberg,2018-12-30T17:01:52Z,2018-05-25T13:50:13Z,public,Illumina HiSeq 2500,6103sTS.Human.Kidney.6mpb.Female_s,SINGLE,PolyA,TRANSCRIPTOMIC,kidney,Homo sapiens,ILLUMINA,2019-02-19T00:00:00Z,2022-07-26T06:06:00Z,2,SAMEA4690220,E-MTAB-6814:6103sTS.Human.Kidney.6mpb.Female,Homo sapiens,female,ERP109002,E-MTAB-6814:6103sTS.Human.Kidney.6mpb.Female
ERR2598298,6,RNA-Seq,101,3098794736,PRJEB26969,SAMEA4690221,ArrayExpress,1155308501,Lausanne Genomics Technology Facility,human,public,"fastq,run.zq,sra","ena,gs,ncbi,s3","ena,gs.us-east1,ncbi.public,s3.us-east-1",infant,normal,2019-02-18,2018-12-30T17:01:52Z,2018-11-16,2018-05-25T13:50:14Z,ERX2614579,infant,kidney,male,SAMEA4690221,University of Heidelberg,2018-12-30T17:01:52Z,2018-05-25T13:50:14Z,public,Illumina HiSeq 2500,6104sTS.Human.Kidney.6mpb.Male_s,SINGLE,PolyA,TRANSCRIPTOMIC,kidney,Homo sapiens,ILLUMINA,2019-02-19T00:00:00Z,2022-07-17T23:35:00Z,2,SAMEA4690221,E-MTAB-6814:6104sTS.Human.Kidney.6mpb.Male,Homo sapiens,male,ERP109002,E-MTAB-6814:6104sTS.Human.Kidney.6mpb.Male
ERR2598299,6,RNA-Seq,101,3711308428,PRJEB26969,SAMEA4690222,ArrayExpress,1401798418,Lausanne Genomics Technology Facility,human,public,"fastq,run.zq,sra","ena,gs,ncbi,s3","ena,gs.us-east1,ncbi.public,s3.us-east-1",infant,normal,2019-02-18,2018-12-30T17:01:52Z,2018-11-16,2018-05-25T13:50:14Z,ERX2614580,infant,kidney,male,SAMEA4690222,University of Heidelberg,2018-12-30T17:01:52Z,2018-05-25T13:50:14Z,public,Illumina HiSeq 2500,6105sTS.Human.Kidney.6mpb.Male_s,SINGLE,PolyA,TRANSCRIPTOMIC,kidney,Homo sapiens,ILLUMINA,2019-02-19T00:00:00Z,2022-07-26T06:08:00Z,2,SAMEA4690222,E-MTAB-6814:6105sTS.Human.Kidney.6mpb.Male,Homo sapiens,male,ERP109002,E-MTAB-6814:6105sTS.Human.Kidney.6mpb.Male
ERR2598300,221,RNA-Seq,101,2776446368,PRJEB26969,SAMEA4690223,ArrayExpress,1029934991,Lausanne Genomics Technology Facility,human,public,"fastq,run.zq,sra","ena,gs,ncbi,s3","ena,gs.us-east1,ncbi.public,s3.us-east-1",infant,normal,2019-02-18,2018-12-30T17:01:52Z,2018-11-16,2018-05-25T13:50:14Z,ERX2614581,infant,liver,male,SAMEA4690223,University of Heidelberg,2018-12-30T17:01:52Z,2018-05-25T13:50:14Z,public,Illumina HiSeq 2500,5528sTS.Human.Liver.221dpb.Male_s,SINGLE,PolyA,TRANSCRIPTOMIC,liver,Homo sapiens,ILLUMINA,2019-02-19T00:00:00Z,2022-07-15T18:17:00Z,2,SAMEA4690223,E-MTAB-6814:5528sTS.Human.Liver.221dpb.Male,Homo sapiens,male,ERP109002,E-MTAB-6814:5528sTS.Human.Liver.221dpb.Male
ERR2598301,271,RNA-Seq,101,2735021723,PRJEB26969,SAMEA4690224,ArrayExpress,1006051865,Lausanne Genomics Technology Facility,human,public,"fastq,run.zq,sra","ena,gs,ncbi,s3","ena,gs.us-east1,ncbi.public,s3.us-east-1",infant,normal,2019-02-18,2018-12-30T17:01:52Z,2018-11-16,2018-05-25T13:50:14Z,ERX2614582,infant,liver,male,SAMEA4690224,University of Heidelberg,2018-12-30T17:01:52Z,2018-05-25T13:50:14Z,public,Illumina HiSeq 2500,5552sTS.Human.Liver.271dpb.Male_s,SINGLE,PolyA,TRANSCRIPTOMIC,liver,Homo sapiens,ILLUMINA,2019-02-19T00:00:00Z,2021-10-24T06:36:00Z,2,SAMEA4690224,E-MTAB-6814:5552sTS.Human.Liver.271dpb.Male,Homo sapiens,male,ERP109002,E-MTAB-6814:5552sTS.Human.Liver.271dpb.Male
ERR2598302,270,RNA-Seq,101,3511530731,PRJEB26969,SAMEA4690225,ArrayExpress,1315687370,Lausanne Genomics Technology Facility,human,public,"fastq,run.zq,sra","ena,gs,ncbi,s3","ena,gs.us-east1,ncbi.public,s3.us-east-1",infant,normal,2019-02-18,2018-12-30T17:01:52Z,2018-11-16,2018-05-25T13:50:14Z,ERX2614583,infant,testis,male,SAMEA4690225,University of Heidelberg,2018-12-30T17:01:52Z,2018-05-25T13:50:14Z,public,Illumina HiSeq 2500,5523sTS.Human.Testis.270dpb.Male_s,SINGLE,PolyA,TRANSCRIPTOMIC,testis,Homo sapiens,ILLUMINA,2019-02-19T00:00:00Z,2022-07-26T06:08:00Z,2,SAMEA4690225,E-MTAB-6814:5523sTS.Human.Testis.270dpb.Male,Homo sapiens,male,ERP109002,E-MTAB-6814:5523sTS.Human.Testis.270dpb.Male
ERR2598303,221,RNA-Seq,101,2923611044,PRJEB26969,SAMEA4690226,ArrayExpress,1030502469,Lausanne Genomics Technology Facility,human,public,"fastq,run.zq,sra","ena,gs,ncbi,s3","ena,gs.us-east1,ncbi.public,s3.us-east-1",infant,normal,2019-02-18,2018-12-30T17:01:52Z,2018-11-16,2018-05-25T13:50:14Z,ERX2614584,infant,testis,male,SAMEA4690226,University of Heidelberg,2018-12-30T17:01:52Z,2018-05-25T13:50:14Z,public,Illumina HiSeq 2500,5560sTS.Human.Testis.221dpb.Male_s,SINGLE,PolyA,TRANSCRIPTOMIC,testis,Homo sapiens,ILLUMINA,2019-02-19T00:00:00Z,2022-07-13T12:17:00Z,2,SAMEA4690226,E-MTAB-6814:5560sTS.Human.Testis.221dpb.Male,Homo sapiens,male,ERP109002,E-MTAB-6814:5560sTS.Human.Testis.221dpb.Male
ERR2598304,6,RNA-Seq,101,2602991897,PRJEB26969,SAMEA4690227,ArrayExpress,974602419,Lausanne Genomics Technology Facility,human,public,"fastq,run.zq,sra","ena,gs,ncbi,s3","ena,gs.us-east1,ncbi.public,s3.us-east-1",infant,normal,2019-02-18,2018-12-30T17:01:52Z,2018-11-16,2018-05-25T13:50:14Z,ERX2614585,infant,testis,male,SAMEA4690227,University of Heidelberg,2018-12-30T17:01:52Z,2018-05-25T13:50:14Z,public,Illumina HiSeq 2500,6102sTS.Human.Testis.6mpb.Male_s,SINGLE,PolyA,TRANSCRIPTOMIC,testis,Homo sapiens,ILLUMINA,2019-02-19T00:00:00Z,2022-07-26T06:07:00Z,2,SAMEA4690227,E-MTAB-6814:6102sTS.Human.Testis.6mpb.Male,Homo sapiens,male,ERP109002,E-MTAB-6814:6102sTS.Human.Testis.6mpb.Male
ERR2598305,50,RNA-Seq,101,5767225240,PRJEB26969,SAMEA4690228,ArrayExpress,2120582431,Lausanne Genomics Technology Facility,human,public,"fastq,run.zq,sra","ena,gs,ncbi,s3","ena,gs.us-east1,ncbi.public,s3.us-east-1",middle adult,normal,2019-02-18,2018-12-30T17:01:52Z,2018-11-16,2018-05-25T13:50:14Z,ERX2614586,middle adult,forebrain,male,SAMEA4690228,University of Heidelberg,2018-12-30T17:01:52Z,2018-05-25T13:50:14Z,public,Illumina HiSeq 2500,5517sTS.Human.Brain.50ypb.Male_s,SINGLE,PolyA,TRANSCRIPTOMIC,forebrain,Homo sapiens,ILLUMINA,2019-02-19T00:00:00Z,2021-10-24T06:57:00Z,2,SAMEA4690228,E-MTAB-6814:5517sTS.Human.Brain.50ypb.Male,Homo sapiens,male,ERP109002,E-MTAB-6814:5517sTS.Human.Brain.50ypb.Male
ERR2598306,53,RNA-Seq,101,2929355419,PRJEB26969,SAMEA4690229,ArrayExpress,1072951694,Lausanne Genomics Technology Facility,human,public,"fastq,run.zq,sra","ena,gs,ncbi,s3","ena,gs.us-east1,ncbi.public,s3.us-east-1",middle adult,normal,2019-02-18,2018-12-30T17:01:52Z,2018-11-16,2018-05-25T13:50:14Z,ERX2614587,middle adult,forebrain,male,SAMEA4690229,University of Heidelberg,2018-12-30T17:01:52Z,2018-05-25T13:50:14Z,public,Illumina HiSeq 2500,5557sTS.Human.Brain.53ypb.Male_s,SINGLE,PolyA,TRANSCRIPTOMIC,forebrain,Homo sapiens,ILLUMINA,2019-02-19T00:00:00Z,2021-10-24T06:51:00Z,2,SAMEA4690229,E-MTAB-6814:5557sTS.Human.Brain.53ypb.Male,Homo sapiens,male,ERP109002,E-MTAB-6814:5557sTS.Human.Brain.53ypb.Male
ERR2598307,54,RNA-Seq,101,3342960216,PRJEB26969,SAMEA4690230,ArrayExpress,1288851243,Lausanne Genomics Technology Facility,human,public,"fastq,run.zq,sra","ena,gs,ncbi,s3","ena,gs.us-east1,ncbi.public,s3.us-east-1",middle adult,normal,2019-02-18,2018-12-30T17:01:52Z,2018-11-16,2018-05-25T13:50:14Z,ERX2614588,middle adult,heart,male,SAMEA4690230,University of Heidelberg,2018-12-30T17:01:52Z,2018-05-25T13:50:14Z,public,Illumina HiSeq 2500,6043sTS.Human.Heart.54ypb.Male_s,SINGLE,PolyA,TRANSCRIPTOMIC,heart,Homo sapiens,ILLUMINA,2019-02-19T00:00:00Z,2022-07-13T19:16:00Z,2,SAMEA4690230,E-MTAB-6814:6043sTS.Human.Heart.54ypb.Male,Homo sapiens,male,ERP109002,E-MTAB-6814:6043sTS.Human.Heart.54ypb.Male
ERR2598308,53,RNA-Seq,101,2686806747,PRJEB26969,SAMEA4690231,ArrayExpress,994369455,Lausanne Genomics Technology Facility,human,public,"fastq,run.zq,sra","ena,gs,ncbi,s3","ena,gs.us-east1,ncbi.public,s3.us-east-1",middle adult,normal,2019-02-18,2018-12-30T17:01:52Z,2018-11-16,2018-05-25T13:50:14Z,ERX2614589,middle adult,hindbrain,male,SAMEA4690231,University of Heidelberg,2018-12-30T17:01:52Z,2018-05-25T13:50:14Z,public,Illumina HiSeq 2500,5516sTS.Human.Cerebellum.53ypb.Male_s,SINGLE,PolyA,TRANSCRIPTOMIC,hindbrain,Homo sapiens,ILLUMINA,2019-02-19T00:00:00Z,2022-07-22T06:29:00Z,2,SAMEA4690231,E-MTAB-6814:5516sTS.Human.Cerebellum.53ypb.Male,Homo sapiens,male,ERP109002,E-MTAB-6814:5516sTS.Human.Cerebellum.53ypb.Male
ERR2598309,50,RNA-Seq,101,9744115895,PRJEB26969,SAMEA4690232,ArrayExpress,3693883239,Lausanne Genomics Technology Facility,human,public,"fastq,run.zq,sra","ena,gs,ncbi,s3","ena,gs.us-east1,ncbi.public,s3.us-east-1",middle adult,normal,2019-02-18,2018-12-30T17:01:52Z,2018-11-16,2018-05-25T13:50:14Z,ERX2614590,middle adult,hindbrain,male,SAMEA4690232,University of Heidelberg,2018-12-30T17:01:52Z,2018-05-25T13:50:14Z,public,Illumina HiSeq 2500,5549sTS.Human.Cerebellum.50ypb.Male_s,SINGLE,PolyA,TRANSCRIPTOMIC,hindbrain,Homo sapiens,ILLUMINA,2019-02-19T00:00:00Z,2022-07-19T01:23:00Z,2,SAMEA4690232,E-MTAB-6814:5549sTS.Human.Cerebellum.50ypb.Male,Homo sapiens,male,ERP109002,E-MTAB-6814:5549sTS.Human.Cerebellum.50ypb.Male
ERR2598310,55,RNA-Seq,101,3721225214,PRJEB26969,SAMEA4690233,ArrayExpress,1395863206,Lausanne Genomics Technology Facility,human,public,"fastq,run.zq,sra","ena,gs,ncbi,s3","ena,gs.us-east1,ncbi.public,s3.us-east-1",middle adult,normal,2019-02-18,2018-12-30T17:01:52Z,2018-11-16,2018-05-25T13:50:14Z,ERX2614591,middle adult,liver,male,SAMEA4690233,University of Heidelberg,2018-12-30T17:01:52Z,2018-05-25T13:50:14Z,public,Illumina HiSeq 2500,6106sTS.Human.Liver.55ypb.Male_s,SINGLE,PolyA,TRANSCRIPTOMIC,liver,Homo sapiens,ILLUMINA,2019-02-19T00:00:00Z,2022-07-17T12:11:00Z,2,SAMEA4690233,E-MTAB-6814:6106sTS.Human.Liver.55ypb.Male,Homo sapiens,male,ERP109002,E-MTAB-6814:6106sTS.Human.Liver.55ypb.Male
ERR2598311,46,RNA-Seq,101,4498028031,PRJEB26969,SAMEA4690234,ArrayExpress,1678137795,Lausanne Genomics Technology Facility,human,public,"fastq,run.zq,sra","ena,gs,ncbi,s3","ena,gs.us-east1,ncbi.public,s3.us-east-1",middle adult,normal,2019-02-18,2018-12-30T17:01:52Z,2018-11-16,2018-05-25T13:50:14Z,ERX2614592,middle adult,testis,male,SAMEA4690234,University of Heidelberg,2018-12-30T17:01:52Z,2018-05-25T13:50:14Z,public,Illumina HiSeq 2500,6095sTS.Human.Testis.46ypb.Male_s,SINGLE,PolyA,TRANSCRIPTOMIC,testis,Homo sapiens,ILLUMINA,2019-02-19T00:00:00Z,2022-07-26T06:10:00Z,2,SAMEA4690234,E-MTAB-6814:6095sTS.Human.Testis.46ypb.Male,Homo sapiens,male,ERP109002,E-MTAB-6814:6095sTS.Human.Testis.46ypb.Male
ERR2598312,19,RNA-Seq,101,3458081733,PRJEB26969,SAMEA4690235,ArrayExpress,1311330284,Lausanne Genomics Technology Facility,human,public,"fastq,run.zq,sra","ena,gs,ncbi,s3","ena,gs.us-east1,ncbi.public,s3.us-east-1",neonate,normal,2019-02-18,2018-12-30T17:01:52Z,2018-11-16,2018-05-25T13:50:14Z,ERX2614593,neonate,forebrain,female,SAMEA4690235,University of Heidelberg,2018-12-30T17:01:52Z,2018-05-25T13:50:14Z,public,Illumina HiSeq 2500,5542sTS.Human.Brain.19dpb.Female_s,SINGLE,PolyA,TRANSCRIPTOMIC,forebrain,Homo sapiens,ILLUMINA,2019-02-19T00:00:00Z,2021-10-24T06:47:00Z,2,SAMEA4690235,E-MTAB-6814:5542sTS.Human.Brain.19dpb.Female,Homo sapiens,female,ERP109002,E-MTAB-6814:5542sTS.Human.Brain.19dpb.Female
ERR2598313,4,RNA-Seq,101,2410299451,PRJEB26969,SAMEA4690236,ArrayExpress,911553435,Lausanne Genomics Technology Facility,human,public,"fastq,run.zq,sra","ena,gs,ncbi,s3","ena,gs.us-east1,ncbi.public,s3.us-east-1",neonate,normal,2019-02-18,2018-12-30T17:01:52Z,2018-11-16,2018-05-25T13:50:14Z,ERX2614594,neonate,forebrain,male,SAMEA4690236,University of Heidelberg,2018-12-30T17:01:52Z,2018-05-25T13:50:14Z,public,Illumina HiSeq 2500,5892sTS.Human.Brain.4dpb.Male_s,SINGLE,PolyA,TRANSCRIPTOMIC,forebrain,Homo sapiens,ILLUMINA,2019-02-19T00:00:00Z,2021-10-24T06:42:00Z,2,SAMEA4690236,E-MTAB-6814:5892sTS.Human.Brain.4dpb.Male,Homo sapiens,male,ERP109002,E-MTAB-6814:5892sTS.Human.Brain.4dpb.Male
ERR2598314,15,RNA-Seq,101,2401071586,PRJEB26969,SAMEA4690237,ArrayExpress,900129561,Lausanne Genomics Technology Facility,human,public,"fastq,run.zq,sra","ena,gs,ncbi,s3","ena,gs.us-east1,ncbi.public,s3.us-east-1",neonate,normal,2019-02-18,2018-12-30T17:01:52Z,2018-11-16,2018-05-25T13:50:14Z,ERX2614595,neonate,forebrain,female,SAMEA4690237,University of Heidelberg,2018-12-30T17:01:52Z,2018-05-25T13:50:14Z,public,Illumina HiSeq 2500,5894sTS.Human.Brain.15dpb.Female_s,SINGLE,PolyA,TRANSCRIPTOMIC,forebrain,Homo sapiens,ILLUMINA,2019-02-19T00:00:00Z,2022-07-26T06:05:00Z,2,SAMEA4690237,E-MTAB-6814:5894sTS.Human.Brain.15dpb.Female,Homo sapiens,female,ERP109002,E-MTAB-6814:5894sTS.Human.Brain.15dpb.Female
ERR2598315,0,RNA-Seq,101,4130318745,PRJEB26969,SAMEA4690238,ArrayExpress,1474367409,Lausanne Genomics Technology Facility,human,public,"fastq,run.zq,sra","ena,gs,ncbi,s3","ena,gs.us-east1,ncbi.public,s3.us-east-1",neonate,normal,2019-02-18,2018-12-30T17:01:52Z,2018-11-16,2018-05-25T13:50:14Z,ERX2614596,neonate,heart,female,SAMEA4690238,University of Heidelberg,2018-12-30T17:01:52Z,2018-05-25T13:50:14Z,public,Illumina HiSeq 2500,5843sTS.Human.Heart.0dpb.Female_s,SINGLE,PolyA,TRANSCRIPTOMIC,heart,Homo sapiens,ILLUMINA,2019-02-19T00:00:00Z,2022-07-18T16:27:00Z,2,SAMEA4690238,E-MTAB-6814:5843sTS.Human.Heart.0dpb.Female,Homo sapiens,female,ERP109002,E-MTAB-6814:5843sTS.Human.Heart.0dpb.Female
ERR2598316,6,RNA-Seq,101,1714359456,PRJEB26969,SAMEA4690239,ArrayExpress,682036834,Lausanne Genomics Technology Facility,human,public,"fastq,run.zq,sra","ena,gs,ncbi,s3","ena,gs.us-east1,ncbi.public,s3.us-east-1",neonate,normal,2019-02-18,2018-12-30T17:01:52Z,2018-11-16,2018-05-25T13:50:14Z,ERX2614597,neonate,heart,male,SAMEA4690239,University of Heidelberg,2018-12-30T17:01:52Z,2018-05-25T13:50:14Z,public,Illumina HiSeq 2500,5850sTS.Human.Heart.6dpb.Male_s,SINGLE,PolyA,TRANSCRIPTOMIC,heart,Homo sapiens,ILLUMINA,2019-02-19T00:00:00Z,2022-07-26T06:05:00Z,2,SAMEA4690239,E-MTAB-6814:5850sTS.Human.Heart.6dpb.Male,Homo sapiens,male,ERP109002,E-MTAB-6814:5850sTS.Human.Heart.6dpb.Male
ERR2598317,94,RNA-Seq,101,2725315421,PRJEB26969,SAMEA4690240,ArrayExpress,977329839,Lausanne Genomics Technology Facility,human,public,"fastq,run.zq,sra","ena,gs,ncbi,s3","ena,gs.us-east1,ncbi.public,s3.us-east-1",neonate,normal,2019-02-18,2018-12-30T17:01:52Z,2018-11-16,2018-05-25T13:50:14Z,ERX2614598,neonate,heart,male,SAMEA4690240,University of Heidelberg,2018-12-30T17:01:52Z,2018-05-25T13:50:14Z,public,Illumina HiSeq 2500,5905sTS.Human.Heart.94dpb.Male_s,SINGLE,PolyA,TRANSCRIPTOMIC,heart,Homo sapiens,ILLUMINA,2019-02-19T00:00:00Z,2021-10-24T06:43:00Z,2,SAMEA4690240,E-MTAB-6814:5905sTS.Human.Heart.94dpb.Male,Homo sapiens,male,ERP109002,E-MTAB-6814:5905sTS.Human.Heart.94dpb.Male
ERR2598318,4,RNA-Seq,101,4780815305,PRJEB26969,SAMEA4690241,ArrayExpress,1762702018,Lausanne Genomics Technology Facility,human,public,"fastq,run.zq,sra","ena,gs,ncbi,s3","ena,gs.us-east1,ncbi.public,s3.us-east-1",neonate,normal,2019-02-18,2018-12-30T17:01:52Z,2018-11-16,2018-05-25T13:50:14Z,ERX2614599,neonate,hindbrain,male,SAMEA4690241,University of Heidelberg,2018-12-30T17:01:52Z,2018-05-25T13:50:14Z,public,Illumina HiSeq 2500,5510sTS.Human.Cerebellum.4dpb.Male_s,SINGLE,PolyA,TRANSCRIPTOMIC,hindbrain,Homo sapiens,ILLUMINA,2019-02-19T00:00:00Z,2021-10-24T07:45:00Z,2,SAMEA4690241,E-MTAB-6814:5510sTS.Human.Cerebellum.4dpb.Male,Homo sapiens,male,ERP109002,E-MTAB-6814:5510sTS.Human.Cerebellum.4dpb.Male
ERR2598319,15,RNA-Seq,101,4101555965,PRJEB26969,SAMEA4690242,ArrayExpress,1537470648,Lausanne Genomics Technology Facility,human,public,"fastq,run.zq,sra","ena,gs,ncbi,s3","ena,gs.us-east1,ncbi.public,s3.us-east-1",neonate,normal,2019-02-18,2018-12-30T17:01:52Z,2018-11-16,2018-05-25T13:50:14Z,ERX2614600,neonate,hindbrain,female,SAMEA4690242,University of Heidelberg,2018-12-30T17:01:52Z,2018-05-25T13:50:14Z,public,Illumina HiSeq 2500,5519sTS.Human.Cerebellum.15dpb.Female_s,SINGLE,PolyA,TRANSCRIPTOMIC,hindbrain,Homo sapiens,ILLUMINA,2019-02-19T00:00:00Z,2022-07-18T22:47:00Z,2,SAMEA4690242,E-MTAB-6814:5519sTS.Human.Cerebellum.15dpb.Female,Homo sapiens,female,ERP109002,E-MTAB-6814:5519sTS.Human.Cerebellum.15dpb.Female
ERR2598320,19,RNA-Seq,101,2681042475,PRJEB26969,SAMEA4690243,ArrayExpress,995905894,Lausanne Genomics Technology Facility,human,public,"fastq,run.zq,sra","ena,gs,ncbi,s3","ena,gs.us-east1,ncbi.public,s3.us-east-1",neonate,normal,2019-02-18,2018-12-30T17:01:52Z,2018-11-16,2018-05-25T13:50:14Z,ERX2614601,neonate,hindbrain,female,SAMEA4690243,University of Heidelberg,2018-12-30T17:01:52Z,2018-05-25T13:50:14Z,public,Illumina HiSeq 2500,5527sTS.Human.Cerebellum.19dpb.Female_s,SINGLE,PolyA,TRANSCRIPTOMIC,hindbrain,Homo sapiens,ILLUMINA,2019-02-19T00:00:00Z,2022-07-14T18:32:00Z,2,SAMEA4690243,E-MTAB-6814:5527sTS.Human.Cerebellum.19dpb.Female,Homo sapiens,female,ERP109002,E-MTAB-6814:5527sTS.Human.Cerebellum.19dpb.Female
ERR2598321,0,RNA-Seq,101,3021964743,PRJEB26969,SAMEA4690244,ArrayExpress,1161697387,Lausanne Genomics Technology Facility,human,public,"fastq,run.zq,sra","ena,gs,ncbi,s3","ena,gs.us-east1,ncbi.public,s3.us-east-1",neonate,normal,2019-02-18,2018-12-30T17:01:52Z,2018-11-16,2018-05-25T13:50:14Z,ERX2614602,neonate,hindbrain,female,SAMEA4690244,University of Heidelberg,2018-12-30T17:01:52Z,2018-05-25T13:50:14Z,public,Illumina HiSeq 2500,5842sTS.Human.Cerebellum.0dpb.Female_s,SINGLE,PolyA,TRANSCRIPTOMIC,hindbrain,Homo sapiens,ILLUMINA,2019-02-19T00:00:00Z,2022-07-17T10:03:00Z,2,SAMEA4690244,E-MTAB-6814:5842sTS.Human.Cerebellum.0dpb.Female,Homo sapiens,female,ERP109002,E-MTAB-6814:5842sTS.Human.Cerebellum.0dpb.Female
ERR2598322,0,RNA-Seq,101,1251950752,PRJEB26969,SAMEA4690245,ArrayExpress,453039673,Lausanne Genomics Technology Facility,human,public,"fastq,run.zq,sra","ena,gs,ncbi,s3","ena,gs.us-east1,ncbi.public,s3.us-east-1",neonate,normal,2019-02-18,2018-12-30T17:01:52Z,2018-11-16,2018-05-25T13:50:14Z,ERX2614603,neonate,hindbrain,female,SAMEA4690245,University of Heidelberg,2018-12-30T17:01:52Z,2018-05-25T13:50:14Z,public,Illumina HiSeq 2500,5848sTS.Human.Cerebellum.0dpb.Female_s,SINGLE,PolyA,TRANSCRIPTOMIC,hindbrain,Homo sapiens,ILLUMINA,2019-02-19T00:00:00Z,2022-07-26T06:04:00Z,2,SAMEA4690245,E-MTAB-6814:5848sTS.Human.Cerebellum.0dpb.Female,Homo sapiens,female,ERP109002,E-MTAB-6814:5848sTS.Human.Cerebellum.0dpb.Female
ERR2598323,34,RNA-Seq,101,3341127571,PRJEB26969,SAMEA4690246,ArrayExpress,1201607598,Lausanne Genomics Technology Facility,human,public,"fastq,run.zq,sra","ena,gs,ncbi,s3","ena,gs.us-east1,ncbi.public,s3.us-east-1",neonate,normal,2019-02-18,2018-12-30T17:01:52Z,2018-11-16,2018-05-25T13:50:14Z,ERX2614604,neonate,kidney,male,SAMEA4690246,University of Heidelberg,2018-12-30T17:01:52Z,2018-05-25T13:50:14Z,public,Illumina HiSeq 2500,5834sTS.Human.Kidney.34dpb.Male_s,SINGLE,PolyA,TRANSCRIPTOMIC,kidney,Homo sapiens,ILLUMINA,2019-02-19T00:00:00Z,2022-07-13T12:23:00Z,2,SAMEA4690246,E-MTAB-6814:5834sTS.Human.Kidney.34dpb.Male,Homo sapiens,male,ERP109002,E-MTAB-6814:5834sTS.Human.Kidney.34dpb.Male
ERR2598324,0,RNA-Seq,101,2962148200,PRJEB26969,SAMEA4690247,ArrayExpress,1097544024,Lausanne Genomics Technology Facility,human,public,"fastq,run.zq,sra","ena,gs,ncbi,s3","ena,gs.us-east1,ncbi.public,s3.us-east-1",neonate,normal,2019-02-18,2018-12-30T17:01:52Z,2018-11-16,2018-05-25T13:50:14Z,ERX2614605,neonate,kidney,female,SAMEA4690247,University of Heidelberg,2018-12-30T17:01:52Z,2018-05-25T13:50:14Z,public,Illumina HiSeq 2500,5844sTS.Human.Kidney.0dpb.Female_s,SINGLE,PolyA,TRANSCRIPTOMIC,kidney,Homo sapiens,ILLUMINA,2019-02-19T00:00:00Z,2021-10-24T07:34:00Z,2,SAMEA4690247,E-MTAB-6814:5844sTS.Human.Kidney.0dpb.Female,Homo sapiens,female,ERP109002,E-MTAB-6814:5844sTS.Human.Kidney.0dpb.Female
ERR2598325,18,RNA-Seq,101,3817978770,PRJEB26969,SAMEA4690248,ArrayExpress,1449776725,Lausanne Genomics Technology Facility,human,public,"fastq,run.zq,sra","ena,gs,ncbi,s3","ena,gs.us-east1,ncbi.public,s3.us-east-1",neonate,normal,2019-02-18,2018-12-30T17:01:52Z,2018-11-16,2018-05-25T13:50:14Z,ERX2614606,neonate,kidney,female,SAMEA4690248,University of Heidelberg,2018-12-30T17:01:52Z,2018-05-25T13:50:14Z,public,Illumina HiSeq 2500,6098sTS.Human.Kidney.18dpb.Female_s,SINGLE,PolyA,TRANSCRIPTOMIC,kidney,Homo sapiens,ILLUMINA,2019-02-19T00:00:00Z,2021-10-24T07:36:00Z,2,SAMEA4690248,E-MTAB-6814:6098sTS.Human.Kidney.18dpb.Female,Homo sapiens,female,ERP109002,E-MTAB-6814:6098sTS.Human.Kidney.18dpb.Female
ERR2598326,15,RNA-Seq,101,6213056915,PRJEB26969,SAMEA4690249,ArrayExpress,2323075100,Lausanne Genomics Technology Facility,human,public,"fastq,run.zq,sra","ena,gs,ncbi,s3","ena,gs.us-east1,ncbi.public,s3.us-east-1",neonate,normal,2019-02-18,2018-12-30T17:01:52Z,2018-11-16,2018-05-25T13:50:14Z,ERX2614607,neonate,liver,female,SAMEA4690249,University of Heidelberg,2018-12-30T17:01:52Z,2018-05-25T13:50:14Z,public,Illumina HiSeq 2500,5544sTS.Human.Liver.15dpb.Female_s,SINGLE,PolyA,TRANSCRIPTOMIC,liver,Homo sapiens,ILLUMINA,2019-02-19T00:00:00Z,2022-07-13T12:43:00Z,2,SAMEA4690249,E-MTAB-6814:5544sTS.Human.Liver.15dpb.Female,Homo sapiens,female,ERP109002,E-MTAB-6814:5544sTS.Human.Liver.15dpb.Female
ERR2598327,15,RNA-Seq,101,2383212665,PRJEB26969,SAMEA4690250,ArrayExpress,904210022,Lausanne Genomics Technology Facility,human,public,"fastq,run.zq,sra","ena,gs,ncbi,s3","ena,gs.us-east1,ncbi.public,s3.us-east-1",neonate,normal,2019-02-18,2018-12-30T17:01:52Z,2018-11-16,2018-05-25T13:50:14Z,ERX2614608,neonate,liver,male,SAMEA4690250,University of Heidelberg,2018-12-30T17:01:52Z,2018-05-25T13:50:14Z,public,Illumina HiSeq 2500,5548sTS.Human.Liver.15dpb.Male_s,SINGLE,PolyA,TRANSCRIPTOMIC,liver,Homo sapiens,ILLUMINA,2019-02-19T00:00:00Z,2022-07-21T22:24:00Z,2,SAMEA4690250,E-MTAB-6814:5548sTS.Human.Liver.15dpb.Male,Homo sapiens,male,ERP109002,E-MTAB-6814:5548sTS.Human.Liver.15dpb.Male
ERR2598328,8,RNA-Seq,101,2392438106,PRJEB26969,SAMEA4690251,ArrayExpress,907613053,Lausanne Genomics Technology Facility,human,public,"fastq,run.zq,sra","ena,gs,ncbi,s3","ena,gs.us-east1,ncbi.public,s3.us-east-1",school age child,normal,2019-02-18,2018-12-30T17:01:52Z,2018-11-16,2018-05-25T13:50:14Z,ERX2614609,school age child,forebrain,male,SAMEA4690251,University of Heidelberg,2018-12-30T17:01:52Z,2018-05-25T13:50:14Z,public,Illumina HiSeq 2500,5537sTS.Human.Brain.8ypb.Male_s,SINGLE,PolyA,TRANSCRIPTOMIC,forebrain,Homo sapiens,ILLUMINA,2019-02-19T00:00:00Z,2022-07-26T06:06:00Z,2,SAMEA4690251,E-MTAB-6814:5537sTS.Human.Brain.8ypb.Male,Homo sapiens,male,ERP109002,E-MTAB-6814:5537sTS.Human.Brain.8ypb.Male
ERR2598329,7,RNA-Seq,101,4521814541,PRJEB26969,SAMEA4690252,ArrayExpress,1703941889,Lausanne Genomics Technology Facility,human,public,"fastq,run.zq,sra","ena,gs,ncbi,s3","ena,gs.us-east1,ncbi.public,s3.us-east-1",school age child,normal,2019-02-18,2018-12-30T17:01:52Z,2018-11-16,2018-05-25T13:50:14Z,ERX2614610,school age child,forebrain,male,SAMEA4690252,University of Heidelberg,2018-12-30T17:01:52Z,2018-05-25T13:50:14Z,public,Illumina HiSeq 2500,5569sTS.Human.Brain.7ypb.Male_s,SINGLE,PolyA,TRANSCRIPTOMIC,forebrain,Homo sapiens,ILLUMINA,2019-02-19T00:00:00Z,2022-07-14T04:56:00Z,2,SAMEA4690252,E-MTAB-6814:5569sTS.Human.Brain.7ypb.Male,Homo sapiens,male,ERP109002,E-MTAB-6814:5569sTS.Human.Brain.7ypb.Male
ERR2598330,8,RNA-Seq,101,2989061165,PRJEB26969,SAMEA4690253,ArrayExpress,1052497189,Lausanne Genomics Technology Facility,human,public,"fastq,run.zq,sra","ena,gs,ncbi,s3","ena,gs.us-east1,ncbi.public,s3.us-east-1",school age child,normal,2019-02-18,2018-12-30T17:01:52Z,2018-11-16,2018-05-25T13:50:14Z,ERX2614611,school age child,hindbrain,male,SAMEA4690253,University of Heidelberg,2018-12-30T17:01:52Z,2018-05-25T13:50:14Z,public,Illumina HiSeq 2500,5562sTS.Human.Cerebellum.8ypb.Male_s,SINGLE,PolyA,TRANSCRIPTOMIC,hindbrain,Homo sapiens,ILLUMINA,2019-02-19T00:00:00Z,2022-07-26T06:06:00Z,2,SAMEA4690253,E-MTAB-6814:5562sTS.Human.Cerebellum.8ypb.Male,Homo sapiens,male,ERP109002,E-MTAB-6814:5562sTS.Human.Cerebellum.8ypb.Male
ERR2598331,7,RNA-Seq,101,3773780665,PRJEB26969,SAMEA4690254,ArrayExpress,1385493476,Lausanne Genomics Technology Facility,human,public,"fastq,run.zq,sra","ena,gs,ncbi,s3","ena,gs.us-east1,ncbi.public,s3.us-east-1",school age child,normal,2019-02-18,2018-12-30T17:01:52Z,2018-11-16,2018-05-25T13:50:14Z,ERX2614612,school age child,hindbrain,male,SAMEA4690254,University of Heidelberg,2018-12-30T17:01:52Z,2018-05-25T13:50:14Z,public,Illumina HiSeq 2500,5567sTS.Human.Cerebellum.7ypb.Male_s,SINGLE,PolyA,TRANSCRIPTOMIC,hindbrain,Homo sapiens,ILLUMINA,2019-02-19T00:00:00Z,2021-10-24T07:39:00Z,2,SAMEA4690254,E-MTAB-6814:5567sTS.Human.Cerebellum.7ypb.Male,Homo sapiens,male,ERP109002,E-MTAB-6814:5567sTS.Human.Cerebellum.7ypb.Male
ERR2598332,8,RNA-Seq,101,2435888508,PRJEB26969,SAMEA4690255,ArrayExpress,877185655,Lausanne Genomics Technology Facility,human,public,"fastq,run.zq,sra","ena,gs,ncbi,s3","ena,gs.us-east1,ncbi.public,s3.us-east-1",school age child,normal,2019-02-18,2018-12-30T17:01:52Z,2018-11-16,2018-05-25T13:50:14Z,ERX2614613,school age child,hindbrain,female,SAMEA4690255,University of Heidelberg,2018-12-30T17:01:52Z,2018-05-25T13:50:14Z,public,Illumina HiSeq 2500,6046sTS.Human.Cerebellum.8ypb.Female_s,SINGLE,PolyA,TRANSCRIPTOMIC,hindbrain,Homo sapiens,ILLUMINA,2019-02-19T00:00:00Z,2021-10-24T07:33:00Z,2,SAMEA4690255,E-MTAB-6814:6046sTS.Human.Cerebellum.8ypb.Female,Homo sapiens,female,ERP109002,E-MTAB-6814:6046sTS.Human.Cerebellum.8ypb.Female
ERR2598333,8,RNA-Seq,101,3581320822,PRJEB26969,SAMEA4690256,ArrayExpress,1379763637,Lausanne Genomics Technology Facility,human,public,"fastq,run.zq,sra","ena,gs,ncbi,s3","ena,gs.us-east1,ncbi.public,s3.us-east-1",school age child,normal,2019-02-18,2018-12-30T17:01:52Z,2018-11-16,2018-05-25T13:50:14Z,ERX2614614,school age child,kidney,female,SAMEA4690256,University of Heidelberg,2018-12-30T17:01:52Z,2018-05-25T13:50:14Z,public,Illumina HiSeq 2500,6099sTS.Human.Kidney.8ypb.Female_s,SINGLE,PolyA,TRANSCRIPTOMIC,kidney,Homo sapiens,ILLUMINA,2019-02-19T00:00:00Z,2021-10-24T07:41:00Z,2,SAMEA4690256,E-MTAB-6814:6099sTS.Human.Kidney.8ypb.Female,Homo sapiens,female,ERP109002,E-MTAB-6814:6099sTS.Human.Kidney.8ypb.Female
ERR2598334,7,RNA-Seq,101,2489096217,PRJEB26969,SAMEA4690257,ArrayExpress,921869353,Lausanne Genomics Technology Facility,human,public,"fastq,run.zq,sra","ena,gs,ncbi,s3","ena,gs.us-east1,ncbi.public,s3.us-east-1",school age child,normal,2019-02-18,2018-12-30T17:01:52Z,2018-11-16,2018-05-25T13:50:14Z,ERX2614615,school age child,liver,male,SAMEA4690257,University of Heidelberg,2018-12-30T17:01:52Z,2018-05-25T13:50:14Z,public,Illumina HiSeq 2500,5513sTS.Human.Liver.7ypb.Male_s,SINGLE,PolyA,TRANSCRIPTOMIC,liver,Homo sapiens,ILLUMINA,2019-02-19T00:00:00Z,2022-07-26T06:06:00Z,2,SAMEA4690257,E-MTAB-6814:5513sTS.Human.Liver.7ypb.Male,Homo sapiens,male,ERP109002,E-MTAB-6814:5513sTS.Human.Liver.7ypb.Male
ERR2598335,2,RNA-Seq,101,5766585910,PRJEB26969,SAMEA4690258,ArrayExpress,2145470026,Lausanne Genomics Technology Facility,human,public,"fastq,run.zq,sra","ena,gs,ncbi,s3","ena,gs.us-east1,ncbi.public,s3.us-east-1",toddler,normal,2019-02-18,2018-12-30T17:01:52Z,2018-11-16,2018-05-25T13:50:14Z,ERX2614616,toddler,forebrain,female,SAMEA4690258,University of Heidelberg,2018-12-30T17:01:52Z,2018-05-25T13:50:14Z,public,Illumina HiSeq 2500,5543sTS.Human.Brain.2ypb.Female_s,SINGLE,PolyA,TRANSCRIPTOMIC,forebrain,Homo sapiens,ILLUMINA,2019-02-19T00:00:00Z,2022-07-15T18:20:00Z,2,SAMEA4690258,E-MTAB-6814:5543sTS.Human.Brain.2ypb.Female,Homo sapiens,female,ERP109002,E-MTAB-6814:5543sTS.Human.Brain.2ypb.Female
ERR2598336,4,RNA-Seq,101,3519329143,PRJEB26969,SAMEA4690259,ArrayExpress,1237629034,Lausanne Genomics Technology Facility,human,public,"fastq,run.zq,sra","ena,gs,ncbi,s3","ena,gs.us-east1,ncbi.public,s3.us-east-1",toddler,normal,2019-02-18,2018-12-30T17:01:52Z,2018-11-16,2018-05-25T13:50:14Z,ERX2614617,toddler,forebrain,male,SAMEA4690259,University of Heidelberg,2018-12-30T17:01:52Z,2018-05-25T13:50:14Z,public,Illumina HiSeq 2500,5837sTS.Human.Brain.4ypb.Male_s,SINGLE,PolyA,TRANSCRIPTOMIC,forebrain,Homo sapiens,ILLUMINA,2019-02-19T00:00:00Z,2022-07-26T06:08:00Z,2,SAMEA4690259,E-MTAB-6814:5837sTS.Human.Brain.4ypb.Male,Homo sapiens,male,ERP109002,E-MTAB-6814:5837sTS.Human.Brain.4ypb.Male
ERR2598337,4,RNA-Seq,101,2590090460,PRJEB26969,SAMEA4690260,ArrayExpress,899937219,Lausanne Genomics Technology Facility,human,public,"fastq,run.zq,sra","ena,gs,ncbi,s3","ena,gs.us-east1,ncbi.public,s3.us-east-1",toddler,normal,2019-02-18,2018-12-30T17:01:52Z,2018-11-16,2018-05-25T13:50:14Z,ERX2614618,toddler,forebrain,male,SAMEA4690260,University of Heidelberg,2018-12-30T17:01:52Z,2018-05-25T13:50:14Z,public,Illumina HiSeq 2500,5904sTS.Human.Brain.4ypb.Male_s,SINGLE,PolyA,TRANSCRIPTOMIC,forebrain,Homo sapiens,ILLUMINA,2019-02-19T00:00:00Z,2022-07-26T06:05:00Z,2,SAMEA4690260,E-MTAB-6814:5904sTS.Human.Brain.4ypb.Male,Homo sapiens,male,ERP109002,E-MTAB-6814:5904sTS.Human.Brain.4ypb.Male
ERR2598338,2,RNA-Seq,101,1339543002,PRJEB26969,SAMEA4690261,ArrayExpress,484993650,Lausanne Genomics Technology Facility,human,public,"fastq,run.zq,sra","ena,gs,ncbi,s3","ena,gs.us-east1,ncbi.public,s3.us-east-1",toddler,normal,2019-02-18,2018-12-30T17:01:52Z,2018-11-16,2018-05-25T13:50:14Z,ERX2614619,toddler,heart,male,SAMEA4690261,University of Heidelberg,2018-12-30T17:01:52Z,2018-05-25T13:50:14Z,public,Illumina HiSeq 2500,5839sTS.Human.Heart.2ypb.Male_s,SINGLE,PolyA,TRANSCRIPTOMIC,heart,Homo sapiens,ILLUMINA,2019-02-19T00:00:00Z,2021-10-24T07:31:00Z,2,SAMEA4690261,E-MTAB-6814:5839sTS.Human.Heart.2ypb.Male,Homo sapiens,male,ERP109002,E-MTAB-6814:5839sTS.Human.Heart.2ypb.Male
ERR2598339,4,RNA-Seq,101,2420746891,PRJEB26969,SAMEA4690262,ArrayExpress,932305790,Lausanne Genomics Technology Facility,human,public,"fastq,run.zq,sra","ena,gs,ncbi,s3","ena,gs.us-east1,ncbi.public,s3.us-east-1",toddler,normal,2019-02-18,2018-12-30T17:01:52Z,2018-11-16,2018-05-25T13:50:14Z,ERX2614620,toddler,heart,female,SAMEA4690262,University of Heidelberg,2018-12-30T17:01:52Z,2018-05-25T13:50:14Z,public,Illumina HiSeq 2500,6100sTS.Human.Heart.4ypb.Female_s,SINGLE,PolyA,TRANSCRIPTOMIC,heart,Homo sapiens,ILLUMINA,2019-02-19T00:00:00Z,2022-07-22T06:30:00Z,2,SAMEA4690262,E-MTAB-6814:6100sTS.Human.Heart.4ypb.Female,Homo sapiens,female,ERP109002,E-MTAB-6814:6100sTS.Human.Heart.4ypb.Female
ERR2598340,2,RNA-Seq,101,2897727875,PRJEB26969,SAMEA4690263,ArrayExpress,1022375066,Lausanne Genomics Technology Facility,human,public,"fastq,run.zq,sra","ena,gs,ncbi,s3","ena,gs.us-east1,ncbi.public,s3.us-east-1",toddler,normal,2019-02-18,2018-12-30T17:01:52Z,2018-11-16,2018-05-25T13:50:14Z,ERX2614621,toddler,hindbrain,female,SAMEA4690263,University of Heidelberg,2018-12-30T17:01:52Z,2018-05-25T13:50:14Z,public,Illumina HiSeq 2500,5559sTS.Human.Cerebellum.2ypb.Female_s,SINGLE,PolyA,TRANSCRIPTOMIC,hindbrain,Homo sapiens,ILLUMINA,2019-02-19T00:00:00Z,2021-10-24T07:34:00Z,2,SAMEA4690263,E-MTAB-6814:5559sTS.Human.Cerebellum.2ypb.Female,Homo sapiens,female,ERP109002,E-MTAB-6814:5559sTS.Human.Cerebellum.2ypb.Female
ERR2598341,4,RNA-Seq,101,2525517726,PRJEB26969,SAMEA4690264,ArrayExpress,951719037,Lausanne Genomics Technology Facility,human,public,"fastq,run.zq,sra","ena,gs,ncbi,s3","ena,gs.us-east1,ncbi.public,s3.us-east-1",toddler,normal,2019-02-18,2018-12-30T17:01:52Z,2018-11-16,2018-05-25T13:50:14Z,ERX2614622,toddler,hindbrain,male,SAMEA4690264,University of Heidelberg,2018-12-30T17:01:52Z,2018-05-25T13:50:14Z,public,Illumina HiSeq 2500,5846sTS.Human.Cerebellum.4ypb.Male_s,SINGLE,PolyA,TRANSCRIPTOMIC,hindbrain,Homo sapiens,ILLUMINA,2019-02-19T00:00:00Z,2022-07-18T06:37:00Z,2,SAMEA4690264,E-MTAB-6814:5846sTS.Human.Cerebellum.4ypb.Male,Homo sapiens,male,ERP109002,E-MTAB-6814:5846sTS.Human.Cerebellum.4ypb.Male
ERR2598342,2,RNA-Seq,101,2911329646,PRJEB26969,SAMEA4690265,ArrayExpress,1036759781,Lausanne Genomics Technology Facility,human,public,"fastq,run.zq,sra","ena,gs,ncbi,s3","ena,gs.us-east1,ncbi.public,s3.us-east-1",toddler,normal,2019-02-18,2018-12-30T17:01:52Z,2018-11-16,2018-05-25T13:50:14Z,ERX2614623,toddler,kidney,male,SAMEA4690265,University of Heidelberg,2018-12-30T17:01:52Z,2018-05-25T13:50:14Z,public,Illumina HiSeq 2500,5821sTS.Human.Kidney.2ypb.Male_s,SINGLE,PolyA,TRANSCRIPTOMIC,kidney,Homo sapiens,ILLUMINA,2019-02-19T00:00:00Z,2021-10-24T07:35:00Z,2,SAMEA4690265,E-MTAB-6814:5821sTS.Human.Kidney.2ypb.Male,Homo sapiens,male,ERP109002,E-MTAB-6814:5821sTS.Human.Kidney.2ypb.Male
ERR2598343,4,RNA-Seq,101,3333673266,PRJEB26969,SAMEA4690266,ArrayExpress,1281932030,Lausanne Genomics Technology Facility,human,public,"fastq,run.zq,sra","ena,gs,ncbi,s3","ena,gs.us-east1,ncbi.public,s3.us-east-1",toddler,normal,2019-02-18,2018-12-30T17:01:52Z,2018-11-16,2018-05-25T13:50:14Z,ERX2614624,toddler,kidney,female,SAMEA4690266,University of Heidelberg,2018-12-30T17:01:52Z,2018-05-25T13:50:14Z,public,Illumina HiSeq 2500,6101sTS.Human.Kidney.4ypb.Female_s,SINGLE,PolyA,TRANSCRIPTOMIC,kidney,Homo sapiens,ILLUMINA,2019-02-19T00:00:00Z,2021-10-24T07:37:00Z,2,SAMEA4690266,E-MTAB-6814:6101sTS.Human.Kidney.4ypb.Female,Homo sapiens,female,ERP109002,E-MTAB-6814:6101sTS.Human.Kidney.4ypb.Female
ERR2598344,2,RNA-Seq,101,2529622871,PRJEB26969,SAMEA4690267,ArrayExpress,922850304,Lausanne Genomics Technology Facility,human,public,"fastq,run.zq,sra","ena,gs,ncbi,s3","ena,gs.us-east1,ncbi.public,s3.us-east-1",toddler,normal,2019-02-18,2018-12-30T17:01:52Z,2018-11-16,2018-05-25T13:50:14Z,ERX2614625,toddler,liver,female,SAMEA4690267,University of Heidelberg,2018-12-30T17:01:52Z,2018-05-25T13:50:14Z,public,Illumina HiSeq 2500,5556sTS.Human.Liver.2ypb.Female_s,SINGLE,PolyA,TRANSCRIPTOMIC,liver,Homo sapiens,ILLUMINA,2019-02-19T00:00:00Z,2022-07-17T19:30:00Z,2,SAMEA4690267,E-MTAB-6814:5556sTS.Human.Liver.2ypb.Female,Homo sapiens,female,ERP109002,E-MTAB-6814:5556sTS.Human.Liver.2ypb.Female
ERR2598345,1,RNA-Seq,101,3115403277,PRJEB26969,SAMEA4690268,ArrayExpress,1064991383,Lausanne Genomics Technology Facility,human,public,"fastq,run.zq,sra","ena,gs,ncbi,s3","ena,gs.us-east1,ncbi.public,s3.us-east-1",toddler,normal,2019-02-18,2018-12-30T17:01:52Z,2018-11-16,2018-05-25T13:50:14Z,ERX2614626,toddler,testis,male,SAMEA4690268,University of Heidelberg,2018-12-30T17:01:52Z,2018-05-25T13:50:14Z,public,Illumina HiSeq 2500,5841sTS.Human.Testis.1ypb.Male_s,SINGLE,PolyA,TRANSCRIPTOMIC,testis,Homo sapiens,ILLUMINA,2019-02-19T00:00:00Z,2022-07-26T06:08:00Z,2,SAMEA4690268,E-MTAB-6814:5841sTS.Human.Testis.1ypb.Male,Homo sapiens,male,ERP109002,E-MTAB-6814:5841sTS.Human.Testis.1ypb.Male
ERR2598346,29,RNA-Seq,101,5358415923,PRJEB26969,SAMEA4690269,ArrayExpress,1978406543,Lausanne Genomics Technology Facility,human,public,"fastq,run.zq,sra","ena,gs,ncbi,s3","ena,gs.us-east1,ncbi.public,s3.us-east-1",young adult,normal,2019-02-18,2018-12-30T17:01:52Z,2018-11-16,2018-05-25T13:50:14Z,ERX2614627,young adult,forebrain,male,SAMEA4690269,University of Heidelberg,2018-12-30T17:01:52Z,2018-05-25T13:50:14Z,public,Illumina HiSeq 2500,5531sTS.Human.Brain.29ypb.Male_s,SINGLE,PolyA,TRANSCRIPTOMIC,forebrain,Homo sapiens,ILLUMINA,2019-02-19T00:00:00Z,2021-10-24T07:47:00Z,2,SAMEA4690269,E-MTAB-6814:5531sTS.Human.Brain.29ypb.Male,Homo sapiens,male,ERP109002,E-MTAB-6814:5531sTS.Human.Brain.29ypb.Male
ERR2598347,29,RNA-Seq,101,5582361708,PRJEB26969,SAMEA4690270,ArrayExpress,2057131884,Lausanne Genomics Technology Facility,human,public,"fastq,run.zq,sra","ena,gs,ncbi,s3","ena,gs.us-east1,ncbi.public,s3.us-east-1",young adult,normal,2019-02-18,2018-12-30T17:01:52Z,2018-11-16,2018-05-25T13:50:14Z,ERX2614628,young adult,forebrain,male,SAMEA4690270,University of Heidelberg,2018-12-30T17:01:52Z,2018-05-25T13:50:14Z,public,Illumina HiSeq 2500,5908sTS.Human.Brain.29ypb.Male_s,SINGLE,PolyA,TRANSCRIPTOMIC,forebrain,Homo sapiens,ILLUMINA,2019-02-19T00:00:00Z,2022-07-12T19:17:00Z,2,SAMEA4690270,E-MTAB-6814:5908sTS.Human.Brain.29ypb.Male,Homo sapiens,male,ERP109002,E-MTAB-6814:5908sTS.Human.Brain.29ypb.Male
ERR2598348,28,RNA-Seq,101,4148947892,PRJEB26969,SAMEA4690271,ArrayExpress,1493688787,Lausanne Genomics Technology Facility,human,public,"fastq,run.zq,sra","ena,gs,ncbi,s3","ena,gs.us-east1,ncbi.public,s3.us-east-1",young adult,normal,2019-02-18,2018-12-30T17:01:52Z,2018-11-16,2018-05-25T13:50:14Z,ERX2614629,young adult,forebrain,male,SAMEA4690271,University of Heidelberg,2018-12-30T17:01:52Z,2018-05-25T13:50:14Z,public,Illumina HiSeq 2500,6048sTS.Human.Brain.28ypb.Male_s,SINGLE,PolyA,TRANSCRIPTOMIC,forebrain,Homo sapiens,ILLUMINA,2019-02-19T00:00:00Z,2021-10-24T07:39:00Z,2,SAMEA4690271,E-MTAB-6814:6048sTS.Human.Brain.28ypb.Male,Homo sapiens,male,ERP109002,E-MTAB-6814:6048sTS.Human.Brain.28ypb.Male
ERR2598349,39,RNA-Seq,101,2501066131,PRJEB26969,SAMEA4690272,ArrayExpress,929239007,Lausanne Genomics Technology Facility,human,public,"fastq,run.zq,sra","ena,gs,ncbi,s3","ena,gs.us-east1,ncbi.public,s3.us-east-1",young adult,normal,2019-02-18,2018-12-30T17:01:52Z,2018-11-16,2018-05-25T13:50:14Z,ERX2614630,young adult,forebrain,male,SAMEA4690272,University of Heidelberg,2018-12-30T17:01:52Z,2018-05-25T13:50:14Z,public,Illumina HiSeq 2500,5533sTS.Human.Brain.39ypb.Male_s,SINGLE,PolyA,TRANSCRIPTOMIC,forebrain,Homo sapiens,ILLUMINA,2019-02-19T00:00:00Z,2022-07-14T10:05:00Z,2,SAMEA4690272,E-MTAB-6814:5533sTS.Human.Brain.39ypb.Male,Homo sapiens,male,ERP109002,E-MTAB-6814:5533sTS.Human.Brain.39ypb.Male
ERR2598350,39,RNA-Seq,101,5776354832,PRJEB26969,SAMEA4690273,ArrayExpress,2301563277,Lausanne Genomics Technology Facility,human,public,"fastq,run.zq,sra","ena,gs,ncbi,s3","ena,gs.us-east1,ncbi.public,s3.us-east-1",young adult,normal,2019-02-18,2018-12-30T17:01:52Z,2018-11-16,2018-05-25T13:50:14Z,ERX2614631,young adult,forebrain,male,SAMEA4690273,University of Heidelberg,2018-12-30T17:01:52Z,2018-05-25T13:50:14Z,public,Illumina HiSeq 2500,5574sTS.Human.Brain.39ypb.Male_s,SINGLE,PolyA,TRANSCRIPTOMIC,forebrain,Homo sapiens,ILLUMINA,2019-02-19T00:00:00Z,2022-07-26T06:13:00Z,2,SAMEA4690273,E-MTAB-6814:5574sTS.Human.Brain.39ypb.Male,Homo sapiens,male,ERP109002,E-MTAB-6814:5574sTS.Human.Brain.39ypb.Male
ERR2598351,25,RNA-Seq,101,3008544570,PRJEB26969,SAMEA4690274,ArrayExpress,1079465464,Lausanne Genomics Technology Facility,human,public,"fastq,run.zq,sra","ena,gs,ncbi,s3","ena,gs.us-east1,ncbi.public,s3.us-east-1",young adult,normal,2019-02-18,2018-12-30T17:01:52Z,2018-11-16,2018-05-25T13:50:14Z,ERX2614632,young adult,heart,male,SAMEA4690274,University of Heidelberg,2018-12-30T17:01:52Z,2018-05-25T13:50:14Z,public,Illumina HiSeq 2500,6042sTS.Human.Heart.25ypb.Male_s,SINGLE,PolyA,TRANSCRIPTOMIC,heart,Homo sapiens,ILLUMINA,2019-02-19T00:00:00Z,2022-07-26T06:08:00Z,2,SAMEA4690274,E-MTAB-6814:6042sTS.Human.Heart.25ypb.Male,Homo sapiens,male,ERP109002,E-MTAB-6814:6042sTS.Human.Heart.25ypb.Male
ERR2598352,29,RNA-Seq,101,4438786784,PRJEB26969,SAMEA4690275,ArrayExpress,1662887194,Lausanne Genomics Technology Facility,human,public,"fastq,run.zq,sra","ena,gs,ncbi,s3","ena,gs.us-east1,ncbi.public,s3.us-east-1",young adult,normal,2019-02-18,2018-12-30T17:01:52Z,2018-11-16,2018-05-25T13:50:14Z,ERX2614633,young adult,hindbrain,male,SAMEA4690275,University of Heidelberg,2018-12-30T17:01:52Z,2018-05-25T13:50:14Z,public,Illumina HiSeq 2500,5520sTS.Human.Cerebellum.29ypb.Male_s,SINGLE,PolyA,TRANSCRIPTOMIC,hindbrain,Homo sapiens,ILLUMINA,2019-02-19T00:00:00Z,2022-07-14T04:55:00Z,2,SAMEA4690275,E-MTAB-6814:5520sTS.Human.Cerebellum.29ypb.Male,Homo sapiens,male,ERP109002,E-MTAB-6814:5520sTS.Human.Cerebellum.29ypb.Male
ERR2598353,29,RNA-Seq,101,10889030079,PRJEB26969,SAMEA4690276,ArrayExpress,4116016836,Lausanne Genomics Technology Facility,human,public,"fastq,run.zq,sra","ena,gs,ncbi,s3","ena,gs.us-east1,ncbi.public,s3.us-east-1",young adult,normal,2019-02-18,2018-12-30T17:01:52Z,2018-11-16,2018-05-25T13:50:14Z,ERX2614634,young adult,hindbrain,male,SAMEA4690276,University of Heidelberg,2018-12-30T17:01:52Z,2018-05-25T13:50:14Z,public,Illumina HiSeq 2500,5540sTS.Human.Cerebellum.29ypb.Male_s,SINGLE,PolyA,TRANSCRIPTOMIC,hindbrain,Homo sapiens,ILLUMINA,2019-02-19T00:00:00Z,2022-07-19T16:47:00Z,2,SAMEA4690276,E-MTAB-6814:5540sTS.Human.Cerebellum.29ypb.Male,Homo sapiens,male,ERP109002,E-MTAB-6814:5540sTS.Human.Cerebellum.29ypb.Male
ERR2598354,32,RNA-Seq,101,3334626302,PRJEB26969,SAMEA4690277,ArrayExpress,1273982228,Lausanne Genomics Technology Facility,human,public,"fastq,run.zq,sra","ena,gs,ncbi,s3","ena,gs.us-east1,ncbi.public,s3.us-east-1",young adult,normal,2019-02-18,2018-12-30T17:01:52Z,2018-11-16,2018-05-25T13:50:14Z,ERX2614635,young adult,hindbrain,female,SAMEA4690277,University of Heidelberg,2018-12-30T17:01:52Z,2018-05-25T13:50:14Z,public,Illumina HiSeq 2500,6047sTS.Human.Cerebellum.32ypb.Female_s,SINGLE,PolyA,TRANSCRIPTOMIC,hindbrain,Homo sapiens,ILLUMINA,2019-02-19T00:00:00Z,2022-07-26T06:09:00Z,2,SAMEA4690277,E-MTAB-6814:6047sTS.Human.Cerebellum.32ypb.Female,Homo sapiens,female,ERP109002,E-MTAB-6814:6047sTS.Human.Cerebellum.32ypb.Female
ERR2598355,39,RNA-Seq,101,2388097429,PRJEB26969,SAMEA4690278,ArrayExpress,896115813,Lausanne Genomics Technology Facility,human,public,"fastq,run.zq,sra","ena,gs,ncbi,s3","ena,gs.us-east1,ncbi.public,s3.us-east-1",young adult,normal,2019-02-18,2018-12-30T17:01:52Z,2018-11-16,2018-05-25T13:50:14Z,ERX2614636,young adult,hindbrain,male,SAMEA4690278,University of Heidelberg,2018-12-30T17:01:52Z,2018-05-25T13:50:14Z,public,Illumina HiSeq 2500,5522sTS.Human.Cerebellum.39ypb.Male_s,SINGLE,PolyA,TRANSCRIPTOMIC,hindbrain,Homo sapiens,ILLUMINA,2019-02-19T00:00:00Z,2021-10-24T07:33:00Z,2,SAMEA4690278,E-MTAB-6814:5522sTS.Human.Cerebellum.39ypb.Male,Homo sapiens,male,ERP109002,E-MTAB-6814:5522sTS.Human.Cerebellum.39ypb.Male
ERR2598356,39,RNA-Seq,101,10173970986,PRJEB26969,SAMEA4690279,ArrayExpress,3775924886,Lausanne Genomics Technology Facility,human,public,"fastq,run.zq,sra","ena,gs,ncbi,s3","ena,gs.us-east1,ncbi.public,s3.us-east-1",young adult,normal,2019-02-18,2018-12-30T17:01:52Z,2018-11-16,2018-05-25T13:50:14Z,ERX2614637,young adult,hindbrain,male,SAMEA4690279,University of Heidelberg,2018-12-30T17:01:52Z,2018-05-25T13:50:14Z,public,Illumina HiSeq 2500,5547sTS.Human.Cerebellum.39ypb.Male_s,SINGLE,PolyA,TRANSCRIPTOMIC,hindbrain,Homo sapiens,ILLUMINA,2019-02-19T00:00:00Z,2021-10-24T07:53:00Z,2,SAMEA4690279,E-MTAB-6814:5547sTS.Human.Cerebellum.39ypb.Male,Homo sapiens,male,ERP109002,E-MTAB-6814:5547sTS.Human.Cerebellum.39ypb.Male
ERR2598357,29,RNA-Seq,101,3120541248,PRJEB26969,SAMEA4690280,ArrayExpress,1199609364,Lausanne Genomics Technology Facility,human,public,"fastq,run.zq,sra","ena,gs,ncbi,s3","ena,gs.us-east1,ncbi.public,s3.us-east-1",young adult,normal,2019-02-18,2018-12-30T17:01:52Z,2018-11-16,2018-05-25T13:50:14Z,ERX2614638,young adult,liver,male,SAMEA4690280,University of Heidelberg,2018-12-30T17:01:52Z,2018-05-25T13:50:14Z,public,Illumina HiSeq 2500,5536sTS.Human.Liver.29ypb.Male_s,SINGLE,PolyA,TRANSCRIPTOMIC,liver,Homo sapiens,ILLUMINA,2019-02-19T00:00:00Z,2022-07-22T11:45:00Z,2,SAMEA4690280,E-MTAB-6814:5536sTS.Human.Liver.29ypb.Male,Homo sapiens,male,ERP109002,E-MTAB-6814:5536sTS.Human.Liver.29ypb.Male
ERR2598358,39,RNA-Seq,101,2739442089,PRJEB26969,SAMEA4690281,ArrayExpress,1004218806,Lausanne Genomics Technology Facility,human,public,"fastq,run.zq,sra","ena,gs,ncbi,s3","ena,gs.us-east1,ncbi.public,s3.us-east-1",young adult,normal,2019-02-18,2018-12-30T17:01:52Z,2018-11-16,2018-05-25T13:50:15Z,ERX2614639,young adult,liver,male,SAMEA4690281,University of Heidelberg,2018-12-30T17:01:52Z,2018-05-25T13:50:15Z,public,Illumina HiSeq 2500,5551sTS.Human.Liver.39ypb.Male_s,SINGLE,PolyA,TRANSCRIPTOMIC,liver,Homo sapiens,ILLUMINA,2019-02-19T00:00:00Z,2021-10-24T07:34:00Z,2,SAMEA4690281,E-MTAB-6814:5551sTS.Human.Liver.39ypb.Male,Homo sapiens,male,ERP109002,E-MTAB-6814:5551sTS.Human.Liver.39ypb.Male
ERR2598359,39,RNA-Seq,101,3337460665,PRJEB26969,SAMEA4690282,ArrayExpress,1171277617,Lausanne Genomics Technology Facility,human,public,"fastq,run.zq,sra","ena,gs,ncbi,s3","ena,gs.us-east1,ncbi.public,s3.us-east-1",young adult,normal,2019-02-18,2018-12-30T17:01:52Z,2018-11-16,2018-05-25T13:50:15Z,ERX2614640,young adult,liver,male,SAMEA4690282,University of Heidelberg,2018-12-30T17:01:52Z,2018-05-25T13:50:15Z,public,Illumina HiSeq 2500,5563sTS.Human.Liver.39ypb.Male_s,SINGLE,PolyA,TRANSCRIPTOMIC,liver,Homo sapiens,ILLUMINA,2019-02-19T00:00:00Z,2022-07-26T06:08:00Z,2,SAMEA4690282,E-MTAB-6814:5563sTS.Human.Liver.39ypb.Male,Homo sapiens,male,ERP109002,E-MTAB-6814:5563sTS.Human.Liver.39ypb.Male
ERR2598360,29,RNA-Seq,101,5829892811,PRJEB26969,SAMEA4690283,ArrayExpress,2219196172,Lausanne Genomics Technology Facility,human,public,"fastq,run.zq,sra","ena,gs,ncbi,s3","ena,gs.us-east1,ncbi.public,s3.us-east-1",young adult,normal,2019-02-18,2018-12-30T17:01:52Z,2018-11-16,2018-05-25T13:50:15Z,ERX2614641,young adult,testis,male,SAMEA4690283,University of Heidelberg,2018-12-30T17:01:52Z,2018-05-25T13:50:15Z,public,Illumina HiSeq 2500,5535sTS.Human.Testis.29ypb.Male_s,SINGLE,PolyA,TRANSCRIPTOMIC,testis,Homo sapiens,ILLUMINA,2019-02-19T00:00:00Z,2022-07-26T06:14:00Z,2,SAMEA4690283,E-MTAB-6814:5535sTS.Human.Testis.29ypb.Male,Homo sapiens,male,ERP109002,E-MTAB-6814:5535sTS.Human.Testis.29ypb.Male
ERR2598361,29,RNA-Seq,101,3213997558,PRJEB26969,SAMEA4690284,ArrayExpress,1178964433,Lausanne Genomics Technology Facility,human,public,"fastq,run.zq,sra","ena,gs,ncbi,s3","ena,gs.us-east1,ncbi.public,s3.us-east-1",young adult,normal,2019-02-18,2018-12-30T17:01:52Z,2018-11-16,2018-05-25T13:50:15Z,ERX2614642,young adult,testis,male,SAMEA4690284,University of Heidelberg,2018-12-30T17:01:52Z,2018-05-25T13:50:15Z,public,Illumina HiSeq 2500,5566sTS.Human.Testis.29ypb.Male_s,SINGLE,PolyA,TRANSCRIPTOMIC,testis,Homo sapiens,ILLUMINA,2019-02-19T00:00:00Z,2022-07-26T06:08:00Z,2,SAMEA4690284,E-MTAB-6814:5566sTS.Human.Testis.29ypb.Male,Homo sapiens,male,ERP109002,E-MTAB-6814:5566sTS.Human.Testis.29ypb.Male
ERR2598362,28,RNA-Seq,101,3589949353,PRJEB26969,SAMEA4690285,ArrayExpress,1356591118,Lausanne Genomics Technology Facility,human,public,"fastq,run.zq,sra","ena,gs,ncbi,s3","ena,gs.us-east1,ncbi.public,s3.us-east-1",young adult,normal,2019-02-18,2018-12-30T17:01:52Z,2018-11-16,2018-05-25T13:50:15Z,ERX2614643,young adult,testis,male,SAMEA4690285,University of Heidelberg,2018-12-30T17:01:52Z,2018-05-25T13:50:15Z,public,Illumina HiSeq 2500,6107sTS.Human.Testis.28ypb.Male_s,SINGLE,PolyA,TRANSCRIPTOMIC,testis,Homo sapiens,ILLUMINA,2019-02-19T00:00:00Z,2022-07-18T22:44:00Z,2,SAMEA4690285,E-MTAB-6814:6107sTS.Human.Testis.28ypb.Male,Homo sapiens,male,ERP109002,E-MTAB-6814:6107sTS.Human.Testis.28ypb.Male
ERR2598363,39,RNA-Seq,101,4161159701,PRJEB26969,SAMEA4690286,ArrayExpress,1531688701,Lausanne Genomics Technology Facility,human,public,"fastq,run.zq,sra","ena,gs,ncbi,s3","ena,gs.us-east1,ncbi.public,s3.us-east-1",young adult,normal,2019-02-18,2018-12-30T17:01:52Z,2018-11-16,2018-05-25T13:50:15Z,ERX2614644,young adult,testis,male,SAMEA4690286,University of Heidelberg,2018-12-30T17:01:52Z,2018-05-25T13:50:15Z,public,Illumina HiSeq 2500,5550sTS.Human.Testis.39ypb.Male_s,SINGLE,PolyA,TRANSCRIPTOMIC,testis,Homo sapiens,ILLUMINA,2019-02-19T00:00:00Z,2021-10-24T07:41:00Z,2,SAMEA4690286,E-MTAB-6814:5550sTS.Human.Testis.39ypb.Male,Homo sapiens,male,ERP109002,E-MTAB-6814:5550sTS.Human.Testis.39ypb.Male
