Run,AGE,Assay Type,AvgSpotLen,Bases,BioProject,BioSample,Broker_name,Bytes,Center Name,common_name,Consent,DATASTORE filetype,DATASTORE provider,DATASTORE region,Developmental_stage,ENA-FIRST-PUBLIC (run),ENA-FIRST-PUBLIC,ENA-LAST-UPDATE (run),ENA-LAST-UPDATE,Experiment,Experimental_Factor:_developmental_stage (exp),Experimental_Factor:_organism_part (exp),external_id,genotype,INSDC_center_name,INSDC_first_public,INSDC_last_update,INSDC_status,Instrument,Library Name,LibraryLayout,LibrarySelection,LibrarySource,Organism_part,Organism,Platform,ReleaseDate,create_date,version,Sample Name,Sample_name,Scientific_Name,sex,SRA Study,Submitter_Id
ERR2596796,0,RNA-Seq,101,4579651686,PRJEB26956,SAMEA4688315,ArrayExpress,1747417975,"Lausanne Genomics Technology Facility ",Rhesus monkey,public,"fastq,run.zq,sra","ena,gs,ncbi,s3","ena,gs.us-east1,ncbi.public,s3.us-east-1",postnatal,2019-02-18,2018-12-30T17:01:52Z,2018-11-16,2018-05-25T09:42:42Z,ERX2613081,postnatal day 0,forebrain,SAMEA4688315,wild type genotype,University of Heidelberg,2018-12-30T17:01:52Z,2018-05-25T09:42:42Z,public,Illumina HiSeq 2500,5471sTS.Macaque.Brain.23dpb.Male_s,SINGLE,PolyA,TRANSCRIPTOMIC,forebrain,Macaca mulatta,ILLUMINA,2019-02-19T00:00:00Z,2022-07-15T21:48:00Z,2,SAMEA4688315,E-MTAB-6813:5471sTS.Macaque.Brain.23dpb.Male,Macaca mulatta,male,ERP108988,E-MTAB-6813:5471sTS.Macaque.Brain.23dpb.Male
ERR2596797,0,RNA-Seq,101,3636702455,PRJEB26956,SAMEA4688316,ArrayExpress,1523597896,"Lausanne Genomics Technology Facility ",Rhesus monkey,public,"fastq,run.zq,sra","ena,gs,ncbi,s3","ena,gs.us-east1,ncbi.public,s3.us-east-1",postnatal,2019-02-18,2018-12-30T17:01:52Z,2018-11-16,2018-05-25T09:42:42Z,ERX2613082,postnatal day 0,forebrain,SAMEA4688316,wild type genotype,University of Heidelberg,2018-12-30T17:01:52Z,2018-05-25T09:42:42Z,public,Illumina HiSeq 2500,5480sTS.Macaque.Brain.22dpb.Male_s,SINGLE,PolyA,TRANSCRIPTOMIC,forebrain,Macaca mulatta,ILLUMINA,2019-02-19T00:00:00Z,2021-10-24T06:46:00Z,2,SAMEA4688316,E-MTAB-6813:5480sTS.Macaque.Brain.22dpb.Male,Macaca mulatta,male,ERP108988,E-MTAB-6813:5480sTS.Macaque.Brain.22dpb.Male
ERR2596798,0,RNA-Seq,101,4409079755,PRJEB26956,SAMEA4688317,ArrayExpress,1652657160,"Lausanne Genomics Technology Facility ",Rhesus monkey,public,"fastq,run.zq,sra","ena,gs,ncbi,s3","ena,gs.us-east1,ncbi.public,s3.us-east-1",postnatal,2019-02-18,2018-12-30T17:01:52Z,2018-11-16,2018-05-25T09:42:42Z,ERX2613083,postnatal day 0,forebrain,SAMEA4688317,wild type genotype,University of Heidelberg,2018-12-30T17:01:52Z,2018-05-25T09:42:42Z,public,Illumina HiSeq 2500,5500sTS.Macaque.Brain.1dpb.Male_s,SINGLE,PolyA,TRANSCRIPTOMIC,forebrain,Macaca mulatta,ILLUMINA,2019-02-19T00:00:00Z,2021-10-24T06:48:00Z,2,SAMEA4688317,E-MTAB-6813:5500sTS.Macaque.Brain.1dpb.Male,Macaca mulatta,male,ERP108988,E-MTAB-6813:5500sTS.Macaque.Brain.1dpb.Male
ERR2596799,0,RNA-Seq,101,2774681494,PRJEB26956,SAMEA4688318,ArrayExpress,1039134069,"Lausanne Genomics Technology Facility ",Rhesus monkey,public,"fastq,run.zq,sra","ena,gs,ncbi,s3","ena,gs.us-east1,ncbi.public,s3.us-east-1",postnatal,2019-02-18,2018-12-30T17:01:52Z,2018-11-16,2018-05-25T09:42:42Z,ERX2613084,postnatal day 0,forebrain,SAMEA4688318,wild type genotype,University of Heidelberg,2018-12-30T17:01:52Z,2018-05-25T09:42:42Z,public,Illumina HiSeq 2500,6006sTS.Macaque.Brain.1dpb.Male_s,SINGLE,PolyA,TRANSCRIPTOMIC,forebrain,Macaca mulatta,ILLUMINA,2019-02-19T00:00:00Z,2022-07-26T05:47:00Z,2,SAMEA4688318,E-MTAB-6813:6006sTS.Macaque.Brain.1dpb.Male,Macaca mulatta,male,ERP108988,E-MTAB-6813:6006sTS.Macaque.Brain.1dpb.Male
ERR2596800,0,RNA-Seq,101,4055254434,PRJEB26956,SAMEA4688319,ArrayExpress,1441961434,"Lausanne Genomics Technology Facility ",Rhesus monkey,public,"fastq,run.zq,sra","ena,gs,ncbi,s3","ena,gs.us-east1,ncbi.public,s3.us-east-1",postnatal,2019-02-18,2018-12-30T17:01:52Z,2018-11-16,2018-05-25T09:42:42Z,ERX2613085,postnatal day 0,forebrain,SAMEA4688319,wild type genotype,University of Heidelberg,2018-12-30T17:01:52Z,2018-05-25T09:42:42Z,public,Illumina HiSeq 2500,6049sTS.Macaque.Brain.2dpb.Female_s,SINGLE,PolyA,TRANSCRIPTOMIC,forebrain,Macaca mulatta,ILLUMINA,2019-02-19T00:00:00Z,2022-07-26T06:02:00Z,2,SAMEA4688319,E-MTAB-6813:6049sTS.Macaque.Brain.2dpb.Female,Macaca mulatta,female,ERP108988,E-MTAB-6813:6049sTS.Macaque.Brain.2dpb.Female
ERR2596801,0,RNA-Seq,101,3975917520,PRJEB26956,SAMEA4688320,ArrayExpress,1408631533,"Lausanne Genomics Technology Facility ",Rhesus monkey,public,"fastq,run.zq,sra","ena,gs,ncbi,s3","ena,gs.us-east1,ncbi.public,s3.us-east-1",postnatal,2019-02-18,2018-12-30T17:01:52Z,2018-11-16,2018-05-25T09:42:42Z,ERX2613086,postnatal day 0,forebrain,SAMEA4688320,wild type genotype,University of Heidelberg,2018-12-30T17:01:52Z,2018-05-25T09:42:42Z,public,Illumina HiSeq 2500,6053sTS.Macaque.Brain.7dpb.Male_s,SINGLE,PolyA,TRANSCRIPTOMIC,forebrain,Macaca mulatta,ILLUMINA,2019-02-19T00:00:00Z,2022-07-26T06:02:00Z,2,SAMEA4688320,E-MTAB-6813:6053sTS.Macaque.Brain.7dpb.Male,Macaca mulatta,male,ERP108988,E-MTAB-6813:6053sTS.Macaque.Brain.7dpb.Male
ERR2596802,0,RNA-Seq,101,6018903706,PRJEB26956,SAMEA4688321,ArrayExpress,2256516046,"Lausanne Genomics Technology Facility ",Rhesus monkey,public,"fastq,run.zq,sra","ena,gs,ncbi,s3","ena,gs.us-east1,ncbi.public,s3.us-east-1",postnatal,2019-02-18,2018-12-30T17:01:52Z,2018-11-16,2018-05-25T09:42:42Z,ERX2613087,postnatal day 0,heart,SAMEA4688321,wild type genotype,University of Heidelberg,2018-12-30T17:01:52Z,2018-05-25T09:42:42Z,public,Illumina HiSeq 2500,5409sTS.Macaque.Heart.1dpb.Male_s,SINGLE,PolyA,TRANSCRIPTOMIC,heart,Macaca mulatta,ILLUMINA,2019-02-19T00:00:00Z,2022-07-18T16:32:00Z,2,SAMEA4688321,E-MTAB-6813:5409sTS.Macaque.Heart.1dpb.Male,Macaca mulatta,male,ERP108988,E-MTAB-6813:5409sTS.Macaque.Heart.1dpb.Male
ERR2596803,0,RNA-Seq,101,3741085147,PRJEB26956,SAMEA4688322,ArrayExpress,1443868647,"Lausanne Genomics Technology Facility ",Rhesus monkey,public,"fastq,run.zq,sra","ena,gs,ncbi,s3","ena,gs.us-east1,ncbi.public,s3.us-east-1",postnatal,2019-02-18,2018-12-30T17:01:52Z,2018-11-16,2018-05-25T09:42:42Z,ERX2613088,postnatal day 0,heart,SAMEA4688322,wild type genotype,University of Heidelberg,2018-12-30T17:01:52Z,2018-05-25T09:42:42Z,public,Illumina HiSeq 2500,5444sTS.Macaque.Heart.23dpb.Male_s,SINGLE,PolyA,TRANSCRIPTOMIC,heart,Macaca mulatta,ILLUMINA,2019-02-19T00:00:00Z,2021-10-24T06:54:00Z,2,SAMEA4688322,E-MTAB-6813:5444sTS.Macaque.Heart.23dpb.Male,Macaca mulatta,male,ERP108988,E-MTAB-6813:5444sTS.Macaque.Heart.23dpb.Male
ERR2596804,0,RNA-Seq,101,4480280311,PRJEB26956,SAMEA4688323,ArrayExpress,1894662832,"Lausanne Genomics Technology Facility ",Rhesus monkey,public,"fastq,run.zq,sra","ena,gs,ncbi,s3","ena,gs.us-east1,ncbi.public,s3.us-east-1",postnatal,2019-02-18,2018-12-30T17:01:52Z,2018-11-16,2018-05-25T09:42:42Z,ERX2613089,postnatal day 0,heart,SAMEA4688323,wild type genotype,University of Heidelberg,2018-12-30T17:01:52Z,2018-05-25T09:42:42Z,public,Illumina HiSeq 2500,5474sTS.Macaque.Heart.1dpb.Male_s,SINGLE,PolyA,TRANSCRIPTOMIC,heart,Macaca mulatta,ILLUMINA,2019-02-19T00:00:00Z,2021-10-24T06:53:00Z,2,SAMEA4688323,E-MTAB-6813:5474sTS.Macaque.Heart.1dpb.Male,Macaca mulatta,male,ERP108988,E-MTAB-6813:5474sTS.Macaque.Heart.1dpb.Male
ERR2596805,0,RNA-Seq,101,5011798063,PRJEB26956,SAMEA4688324,ArrayExpress,1770000520,"Lausanne Genomics Technology Facility ",Rhesus monkey,public,"fastq,run.zq,sra","ena,gs,ncbi,s3","ena,gs.us-east1,ncbi.public,s3.us-east-1",postnatal,2019-02-18,2018-12-30T17:01:52Z,2018-11-16,2018-05-25T09:42:42Z,ERX2613090,postnatal day 0,heart,SAMEA4688324,wild type genotype,University of Heidelberg,2018-12-30T17:01:52Z,2018-05-25T09:42:42Z,public,Illumina HiSeq 2500,6055sTS.Macaque.Heart.7dpb.Male_s,SINGLE,PolyA,TRANSCRIPTOMIC,heart,Macaca mulatta,ILLUMINA,2019-02-19T00:00:00Z,2021-10-24T06:55:00Z,2,SAMEA4688324,E-MTAB-6813:6055sTS.Macaque.Heart.7dpb.Male,Macaca mulatta,male,ERP108988,E-MTAB-6813:6055sTS.Macaque.Heart.7dpb.Male
ERR2596806,0,RNA-Seq,101,3031341583,PRJEB26956,SAMEA4688325,ArrayExpress,1181979355,"Lausanne Genomics Technology Facility ",Rhesus monkey,public,"fastq,run.zq,sra","ena,gs,ncbi,s3","ena,gs.us-east1,ncbi.public,s3.us-east-1",postnatal,2019-02-18,2018-12-30T17:01:52Z,2018-11-16,2018-05-25T09:42:42Z,ERX2613091,postnatal day 0,heart,SAMEA4688325,wild type genotype,University of Heidelberg,2018-12-30T17:01:52Z,2018-05-25T09:42:42Z,public,Illumina HiSeq 2500,6118sTS.Macaque.Heart.20dpb.Male_s,SINGLE,PolyA,TRANSCRIPTOMIC,heart,Macaca mulatta,ILLUMINA,2019-02-19T00:00:00Z,2021-10-24T06:41:00Z,2,SAMEA4688325,E-MTAB-6813:6118sTS.Macaque.Heart.20dpb.Male,Macaca mulatta,male,ERP108988,E-MTAB-6813:6118sTS.Macaque.Heart.20dpb.Male
ERR2596807,0,RNA-Seq,101,3287643223,PRJEB26956,SAMEA4688326,ArrayExpress,1331911913,"Lausanne Genomics Technology Facility ",Rhesus monkey,public,"fastq,run.zq,sra","ena,gs,ncbi,s3","ena,gs.us-east1,ncbi.public,s3.us-east-1",postnatal,2019-02-18,2018-12-30T17:01:52Z,2018-11-16,2018-05-25T09:42:42Z,ERX2613092,postnatal day 0,hindbrain,SAMEA4688326,wild type genotype,University of Heidelberg,2018-12-30T17:01:52Z,2018-05-25T09:42:42Z,public,Illumina HiSeq 2500,5430sTS.Macaque.Cerebellum.1dpb.Male_s,SINGLE,PolyA,TRANSCRIPTOMIC,hindbrain,Macaca mulatta,ILLUMINA,2019-02-19T00:00:00Z,2022-07-15T18:15:00Z,2,SAMEA4688326,E-MTAB-6813:5430sTS.Macaque.Cerebellum.1dpb.Male,Macaca mulatta,male,ERP108988,E-MTAB-6813:5430sTS.Macaque.Cerebellum.1dpb.Male
ERR2596808,0,RNA-Seq,101,2885662718,PRJEB26956,SAMEA4688327,ArrayExpress,1111199828,"Lausanne Genomics Technology Facility ",Rhesus monkey,public,"fastq,run.zq,sra","ena,gs,ncbi,s3","ena,gs.us-east1,ncbi.public,s3.us-east-1",postnatal,2019-02-18,2018-12-30T17:01:52Z,2018-11-16,2018-05-25T09:42:42Z,ERX2613093,postnatal day 0,hindbrain,SAMEA4688327,wild type genotype,University of Heidelberg,2018-12-30T17:01:52Z,2018-05-25T09:42:42Z,public,Illumina HiSeq 2500,5467sTS.Macaque.Cerebellum.22dpb.Male_s,SINGLE,PolyA,TRANSCRIPTOMIC,hindbrain,Macaca mulatta,ILLUMINA,2019-02-19T00:00:00Z,2022-07-21T22:26:00Z,2,SAMEA4688327,E-MTAB-6813:5467sTS.Macaque.Cerebellum.22dpb.Male,Macaca mulatta,male,ERP108988,E-MTAB-6813:5467sTS.Macaque.Cerebellum.22dpb.Male
ERR2596809,0,RNA-Seq,101,3423848288,PRJEB26956,SAMEA4688328,ArrayExpress,1446268391,"Lausanne Genomics Technology Facility ",Rhesus monkey,public,"fastq,run.zq,sra","ena,gs,ncbi,s3","ena,gs.us-east1,ncbi.public,s3.us-east-1",postnatal,2019-02-18,2018-12-30T17:01:52Z,2018-11-16,2018-05-25T09:42:42Z,ERX2613094,postnatal day 0,hindbrain,SAMEA4688328,wild type genotype,University of Heidelberg,2018-12-30T17:01:52Z,2018-05-25T09:42:42Z,public,Illumina HiSeq 2500,5477sTS.Macaque.Cerebellum.1dpb.Male_s,SINGLE,PolyA,TRANSCRIPTOMIC,hindbrain,Macaca mulatta,ILLUMINA,2019-02-19T00:00:00Z,2022-07-26T06:02:00Z,2,SAMEA4688328,E-MTAB-6813:5477sTS.Macaque.Cerebellum.1dpb.Male,Macaca mulatta,male,ERP108988,E-MTAB-6813:5477sTS.Macaque.Cerebellum.1dpb.Male
ERR2596810,0,RNA-Seq,101,4315793327,PRJEB26956,SAMEA4688329,ArrayExpress,1626455490,"Lausanne Genomics Technology Facility ",Rhesus monkey,public,"fastq,run.zq,sra","ena,gs,ncbi,s3","ena,gs.us-east1,ncbi.public,s3.us-east-1",postnatal,2019-02-18,2018-12-30T17:01:52Z,2018-11-16,2018-05-25T09:42:42Z,ERX2613095,postnatal day 0,hindbrain,SAMEA4688329,wild type genotype,University of Heidelberg,2018-12-30T17:01:52Z,2018-05-25T09:42:42Z,public,Illumina HiSeq 2500,5499sTS.Macaque.Cerebellum.23dpb.Male_s,SINGLE,PolyA,TRANSCRIPTOMIC,hindbrain,Macaca mulatta,ILLUMINA,2019-02-19T00:00:00Z,2022-07-15T23:44:00Z,2,SAMEA4688329,E-MTAB-6813:5499sTS.Macaque.Cerebellum.23dpb.Male,Macaca mulatta,male,ERP108988,E-MTAB-6813:5499sTS.Macaque.Cerebellum.23dpb.Male
ERR2596811,0,RNA-Seq,101,3944087572,PRJEB26956,SAMEA4688330,ArrayExpress,1447473342,"Lausanne Genomics Technology Facility ",Rhesus monkey,public,"fastq,run.zq,sra","ena,gs,ncbi,s3","ena,gs.us-east1,ncbi.public,s3.us-east-1",postnatal,2019-02-18,2018-12-30T17:01:52Z,2018-11-16,2018-05-25T09:42:42Z,ERX2613096,postnatal day 0,kidney,SAMEA4688330,wild type genotype,University of Heidelberg,2018-12-30T17:01:52Z,2018-05-25T09:42:42Z,public,Illumina HiSeq 2500,5453sTS.Macaque.Kidney.1dpb.Male_s,SINGLE,PolyA,TRANSCRIPTOMIC,kidney,Macaca mulatta,ILLUMINA,2019-02-19T00:00:00Z,2022-07-17T10:04:00Z,2,SAMEA4688330,E-MTAB-6813:5453sTS.Macaque.Kidney.1dpb.Male,Macaca mulatta,male,ERP108988,E-MTAB-6813:5453sTS.Macaque.Kidney.1dpb.Male
ERR2596812,0,RNA-Seq,101,4942001205,PRJEB26956,SAMEA4688331,ArrayExpress,1852474983,"Lausanne Genomics Technology Facility ",Rhesus monkey,public,"fastq,run.zq,sra","ena,gs,ncbi,s3","ena,gs.us-east1,ncbi.public,s3.us-east-1",postnatal,2019-02-18,2018-12-30T17:01:52Z,2018-11-16,2018-05-25T09:42:42Z,ERX2613097,postnatal day 0,kidney,SAMEA4688331,wild type genotype,University of Heidelberg,2018-12-30T17:01:52Z,2018-05-25T09:42:42Z,public,Illumina HiSeq 2500,5486sTS.Macaque.Kidney.1dpb.Male_s,SINGLE,PolyA,TRANSCRIPTOMIC,kidney,Macaca mulatta,ILLUMINA,2019-02-19T00:00:00Z,2022-07-23T00:56:00Z,2,SAMEA4688331,E-MTAB-6813:5486sTS.Macaque.Kidney.1dpb.Male,Macaca mulatta,male,ERP108988,E-MTAB-6813:5486sTS.Macaque.Kidney.1dpb.Male
ERR2596813,0,RNA-Seq,101,3040658227,PRJEB26956,SAMEA4688332,ArrayExpress,1135325028,"Lausanne Genomics Technology Facility ",Rhesus monkey,public,"fastq,run.zq,sra","ena,gs,ncbi,s3","ena,gs.us-east1,ncbi.public,s3.us-east-1",postnatal,2019-02-18,2018-12-30T17:01:52Z,2018-11-16,2018-05-25T09:42:42Z,ERX2613098,postnatal day 0,kidney,SAMEA4688332,wild type genotype,University of Heidelberg,2018-12-30T17:01:52Z,2018-05-25T09:42:42Z,public,Illumina HiSeq 2500,5490sTS.Macaque.Kidney.22dpb.Male_s,SINGLE,PolyA,TRANSCRIPTOMIC,kidney,Macaca mulatta,ILLUMINA,2019-02-19T00:00:00Z,2022-07-19T01:05:00Z,2,SAMEA4688332,E-MTAB-6813:5490sTS.Macaque.Kidney.22dpb.Male,Macaca mulatta,male,ERP108988,E-MTAB-6813:5490sTS.Macaque.Kidney.22dpb.Male
ERR2596814,0,RNA-Seq,101,4254856795,PRJEB26956,SAMEA4688333,ArrayExpress,1506533330,"Lausanne Genomics Technology Facility ",Rhesus monkey,public,"fastq,run.zq,sra","ena,gs,ncbi,s3","ena,gs.us-east1,ncbi.public,s3.us-east-1",postnatal,2019-02-18,2018-12-30T17:01:52Z,2018-11-16,2018-05-25T09:42:42Z,ERX2613099,postnatal day 0,kidney,SAMEA4688333,wild type genotype,University of Heidelberg,2018-12-30T17:01:52Z,2018-05-25T09:42:42Z,public,Illumina HiSeq 2500,6051sTS.Macaque.Kidney.2dpb.Female_s,SINGLE,PolyA,TRANSCRIPTOMIC,kidney,Macaca mulatta,ILLUMINA,2019-02-19T00:00:00Z,2022-07-19T01:10:00Z,2,SAMEA4688333,E-MTAB-6813:6051sTS.Macaque.Kidney.2dpb.Female,Macaca mulatta,female,ERP108988,E-MTAB-6813:6051sTS.Macaque.Kidney.2dpb.Female
ERR2596815,0,RNA-Seq,101,3486794417,PRJEB26956,SAMEA4688334,ArrayExpress,1351750946,"Lausanne Genomics Technology Facility ",Rhesus monkey,public,"fastq,run.zq,sra","ena,gs,ncbi,s3","ena,gs.us-east1,ncbi.public,s3.us-east-1",postnatal,2019-02-18,2018-12-30T17:01:52Z,2018-11-16,2018-05-25T09:42:42Z,ERX2613100,postnatal day 0,kidney,SAMEA4688334,wild type genotype,University of Heidelberg,2018-12-30T17:01:52Z,2018-05-25T09:42:42Z,public,Illumina HiSeq 2500,6123sTS.Macaque.Kidney.20dpb.Male_s,SINGLE,PolyA,TRANSCRIPTOMIC,kidney,Macaca mulatta,ILLUMINA,2019-02-19T00:00:00Z,2022-07-26T06:00:00Z,2,SAMEA4688334,E-MTAB-6813:6123sTS.Macaque.Kidney.20dpb.Male,Macaca mulatta,male,ERP108988,E-MTAB-6813:6123sTS.Macaque.Kidney.20dpb.Male
ERR2596816,0,RNA-Seq,101,2307795662,PRJEB26956,SAMEA4688335,ArrayExpress,865539272,"Lausanne Genomics Technology Facility ",Rhesus monkey,public,"fastq,run.zq,sra","ena,gs,ncbi,s3","ena,gs.us-east1,ncbi.public,s3.us-east-1",postnatal,2019-02-18,2018-12-30T17:01:52Z,2018-11-16,2018-05-25T09:42:42Z,ERX2613101,postnatal day 0,liver,SAMEA4688335,wild type genotype,University of Heidelberg,2018-12-30T17:01:52Z,2018-05-25T09:42:42Z,public,Illumina HiSeq 2500,5368sTS.Macaque.Liver.22dpb.Male_s,SINGLE,PolyA,TRANSCRIPTOMIC,liver,Macaca mulatta,ILLUMINA,2019-02-19T00:00:00Z,2021-10-24T06:34:00Z,2,SAMEA4688335,E-MTAB-6813:5368sTS.Macaque.Liver.22dpb.Male,Macaca mulatta,male,ERP108988,E-MTAB-6813:5368sTS.Macaque.Liver.22dpb.Male
ERR2596817,0,RNA-Seq,101,3703664748,PRJEB26956,SAMEA4688336,ArrayExpress,1495780082,"Lausanne Genomics Technology Facility ",Rhesus monkey,public,"fastq,run.zq,sra","ena,gs,ncbi,s3","ena,gs.us-east1,ncbi.public,s3.us-east-1",postnatal,2019-02-18,2018-12-30T17:01:52Z,2018-11-16,2018-05-25T09:42:42Z,ERX2613102,postnatal day 0,liver,SAMEA4688336,wild type genotype,University of Heidelberg,2018-12-30T17:01:52Z,2018-05-25T09:42:42Z,public,Illumina HiSeq 2500,5431sTS.Macaque.Liver.1dpb.Male_s,SINGLE,PolyA,TRANSCRIPTOMIC,liver,Macaca mulatta,ILLUMINA,2019-02-19T00:00:00Z,2022-07-26T06:02:00Z,2,SAMEA4688336,E-MTAB-6813:5431sTS.Macaque.Liver.1dpb.Male,Macaca mulatta,male,ERP108988,E-MTAB-6813:5431sTS.Macaque.Liver.1dpb.Male
ERR2596818,0,RNA-Seq,101,4637134321,PRJEB26956,SAMEA4688337,ArrayExpress,1727787432,"Lausanne Genomics Technology Facility ",Rhesus monkey,public,"fastq,run.zq,sra","ena,gs,ncbi,s3","ena,gs.us-east1,ncbi.public,s3.us-east-1",postnatal,2019-02-18,2018-12-30T17:01:52Z,2018-11-16,2018-05-25T09:42:42Z,ERX2613103,postnatal day 0,liver,SAMEA4688337,wild type genotype,University of Heidelberg,2018-12-30T17:01:52Z,2018-05-25T09:42:42Z,public,Illumina HiSeq 2500,5496sTS.Macaque.Liver.1dpb.Male_s,SINGLE,PolyA,TRANSCRIPTOMIC,liver,Macaca mulatta,ILLUMINA,2019-02-19T00:00:00Z,2021-10-24T06:52:00Z,2,SAMEA4688337,E-MTAB-6813:5496sTS.Macaque.Liver.1dpb.Male,Macaca mulatta,male,ERP108988,E-MTAB-6813:5496sTS.Macaque.Liver.1dpb.Male
ERR2596819,0,RNA-Seq,101,4431423076,PRJEB26956,SAMEA4688338,ArrayExpress,1652631481,"Lausanne Genomics Technology Facility ",Rhesus monkey,public,"fastq,run.zq,sra","ena,gs,ncbi,s3","ena,gs.us-east1,ncbi.public,s3.us-east-1",postnatal,2019-02-18,2018-12-30T17:01:52Z,2018-11-16,2018-05-25T09:42:42Z,ERX2613104,postnatal day 0,liver,SAMEA4688338,wild type genotype,University of Heidelberg,2018-12-30T17:01:52Z,2018-05-25T09:42:42Z,public,Illumina HiSeq 2500,5504sTS.Macaque.Liver.23dpb.Male_s,SINGLE,PolyA,TRANSCRIPTOMIC,liver,Macaca mulatta,ILLUMINA,2019-02-19T00:00:00Z,2021-10-24T06:46:00Z,2,SAMEA4688338,E-MTAB-6813:5504sTS.Macaque.Liver.23dpb.Male,Macaca mulatta,male,ERP108988,E-MTAB-6813:5504sTS.Macaque.Liver.23dpb.Male
ERR2596820,0,RNA-Seq,101,4520551940,PRJEB26956,SAMEA4688339,ArrayExpress,1624270113,"Lausanne Genomics Technology Facility ",Rhesus monkey,public,"fastq,run.zq,sra","ena,gs,ncbi,s3","ena,gs.us-east1,ncbi.public,s3.us-east-1",postnatal,2019-02-18,2018-12-30T17:01:52Z,2018-11-16,2018-05-25T09:42:42Z,ERX2613105,postnatal day 0,liver,SAMEA4688339,wild type genotype,University of Heidelberg,2018-12-30T17:01:52Z,2018-05-25T09:42:42Z,public,Illumina HiSeq 2500,6050sTS.Macaque.Liver.2dpb.Female_s,SINGLE,PolyA,TRANSCRIPTOMIC,liver,Macaca mulatta,ILLUMINA,2019-02-19T00:00:00Z,2022-07-21T14:06:00Z,2,SAMEA4688339,E-MTAB-6813:6050sTS.Macaque.Liver.2dpb.Female,Macaca mulatta,female,ERP108988,E-MTAB-6813:6050sTS.Macaque.Liver.2dpb.Female
ERR2596821,0,RNA-Seq,101,3859488558,PRJEB26956,SAMEA4688340,ArrayExpress,1360671360,"Lausanne Genomics Technology Facility ",Rhesus monkey,public,"fastq,run.zq,sra","ena,gs,ncbi,s3","ena,gs.us-east1,ncbi.public,s3.us-east-1",postnatal,2019-02-18,2018-12-30T17:01:52Z,2018-11-16,2018-05-25T09:42:42Z,ERX2613106,postnatal day 0,liver,SAMEA4688340,wild type genotype,University of Heidelberg,2018-12-30T17:01:52Z,2018-05-25T09:42:42Z,public,Illumina HiSeq 2500,6054sTS.Macaque.Liver.7dpb.Male_s,SINGLE,PolyA,TRANSCRIPTOMIC,liver,Macaca mulatta,ILLUMINA,2019-02-19T00:00:00Z,2021-10-24T06:43:00Z,2,SAMEA4688340,E-MTAB-6813:6054sTS.Macaque.Liver.7dpb.Male,Macaca mulatta,male,ERP108988,E-MTAB-6813:6054sTS.Macaque.Liver.7dpb.Male
ERR2596822,0,RNA-Seq,101,3857449570,PRJEB26956,SAMEA4688341,ArrayExpress,1459780931,"Lausanne Genomics Technology Facility ",Rhesus monkey,public,"fastq,run.zq,sra","ena,gs,ncbi,s3","ena,gs.us-east1,ncbi.public,s3.us-east-1",postnatal,2019-02-18,2018-12-30T17:01:52Z,2018-11-16,2018-05-25T09:42:42Z,ERX2613107,postnatal day 0,testis,SAMEA4688341,wild type genotype,University of Heidelberg,2018-12-30T17:01:52Z,2018-05-25T09:42:42Z,public,Illumina HiSeq 2500,5372sTS.Macaque.Testis.22dpb.Male_s,SINGLE,PolyA,TRANSCRIPTOMIC,testis,Macaca mulatta,ILLUMINA,2019-02-19T00:00:00Z,2022-07-26T06:02:00Z,2,SAMEA4688341,E-MTAB-6813:5372sTS.Macaque.Testis.22dpb.Male,Macaca mulatta,male,ERP108988,E-MTAB-6813:5372sTS.Macaque.Testis.22dpb.Male
ERR2596823,0,RNA-Seq,101,2057853386,PRJEB26956,SAMEA4688342,ArrayExpress,850820973,"Lausanne Genomics Technology Facility ",Rhesus monkey,public,"fastq,run.zq,sra","ena,gs,ncbi,s3","ena,gs.us-east1,ncbi.public,s3.us-east-1",postnatal,2019-02-18,2018-12-30T17:01:52Z,2018-11-16,2018-05-25T09:42:42Z,ERX2613108,postnatal day 0,testis,SAMEA4688342,wild type genotype,University of Heidelberg,2018-12-30T17:01:52Z,2018-05-25T09:42:42Z,public,Illumina HiSeq 2500,5379sTS.Macaque.Testis.1dpb.Male_s,SINGLE,PolyA,TRANSCRIPTOMIC,testis,Macaca mulatta,ILLUMINA,2019-02-19T00:00:00Z,2021-10-24T06:35:00Z,2,SAMEA4688342,E-MTAB-6813:5379sTS.Macaque.Testis.1dpb.Male,Macaca mulatta,male,ERP108988,E-MTAB-6813:5379sTS.Macaque.Testis.1dpb.Male
ERR2596824,0,RNA-Seq,101,3275107608,PRJEB26956,SAMEA4688343,ArrayExpress,1353987624,"Lausanne Genomics Technology Facility ",Rhesus monkey,public,"fastq,run.zq,sra","ena,gs,ncbi,s3","ena,gs.us-east1,ncbi.public,s3.us-east-1",postnatal,2019-02-18,2018-12-30T17:01:52Z,2018-11-16,2018-05-25T09:42:42Z,ERX2613109,postnatal day 0,testis,SAMEA4688343,wild type genotype,University of Heidelberg,2018-12-30T17:01:52Z,2018-05-25T09:42:42Z,public,Illumina HiSeq 2500,5408sTS.Macaque.Testis.23dpb.Male_s,SINGLE,PolyA,TRANSCRIPTOMIC,testis,Macaca mulatta,ILLUMINA,2019-02-19T00:00:00Z,2021-10-24T06:47:00Z,2,SAMEA4688343,E-MTAB-6813:5408sTS.Macaque.Testis.23dpb.Male,Macaca mulatta,male,ERP108988,E-MTAB-6813:5408sTS.Macaque.Testis.23dpb.Male
ERR2596825,0,RNA-Seq,101,2815787686,PRJEB26956,SAMEA4688344,ArrayExpress,1120918822,"Lausanne Genomics Technology Facility ",Rhesus monkey,public,"fastq,run.zq,sra","ena,gs,ncbi,s3","ena,gs.us-east1,ncbi.public,s3.us-east-1",postnatal,2019-02-18,2018-12-30T17:01:52Z,2018-11-16,2018-05-25T09:42:42Z,ERX2613110,postnatal day 0,testis,SAMEA4688344,wild type genotype,University of Heidelberg,2018-12-30T17:01:52Z,2018-05-25T09:42:42Z,public,Illumina HiSeq 2500,5508sTS.Macaque.Testis.1dpb.Male_s,SINGLE,PolyA,TRANSCRIPTOMIC,testis,Macaca mulatta,ILLUMINA,2019-02-19T00:00:00Z,2022-07-18T16:19:00Z,2,SAMEA4688344,E-MTAB-6813:5508sTS.Macaque.Testis.1dpb.Male,Macaca mulatta,male,ERP108988,E-MTAB-6813:5508sTS.Macaque.Testis.1dpb.Male
ERR2596826,0,RNA-Seq,101,3519718801,PRJEB26956,SAMEA4688345,ArrayExpress,1357785658,"Lausanne Genomics Technology Facility ",Rhesus monkey,public,"fastq,run.zq,sra","ena,gs,ncbi,s3","ena,gs.us-east1,ncbi.public,s3.us-east-1",postnatal,2019-02-18,2018-12-30T17:01:52Z,2018-11-16,2018-05-25T09:42:43Z,ERX2613111,postnatal day 0,testis,SAMEA4688345,wild type genotype,University of Heidelberg,2018-12-30T17:01:52Z,2018-05-25T09:42:43Z,public,Illumina HiSeq 2500,6057sTS.Macaque.Testis.7dpb.Male_s,SINGLE,PolyA,TRANSCRIPTOMIC,testis,Macaca mulatta,ILLUMINA,2019-02-19T00:00:00Z,2022-07-21T23:33:00Z,2,SAMEA4688345,E-MTAB-6813:6057sTS.Macaque.Testis.7dpb.Male,Macaca mulatta,male,ERP108988,E-MTAB-6813:6057sTS.Macaque.Testis.7dpb.Male
ERR2596827,1,RNA-Seq,101,3269666233,PRJEB26956,SAMEA4688346,ArrayExpress,1214924395,"Lausanne Genomics Technology Facility ",Rhesus monkey,public,"fastq,run.zq,sra","ena,gs,ncbi,s3","ena,gs.us-east1,ncbi.public,s3.us-east-1",postnatal,2019-02-18,2018-12-30T17:01:52Z,2018-11-16,2018-05-25T09:42:43Z,ERX2613112,1 year postnatal,forebrain,SAMEA4688346,wild type genotype,University of Heidelberg,2018-12-30T17:01:52Z,2018-05-25T09:42:43Z,public,Illumina HiSeq 2500,6012sTS.Macaque.Brain.1ypb.Male_s,SINGLE,PolyA,TRANSCRIPTOMIC,forebrain,Macaca mulatta,ILLUMINA,2019-02-19T00:00:00Z,2022-07-14T10:03:00Z,2,SAMEA4688346,E-MTAB-6813:6012sTS.Macaque.Brain.1ypb.Male,Macaca mulatta,male,ERP108988,E-MTAB-6813:6012sTS.Macaque.Brain.1ypb.Male
ERR2596828,1,RNA-Seq,101,3991492528,PRJEB26956,SAMEA4688347,ArrayExpress,1547474355,"Lausanne Genomics Technology Facility ",Rhesus monkey,public,"fastq,run.zq,sra","ena,gs,ncbi,s3","ena,gs.us-east1,ncbi.public,s3.us-east-1",postnatal,2019-02-18,2018-12-30T17:01:52Z,2018-11-16,2018-05-25T09:42:43Z,ERX2613113,1 year postnatal,forebrain,SAMEA4688347,wild type genotype,University of Heidelberg,2018-12-30T17:01:52Z,2018-05-25T09:42:43Z,public,Illumina HiSeq 2500,6068sTS.Macaque.Brain.1ypb.Male_s,SINGLE,PolyA,TRANSCRIPTOMIC,forebrain,Macaca mulatta,ILLUMINA,2019-02-19T00:00:00Z,2022-07-13T16:31:00Z,2,SAMEA4688347,E-MTAB-6813:6068sTS.Macaque.Brain.1ypb.Male,Macaca mulatta,male,ERP108988,E-MTAB-6813:6068sTS.Macaque.Brain.1ypb.Male
ERR2596829,1,RNA-Seq,101,3969767428,PRJEB26956,SAMEA4688348,ArrayExpress,1540408982,"Lausanne Genomics Technology Facility ",Rhesus monkey,public,"fastq,run.zq,sra","ena,gs,ncbi,s3","ena,gs.us-east1,ncbi.public,s3.us-east-1",postnatal,2019-02-18,2018-12-30T17:01:52Z,2018-11-16,2018-05-25T09:42:43Z,ERX2613114,1 year postnatal,forebrain,SAMEA4688348,wild type genotype,University of Heidelberg,2018-12-30T17:01:52Z,2018-05-25T09:42:43Z,public,Illumina HiSeq 2500,6072sTS.Macaque.Brain.1ypb.Male_s,SINGLE,PolyA,TRANSCRIPTOMIC,forebrain,Macaca mulatta,ILLUMINA,2019-02-19T00:00:00Z,2022-07-26T06:03:00Z,2,SAMEA4688348,E-MTAB-6813:6072sTS.Macaque.Brain.1ypb.Male,Macaca mulatta,male,ERP108988,E-MTAB-6813:6072sTS.Macaque.Brain.1ypb.Male
ERR2596830,1,RNA-Seq,101,4828754450,PRJEB26956,SAMEA4688349,ArrayExpress,1855351994,"Lausanne Genomics Technology Facility ",Rhesus monkey,public,"fastq,run.zq,sra","ena,gs,ncbi,s3","ena,gs.us-east1,ncbi.public,s3.us-east-1",postnatal,2019-02-18,2018-12-30T17:01:52Z,2018-11-16,2018-05-25T09:42:43Z,ERX2613115,1 year postnatal,heart,SAMEA4688349,wild type genotype,University of Heidelberg,2018-12-30T17:01:52Z,2018-05-25T09:42:43Z,public,Illumina HiSeq 2500,5470sTS.Macaque.Heart.1ypb.Male_s,SINGLE,PolyA,TRANSCRIPTOMIC,heart,Macaca mulatta,ILLUMINA,2019-02-19T00:00:00Z,2022-07-14T16:41:00Z,2,SAMEA4688349,E-MTAB-6813:5470sTS.Macaque.Heart.1ypb.Male,Macaca mulatta,male,ERP108988,E-MTAB-6813:5470sTS.Macaque.Heart.1ypb.Male
ERR2596831,1,RNA-Seq,101,8033426880,PRJEB26956,SAMEA4688350,ArrayExpress,3008863829,"Lausanne Genomics Technology Facility ",Rhesus monkey,public,"fastq,run.zq,sra","ena,gs,ncbi,s3","ena,gs.us-east1,ncbi.public,s3.us-east-1",postnatal,2019-02-18,2018-12-30T17:01:52Z,2018-11-16,2018-05-25T09:42:43Z,ERX2613116,1 year postnatal,heart,SAMEA4688350,wild type genotype,University of Heidelberg,2018-12-30T17:01:52Z,2018-05-25T09:42:43Z,public,Illumina HiSeq 2500,5481sTS.Macaque.Heart.1ypb.Male_s,SINGLE,PolyA,TRANSCRIPTOMIC,heart,Macaca mulatta,ILLUMINA,2019-02-19T00:00:00Z,2022-07-26T06:13:00Z,2,SAMEA4688350,E-MTAB-6813:5481sTS.Macaque.Heart.1ypb.Male,Macaca mulatta,male,ERP108988,E-MTAB-6813:5481sTS.Macaque.Heart.1ypb.Male
ERR2596832,1,RNA-Seq,101,4738218858,PRJEB26956,SAMEA4688351,ArrayExpress,1834226583,"Lausanne Genomics Technology Facility ",Rhesus monkey,public,"fastq,run.zq,sra","ena,gs,ncbi,s3","ena,gs.us-east1,ncbi.public,s3.us-east-1",postnatal,2019-02-18,2018-12-30T17:01:52Z,2018-11-16,2018-05-25T09:42:43Z,ERX2613117,1 year postnatal,heart,SAMEA4688351,wild type genotype,University of Heidelberg,2018-12-30T17:01:52Z,2018-05-25T09:42:43Z,public,Illumina HiSeq 2500,6070sTS.Macaque.Heart.1ypb.Male_s,SINGLE,PolyA,TRANSCRIPTOMIC,heart,Macaca mulatta,ILLUMINA,2019-02-19T00:00:00Z,2022-07-26T06:05:00Z,2,SAMEA4688351,E-MTAB-6813:6070sTS.Macaque.Heart.1ypb.Male,Macaca mulatta,male,ERP108988,E-MTAB-6813:6070sTS.Macaque.Heart.1ypb.Male
ERR2596833,1,RNA-Seq,101,3830946564,PRJEB26956,SAMEA4688352,ArrayExpress,1418126465,"Lausanne Genomics Technology Facility ",Rhesus monkey,public,"fastq,run.zq,sra","ena,gs,ncbi,s3","ena,gs.us-east1,ncbi.public,s3.us-east-1",postnatal,2019-02-18,2018-12-30T17:01:52Z,2018-11-16,2018-05-25T09:42:43Z,ERX2613118,1 year postnatal,hindbrain,SAMEA4688352,wild type genotype,University of Heidelberg,2018-12-30T17:01:52Z,2018-05-25T09:42:43Z,public,Illumina HiSeq 2500,5458sTS.Macaque.Cerebellum.1ypb.Male_s,SINGLE,PolyA,TRANSCRIPTOMIC,hindbrain,Macaca mulatta,ILLUMINA,2019-02-19T00:00:00Z,2022-07-19T01:14:00Z,2,SAMEA4688352,E-MTAB-6813:5458sTS.Macaque.Cerebellum.1ypb.Male,Macaca mulatta,male,ERP108988,E-MTAB-6813:5458sTS.Macaque.Cerebellum.1ypb.Male
ERR2596834,1,RNA-Seq,101,4044380471,PRJEB26956,SAMEA4688353,ArrayExpress,1558616804,"Lausanne Genomics Technology Facility ",Rhesus monkey,public,"fastq,run.zq,sra","ena,gs,ncbi,s3","ena,gs.us-east1,ncbi.public,s3.us-east-1",postnatal,2019-02-18,2018-12-30T17:01:52Z,2018-11-16,2018-05-25T09:42:43Z,ERX2613119,1 year postnatal,kidney,SAMEA4688353,wild type genotype,University of Heidelberg,2018-12-30T17:01:52Z,2018-05-25T09:42:43Z,public,Illumina HiSeq 2500,5472sTS.Macaque.Kidney.1ypb.Male_s,SINGLE,PolyA,TRANSCRIPTOMIC,kidney,Macaca mulatta,ILLUMINA,2019-02-19T00:00:00Z,2022-07-12T19:14:00Z,2,SAMEA4688353,E-MTAB-6813:5472sTS.Macaque.Kidney.1ypb.Male,Macaca mulatta,male,ERP108988,E-MTAB-6813:5472sTS.Macaque.Kidney.1ypb.Male
ERR2596835,1,RNA-Seq,101,3066633205,PRJEB26956,SAMEA4688354,ArrayExpress,1192443168,"Lausanne Genomics Technology Facility ",Rhesus monkey,public,"fastq,run.zq,sra","ena,gs,ncbi,s3","ena,gs.us-east1,ncbi.public,s3.us-east-1",postnatal,2019-02-18,2018-12-30T17:01:52Z,2018-11-16,2018-05-25T09:42:43Z,ERX2613120,1 year postnatal,kidney,SAMEA4688354,wild type genotype,University of Heidelberg,2018-12-30T17:01:52Z,2018-05-25T09:42:43Z,public,Illumina HiSeq 2500,6071sTS.Macaque.Kidney.1ypb.Male_s,SINGLE,PolyA,TRANSCRIPTOMIC,kidney,Macaca mulatta,ILLUMINA,2019-02-19T00:00:00Z,2021-10-24T06:52:00Z,2,SAMEA4688354,E-MTAB-6813:6071sTS.Macaque.Kidney.1ypb.Male,Macaca mulatta,male,ERP108988,E-MTAB-6813:6071sTS.Macaque.Kidney.1ypb.Male
ERR2596836,1,RNA-Seq,101,4157874676,PRJEB26956,SAMEA4688355,ArrayExpress,1601863560,"Lausanne Genomics Technology Facility ",Rhesus monkey,public,"fastq,run.zq,sra","ena,gs,ncbi,s3","ena,gs.us-east1,ncbi.public,s3.us-east-1",postnatal,2019-02-18,2018-12-30T17:01:52Z,2018-11-16,2018-05-25T09:42:43Z,ERX2613121,1 year postnatal,kidney,SAMEA4688355,wild type genotype,University of Heidelberg,2018-12-30T17:01:52Z,2018-05-25T09:42:43Z,public,Illumina HiSeq 2500,6074sTS.Macaque.Kidney.1ypb.Male_s,SINGLE,PolyA,TRANSCRIPTOMIC,kidney,Macaca mulatta,ILLUMINA,2019-02-19T00:00:00Z,2022-07-29T19:02:00Z,2,SAMEA4688355,E-MTAB-6813:6074sTS.Macaque.Kidney.1ypb.Male,Macaca mulatta,male,ERP108988,E-MTAB-6813:6074sTS.Macaque.Kidney.1ypb.Male
ERR2596837,1,RNA-Seq,101,2616576498,PRJEB26956,SAMEA4688356,ArrayExpress,1017673723,"Lausanne Genomics Technology Facility ",Rhesus monkey,public,"fastq,run.zq,sra","ena,gs,ncbi,s3","ena,gs.us-east1,ncbi.public,s3.us-east-1",postnatal,2019-02-18,2018-12-30T17:01:52Z,2018-11-16,2018-05-25T09:42:43Z,ERX2613122,1 year postnatal,kidney,SAMEA4688356,wild type genotype,University of Heidelberg,2018-12-30T17:01:52Z,2018-05-25T09:42:43Z,public,Illumina HiSeq 2500,6124sTS.Macaque.Kidney.1ypb.Male_s,SINGLE,PolyA,TRANSCRIPTOMIC,kidney,Macaca mulatta,ILLUMINA,2019-02-19T00:00:00Z,2021-10-24T06:37:00Z,2,SAMEA4688356,E-MTAB-6813:6124sTS.Macaque.Kidney.1ypb.Male,Macaca mulatta,male,ERP108988,E-MTAB-6813:6124sTS.Macaque.Kidney.1ypb.Male
ERR2596838,1,RNA-Seq,101,3918368528,PRJEB26956,SAMEA4688357,ArrayExpress,1461265211,"Lausanne Genomics Technology Facility ",Rhesus monkey,public,"fastq,run.zq,sra","ena,gs,ncbi,s3","ena,gs.us-east1,ncbi.public,s3.us-east-1",postnatal,2019-02-18,2018-12-30T17:01:52Z,2018-11-16,2018-05-25T09:42:43Z,ERX2613123,1 year postnatal,liver,SAMEA4688357,wild type genotype,University of Heidelberg,2018-12-30T17:01:52Z,2018-05-25T09:42:43Z,public,Illumina HiSeq 2500,5366sTS.Macaque.Liver.1ypb.Male_s,SINGLE,PolyA,TRANSCRIPTOMIC,liver,Macaca mulatta,ILLUMINA,2019-02-19T00:00:00Z,2022-07-26T06:03:00Z,2,SAMEA4688357,E-MTAB-6813:5366sTS.Macaque.Liver.1ypb.Male,Macaca mulatta,male,ERP108988,E-MTAB-6813:5366sTS.Macaque.Liver.1ypb.Male
ERR2596839,1,RNA-Seq,101,3376204871,PRJEB26956,SAMEA4688358,ArrayExpress,1268890525,"Lausanne Genomics Technology Facility ",Rhesus monkey,public,"fastq,run.zq,sra","ena,gs,ncbi,s3","ena,gs.us-east1,ncbi.public,s3.us-east-1",postnatal,2019-02-18,2018-12-30T17:01:52Z,2018-11-16,2018-05-25T09:42:43Z,ERX2613124,1 year postnatal,liver,SAMEA4688358,wild type genotype,University of Heidelberg,2018-12-30T17:01:52Z,2018-05-25T09:42:43Z,public,Illumina HiSeq 2500,5497sTS.Macaque.Liver.1ypb.Male_s,SINGLE,PolyA,TRANSCRIPTOMIC,liver,Macaca mulatta,ILLUMINA,2019-02-19T00:00:00Z,2021-10-24T06:54:00Z,2,SAMEA4688358,E-MTAB-6813:5497sTS.Macaque.Liver.1ypb.Male,Macaca mulatta,male,ERP108988,E-MTAB-6813:5497sTS.Macaque.Liver.1ypb.Male
ERR2596840,1,RNA-Seq,101,3391838055,PRJEB26956,SAMEA4688359,ArrayExpress,1310110292,"Lausanne Genomics Technology Facility ",Rhesus monkey,public,"fastq,run.zq,sra","ena,gs,ncbi,s3","ena,gs.us-east1,ncbi.public,s3.us-east-1",postnatal,2019-02-18,2018-12-30T17:01:52Z,2018-11-16,2018-05-25T09:42:43Z,ERX2613125,1 year postnatal,liver,SAMEA4688359,wild type genotype,University of Heidelberg,2018-12-30T17:01:52Z,2018-05-25T09:42:43Z,public,Illumina HiSeq 2500,6069sTS.Macaque.Liver.1ypb.Male_s,SINGLE,PolyA,TRANSCRIPTOMIC,liver,Macaca mulatta,ILLUMINA,2019-02-19T00:00:00Z,2022-07-22T09:43:00Z,2,SAMEA4688359,E-MTAB-6813:6069sTS.Macaque.Liver.1ypb.Male,Macaca mulatta,male,ERP108988,E-MTAB-6813:6069sTS.Macaque.Liver.1ypb.Male
ERR2596841,1,RNA-Seq,101,4016672939,PRJEB26956,SAMEA4688360,ArrayExpress,1547610866,"Lausanne Genomics Technology Facility ",Rhesus monkey,public,"fastq,run.zq,sra","ena,gs,ncbi,s3","ena,gs.us-east1,ncbi.public,s3.us-east-1",postnatal,2019-02-18,2018-12-30T17:01:52Z,2018-11-16,2018-05-25T09:42:43Z,ERX2613126,1 year postnatal,liver,SAMEA4688360,wild type genotype,University of Heidelberg,2018-12-30T17:01:52Z,2018-05-25T09:42:43Z,public,Illumina HiSeq 2500,6073sTS.Macaque.Liver.1ypb.Male_s,SINGLE,PolyA,TRANSCRIPTOMIC,liver,Macaca mulatta,ILLUMINA,2019-02-19T00:00:00Z,2022-07-26T06:04:00Z,2,SAMEA4688360,E-MTAB-6813:6073sTS.Macaque.Liver.1ypb.Male,Macaca mulatta,male,ERP108988,E-MTAB-6813:6073sTS.Macaque.Liver.1ypb.Male
ERR2596842,1,RNA-Seq,101,1048021450,PRJEB26956,SAMEA4688361,ArrayExpress,384180329,"Lausanne Genomics Technology Facility ",Rhesus monkey,public,"fastq,run.zq,sra","ena,gs,ncbi,s3","ena,gs.us-east1,ncbi.public,s3.us-east-1",postnatal,2019-02-18,2018-12-30T17:01:52Z,2018-11-16,2018-05-25T09:42:43Z,ERX2613127,1 year postnatal,testis,SAMEA4688361,wild type genotype,University of Heidelberg,2018-12-30T17:01:52Z,2018-05-25T09:42:43Z,public,Illumina HiSeq 2500,5418sTS.Macaque.Testis.1ypb.Male_s,SINGLE,PolyA,TRANSCRIPTOMIC,testis,Macaca mulatta,ILLUMINA,2019-02-19T00:00:00Z,2022-07-17T11:59:00Z,2,SAMEA4688361,E-MTAB-6813:5418sTS.Macaque.Testis.1ypb.Male,Macaca mulatta,male,ERP108988,E-MTAB-6813:5418sTS.Macaque.Testis.1ypb.Male
ERR2596843,1,RNA-Seq,101,1294883832,PRJEB26956,SAMEA4688362,ArrayExpress,481634361,"Lausanne Genomics Technology Facility ",Rhesus monkey,public,"fastq,run.zq,sra","ena,gs,ncbi,s3","ena,gs.us-east1,ncbi.public,s3.us-east-1",postnatal,2019-02-18,2018-12-30T17:01:52Z,2018-11-16,2018-05-25T09:42:43Z,ERX2613128,1 year postnatal,testis,SAMEA4688362,wild type genotype,University of Heidelberg,2018-12-30T17:01:52Z,2018-05-25T09:42:43Z,public,Illumina HiSeq 2500,5451sTS.Macaque.Testis.1ypb.Male_s,SINGLE,PolyA,TRANSCRIPTOMIC,testis,Macaca mulatta,ILLUMINA,2019-02-19T00:00:00Z,2022-07-26T05:58:00Z,2,SAMEA4688362,E-MTAB-6813:5451sTS.Macaque.Testis.1ypb.Male,Macaca mulatta,male,ERP108988,E-MTAB-6813:5451sTS.Macaque.Testis.1ypb.Male
ERR2596844,1,RNA-Seq,101,3477663815,PRJEB26956,SAMEA4688363,ArrayExpress,1341367118,"Lausanne Genomics Technology Facility ",Rhesus monkey,public,"fastq,run.zq,sra","ena,gs,ncbi,s3","ena,gs.us-east1,ncbi.public,s3.us-east-1",postnatal,2019-02-18,2018-12-30T17:01:52Z,2018-11-16,2018-05-25T09:42:43Z,ERX2613129,1 year postnatal,testis,SAMEA4688363,wild type genotype,University of Heidelberg,2018-12-30T17:01:52Z,2018-05-25T09:42:43Z,public,Illumina HiSeq 2500,6075sTS.Macaque.Testis.1ypb.Male_s,SINGLE,PolyA,TRANSCRIPTOMIC,testis,Macaca mulatta,ILLUMINA,2019-02-19T00:00:00Z,2022-07-22T11:46:00Z,2,SAMEA4688363,E-MTAB-6813:6075sTS.Macaque.Testis.1ypb.Male,Macaca mulatta,male,ERP108988,E-MTAB-6813:6075sTS.Macaque.Testis.1ypb.Male
ERR2596845,2,RNA-Seq,101,4125752434,PRJEB26956,SAMEA4688364,ArrayExpress,1616737128,"Lausanne Genomics Technology Facility ",Rhesus monkey,public,"fastq,run.zq,sra","ena,gs,ncbi,s3","ena,gs.us-east1,ncbi.public,s3.us-east-1",postnatal,2019-02-18,2018-12-30T17:01:52Z,2018-11-16,2018-05-25T09:42:43Z,ERX2613130,2 years postnatal,forebrain,SAMEA4688364,wild type genotype,University of Heidelberg,2018-12-30T17:01:52Z,2018-05-25T09:42:43Z,public,Illumina HiSeq 2500,6109sTS.Macaque.Brain.2ypb.Male_s,SINGLE,PolyA,TRANSCRIPTOMIC,forebrain,Macaca mulatta,ILLUMINA,2019-02-19T00:00:00Z,2021-10-24T06:57:00Z,2,SAMEA4688364,E-MTAB-6813:6109sTS.Macaque.Brain.2ypb.Male,Macaca mulatta,male,ERP108988,E-MTAB-6813:6109sTS.Macaque.Brain.2ypb.Male
ERR2596846,3,RNA-Seq,101,2866066395,PRJEB26956,SAMEA4688365,ArrayExpress,1135477768,"Lausanne Genomics Technology Facility ",Rhesus monkey,public,"fastq,run.zq,sra","ena,gs,ncbi,s3","ena,gs.us-east1,ncbi.public,s3.us-east-1",postnatal,2019-02-18,2018-12-30T17:01:52Z,2018-11-16,2018-05-25T09:42:43Z,ERX2613131,3 years postnatal,forebrain,SAMEA4688365,wild type genotype,University of Heidelberg,2018-12-30T17:01:52Z,2018-05-25T09:42:43Z,public,Illumina HiSeq 2500,6076sTS.Macaque.Brain.3ypb.Male_s,SINGLE,PolyA,TRANSCRIPTOMIC,forebrain,Macaca mulatta,ILLUMINA,2019-02-19T00:00:00Z,2022-07-14T04:51:00Z,2,SAMEA4688365,E-MTAB-6813:6076sTS.Macaque.Brain.3ypb.Male,Macaca mulatta,male,ERP108988,E-MTAB-6813:6076sTS.Macaque.Brain.3ypb.Male
ERR2596847,3,RNA-Seq,101,3933306226,PRJEB26956,SAMEA4688366,ArrayExpress,1483718712,"Lausanne Genomics Technology Facility ",Rhesus monkey,public,"fastq,run.zq,sra","ena,gs,ncbi,s3","ena,gs.us-east1,ncbi.public,s3.us-east-1",postnatal,2019-02-18,2018-12-30T17:01:52Z,2018-11-16,2018-05-25T09:42:43Z,ERX2613132,3 years postnatal,forebrain,SAMEA4688366,wild type genotype,University of Heidelberg,2018-12-30T17:01:52Z,2018-05-25T09:42:43Z,public,Illumina HiSeq 2500,6084sTS.Macaque.Brain.3ypb.Male_s,SINGLE,PolyA,TRANSCRIPTOMIC,forebrain,Macaca mulatta,ILLUMINA,2019-02-19T00:00:00Z,2021-10-24T06:47:00Z,2,SAMEA4688366,E-MTAB-6813:6084sTS.Macaque.Brain.3ypb.Male,Macaca mulatta,male,ERP108988,E-MTAB-6813:6084sTS.Macaque.Brain.3ypb.Male
ERR2596848,3,RNA-Seq,101,4222167034,PRJEB26956,SAMEA4688367,ArrayExpress,1538128504,"Lausanne Genomics Technology Facility ",Rhesus monkey,public,"fastq,run.zq,sra","ena,gs,ncbi,s3","ena,gs.us-east1,ncbi.public,s3.us-east-1",postnatal,2019-02-18,2018-12-30T17:01:52Z,2018-11-16,2018-05-25T09:42:43Z,ERX2613133,3 years postnatal,heart,SAMEA4688367,wild type genotype,University of Heidelberg,2018-12-30T17:01:52Z,2018-05-25T09:42:43Z,public,Illumina HiSeq 2500,5422sTS.Macaque.Heart.3ypb.Male_s,SINGLE,PolyA,TRANSCRIPTOMIC,heart,Macaca mulatta,ILLUMINA,2019-02-19T00:00:00Z,2021-10-24T06:59:00Z,2,SAMEA4688367,E-MTAB-6813:5422sTS.Macaque.Heart.3ypb.Male,Macaca mulatta,male,ERP108988,E-MTAB-6813:5422sTS.Macaque.Heart.3ypb.Male
ERR2596849,3,RNA-Seq,101,2933420669,PRJEB26956,SAMEA4688368,ArrayExpress,1102062628,"Lausanne Genomics Technology Facility ",Rhesus monkey,public,"fastq,run.zq,sra","ena,gs,ncbi,s3","ena,gs.us-east1,ncbi.public,s3.us-east-1",postnatal,2019-02-18,2018-12-30T17:01:52Z,2018-11-16,2018-05-25T09:42:43Z,ERX2613134,3 years postnatal,heart,SAMEA4688368,wild type genotype,University of Heidelberg,2018-12-30T17:01:52Z,2018-05-25T09:42:43Z,public,Illumina HiSeq 2500,5436sTS.Macaque.Heart.3ypb.Male_s,SINGLE,PolyA,TRANSCRIPTOMIC,heart,Macaca mulatta,ILLUMINA,2019-02-19T00:00:00Z,2021-10-24T06:37:00Z,2,SAMEA4688368,E-MTAB-6813:5436sTS.Macaque.Heart.3ypb.Male,Macaca mulatta,male,ERP108988,E-MTAB-6813:5436sTS.Macaque.Heart.3ypb.Male
ERR2596850,3,RNA-Seq,101,4323564974,PRJEB26956,SAMEA4688369,ArrayExpress,1676286539,"Lausanne Genomics Technology Facility ",Rhesus monkey,public,"fastq,run.zq,sra","ena,gs,ncbi,s3","ena,gs.us-east1,ncbi.public,s3.us-east-1",postnatal,2019-02-18,2018-12-30T17:01:52Z,2018-11-16,2018-05-25T09:42:43Z,ERX2613135,3 years postnatal,heart,SAMEA4688369,wild type genotype,University of Heidelberg,2018-12-30T17:01:52Z,2018-05-25T09:42:43Z,public,Illumina HiSeq 2500,6078sTS.Macaque.Heart.3ypb.Male_s,SINGLE,PolyA,TRANSCRIPTOMIC,heart,Macaca mulatta,ILLUMINA,2019-02-19T00:00:00Z,2022-07-13T23:50:00Z,2,SAMEA4688369,E-MTAB-6813:6078sTS.Macaque.Heart.3ypb.Male,Macaca mulatta,male,ERP108988,E-MTAB-6813:6078sTS.Macaque.Heart.3ypb.Male
ERR2596851,3,RNA-Seq,101,3679342231,PRJEB26956,SAMEA4688370,ArrayExpress,1434924912,"Lausanne Genomics Technology Facility ",Rhesus monkey,public,"fastq,run.zq,sra","ena,gs,ncbi,s3","ena,gs.us-east1,ncbi.public,s3.us-east-1",postnatal,2019-02-18,2018-12-30T17:01:52Z,2018-11-16,2018-05-25T09:42:44Z,ERX2613136,3 years postnatal,heart,SAMEA4688370,wild type genotype,University of Heidelberg,2018-12-30T17:01:52Z,2018-05-25T09:42:44Z,public,Illumina HiSeq 2500,6081sTS.Macaque.Heart.3ypb.Male_s,SINGLE,PolyA,TRANSCRIPTOMIC,heart,Macaca mulatta,ILLUMINA,2019-02-19T00:00:00Z,2022-07-17T23:35:00Z,2,SAMEA4688370,E-MTAB-6813:6081sTS.Macaque.Heart.3ypb.Male,Macaca mulatta,male,ERP108988,E-MTAB-6813:6081sTS.Macaque.Heart.3ypb.Male
ERR2596852,3,RNA-Seq,101,3426893135,PRJEB26956,SAMEA4688371,ArrayExpress,1386878280,"Lausanne Genomics Technology Facility ",Rhesus monkey,public,"fastq,run.zq,sra","ena,gs,ncbi,s3","ena,gs.us-east1,ncbi.public,s3.us-east-1",postnatal,2019-02-18,2018-12-30T17:01:52Z,2018-11-16,2018-05-25T09:42:44Z,ERX2613137,3 years postnatal,hindbrain,SAMEA4688371,wild type genotype,University of Heidelberg,2018-12-30T17:01:52Z,2018-05-25T09:42:44Z,public,Illumina HiSeq 2500,5428sTS.Macaque.Cerebellum.3ypb.Male_s,SINGLE,PolyA,TRANSCRIPTOMIC,hindbrain,Macaca mulatta,ILLUMINA,2019-02-19T00:00:00Z,2022-07-26T06:03:00Z,2,SAMEA4688371,E-MTAB-6813:5428sTS.Macaque.Cerebellum.3ypb.Male,Macaca mulatta,male,ERP108988,E-MTAB-6813:5428sTS.Macaque.Cerebellum.3ypb.Male
ERR2596853,3,RNA-Seq,101,4545156449,PRJEB26956,SAMEA4688372,ArrayExpress,1744757054,"Lausanne Genomics Technology Facility ",Rhesus monkey,public,"fastq,run.zq,sra","ena,gs,ncbi,s3","ena,gs.us-east1,ncbi.public,s3.us-east-1",postnatal,2019-02-18,2018-12-30T17:01:52Z,2018-11-16,2018-05-25T09:42:44Z,ERX2613138,3 years postnatal,hindbrain,SAMEA4688372,wild type genotype,University of Heidelberg,2018-12-30T17:01:52Z,2018-05-25T09:42:44Z,public,Illumina HiSeq 2500,5442sTS.Macaque.Cerebellum.3ypb.Male_s,SINGLE,PolyA,TRANSCRIPTOMIC,hindbrain,Macaca mulatta,ILLUMINA,2019-02-19T00:00:00Z,2022-07-13T12:25:00Z,2,SAMEA4688372,E-MTAB-6813:5442sTS.Macaque.Cerebellum.3ypb.Male,Macaca mulatta,male,ERP108988,E-MTAB-6813:5442sTS.Macaque.Cerebellum.3ypb.Male
ERR2596854,3,RNA-Seq,101,2551681372,PRJEB26956,SAMEA4688373,ArrayExpress,1043880902,"Lausanne Genomics Technology Facility ",Rhesus monkey,public,"fastq,run.zq,sra","ena,gs,ncbi,s3","ena,gs.us-east1,ncbi.public,s3.us-east-1",postnatal,2019-02-18,2018-12-30T17:01:52Z,2018-11-16,2018-05-25T09:42:44Z,ERX2613139,3 years postnatal,kidney,SAMEA4688373,wild type genotype,University of Heidelberg,2018-12-30T17:01:52Z,2018-05-25T09:42:44Z,public,Illumina HiSeq 2500,5380sTS.Macaque.Kidney.3ypb.Male_s,SINGLE,PolyA,TRANSCRIPTOMIC,kidney,Macaca mulatta,ILLUMINA,2019-02-19T00:00:00Z,2021-10-24T06:37:00Z,2,SAMEA4688373,E-MTAB-6813:5380sTS.Macaque.Kidney.3ypb.Male,Macaca mulatta,male,ERP108988,E-MTAB-6813:5380sTS.Macaque.Kidney.3ypb.Male
ERR2596855,3,RNA-Seq,101,4792189218,PRJEB26956,SAMEA4688374,ArrayExpress,1909573562,"Lausanne Genomics Technology Facility ",Rhesus monkey,public,"fastq,run.zq,sra","ena,gs,ncbi,s3","ena,gs.us-east1,ncbi.public,s3.us-east-1",postnatal,2019-02-18,2018-12-30T17:01:52Z,2018-11-16,2018-05-25T09:42:44Z,ERX2613140,3 years postnatal,kidney,SAMEA4688374,wild type genotype,University of Heidelberg,2018-12-30T17:01:52Z,2018-05-25T09:42:44Z,public,Illumina HiSeq 2500,5507sTS.Macaque.Kidney.3ypb.Male_s,SINGLE,PolyA,TRANSCRIPTOMIC,kidney,Macaca mulatta,ILLUMINA,2019-02-19T00:00:00Z,2022-07-26T06:04:00Z,2,SAMEA4688374,E-MTAB-6813:5507sTS.Macaque.Kidney.3ypb.Male,Macaca mulatta,male,ERP108988,E-MTAB-6813:5507sTS.Macaque.Kidney.3ypb.Male
ERR2596856,3,RNA-Seq,101,3746725795,PRJEB26956,SAMEA4688375,ArrayExpress,1444801157,"Lausanne Genomics Technology Facility ",Rhesus monkey,public,"fastq,run.zq,sra","ena,gs,ncbi,s3","ena,gs.us-east1,ncbi.public,s3.us-east-1",postnatal,2019-02-18,2018-12-30T17:01:52Z,2018-11-16,2018-05-25T09:42:44Z,ERX2613141,3 years postnatal,kidney,SAMEA4688375,wild type genotype,University of Heidelberg,2018-12-30T17:01:52Z,2018-05-25T09:42:44Z,public,Illumina HiSeq 2500,6079sTS.Macaque.Kidney.3ypb.Male_s,SINGLE,PolyA,TRANSCRIPTOMIC,kidney,Macaca mulatta,ILLUMINA,2019-02-19T00:00:00Z,2022-07-14T04:55:00Z,2,SAMEA4688375,E-MTAB-6813:6079sTS.Macaque.Kidney.3ypb.Male,Macaca mulatta,male,ERP108988,E-MTAB-6813:6079sTS.Macaque.Kidney.3ypb.Male
ERR2596857,3,RNA-Seq,101,3025373594,PRJEB26956,SAMEA4688376,ArrayExpress,1143344168,"Lausanne Genomics Technology Facility ",Rhesus monkey,public,"fastq,run.zq,sra","ena,gs,ncbi,s3","ena,gs.us-east1,ncbi.public,s3.us-east-1",postnatal,2019-02-18,2018-12-30T17:01:52Z,2018-11-16,2018-05-25T09:42:44Z,ERX2613142,3 years postnatal,kidney,SAMEA4688376,wild type genotype,University of Heidelberg,2018-12-30T17:01:52Z,2018-05-25T09:42:44Z,public,Illumina HiSeq 2500,6083sTS.Macaque.Kidney.3ypb.Male_s,SINGLE,PolyA,TRANSCRIPTOMIC,kidney,Macaca mulatta,ILLUMINA,2019-02-19T00:00:00Z,2022-07-17T12:09:00Z,2,SAMEA4688376,E-MTAB-6813:6083sTS.Macaque.Kidney.3ypb.Male,Macaca mulatta,male,ERP108988,E-MTAB-6813:6083sTS.Macaque.Kidney.3ypb.Male
ERR2596858,3,RNA-Seq,101,1759526555,PRJEB26956,SAMEA4688377,ArrayExpress,676251282,"Lausanne Genomics Technology Facility ",Rhesus monkey,public,"fastq,run.zq,sra","ena,gs,ncbi,s3","ena,gs.us-east1,ncbi.public,s3.us-east-1",postnatal,2019-02-18,2018-12-30T17:01:52Z,2018-11-16,2018-05-25T09:42:44Z,ERX2613143,3 years postnatal,liver,SAMEA4688377,wild type genotype,University of Heidelberg,2018-12-30T17:01:52Z,2018-05-25T09:42:44Z,public,Illumina HiSeq 2500,5447sTS.Macaque.Liver.3ypb.Male_s,SINGLE,PolyA,TRANSCRIPTOMIC,liver,Macaca mulatta,ILLUMINA,2019-02-19T00:00:00Z,2021-10-24T06:32:00Z,2,SAMEA4688377,E-MTAB-6813:5447sTS.Macaque.Liver.3ypb.Male,Macaca mulatta,male,ERP108988,E-MTAB-6813:5447sTS.Macaque.Liver.3ypb.Male
ERR2596859,3,RNA-Seq,101,6415388902,PRJEB26956,SAMEA4688378,ArrayExpress,2337356701,"Lausanne Genomics Technology Facility ",Rhesus monkey,public,"fastq,run.zq,sra","ena,gs,ncbi,s3","ena,gs.us-east1,ncbi.public,s3.us-east-1",postnatal,2019-02-18,2018-12-30T17:01:52Z,2018-11-16,2018-05-25T09:42:44Z,ERX2613144,3 years postnatal,liver,SAMEA4688378,wild type genotype,University of Heidelberg,2018-12-30T17:01:52Z,2018-05-25T09:42:44Z,public,Illumina HiSeq 2500,5454sTS.Macaque.Liver.3ypb.Male_s,SINGLE,PolyA,TRANSCRIPTOMIC,liver,Macaca mulatta,ILLUMINA,2019-02-19T00:00:00Z,2022-07-16T18:20:00Z,2,SAMEA4688378,E-MTAB-6813:5454sTS.Macaque.Liver.3ypb.Male,Macaca mulatta,male,ERP108988,E-MTAB-6813:5454sTS.Macaque.Liver.3ypb.Male
ERR2596860,3,RNA-Seq,101,2460264555,PRJEB26956,SAMEA4688379,ArrayExpress,962067386,"Lausanne Genomics Technology Facility ",Rhesus monkey,public,"fastq,run.zq,sra","ena,gs,ncbi,s3","ena,gs.us-east1,ncbi.public,s3.us-east-1",postnatal,2019-02-18,2018-12-30T17:01:52Z,2018-11-16,2018-05-25T09:42:44Z,ERX2613145,3 years postnatal,liver,SAMEA4688379,wild type genotype,University of Heidelberg,2018-12-30T17:01:52Z,2018-05-25T09:42:44Z,public,Illumina HiSeq 2500,6077sTS.Macaque.Liver.3ypb.Male_s,SINGLE,PolyA,TRANSCRIPTOMIC,liver,Macaca mulatta,ILLUMINA,2019-02-19T00:00:00Z,2022-07-21T12:01:00Z,2,SAMEA4688379,E-MTAB-6813:6077sTS.Macaque.Liver.3ypb.Male,Macaca mulatta,male,ERP108988,E-MTAB-6813:6077sTS.Macaque.Liver.3ypb.Male
ERR2596861,3,RNA-Seq,101,2843407954,PRJEB26956,SAMEA4688380,ArrayExpress,1060561174,"Lausanne Genomics Technology Facility ",Rhesus monkey,public,"fastq,run.zq,sra","ena,gs,ncbi,s3","ena,gs.us-east1,ncbi.public,s3.us-east-1",postnatal,2019-02-18,2018-12-30T17:01:52Z,2018-11-16,2018-05-25T09:42:44Z,ERX2613146,3 years postnatal,testis,SAMEA4688380,wild type genotype,University of Heidelberg,2018-12-30T17:01:52Z,2018-05-25T09:42:44Z,public,Illumina HiSeq 2500,5440sTS.Macaque.Testis.3ypb.Male_s,SINGLE,PolyA,TRANSCRIPTOMIC,testis,Macaca mulatta,ILLUMINA,2019-02-19T00:00:00Z,2021-10-24T06:41:00Z,2,SAMEA4688380,E-MTAB-6813:5440sTS.Macaque.Testis.3ypb.Male,Macaca mulatta,male,ERP108988,E-MTAB-6813:5440sTS.Macaque.Testis.3ypb.Male
ERR2596862,3,RNA-Seq,101,3920382973,PRJEB26956,SAMEA4688381,ArrayExpress,1507704110,"Lausanne Genomics Technology Facility ",Rhesus monkey,public,"fastq,run.zq,sra","ena,gs,ncbi,s3","ena,gs.us-east1,ncbi.public,s3.us-east-1",postnatal,2019-02-18,2018-12-30T17:01:52Z,2018-11-16,2018-05-25T09:42:44Z,ERX2613147,3 years postnatal,testis,SAMEA4688381,wild type genotype,University of Heidelberg,2018-12-30T17:01:52Z,2018-05-25T09:42:44Z,public,Illumina HiSeq 2500,5443sTS.Macaque.Testis.3ypb.Male_s,SINGLE,PolyA,TRANSCRIPTOMIC,testis,Macaca mulatta,ILLUMINA,2019-02-19T00:00:00Z,2022-07-18T16:23:00Z,2,SAMEA4688381,E-MTAB-6813:5443sTS.Macaque.Testis.3ypb.Male,Macaca mulatta,male,ERP108988,E-MTAB-6813:5443sTS.Macaque.Testis.3ypb.Male
ERR2596863,3,RNA-Seq,101,4582703098,PRJEB26956,SAMEA4688382,ArrayExpress,1776285271,"Lausanne Genomics Technology Facility ",Rhesus monkey,public,"fastq,run.zq,sra","ena,gs,ncbi,s3","ena,gs.us-east1,ncbi.public,s3.us-east-1",postnatal,2019-02-18,2018-12-30T17:01:52Z,2018-11-16,2018-05-25T09:42:44Z,ERX2613148,3 years postnatal,testis,SAMEA4688382,wild type genotype,University of Heidelberg,2018-12-30T17:01:52Z,2018-05-25T09:42:44Z,public,Illumina HiSeq 2500,6080sTS.Macaque.Testis.3ypb.Male_s,SINGLE,PolyA,TRANSCRIPTOMIC,testis,Macaca mulatta,ILLUMINA,2019-02-19T00:00:00Z,2022-07-26T06:05:00Z,2,SAMEA4688382,E-MTAB-6813:6080sTS.Macaque.Testis.3ypb.Male,Macaca mulatta,male,ERP108988,E-MTAB-6813:6080sTS.Macaque.Testis.3ypb.Male
ERR2596864,3,RNA-Seq,101,3609857867,PRJEB26956,SAMEA4688383,ArrayExpress,1401397473,"Lausanne Genomics Technology Facility ",Rhesus monkey,public,"fastq,run.zq,sra","ena,gs,ncbi,s3","ena,gs.us-east1,ncbi.public,s3.us-east-1",postnatal,2019-02-18,2018-12-30T17:01:52Z,2018-11-16,2018-05-25T09:42:44Z,ERX2613149,3 years postnatal,testis,SAMEA4688383,wild type genotype,University of Heidelberg,2018-12-30T17:01:52Z,2018-05-25T09:42:44Z,public,Illumina HiSeq 2500,6082sTS.Macaque.Testis.3ypb.Male_s,SINGLE,PolyA,TRANSCRIPTOMIC,testis,Macaca mulatta,ILLUMINA,2019-02-19T00:00:00Z,2022-07-26T06:03:00Z,2,SAMEA4688383,E-MTAB-6813:6082sTS.Macaque.Testis.3ypb.Male,Macaca mulatta,male,ERP108988,E-MTAB-6813:6082sTS.Macaque.Testis.3ypb.Male
ERR2596865,6,RNA-Seq,101,8858789588,PRJEB26956,SAMEA4688384,ArrayExpress,3297172459,"Lausanne Genomics Technology Facility ",Rhesus monkey,public,"fastq,run.zq,sra","ena,gs,ncbi,s3","ena,gs.us-east1,ncbi.public,s3.us-east-1",postnatal,2019-02-18,2018-12-30T17:01:52Z,2018-11-16,2018-05-25T09:42:44Z,ERX2613150,6 months postnatal,forebrain,SAMEA4688384,wild type genotype,University of Heidelberg,2018-12-30T17:01:52Z,2018-05-25T09:42:44Z,public,Illumina HiSeq 2500,5434sTS.Macaque.Brain.151dpb.Male_s,SINGLE,PolyA,TRANSCRIPTOMIC,forebrain,Macaca mulatta,ILLUMINA,2019-02-19T00:00:00Z,2021-10-24T07:10:00Z,2,SAMEA4688384,E-MTAB-6813:5434sTS.Macaque.Brain.151dpb.Male,Macaca mulatta,male,ERP108988,E-MTAB-6813:5434sTS.Macaque.Brain.151dpb.Male
ERR2596866,6,RNA-Seq,101,2934985664,PRJEB26956,SAMEA4688385,ArrayExpress,1095965849,"Lausanne Genomics Technology Facility ",Rhesus monkey,public,"fastq,run.zq,sra","ena,gs,ncbi,s3","ena,gs.us-east1,ncbi.public,s3.us-east-1",postnatal,2019-02-18,2018-12-30T17:01:52Z,2018-11-16,2018-05-25T09:42:44Z,ERX2613151,6 months postnatal,forebrain,SAMEA4688385,wild type genotype,University of Heidelberg,2018-12-30T17:01:52Z,2018-05-25T09:42:44Z,public,Illumina HiSeq 2500,5494sTS.Macaque.Brain.153dpb.Male_s,SINGLE,PolyA,TRANSCRIPTOMIC,forebrain,Macaca mulatta,ILLUMINA,2019-02-19T00:00:00Z,2021-10-24T06:44:00Z,2,SAMEA4688385,E-MTAB-6813:5494sTS.Macaque.Brain.153dpb.Male,Macaca mulatta,male,ERP108988,E-MTAB-6813:5494sTS.Macaque.Brain.153dpb.Male
ERR2596867,6,RNA-Seq,101,7851555877,PRJEB26956,SAMEA4688386,ArrayExpress,2935481715,"Lausanne Genomics Technology Facility ",Rhesus monkey,public,"fastq,run.zq,sra","ena,gs,ncbi,s3","ena,gs.us-east1,ncbi.public,s3.us-east-1",postnatal,2019-02-18,2018-12-30T17:01:52Z,2018-11-16,2018-05-25T09:42:44Z,ERX2613152,6 months postnatal,heart,SAMEA4688386,wild type genotype,University of Heidelberg,2018-12-30T17:01:52Z,2018-05-25T09:42:44Z,public,Illumina HiSeq 2500,5438sTS.Macaque.Heart.153dpb.Male_s,SINGLE,PolyA,TRANSCRIPTOMIC,heart,Macaca mulatta,ILLUMINA,2019-02-19T00:00:00Z,2022-07-14T16:45:00Z,2,SAMEA4688386,E-MTAB-6813:5438sTS.Macaque.Heart.153dpb.Male,Macaca mulatta,male,ERP108988,E-MTAB-6813:5438sTS.Macaque.Heart.153dpb.Male
ERR2596868,6,RNA-Seq,101,3601232467,PRJEB26956,SAMEA4688387,ArrayExpress,1394421070,"Lausanne Genomics Technology Facility ",Rhesus monkey,public,"fastq,run.zq,sra","ena,gs,ncbi,s3","ena,gs.us-east1,ncbi.public,s3.us-east-1",postnatal,2019-02-18,2018-12-30T17:01:52Z,2018-11-16,2018-05-25T09:42:44Z,ERX2613153,6 months postnatal,heart,SAMEA4688387,wild type genotype,University of Heidelberg,2018-12-30T17:01:52Z,2018-05-25T09:42:44Z,public,Illumina HiSeq 2500,6060sTS.Macaque.Heart.6mpb.Male_s,SINGLE,PolyA,TRANSCRIPTOMIC,heart,Macaca mulatta,ILLUMINA,2019-02-19T00:00:00Z,2021-10-24T06:51:00Z,2,SAMEA4688387,E-MTAB-6813:6060sTS.Macaque.Heart.6mpb.Male,Macaca mulatta,male,ERP108988,E-MTAB-6813:6060sTS.Macaque.Heart.6mpb.Male
ERR2596869,6,RNA-Seq,101,3306332162,PRJEB26956,SAMEA4688388,ArrayExpress,1270756901,"Lausanne Genomics Technology Facility ",Rhesus monkey,public,"fastq,run.zq,sra","ena,gs,ncbi,s3","ena,gs.us-east1,ncbi.public,s3.us-east-1",postnatal,2019-02-18,2018-12-30T17:01:52Z,2018-11-16,2018-05-25T09:42:44Z,ERX2613154,6 months postnatal,heart,SAMEA4688388,wild type genotype,University of Heidelberg,2018-12-30T17:01:52Z,2018-05-25T09:42:44Z,public,Illumina HiSeq 2500,6065sTS.Macaque.Heart.6mpb.Male_s,SINGLE,PolyA,TRANSCRIPTOMIC,heart,Macaca mulatta,ILLUMINA,2019-02-19T00:00:00Z,2022-07-26T06:03:00Z,2,SAMEA4688388,E-MTAB-6813:6065sTS.Macaque.Heart.6mpb.Male,Macaca mulatta,male,ERP108988,E-MTAB-6813:6065sTS.Macaque.Heart.6mpb.Male
ERR2596870,6,RNA-Seq,101,5511266798,PRJEB26956,SAMEA4688389,ArrayExpress,2146269601,"Lausanne Genomics Technology Facility ",Rhesus monkey,public,"fastq,run.zq,sra","ena,gs,ncbi,s3","ena,gs.us-east1,ncbi.public,s3.us-east-1",postnatal,2019-02-18,2018-12-30T17:01:52Z,2018-11-16,2018-05-25T09:42:44Z,ERX2613155,6 months postnatal,heart,SAMEA4688389,wild type genotype,University of Heidelberg,2018-12-30T17:01:52Z,2018-05-25T09:42:44Z,public,Illumina HiSeq 2500,6119sTS.Macaque.Heart.6mpb.Male_s,SINGLE,PolyA,TRANSCRIPTOMIC,heart,Macaca mulatta,ILLUMINA,2019-02-19T00:00:00Z,2021-10-24T06:58:00Z,2,SAMEA4688389,E-MTAB-6813:6119sTS.Macaque.Heart.6mpb.Male,Macaca mulatta,male,ERP108988,E-MTAB-6813:6119sTS.Macaque.Heart.6mpb.Male
ERR2596871,6,RNA-Seq,101,3641754475,PRJEB26956,SAMEA4688390,ArrayExpress,1366250674,"Lausanne Genomics Technology Facility ",Rhesus monkey,public,"fastq,run.zq,sra","ena,gs,ncbi,s3","ena,gs.us-east1,ncbi.public,s3.us-east-1",postnatal,2019-02-18,2018-12-30T17:01:52Z,2018-11-16,2018-05-25T09:42:44Z,ERX2613156,6 months postnatal,hindbrain,SAMEA4688390,wild type genotype,University of Heidelberg,2018-12-30T17:01:52Z,2018-05-25T09:42:44Z,public,Illumina HiSeq 2500,5498sTS.Macaque.Cerebellum.153dpb.Male_s,SINGLE,PolyA,TRANSCRIPTOMIC,hindbrain,Macaca mulatta,ILLUMINA,2019-02-19T00:00:00Z,2021-10-24T07:05:00Z,2,SAMEA4688390,E-MTAB-6813:5498sTS.Macaque.Cerebellum.153dpb.Male,Macaca mulatta,male,ERP108988,E-MTAB-6813:5498sTS.Macaque.Cerebellum.153dpb.Male
ERR2596872,6,RNA-Seq,101,3046684493,PRJEB26956,SAMEA4688391,ArrayExpress,1143651911,"Lausanne Genomics Technology Facility ",Rhesus monkey,public,"fastq,run.zq,sra","ena,gs,ncbi,s3","ena,gs.us-east1,ncbi.public,s3.us-east-1",postnatal,2019-02-18,2018-12-30T17:01:52Z,2018-11-16,2018-05-25T09:42:44Z,ERX2613157,6 months postnatal,hindbrain,SAMEA4688391,wild type genotype,University of Heidelberg,2018-12-30T17:01:52Z,2018-05-25T09:42:44Z,public,Illumina HiSeq 2500,5502sTS.Macaque.Cerebellum.151dpb.Male_s,SINGLE,PolyA,TRANSCRIPTOMIC,hindbrain,Macaca mulatta,ILLUMINA,2019-02-19T00:00:00Z,2022-07-26T06:01:00Z,2,SAMEA4688391,E-MTAB-6813:5502sTS.Macaque.Cerebellum.151dpb.Male,Macaca mulatta,male,ERP108988,E-MTAB-6813:5502sTS.Macaque.Cerebellum.151dpb.Male
ERR2596873,6,RNA-Seq,101,3362827320,PRJEB26956,SAMEA4688392,ArrayExpress,1262697561,"Lausanne Genomics Technology Facility ",Rhesus monkey,public,"fastq,run.zq,sra","ena,gs,ncbi,s3","ena,gs.us-east1,ncbi.public,s3.us-east-1",postnatal,2019-02-18,2018-12-30T17:01:52Z,2018-11-16,2018-05-25T09:42:44Z,ERX2613158,6 months postnatal,kidney,SAMEA4688392,wild type genotype,University of Heidelberg,2018-12-30T17:01:52Z,2018-05-25T09:42:44Z,public,Illumina HiSeq 2500,5361sTS.Macaque.Kidney.153dpb.Male_s,SINGLE,PolyA,TRANSCRIPTOMIC,kidney,Macaca mulatta,ILLUMINA,2019-02-19T00:00:00Z,2022-07-14T06:29:00Z,2,SAMEA4688392,E-MTAB-6813:5361sTS.Macaque.Kidney.153dpb.Male,Macaca mulatta,male,ERP108988,E-MTAB-6813:5361sTS.Macaque.Kidney.153dpb.Male
ERR2596874,6,RNA-Seq,101,3005494875,PRJEB26956,SAMEA4688393,ArrayExpress,1231449333,"Lausanne Genomics Technology Facility ",Rhesus monkey,public,"fastq,run.zq,sra","ena,gs,ncbi,s3","ena,gs.us-east1,ncbi.public,s3.us-east-1",postnatal,2019-02-18,2018-12-30T17:01:52Z,2018-11-16,2018-05-25T09:42:44Z,ERX2613159,6 months postnatal,kidney,SAMEA4688393,wild type genotype,University of Heidelberg,2018-12-30T17:01:52Z,2018-05-25T09:42:44Z,public,Illumina HiSeq 2500,5381sTS.Macaque.Kidney.151dpb.Male_s,SINGLE,PolyA,TRANSCRIPTOMIC,kidney,Macaca mulatta,ILLUMINA,2019-02-19T00:00:00Z,2022-07-26T05:48:00Z,2,SAMEA4688393,E-MTAB-6813:5381sTS.Macaque.Kidney.151dpb.Male,Macaca mulatta,male,ERP108988,E-MTAB-6813:5381sTS.Macaque.Kidney.151dpb.Male
ERR2596875,6,RNA-Seq,101,3630386420,PRJEB26956,SAMEA4688394,ArrayExpress,1413911902,"Lausanne Genomics Technology Facility ",Rhesus monkey,public,"fastq,run.zq,sra","ena,gs,ncbi,s3","ena,gs.us-east1,ncbi.public,s3.us-east-1",postnatal,2019-02-18,2018-12-30T17:01:52Z,2018-11-16,2018-05-25T09:42:44Z,ERX2613160,6 months postnatal,kidney,SAMEA4688394,wild type genotype,University of Heidelberg,2018-12-30T17:01:52Z,2018-05-25T09:42:44Z,public,Illumina HiSeq 2500,6066sTS.Macaque.Kidney.6mpb.Male_s,SINGLE,PolyA,TRANSCRIPTOMIC,kidney,Macaca mulatta,ILLUMINA,2019-02-19T00:00:00Z,2022-07-26T06:03:00Z,2,SAMEA4688394,E-MTAB-6813:6066sTS.Macaque.Kidney.6mpb.Male,Macaca mulatta,male,ERP108988,E-MTAB-6813:6066sTS.Macaque.Kidney.6mpb.Male
ERR2596876,6,RNA-Seq,101,3130899505,PRJEB26956,SAMEA4688395,ArrayExpress,1156462428,"Lausanne Genomics Technology Facility ",Rhesus monkey,public,"fastq,run.zq,sra","ena,gs,ncbi,s3","ena,gs.us-east1,ncbi.public,s3.us-east-1",postnatal,2019-02-18,2018-12-30T17:01:52Z,2018-11-16,2018-05-25T09:42:44Z,ERX2613161,6 months postnatal,liver,SAMEA4688395,wild type genotype,University of Heidelberg,2018-12-30T17:01:52Z,2018-05-25T09:42:44Z,public,Illumina HiSeq 2500,5463sTS.Macaque.Liver.153dpb.Male_s,SINGLE,PolyA,TRANSCRIPTOMIC,liver,Macaca mulatta,ILLUMINA,2019-02-19T00:00:00Z,2022-07-15T18:14:00Z,2,SAMEA4688395,E-MTAB-6813:5463sTS.Macaque.Liver.153dpb.Male,Macaca mulatta,male,ERP108988,E-MTAB-6813:5463sTS.Macaque.Liver.153dpb.Male
ERR2596877,6,RNA-Seq,101,3282747248,PRJEB26956,SAMEA4688396,ArrayExpress,1265188302,"Lausanne Genomics Technology Facility ",Rhesus monkey,public,"fastq,run.zq,sra","ena,gs,ncbi,s3","ena,gs.us-east1,ncbi.public,s3.us-east-1",postnatal,2019-02-18,2018-12-30T17:01:52Z,2018-11-16,2018-05-25T09:42:44Z,ERX2613162,6 months postnatal,liver,SAMEA4688396,wild type genotype,University of Heidelberg,2018-12-30T17:01:52Z,2018-05-25T09:42:44Z,public,Illumina HiSeq 2500,6059sTS.Macaque.Liver.6mpb.Male_s,SINGLE,PolyA,TRANSCRIPTOMIC,liver,Macaca mulatta,ILLUMINA,2019-02-19T00:00:00Z,2021-10-24T06:55:00Z,2,SAMEA4688396,E-MTAB-6813:6059sTS.Macaque.Liver.6mpb.Male,Macaca mulatta,male,ERP108988,E-MTAB-6813:6059sTS.Macaque.Liver.6mpb.Male
ERR2596878,6,RNA-Seq,101,4114065926,PRJEB26956,SAMEA4688397,ArrayExpress,1581494586,"Lausanne Genomics Technology Facility ",Rhesus monkey,public,"fastq,run.zq,sra","ena,gs,ncbi,s3","ena,gs.us-east1,ncbi.public,s3.us-east-1",postnatal,2019-02-18,2018-12-30T17:01:52Z,2018-11-16,2018-05-25T09:42:45Z,ERX2613163,6 months postnatal,liver,SAMEA4688397,wild type genotype,University of Heidelberg,2018-12-30T17:01:52Z,2018-05-25T09:42:45Z,public,Illumina HiSeq 2500,6064sTS.Macaque.Liver.6mpb.Male_s,SINGLE,PolyA,TRANSCRIPTOMIC,liver,Macaca mulatta,ILLUMINA,2019-02-19T00:00:00Z,2022-07-23T01:33:00Z,2,SAMEA4688397,E-MTAB-6813:6064sTS.Macaque.Liver.6mpb.Male,Macaca mulatta,male,ERP108988,E-MTAB-6813:6064sTS.Macaque.Liver.6mpb.Male
ERR2596879,6,RNA-Seq,101,4379787230,PRJEB26956,SAMEA4688398,ArrayExpress,1660103877,"Lausanne Genomics Technology Facility ",Rhesus monkey,public,"fastq,run.zq,sra","ena,gs,ncbi,s3","ena,gs.us-east1,ncbi.public,s3.us-east-1",postnatal,2019-02-18,2018-12-30T17:01:52Z,2018-11-16,2018-05-25T09:42:45Z,ERX2613164,6 months postnatal,testis,SAMEA4688398,wild type genotype,University of Heidelberg,2018-12-30T17:01:52Z,2018-05-25T09:42:45Z,public,Illumina HiSeq 2500,5371sTS.Macaque.Testis.151dpb.Male_s,SINGLE,PolyA,TRANSCRIPTOMIC,testis,Macaca mulatta,ILLUMINA,2019-02-19T00:00:00Z,2022-07-15T18:15:00Z,2,SAMEA4688398,E-MTAB-6813:5371sTS.Macaque.Testis.151dpb.Male,Macaca mulatta,male,ERP108988,E-MTAB-6813:5371sTS.Macaque.Testis.151dpb.Male
ERR2596880,6,RNA-Seq,101,2226894258,PRJEB26956,SAMEA4688399,ArrayExpress,818273361,"Lausanne Genomics Technology Facility ",Rhesus monkey,public,"fastq,run.zq,sra","ena,gs,ncbi,s3","ena,gs.us-east1,ncbi.public,s3.us-east-1",postnatal,2019-02-18,2018-12-30T17:01:52Z,2018-11-16,2018-05-25T09:42:45Z,ERX2613165,6 months postnatal,testis,SAMEA4688399,wild type genotype,University of Heidelberg,2018-12-30T17:01:52Z,2018-05-25T09:42:45Z,public,Illumina HiSeq 2500,5456sTS.Macaque.Testis.153dpb.Male_s,SINGLE,PolyA,TRANSCRIPTOMIC,testis,Macaca mulatta,ILLUMINA,2019-02-19T00:00:00Z,2022-07-19T15:36:00Z,2,SAMEA4688399,E-MTAB-6813:5456sTS.Macaque.Testis.153dpb.Male,Macaca mulatta,male,ERP108988,E-MTAB-6813:5456sTS.Macaque.Testis.153dpb.Male
ERR2596881,6,RNA-Seq,101,5027717683,PRJEB26956,SAMEA4688400,ArrayExpress,1945451309,"Lausanne Genomics Technology Facility ",Rhesus monkey,public,"fastq,run.zq,sra","ena,gs,ncbi,s3","ena,gs.us-east1,ncbi.public,s3.us-east-1",postnatal,2019-02-18,2018-12-30T17:01:52Z,2018-11-16,2018-05-25T09:42:45Z,ERX2613166,6 months postnatal,testis,SAMEA4688400,wild type genotype,University of Heidelberg,2018-12-30T17:01:52Z,2018-05-25T09:42:45Z,public,Illumina HiSeq 2500,6062sTS.Macaque.Testis.6mpb.Male_s,SINGLE,PolyA,TRANSCRIPTOMIC,testis,Macaca mulatta,ILLUMINA,2019-02-19T00:00:00Z,2021-10-24T06:57:00Z,2,SAMEA4688400,E-MTAB-6813:6062sTS.Macaque.Testis.6mpb.Male,Macaca mulatta,male,ERP108988,E-MTAB-6813:6062sTS.Macaque.Testis.6mpb.Male
ERR2596882,6,RNA-Seq,101,3466030332,PRJEB26956,SAMEA4688401,ArrayExpress,1345015785,"Lausanne Genomics Technology Facility ",Rhesus monkey,public,"fastq,run.zq,sra","ena,gs,ncbi,s3","ena,gs.us-east1,ncbi.public,s3.us-east-1",postnatal,2019-02-18,2018-12-30T17:01:52Z,2018-11-16,2018-05-25T09:42:45Z,ERX2613167,6 months postnatal,testis,SAMEA4688401,wild type genotype,University of Heidelberg,2018-12-30T17:01:52Z,2018-05-25T09:42:45Z,public,Illumina HiSeq 2500,6067sTS.Macaque.Testis.6mpb.Male_s,SINGLE,PolyA,TRANSCRIPTOMIC,testis,Macaca mulatta,ILLUMINA,2019-02-19T00:00:00Z,2022-07-29T20:59:00Z,2,SAMEA4688401,E-MTAB-6813:6067sTS.Macaque.Testis.6mpb.Male,Macaca mulatta,male,ERP108988,E-MTAB-6813:6067sTS.Macaque.Testis.6mpb.Male
ERR2596883,8,RNA-Seq,101,3299560112,PRJEB26956,SAMEA4688402,ArrayExpress,1241264138,"Lausanne Genomics Technology Facility ",Rhesus monkey,public,"fastq,run.zq,sra","ena,gs,ncbi,s3","ena,gs.us-east1,ncbi.public,s3.us-east-1",postnatal,2019-02-18,2018-12-30T17:01:52Z,2018-11-16,2018-05-25T09:42:45Z,ERX2613168,8 years postnatal,forebrain,SAMEA4688402,wild type genotype,University of Heidelberg,2018-12-30T17:01:52Z,2018-05-25T09:42:45Z,public,Illumina HiSeq 2500,6088sTS.Macaque.Brain.8ypb.Female_s,SINGLE,PolyA,TRANSCRIPTOMIC,forebrain,Macaca mulatta,ILLUMINA,2019-02-19T00:00:00Z,2021-10-24T06:47:00Z,2,SAMEA4688402,E-MTAB-6813:6088sTS.Macaque.Brain.8ypb.Female,Macaca mulatta,female,ERP108988,E-MTAB-6813:6088sTS.Macaque.Brain.8ypb.Female
ERR2596884,8,RNA-Seq,101,3725090282,PRJEB26956,SAMEA4688403,ArrayExpress,1405439630,"Lausanne Genomics Technology Facility ",Rhesus monkey,public,"fastq,run.zq,sra","ena,gs,ncbi,s3","ena,gs.us-east1,ncbi.public,s3.us-east-1",postnatal,2019-02-18,2018-12-30T17:01:52Z,2018-11-16,2018-05-25T09:42:45Z,ERX2613169,8 years postnatal,heart,SAMEA4688403,wild type genotype,University of Heidelberg,2018-12-30T17:01:52Z,2018-05-25T09:42:45Z,public,Illumina HiSeq 2500,6085sTS.Macaque.Heart.8ypb.Female_s,SINGLE,PolyA,TRANSCRIPTOMIC,heart,Macaca mulatta,ILLUMINA,2019-02-19T00:00:00Z,2022-07-26T06:02:00Z,2,SAMEA4688403,E-MTAB-6813:6085sTS.Macaque.Heart.8ypb.Female,Macaca mulatta,female,ERP108988,E-MTAB-6813:6085sTS.Macaque.Heart.8ypb.Female
ERR2596885,8,RNA-Seq,101,3194892600,PRJEB26956,SAMEA4688404,ArrayExpress,1203738138,"Lausanne Genomics Technology Facility ",Rhesus monkey,public,"fastq,run.zq,sra","ena,gs,ncbi,s3","ena,gs.us-east1,ncbi.public,s3.us-east-1",postnatal,2019-02-18,2018-12-30T17:01:52Z,2018-11-16,2018-05-25T09:42:45Z,ERX2613170,8 years postnatal,kidney,SAMEA4688404,wild type genotype,University of Heidelberg,2018-12-30T17:01:52Z,2018-05-25T09:42:45Z,public,Illumina HiSeq 2500,6087sTS.Macaque.Kidney.8ypb.Female_s,SINGLE,PolyA,TRANSCRIPTOMIC,kidney,Macaca mulatta,ILLUMINA,2019-02-19T00:00:00Z,2022-07-18T16:21:00Z,2,SAMEA4688404,E-MTAB-6813:6087sTS.Macaque.Kidney.8ypb.Female,Macaca mulatta,female,ERP108988,E-MTAB-6813:6087sTS.Macaque.Kidney.8ypb.Female
ERR2596886,8,RNA-Seq,101,4079373941,PRJEB26956,SAMEA4688405,ArrayExpress,1611647472,"Lausanne Genomics Technology Facility ",Rhesus monkey,public,"fastq,run.zq,sra","ena,gs,ncbi,s3","ena,gs.us-east1,ncbi.public,s3.us-east-1",postnatal,2019-02-18,2018-12-30T17:01:52Z,2018-11-16,2018-05-25T09:42:45Z,ERX2613171,8 years postnatal,kidney,SAMEA4688405,wild type genotype,University of Heidelberg,2018-12-30T17:01:52Z,2018-05-25T09:42:45Z,public,Illumina HiSeq 2500,6125sTS.Macaque.Kidney.8ypb.Male_s,SINGLE,PolyA,TRANSCRIPTOMIC,kidney,Macaca mulatta,ILLUMINA,2019-02-19T00:00:00Z,2021-10-24T06:50:00Z,2,SAMEA4688405,E-MTAB-6813:6125sTS.Macaque.Kidney.8ypb.Male,Macaca mulatta,male,ERP108988,E-MTAB-6813:6125sTS.Macaque.Kidney.8ypb.Male
ERR2596887,8,RNA-Seq,101,3487472228,PRJEB26956,SAMEA4688406,ArrayExpress,1304643380,"Lausanne Genomics Technology Facility ",Rhesus monkey,public,"fastq,run.zq,sra","ena,gs,ncbi,s3","ena,gs.us-east1,ncbi.public,s3.us-east-1",postnatal,2019-02-18,2018-12-30T17:01:52Z,2018-11-16,2018-05-25T09:42:45Z,ERX2613172,8 years postnatal,liver,SAMEA4688406,wild type genotype,University of Heidelberg,2018-12-30T17:01:52Z,2018-05-25T09:42:45Z,public,Illumina HiSeq 2500,6086sTS.Macaque.Liver.8ypb.Female_s,SINGLE,PolyA,TRANSCRIPTOMIC,liver,Macaca mulatta,ILLUMINA,2019-02-19T00:00:00Z,2022-07-13T21:32:00Z,2,SAMEA4688406,E-MTAB-6813:6086sTS.Macaque.Liver.8ypb.Female,Macaca mulatta,female,ERP108988,E-MTAB-6813:6086sTS.Macaque.Liver.8ypb.Female
ERR2596888,9,RNA-Seq,101,3505723332,PRJEB26956,SAMEA4688407,ArrayExpress,1317821390,"Lausanne Genomics Technology Facility ",Rhesus monkey,public,"fastq,run.zq,sra","ena,gs,ncbi,s3","ena,gs.us-east1,ncbi.public,s3.us-east-1",postnatal,2019-02-18,2018-12-30T17:01:52Z,2018-11-16,2018-05-25T09:42:45Z,ERX2613173,9 years postnatal,forebrain,SAMEA4688407,wild type genotype,University of Heidelberg,2018-12-30T17:01:52Z,2018-05-25T09:42:45Z,public,Illumina HiSeq 2500,5501sTS.Macaque.Brain.9ypb.Male_s,SINGLE,PolyA,TRANSCRIPTOMIC,forebrain,Macaca mulatta,ILLUMINA,2019-02-19T00:00:00Z,2021-10-24T06:54:00Z,2,SAMEA4688407,E-MTAB-6813:5501sTS.Macaque.Brain.9ypb.Male,Macaca mulatta,male,ERP108988,E-MTAB-6813:5501sTS.Macaque.Brain.9ypb.Male
ERR2596889,9,RNA-Seq,101,5010053490,PRJEB26956,SAMEA4688408,ArrayExpress,1980095933,"Lausanne Genomics Technology Facility ",Rhesus monkey,public,"fastq,run.zq,sra","ena,gs,ncbi,s3","ena,gs.us-east1,ncbi.public,s3.us-east-1",postnatal,2019-02-18,2018-12-30T17:01:52Z,2018-11-16,2018-05-25T09:42:45Z,ERX2613174,9 years postnatal,forebrain,SAMEA4688408,wild type genotype,University of Heidelberg,2018-12-30T17:01:52Z,2018-05-25T09:42:45Z,public,Illumina HiSeq 2500,5988sTS.Macaque.Brain.9ypb.Male_s,SINGLE,PolyA,TRANSCRIPTOMIC,forebrain,Macaca mulatta,ILLUMINA,2019-02-19T00:00:00Z,2022-07-17T12:16:00Z,2,SAMEA4688408,E-MTAB-6813:5988sTS.Macaque.Brain.9ypb.Male,Macaca mulatta,male,ERP108988,E-MTAB-6813:5988sTS.Macaque.Brain.9ypb.Male
ERR2596890,9,RNA-Seq,101,2473337894,PRJEB26956,SAMEA4688409,ArrayExpress,895468306,"Lausanne Genomics Technology Facility ",Rhesus monkey,public,"fastq,run.zq,sra","ena,gs,ncbi,s3","ena,gs.us-east1,ncbi.public,s3.us-east-1",postnatal,2019-02-18,2018-12-30T17:01:52Z,2018-11-16,2018-05-25T09:42:45Z,ERX2613175,9 years postnatal,forebrain,SAMEA4688409,wild type genotype,University of Heidelberg,2018-12-30T17:01:52Z,2018-05-25T09:42:45Z,public,Illumina HiSeq 2500,6093sTS.Macaque.Brain.9ypb.Female_s,SINGLE,PolyA,TRANSCRIPTOMIC,forebrain,Macaca mulatta,ILLUMINA,2019-02-19T00:00:00Z,2022-07-19T01:02:00Z,2,SAMEA4688409,E-MTAB-6813:6093sTS.Macaque.Brain.9ypb.Female,Macaca mulatta,female,ERP108988,E-MTAB-6813:6093sTS.Macaque.Brain.9ypb.Female
ERR2596891,9,RNA-Seq,101,2534245742,PRJEB26956,SAMEA4688410,ArrayExpress,930421421,"Lausanne Genomics Technology Facility ",Rhesus monkey,public,"fastq,run.zq,sra","ena,gs,ncbi,s3","ena,gs.us-east1,ncbi.public,s3.us-east-1",postnatal,2019-02-18,2018-12-30T17:01:52Z,2018-11-16,2018-05-25T09:42:45Z,ERX2613176,9 years postnatal,heart,SAMEA4688410,wild type genotype,University of Heidelberg,2018-12-30T17:01:52Z,2018-05-25T09:42:45Z,public,Illumina HiSeq 2500,5420sTS.Macaque.Heart.9ypb.Male_s,SINGLE,PolyA,TRANSCRIPTOMIC,heart,Macaca mulatta,ILLUMINA,2019-02-19T00:00:00Z,2022-07-17T19:30:00Z,2,SAMEA4688410,E-MTAB-6813:5420sTS.Macaque.Heart.9ypb.Male,Macaca mulatta,male,ERP108988,E-MTAB-6813:5420sTS.Macaque.Heart.9ypb.Male
ERR2596892,9,RNA-Seq,101,4261812463,PRJEB26956,SAMEA4688411,ArrayExpress,1576279623,"Lausanne Genomics Technology Facility ",Rhesus monkey,public,"fastq,run.zq,sra","ena,gs,ncbi,s3","ena,gs.us-east1,ncbi.public,s3.us-east-1",postnatal,2019-02-18,2018-12-30T17:01:52Z,2018-11-16,2018-05-25T09:42:45Z,ERX2613177,9 years postnatal,heart,SAMEA4688411,wild type genotype,University of Heidelberg,2018-12-30T17:01:52Z,2018-05-25T09:42:45Z,public,Illumina HiSeq 2500,5450sTS.Macaque.Heart.9ypb.Male_s,SINGLE,PolyA,TRANSCRIPTOMIC,heart,Macaca mulatta,ILLUMINA,2019-02-19T00:00:00Z,2021-10-24T06:55:00Z,2,SAMEA4688411,E-MTAB-6813:5450sTS.Macaque.Heart.9ypb.Male,Macaca mulatta,male,ERP108988,E-MTAB-6813:5450sTS.Macaque.Heart.9ypb.Male
ERR2596893,9,RNA-Seq,101,1816429248,PRJEB26956,SAMEA4688412,ArrayExpress,675179325,"Lausanne Genomics Technology Facility ",Rhesus monkey,public,"fastq,run.zq,sra","ena,gs,ncbi,s3","ena,gs.us-east1,ncbi.public,s3.us-east-1",postnatal,2019-02-18,2018-12-30T17:01:52Z,2018-11-16,2018-05-25T09:42:45Z,ERX2613178,9 years postnatal,hindbrain,SAMEA4688412,wild type genotype,University of Heidelberg,2018-12-30T17:01:52Z,2018-05-25T09:42:45Z,public,Illumina HiSeq 2500,5457sTS.Macaque.Cerebellum.9ypb.Male_s,SINGLE,PolyA,TRANSCRIPTOMIC,hindbrain,Macaca mulatta,ILLUMINA,2019-02-19T00:00:00Z,2022-07-14T10:02:00Z,2,SAMEA4688412,E-MTAB-6813:5457sTS.Macaque.Cerebellum.9ypb.Male,Macaca mulatta,male,ERP108988,E-MTAB-6813:5457sTS.Macaque.Cerebellum.9ypb.Male
ERR2596894,9,RNA-Seq,101,3916925642,PRJEB26956,SAMEA4688413,ArrayExpress,1647134034,"Lausanne Genomics Technology Facility ",Rhesus monkey,public,"fastq,run.zq,sra","ena,gs,ncbi,s3","ena,gs.us-east1,ncbi.public,s3.us-east-1",postnatal,2019-02-18,2018-12-30T17:01:52Z,2018-11-16,2018-05-25T09:42:45Z,ERX2613179,9 years postnatal,kidney,SAMEA4688413,wild type genotype,University of Heidelberg,2018-12-30T17:01:52Z,2018-05-25T09:42:45Z,public,Illumina HiSeq 2500,5476sTS.Macaque.Kidney.9ypb.Male_s,SINGLE,PolyA,TRANSCRIPTOMIC,kidney,Macaca mulatta,ILLUMINA,2019-02-19T00:00:00Z,2022-07-13T19:17:00Z,2,SAMEA4688413,E-MTAB-6813:5476sTS.Macaque.Kidney.9ypb.Male,Macaca mulatta,male,ERP108988,E-MTAB-6813:5476sTS.Macaque.Kidney.9ypb.Male
ERR2596895,9,RNA-Seq,101,3500844527,PRJEB26956,SAMEA4688414,ArrayExpress,1335244501,"Lausanne Genomics Technology Facility ",Rhesus monkey,public,"fastq,run.zq,sra","ena,gs,ncbi,s3","ena,gs.us-east1,ncbi.public,s3.us-east-1",postnatal,2019-02-18,2018-12-30T17:01:52Z,2018-11-16,2018-05-25T09:42:45Z,ERX2613180,9 years postnatal,kidney,SAMEA4688414,wild type genotype,University of Heidelberg,2018-12-30T17:01:52Z,2018-05-25T09:42:45Z,public,Illumina HiSeq 2500,6091sTS.Macaque.Kidney.9ypb.Female_s,SINGLE,PolyA,TRANSCRIPTOMIC,kidney,Macaca mulatta,ILLUMINA,2019-02-19T00:00:00Z,2022-07-26T06:04:00Z,2,SAMEA4688414,E-MTAB-6813:6091sTS.Macaque.Kidney.9ypb.Female,Macaca mulatta,female,ERP108988,E-MTAB-6813:6091sTS.Macaque.Kidney.9ypb.Female
ERR2596896,9,RNA-Seq,101,4028419037,PRJEB26956,SAMEA4688415,ArrayExpress,1633547069,"Lausanne Genomics Technology Facility ",Rhesus monkey,public,"fastq,run.zq,sra","ena,gs,ncbi,s3","ena,gs.us-east1,ncbi.public,s3.us-east-1",postnatal,2019-02-18,2018-12-30T17:01:52Z,2018-11-16,2018-05-25T09:42:45Z,ERX2613181,9 years postnatal,liver,SAMEA4688415,wild type genotype,University of Heidelberg,2018-12-30T17:01:52Z,2018-05-25T09:42:45Z,public,Illumina HiSeq 2500,5425sTS.Macaque.Liver.9ypb.Male_s,SINGLE,PolyA,TRANSCRIPTOMIC,liver,Macaca mulatta,ILLUMINA,2019-02-19T00:00:00Z,2022-07-13T12:24:00Z,2,SAMEA4688415,E-MTAB-6813:5425sTS.Macaque.Liver.9ypb.Male,Macaca mulatta,male,ERP108988,E-MTAB-6813:5425sTS.Macaque.Liver.9ypb.Male
ERR2596897,9,RNA-Seq,101,4112807163,PRJEB26956,SAMEA4688416,ArrayExpress,1627496353,"Lausanne Genomics Technology Facility ",Rhesus monkey,public,"fastq,run.zq,sra","ena,gs,ncbi,s3","ena,gs.us-east1,ncbi.public,s3.us-east-1",postnatal,2019-02-18,2018-12-30T17:01:52Z,2018-11-16,2018-05-25T09:42:45Z,ERX2613182,9 years postnatal,liver,SAMEA4688416,wild type genotype,University of Heidelberg,2018-12-30T17:01:52Z,2018-05-25T09:42:45Z,public,Illumina HiSeq 2500,5993sTS.Macaque.Liver.9ypb.Male_s,SINGLE,PolyA,TRANSCRIPTOMIC,liver,Macaca mulatta,ILLUMINA,2019-02-19T00:00:00Z,2022-07-22T01:34:00Z,2,SAMEA4688416,E-MTAB-6813:5993sTS.Macaque.Liver.9ypb.Male,Macaca mulatta,male,ERP108988,E-MTAB-6813:5993sTS.Macaque.Liver.9ypb.Male
ERR2596898,9,RNA-Seq,101,3719403578,PRJEB26956,SAMEA4688417,ArrayExpress,1403373955,"Lausanne Genomics Technology Facility ",Rhesus monkey,public,"fastq,run.zq,sra","ena,gs,ncbi,s3","ena,gs.us-east1,ncbi.public,s3.us-east-1",postnatal,2019-02-18,2018-12-30T17:01:52Z,2018-11-16,2018-05-25T09:42:45Z,ERX2613183,9 years postnatal,liver,SAMEA4688417,wild type genotype,University of Heidelberg,2018-12-30T17:01:52Z,2018-05-25T09:42:45Z,public,Illumina HiSeq 2500,6089sTS.Macaque.Liver.9ypb.Female_s,SINGLE,PolyA,TRANSCRIPTOMIC,liver,Macaca mulatta,ILLUMINA,2019-02-19T00:00:00Z,2021-10-24T06:46:00Z,2,SAMEA4688417,E-MTAB-6813:6089sTS.Macaque.Liver.9ypb.Female,Macaca mulatta,female,ERP108988,E-MTAB-6813:6089sTS.Macaque.Liver.9ypb.Female
ERR2596899,9,RNA-Seq,101,2707883225,PRJEB26956,SAMEA4688418,ArrayExpress,987487929,"Lausanne Genomics Technology Facility ",Rhesus monkey,public,"fastq,run.zq,sra","ena,gs,ncbi,s3","ena,gs.us-east1,ncbi.public,s3.us-east-1",postnatal,2019-02-18,2018-12-30T17:01:52Z,2018-11-16,2018-05-25T09:42:45Z,ERX2613184,9 years postnatal,ovary,SAMEA4688418,wild type genotype,University of Heidelberg,2018-12-30T17:01:52Z,2018-05-25T09:42:45Z,public,Illumina HiSeq 2500,6092sTS.Macaque.Ovary.9ypb.Female_s,SINGLE,PolyA,TRANSCRIPTOMIC,ovary,Macaca mulatta,ILLUMINA,2019-02-19T00:00:00Z,2022-07-19T01:02:00Z,2,SAMEA4688418,E-MTAB-6813:6092sTS.Macaque.Ovary.9ypb.Female,Macaca mulatta,female,ERP108988,E-MTAB-6813:6092sTS.Macaque.Ovary.9ypb.Female
ERR2596900,9,RNA-Seq,101,3037747609,PRJEB26956,SAMEA4688419,ArrayExpress,1153385605,"Lausanne Genomics Technology Facility ",Rhesus monkey,public,"fastq,run.zq,sra","ena,gs,ncbi,s3","ena,gs.us-east1,ncbi.public,s3.us-east-1",postnatal,2019-02-18,2018-12-30T17:01:52Z,2018-11-16,2018-05-25T09:42:45Z,ERX2613185,9 years postnatal,testis,SAMEA4688419,wild type genotype,University of Heidelberg,2018-12-30T17:01:52Z,2018-05-25T09:42:45Z,public,Illumina HiSeq 2500,5373sTS.Macaque.Testis.9ypb.Male_s,SINGLE,PolyA,TRANSCRIPTOMIC,testis,Macaca mulatta,ILLUMINA,2019-02-19T00:00:00Z,2022-07-19T15:38:00Z,2,SAMEA4688419,E-MTAB-6813:5373sTS.Macaque.Testis.9ypb.Male,Macaca mulatta,male,ERP108988,E-MTAB-6813:5373sTS.Macaque.Testis.9ypb.Male
ERR2596901,9,RNA-Seq,101,7093493004,PRJEB26956,SAMEA4688420,ArrayExpress,2639984404,"Lausanne Genomics Technology Facility ",Rhesus monkey,public,"fastq,run.zq,sra","ena,gs,ncbi,s3","ena,gs.us-east1,ncbi.public,s3.us-east-1",postnatal,2019-02-18,2018-12-30T17:01:52Z,2018-11-16,2018-05-25T09:42:45Z,ERX2613186,9 years postnatal,testis,SAMEA4688420,wild type genotype,University of Heidelberg,2018-12-30T17:01:52Z,2018-05-25T09:42:45Z,public,Illumina HiSeq 2500,5414sTS.Macaque.Testis.9ypb.Male_s,SINGLE,PolyA,TRANSCRIPTOMIC,testis,Macaca mulatta,ILLUMINA,2019-02-19T00:00:00Z,2021-10-24T07:01:00Z,2,SAMEA4688420,E-MTAB-6813:5414sTS.Macaque.Testis.9ypb.Male,Macaca mulatta,male,ERP108988,E-MTAB-6813:5414sTS.Macaque.Testis.9ypb.Male
ERR2596902,11,RNA-Seq,101,2417646595,PRJEB26956,SAMEA4688421,ArrayExpress,869359852,"Lausanne Genomics Technology Facility ",Rhesus monkey,public,"fastq,run.zq,sra","ena,gs,ncbi,s3","ena,gs.us-east1,ncbi.public,s3.us-east-1",postnatal,2019-02-18,2018-12-30T17:01:52Z,2018-11-16,2018-05-25T09:42:45Z,ERX2613187,11 years postnatal,ovary,SAMEA4688421,wild type genotype,University of Heidelberg,2018-12-30T17:01:52Z,2018-05-25T09:42:45Z,public,Illumina HiSeq 2500,6094sTS.Macaque.Ovary.11ypb.Female_s,SINGLE,PolyA,TRANSCRIPTOMIC,ovary,Macaca mulatta,ILLUMINA,2019-02-19T00:00:00Z,2022-07-15T05:33:00Z,2,SAMEA4688421,E-MTAB-6813:6094sTS.Macaque.Ovary.11ypb.Female,Macaca mulatta,female,ERP108988,E-MTAB-6813:6094sTS.Macaque.Ovary.11ypb.Female
ERR2596903,24,RNA-Seq,101,4973407862,PRJEB26956,SAMEA4688422,ArrayExpress,1961442258,"Lausanne Genomics Technology Facility ",Rhesus monkey,public,"fastq,run.zq,sra","ena,gs,ncbi,s3","ena,gs.us-east1,ncbi.public,s3.us-east-1",postnatal,2019-02-18,2018-12-30T17:01:52Z,2018-11-16,2018-05-25T09:42:45Z,ERX2613188,postnatal day 24,forebrain,SAMEA4688422,wild type genotype,University of Heidelberg,2018-12-30T17:01:52Z,2018-05-25T09:42:45Z,public,Illumina HiSeq 2500,6108sTS.Macaque.Brain.24dpb.Male_s,SINGLE,PolyA,TRANSCRIPTOMIC,forebrain,Macaca mulatta,ILLUMINA,2019-02-19T00:00:00Z,2022-07-21T16:02:00Z,2,SAMEA4688422,E-MTAB-6813:6108sTS.Macaque.Brain.24dpb.Male,Macaca mulatta,male,ERP108988,E-MTAB-6813:6108sTS.Macaque.Brain.24dpb.Male
ERR2596904,93,RNA-Seq,101,3298896239,PRJEB26956,SAMEA4688423,ArrayExpress,1233337912,"Lausanne Genomics Technology Facility ",Rhesus monkey,public,"fastq,run.zq,sra","ena,gs,ncbi,s3","ena,gs.us-east1,ncbi.public,s3.us-east-1",embryo,2019-02-18,2018-12-30T17:01:52Z,2018-11-16,2018-05-25T09:42:45Z,ERX2613189,embryonic day 93,forebrain,SAMEA4688423,wild type genotype,University of Heidelberg,2018-12-30T17:01:52Z,2018-05-25T09:42:45Z,public,Illumina HiSeq 2500,6031sTS.Macaque.Brain.93.Female_s,SINGLE,PolyA,TRANSCRIPTOMIC,forebrain,Macaca mulatta,ILLUMINA,2019-02-19T00:00:00Z,2022-07-26T06:03:00Z,2,SAMEA4688423,E-MTAB-6813:6031sTS.Macaque.Brain.93.Female,Macaca mulatta,female,ERP108988,E-MTAB-6813:6031sTS.Macaque.Brain.93.Female
ERR2596905,93,RNA-Seq,101,5254618526,PRJEB26956,SAMEA4688424,ArrayExpress,1950243685,"Lausanne Genomics Technology Facility ",Rhesus monkey,public,"fastq,run.zq,sra","ena,gs,ncbi,s3","ena,gs.us-east1,ncbi.public,s3.us-east-1",embryo,2019-02-18,2018-12-30T17:01:52Z,2018-11-16,2018-05-25T09:42:45Z,ERX2613190,embryonic day 93,forebrain,SAMEA4688424,wild type genotype,University of Heidelberg,2018-12-30T17:01:52Z,2018-05-25T09:42:45Z,public,Illumina HiSeq 2500,6036sTS.Macaque.Brain.93.Female_s,SINGLE,PolyA,TRANSCRIPTOMIC,forebrain,Macaca mulatta,ILLUMINA,2019-02-19T00:00:00Z,2022-07-17T08:08:00Z,2,SAMEA4688424,E-MTAB-6813:6036sTS.Macaque.Brain.93.Female,Macaca mulatta,female,ERP108988,E-MTAB-6813:6036sTS.Macaque.Brain.93.Female
ERR2596906,93,RNA-Seq,101,3704801503,PRJEB26956,SAMEA4688425,ArrayExpress,1368912990,"Lausanne Genomics Technology Facility ",Rhesus monkey,public,"fastq,run.zq,sra","ena,gs,ncbi,s3","ena,gs.us-east1,ncbi.public,s3.us-east-1",embryo,2019-02-18,2018-12-30T17:01:52Z,2018-11-16,2018-05-25T09:42:45Z,ERX2613191,embryonic day 93,heart,SAMEA4688425,wild type genotype,University of Heidelberg,2018-12-30T17:01:52Z,2018-05-25T09:42:45Z,public,Illumina HiSeq 2500,6034sTS.Macaque.Heart.93.Female_s,SINGLE,PolyA,TRANSCRIPTOMIC,heart,Macaca mulatta,ILLUMINA,2019-02-19T00:00:00Z,2021-10-24T06:51:00Z,2,SAMEA4688425,E-MTAB-6813:6034sTS.Macaque.Heart.93.Female,Macaca mulatta,female,ERP108988,E-MTAB-6813:6034sTS.Macaque.Heart.93.Female
ERR2596907,93,RNA-Seq,101,3071213858,PRJEB26956,SAMEA4688426,ArrayExpress,1142860122,"Lausanne Genomics Technology Facility ",Rhesus monkey,public,"fastq,run.zq,sra","ena,gs,ncbi,s3","ena,gs.us-east1,ncbi.public,s3.us-east-1",embryo,2019-02-18,2018-12-30T17:01:52Z,2018-11-16,2018-05-25T09:42:45Z,ERX2613192,embryonic day 93,kidney,SAMEA4688426,wild type genotype,University of Heidelberg,2018-12-30T17:01:52Z,2018-05-25T09:42:45Z,public,Illumina HiSeq 2500,6030sTS.Macaque.Kidney.93.Female_s,SINGLE,PolyA,TRANSCRIPTOMIC,kidney,Macaca mulatta,ILLUMINA,2019-02-19T00:00:00Z,2022-07-26T06:01:00Z,2,SAMEA4688426,E-MTAB-6813:6030sTS.Macaque.Kidney.93.Female,Macaca mulatta,female,ERP108988,E-MTAB-6813:6030sTS.Macaque.Kidney.93.Female
ERR2596908,93,RNA-Seq,101,3989969549,PRJEB26956,SAMEA4688427,ArrayExpress,1465919395,"Lausanne Genomics Technology Facility ",Rhesus monkey,public,"fastq,run.zq,sra","ena,gs,ncbi,s3","ena,gs.us-east1,ncbi.public,s3.us-east-1",embryo,2019-02-18,2018-12-30T17:01:52Z,2018-11-16,2018-05-25T09:42:45Z,ERX2613193,embryonic day 93,kidney,SAMEA4688427,wild type genotype,University of Heidelberg,2018-12-30T17:01:52Z,2018-05-25T09:42:45Z,public,Illumina HiSeq 2500,6033sTS.Macaque.Kidney.93.Female_s,SINGLE,PolyA,TRANSCRIPTOMIC,kidney,Macaca mulatta,ILLUMINA,2019-02-19T00:00:00Z,2021-10-24T07:00:00Z,2,SAMEA4688427,E-MTAB-6813:6033sTS.Macaque.Kidney.93.Female,Macaca mulatta,female,ERP108988,E-MTAB-6813:6033sTS.Macaque.Kidney.93.Female
ERR2596909,93,RNA-Seq,101,2798627281,PRJEB26956,SAMEA4688428,ArrayExpress,1036053846,"Lausanne Genomics Technology Facility ",Rhesus monkey,public,"fastq,run.zq,sra","ena,gs,ncbi,s3","ena,gs.us-east1,ncbi.public,s3.us-east-1",embryo,2019-02-18,2018-12-30T17:01:52Z,2018-11-16,2018-05-25T09:42:45Z,ERX2613194,embryonic day 93,liver,SAMEA4688428,wild type genotype,University of Heidelberg,2018-12-30T17:01:52Z,2018-05-25T09:42:45Z,public,Illumina HiSeq 2500,6029sTS.Macaque.Liver.93.Female_s,SINGLE,PolyA,TRANSCRIPTOMIC,liver,Macaca mulatta,ILLUMINA,2019-02-19T00:00:00Z,2021-10-24T06:35:00Z,2,SAMEA4688428,E-MTAB-6813:6029sTS.Macaque.Liver.93.Female,Macaca mulatta,female,ERP108988,E-MTAB-6813:6029sTS.Macaque.Liver.93.Female
ERR2596910,93,RNA-Seq,101,4665991031,PRJEB26956,SAMEA4688429,ArrayExpress,1734746311,"Lausanne Genomics Technology Facility ",Rhesus monkey,public,"fastq,run.zq,sra","ena,gs,ncbi,s3","ena,gs.us-east1,ncbi.public,s3.us-east-1",embryo,2019-02-18,2018-12-30T17:01:52Z,2018-11-16,2018-05-25T09:42:45Z,ERX2613195,embryonic day 93,liver,SAMEA4688429,wild type genotype,University of Heidelberg,2018-12-30T17:01:52Z,2018-05-25T09:42:45Z,public,Illumina HiSeq 2500,6032sTS.Macaque.Liver.93.Female_s,SINGLE,PolyA,TRANSCRIPTOMIC,liver,Macaca mulatta,ILLUMINA,2019-02-19T00:00:00Z,2022-07-15T06:48:00Z,2,SAMEA4688429,E-MTAB-6813:6032sTS.Macaque.Liver.93.Female,Macaca mulatta,female,ERP108988,E-MTAB-6813:6032sTS.Macaque.Liver.93.Female
ERR2596911,93,RNA-Seq,101,5010215999,PRJEB26956,SAMEA4688430,ArrayExpress,1840080695,"Lausanne Genomics Technology Facility ",Rhesus monkey,public,"fastq,run.zq,sra","ena,gs,ncbi,s3","ena,gs.us-east1,ncbi.public,s3.us-east-1",embryo,2019-02-18,2018-12-30T17:01:52Z,2018-11-16,2018-05-25T09:42:45Z,ERX2613196,embryonic day 93,ovary,SAMEA4688430,wild type genotype,University of Heidelberg,2018-12-30T17:01:52Z,2018-05-25T09:42:45Z,public,Illumina HiSeq 2500,6035sTS.Macaque.Ovary.93.Female_s,SINGLE,PolyA,TRANSCRIPTOMIC,ovary,Macaca mulatta,ILLUMINA,2019-02-19T00:00:00Z,2022-07-17T10:08:00Z,2,SAMEA4688430,E-MTAB-6813:6035sTS.Macaque.Ovary.93.Female,Macaca mulatta,female,ERP108988,E-MTAB-6813:6035sTS.Macaque.Ovary.93.Female
ERR2596912,109,RNA-Seq,101,6376924062,PRJEB26956,SAMEA4688431,ArrayExpress,2679275706,"Lausanne Genomics Technology Facility ",Rhesus monkey,public,"fastq,run.zq,sra","ena,gs,ncbi,s3","ena,gs.us-east1,ncbi.public,s3.us-east-1",embryo,2019-02-18,2018-12-30T17:01:52Z,2018-11-16,2018-05-25T09:42:45Z,ERX2613197,embryonic day 109,forebrain,SAMEA4688431,wild type genotype,University of Heidelberg,2018-12-30T17:01:52Z,2018-05-25T09:42:45Z,public,Illumina HiSeq 2500,5478sTS.Macaque.Brain.109.Male_s,SINGLE,PolyA,TRANSCRIPTOMIC,forebrain,Macaca mulatta,ILLUMINA,2019-02-19T00:00:00Z,2022-07-26T06:11:00Z,2,SAMEA4688431,E-MTAB-6813:5478sTS.Macaque.Brain.109.Male,Macaca mulatta,male,ERP108988,E-MTAB-6813:5478sTS.Macaque.Brain.109.Male
ERR2596913,109,RNA-Seq,101,5166876998,PRJEB26956,SAMEA4688432,ArrayExpress,1885957218,"Lausanne Genomics Technology Facility ",Rhesus monkey,public,"fastq,run.zq,sra","ena,gs,ncbi,s3","ena,gs.us-east1,ncbi.public,s3.us-east-1",embryo,2019-02-18,2018-12-30T17:01:52Z,2018-11-16,2018-05-25T09:42:45Z,ERX2613198,embryonic day 109,heart,SAMEA4688432,wild type genotype,University of Heidelberg,2018-12-30T17:01:52Z,2018-05-25T09:42:45Z,public,Illumina HiSeq 2500,5424sTS.Macaque.Heart.109.Male_s,SINGLE,PolyA,TRANSCRIPTOMIC,heart,Macaca mulatta,ILLUMINA,2019-02-19T00:00:00Z,2022-07-18T06:46:00Z,2,SAMEA4688432,E-MTAB-6813:5424sTS.Macaque.Heart.109.Male,Macaca mulatta,male,ERP108988,E-MTAB-6813:5424sTS.Macaque.Heart.109.Male
ERR2596914,109,RNA-Seq,101,6400196078,PRJEB26956,SAMEA4688433,ArrayExpress,2586552660,"Lausanne Genomics Technology Facility ",Rhesus monkey,public,"fastq,run.zq,sra","ena,gs,ncbi,s3","ena,gs.us-east1,ncbi.public,s3.us-east-1",embryo,2019-02-18,2018-12-30T17:01:52Z,2018-11-16,2018-05-25T09:42:45Z,ERX2613199,embryonic day 109,heart,SAMEA4688433,wild type genotype,University of Heidelberg,2018-12-30T17:01:52Z,2018-05-25T09:42:45Z,public,Illumina HiSeq 2500,5429sTS.Macaque.Heart.109.Male_s,SINGLE,PolyA,TRANSCRIPTOMIC,heart,Macaca mulatta,ILLUMINA,2019-02-19T00:00:00Z,2022-07-18T06:47:00Z,2,SAMEA4688433,E-MTAB-6813:5429sTS.Macaque.Heart.109.Male,Macaca mulatta,male,ERP108988,E-MTAB-6813:5429sTS.Macaque.Heart.109.Male
ERR2596915,109,RNA-Seq,101,2378092470,PRJEB26956,SAMEA4688434,ArrayExpress,909966841,"Lausanne Genomics Technology Facility ",Rhesus monkey,public,"fastq,run.zq,sra","ena,gs,ncbi,s3","ena,gs.us-east1,ncbi.public,s3.us-east-1",embryo,2019-02-18,2018-12-30T17:01:52Z,2018-11-16,2018-05-25T09:42:46Z,ERX2613200,embryonic day 109,kidney,SAMEA4688434,wild type genotype,University of Heidelberg,2018-12-30T17:01:52Z,2018-05-25T09:42:46Z,public,Illumina HiSeq 2500,5386sTS.Macaque.Kidney.109.Male_s,SINGLE,PolyA,TRANSCRIPTOMIC,kidney,Macaca mulatta,ILLUMINA,2019-02-19T00:00:00Z,2022-07-26T06:00:00Z,2,SAMEA4688434,E-MTAB-6813:5386sTS.Macaque.Kidney.109.Male,Macaca mulatta,male,ERP108988,E-MTAB-6813:5386sTS.Macaque.Kidney.109.Male
ERR2596916,109,RNA-Seq,101,2380898351,PRJEB26956,SAMEA4688435,ArrayExpress,892464778,"Lausanne Genomics Technology Facility ",Rhesus monkey,public,"fastq,run.zq,sra","ena,gs,ncbi,s3","ena,gs.us-east1,ncbi.public,s3.us-east-1",embryo,2019-02-18,2018-12-30T17:01:52Z,2018-11-16,2018-05-25T09:42:46Z,ERX2613201,embryonic day 109,kidney,SAMEA4688435,wild type genotype,University of Heidelberg,2018-12-30T17:01:52Z,2018-05-25T09:42:46Z,public,Illumina HiSeq 2500,5439sTS.Macaque.Kidney.109.Male_s,SINGLE,PolyA,TRANSCRIPTOMIC,kidney,Macaca mulatta,ILLUMINA,2019-02-19T00:00:00Z,2022-07-15T21:44:00Z,2,SAMEA4688435,E-MTAB-6813:5439sTS.Macaque.Kidney.109.Male,Macaca mulatta,male,ERP108988,E-MTAB-6813:5439sTS.Macaque.Kidney.109.Male
ERR2596917,109,RNA-Seq,101,3783574231,PRJEB26956,SAMEA4688436,ArrayExpress,1437505567,"Lausanne Genomics Technology Facility ",Rhesus monkey,public,"fastq,run.zq,sra","ena,gs,ncbi,s3","ena,gs.us-east1,ncbi.public,s3.us-east-1",embryo,2019-02-18,2018-12-30T17:01:52Z,2018-11-16,2018-05-25T09:42:46Z,ERX2613202,embryonic day 109,liver,SAMEA4688436,wild type genotype,University of Heidelberg,2018-12-30T17:01:52Z,2018-05-25T09:42:46Z,public,Illumina HiSeq 2500,5370sTS.Macaque.Liver.109.Male_s,SINGLE,PolyA,TRANSCRIPTOMIC,liver,Macaca mulatta,ILLUMINA,2019-02-19T00:00:00Z,2021-10-24T06:41:00Z,2,SAMEA4688436,E-MTAB-6813:5370sTS.Macaque.Liver.109.Male,Macaca mulatta,male,ERP108988,E-MTAB-6813:5370sTS.Macaque.Liver.109.Male
ERR2596918,109,RNA-Seq,101,2210980698,PRJEB26956,SAMEA4688437,ArrayExpress,820079493,"Lausanne Genomics Technology Facility ",Rhesus monkey,public,"fastq,run.zq,sra","ena,gs,ncbi,s3","ena,gs.us-east1,ncbi.public,s3.us-east-1",embryo,2019-02-18,2018-12-30T17:01:52Z,2018-11-16,2018-05-25T09:42:46Z,ERX2613203,embryonic day 109,liver,SAMEA4688437,wild type genotype,University of Heidelberg,2018-12-30T17:01:52Z,2018-05-25T09:42:46Z,public,Illumina HiSeq 2500,5495sTS.Macaque.Liver.109.Male_s,SINGLE,PolyA,TRANSCRIPTOMIC,liver,Macaca mulatta,ILLUMINA,2019-02-19T00:00:00Z,2022-07-26T06:00:00Z,2,SAMEA4688437,E-MTAB-6813:5495sTS.Macaque.Liver.109.Male,Macaca mulatta,male,ERP108988,E-MTAB-6813:5495sTS.Macaque.Liver.109.Male
ERR2596919,109,RNA-Seq,101,5536737988,PRJEB26956,SAMEA4688438,ArrayExpress,2046945519,"Lausanne Genomics Technology Facility ",Rhesus monkey,public,"fastq,run.zq,sra","ena,gs,ncbi,s3","ena,gs.us-east1,ncbi.public,s3.us-east-1",embryo,2019-02-18,2018-12-30T17:01:52Z,2018-11-16,2018-05-25T09:42:46Z,ERX2613204,embryonic day 109,testis,SAMEA4688438,wild type genotype,University of Heidelberg,2018-12-30T17:01:52Z,2018-05-25T09:42:46Z,public,Illumina HiSeq 2500,5462sTS.Macaque.Testis.109.Male_s,SINGLE,PolyA,TRANSCRIPTOMIC,testis,Macaca mulatta,ILLUMINA,2019-02-19T00:00:00Z,2021-10-24T07:01:00Z,2,SAMEA4688438,E-MTAB-6813:5462sTS.Macaque.Testis.109.Male,Macaca mulatta,male,ERP108988,E-MTAB-6813:5462sTS.Macaque.Testis.109.Male
ERR2596920,109,RNA-Seq,101,5323222372,PRJEB26956,SAMEA4688439,ArrayExpress,1960197555,"Lausanne Genomics Technology Facility ",Rhesus monkey,public,"fastq,run.zq,sra","ena,gs,ncbi,s3","ena,gs.us-east1,ncbi.public,s3.us-east-1",embryo,2019-02-18,2018-12-30T17:01:52Z,2018-11-16,2018-05-25T09:42:46Z,ERX2613205,embryonic day 109,testis,SAMEA4688439,wild type genotype,University of Heidelberg,2018-12-30T17:01:52Z,2018-05-25T09:42:46Z,public,Illumina HiSeq 2500,5464sTS.Macaque.Testis.109.Male_s,SINGLE,PolyA,TRANSCRIPTOMIC,testis,Macaca mulatta,ILLUMINA,2019-02-19T00:00:00Z,2022-07-26T06:06:00Z,2,SAMEA4688439,E-MTAB-6813:5464sTS.Macaque.Testis.109.Male,Macaca mulatta,male,ERP108988,E-MTAB-6813:5464sTS.Macaque.Testis.109.Male
ERR2596921,112,RNA-Seq,101,4621430639,PRJEB26956,SAMEA4688440,ArrayExpress,1802529320,"Lausanne Genomics Technology Facility ",Rhesus monkey,public,"fastq,run.zq,sra","ena,gs,ncbi,s3","ena,gs.us-east1,ncbi.public,s3.us-east-1",embryo,2019-02-18,2018-12-30T17:01:52Z,2018-11-16,2018-05-25T09:42:46Z,ERX2613206,embryonic day mbryonic day 112,forebrain,SAMEA4688440,wild type genotype,University of Heidelberg,2018-12-30T17:01:52Z,2018-05-25T09:42:46Z,public,Illumina HiSeq 2500,6113sTS.Macaque.Brain.112.Male_s,SINGLE,PolyA,TRANSCRIPTOMIC,forebrain,Macaca mulatta,ILLUMINA,2019-02-19T00:00:00Z,2022-07-26T06:05:00Z,2,SAMEA4688440,E-MTAB-6813:6113sTS.Macaque.Brain.112.Male,Macaca mulatta,male,ERP108988,E-MTAB-6813:6113sTS.Macaque.Brain.112.Male
ERR2596922,112,RNA-Seq,101,3883132254,PRJEB26956,SAMEA4688441,ArrayExpress,1439296333,"Lausanne Genomics Technology Facility ",Rhesus monkey,public,"fastq,run.zq,sra","ena,gs,ncbi,s3","ena,gs.us-east1,ncbi.public,s3.us-east-1",embryo,2019-02-18,2018-12-30T17:01:52Z,2018-11-16,2018-05-25T09:42:46Z,ERX2613207,embryonic day 112,heart,SAMEA4688441,wild type genotype,University of Heidelberg,2018-12-30T17:01:52Z,2018-05-25T09:42:46Z,public,Illumina HiSeq 2500,6037sTS.Macaque.Heart.112.Male_s,SINGLE,PolyA,TRANSCRIPTOMIC,heart,Macaca mulatta,ILLUMINA,2019-02-19T00:00:00Z,2022-07-19T01:08:00Z,2,SAMEA4688441,E-MTAB-6813:6037sTS.Macaque.Heart.112.Male,Macaca mulatta,male,ERP108988,E-MTAB-6813:6037sTS.Macaque.Heart.112.Male
ERR2596923,112,RNA-Seq,101,3679036706,PRJEB26956,SAMEA4688442,ArrayExpress,1385786803,"Lausanne Genomics Technology Facility ",Rhesus monkey,public,"fastq,run.zq,sra","ena,gs,ncbi,s3","ena,gs.us-east1,ncbi.public,s3.us-east-1",embryo,2019-02-18,2018-12-30T17:01:52Z,2018-11-16,2018-05-25T09:42:46Z,ERX2613208,embryonic day 112,kidney,SAMEA4688442,wild type genotype,University of Heidelberg,2018-12-30T17:01:52Z,2018-05-25T09:42:46Z,public,Illumina HiSeq 2500,6038sTS.Macaque.Kidney.112.Male_s,SINGLE,PolyA,TRANSCRIPTOMIC,kidney,Macaca mulatta,ILLUMINA,2019-02-19T00:00:00Z,2021-10-24T06:42:00Z,2,SAMEA4688442,E-MTAB-6813:6038sTS.Macaque.Kidney.112.Male,Macaca mulatta,male,ERP108988,E-MTAB-6813:6038sTS.Macaque.Kidney.112.Male
ERR2596924,112,RNA-Seq,101,3738081609,PRJEB26956,SAMEA4688443,ArrayExpress,1381023816,"Lausanne Genomics Technology Facility ",Rhesus monkey,public,"fastq,run.zq,sra","ena,gs,ncbi,s3","ena,gs.us-east1,ncbi.public,s3.us-east-1",embryo,2019-02-18,2018-12-30T17:01:52Z,2018-11-16,2018-05-25T09:42:46Z,ERX2613209,embryonic day 112,liver,SAMEA4688443,wild type genotype,University of Heidelberg,2018-12-30T17:01:52Z,2018-05-25T09:42:46Z,public,Illumina HiSeq 2500,6039sTS.Macaque.Liver.112.Male_s,SINGLE,PolyA,TRANSCRIPTOMIC,liver,Macaca mulatta,ILLUMINA,2019-02-19T00:00:00Z,2022-07-26T06:03:00Z,2,SAMEA4688443,E-MTAB-6813:6039sTS.Macaque.Liver.112.Male,Macaca mulatta,male,ERP108988,E-MTAB-6813:6039sTS.Macaque.Liver.112.Male
ERR2596925,112,RNA-Seq,101,4401448801,PRJEB26956,SAMEA4688444,ArrayExpress,1640531196,"Lausanne Genomics Technology Facility ",Rhesus monkey,public,"fastq,run.zq,sra","ena,gs,ncbi,s3","ena,gs.us-east1,ncbi.public,s3.us-east-1",embryo,2019-02-18,2018-12-30T17:01:52Z,2018-11-16,2018-05-25T09:42:46Z,ERX2613210,embryonic day 112,testis,SAMEA4688444,wild type genotype,University of Heidelberg,2018-12-30T17:01:52Z,2018-05-25T09:42:46Z,public,Illumina HiSeq 2500,6040sTS.Macaque.Testis.112.Male_s,SINGLE,PolyA,TRANSCRIPTOMIC,testis,Macaca mulatta,ILLUMINA,2019-02-19T00:00:00Z,2021-10-24T06:51:00Z,2,SAMEA4688444,E-MTAB-6813:6040sTS.Macaque.Testis.112.Male,Macaca mulatta,male,ERP108988,E-MTAB-6813:6040sTS.Macaque.Testis.112.Male
ERR2596926,123,RNA-Seq,101,3359753688,PRJEB26956,SAMEA4688445,ArrayExpress,1219527184,"Lausanne Genomics Technology Facility ",Rhesus monkey,public,"fastq,run.zq,sra","ena,gs,ncbi,s3","ena,gs.us-east1,ncbi.public,s3.us-east-1",embryo,2019-02-18,2018-12-30T17:01:52Z,2018-11-16,2018-05-25T09:42:46Z,ERX2613211,embryonic day 123,forebrain,SAMEA4688445,wild type genotype,University of Heidelberg,2018-12-30T17:01:52Z,2018-05-25T09:42:46Z,public,Illumina HiSeq 2500,5417sTS.Macaque.Brain.123.Male_s,SINGLE,PolyA,TRANSCRIPTOMIC,forebrain,Macaca mulatta,ILLUMINA,2019-02-19T00:00:00Z,2022-07-26T06:03:00Z,2,SAMEA4688445,E-MTAB-6813:5417sTS.Macaque.Brain.123.Male,Macaca mulatta,male,ERP108988,E-MTAB-6813:5417sTS.Macaque.Brain.123.Male
ERR2596927,123,RNA-Seq,101,3414762328,PRJEB26956,SAMEA4688446,ArrayExpress,1254790300,"Lausanne Genomics Technology Facility ",Rhesus monkey,public,"fastq,run.zq,sra","ena,gs,ncbi,s3","ena,gs.us-east1,ncbi.public,s3.us-east-1",embryo,2019-02-18,2018-12-30T17:01:52Z,2018-11-16,2018-05-25T09:42:46Z,ERX2613212,embryonic day 123,forebrain,SAMEA4688446,wild type genotype,University of Heidelberg,2018-12-30T17:01:52Z,2018-05-25T09:42:46Z,public,Illumina HiSeq 2500,5452sTS.Macaque.Brain.123.Male_s,SINGLE,PolyA,TRANSCRIPTOMIC,forebrain,Macaca mulatta,ILLUMINA,2019-02-19T00:00:00Z,2022-07-26T06:02:00Z,2,SAMEA4688446,E-MTAB-6813:5452sTS.Macaque.Brain.123.Male,Macaca mulatta,male,ERP108988,E-MTAB-6813:5452sTS.Macaque.Brain.123.Male
ERR2596928,123,RNA-Seq,101,4065301005,PRJEB26956,SAMEA4688447,ArrayExpress,1589142623,"Lausanne Genomics Technology Facility ",Rhesus monkey,public,"fastq,run.zq,sra","ena,gs,ncbi,s3","ena,gs.us-east1,ncbi.public,s3.us-east-1",embryo,2019-02-18,2018-12-30T17:01:52Z,2018-11-16,2018-05-25T09:42:46Z,ERX2613213,embryonic day 123,forebrain,SAMEA4688447,wild type genotype,University of Heidelberg,2018-12-30T17:01:52Z,2018-05-25T09:42:46Z,public,Illumina HiSeq 2500,6112sTS.Macaque.Brain.123.Male_s,SINGLE,PolyA,TRANSCRIPTOMIC,forebrain,Macaca mulatta,ILLUMINA,2019-02-19T00:00:00Z,2022-07-17T10:10:00Z,2,SAMEA4688447,E-MTAB-6813:6112sTS.Macaque.Brain.123.Male,Macaca mulatta,male,ERP108988,E-MTAB-6813:6112sTS.Macaque.Brain.123.Male
ERR2596929,123,RNA-Seq,101,6121605960,PRJEB26956,SAMEA4688448,ArrayExpress,2335584096,"Lausanne Genomics Technology Facility ",Rhesus monkey,public,"fastq,run.zq,sra","ena,gs,ncbi,s3","ena,gs.us-east1,ncbi.public,s3.us-east-1",embryo,2019-02-18,2018-12-30T17:01:52Z,2018-11-16,2018-05-25T09:42:46Z,ERX2613214,embryonic day 123,heart,SAMEA4688448,wild type genotype,University of Heidelberg,2018-12-30T17:01:52Z,2018-05-25T09:42:46Z,public,Illumina HiSeq 2500,5387sTS.Macaque.Heart.123.Male_s,SINGLE,PolyA,TRANSCRIPTOMIC,heart,Macaca mulatta,ILLUMINA,2019-02-19T00:00:00Z,2022-07-22T07:42:00Z,2,SAMEA4688448,E-MTAB-6813:5387sTS.Macaque.Heart.123.Male,Macaca mulatta,male,ERP108988,E-MTAB-6813:5387sTS.Macaque.Heart.123.Male
ERR2596930,123,RNA-Seq,101,2848694092,PRJEB26956,SAMEA4688449,ArrayExpress,1072467997,"Lausanne Genomics Technology Facility ",Rhesus monkey,public,"fastq,run.zq,sra","ena,gs,ncbi,s3","ena,gs.us-east1,ncbi.public,s3.us-east-1",embryo,2019-02-18,2018-12-30T17:01:52Z,2018-11-16,2018-05-25T09:42:46Z,ERX2613215,embryonic day 123,heart,SAMEA4688449,wild type genotype,University of Heidelberg,2018-12-30T17:01:52Z,2018-05-25T09:42:46Z,public,Illumina HiSeq 2500,5411sTS.Macaque.Heart.123.Male_s,SINGLE,PolyA,TRANSCRIPTOMIC,heart,Macaca mulatta,ILLUMINA,2019-02-19T00:00:00Z,2022-07-13T12:18:00Z,2,SAMEA4688449,E-MTAB-6813:5411sTS.Macaque.Heart.123.Male,Macaca mulatta,male,ERP108988,E-MTAB-6813:5411sTS.Macaque.Heart.123.Male
ERR2596931,123,RNA-Seq,101,2724400563,PRJEB26956,SAMEA4688450,ArrayExpress,1110670538,"Lausanne Genomics Technology Facility ",Rhesus monkey,public,"fastq,run.zq,sra","ena,gs,ncbi,s3","ena,gs.us-east1,ncbi.public,s3.us-east-1",embryo,2019-02-18,2018-12-30T17:01:52Z,2018-11-16,2018-05-25T09:42:46Z,ERX2613216,embryonic day 123,hindbrain,SAMEA4688450,wild type genotype,University of Heidelberg,2018-12-30T17:01:52Z,2018-05-25T09:42:46Z,public,Illumina HiSeq 2500,5427sTS.Macaque.Cerebellum.123.Male_s,SINGLE,PolyA,TRANSCRIPTOMIC,hindbrain,Macaca mulatta,ILLUMINA,2019-02-19T00:00:00Z,2021-10-24T06:44:00Z,2,SAMEA4688450,E-MTAB-6813:5427sTS.Macaque.Cerebellum.123.Male,Macaca mulatta,male,ERP108988,E-MTAB-6813:5427sTS.Macaque.Cerebellum.123.Male
ERR2596932,123,RNA-Seq,101,3153264642,PRJEB26956,SAMEA4688451,ArrayExpress,1187457729,"Lausanne Genomics Technology Facility ",Rhesus monkey,public,"fastq,run.zq,sra","ena,gs,ncbi,s3","ena,gs.us-east1,ncbi.public,s3.us-east-1",embryo,2019-02-18,2018-12-30T17:01:52Z,2018-11-16,2018-05-25T09:42:46Z,ERX2613217,embryonic day 123,kidney,SAMEA4688451,wild type genotype,University of Heidelberg,2018-12-30T17:01:52Z,2018-05-25T09:42:46Z,public,Illumina HiSeq 2500,5363sTS.Macaque.Kidney.123.Male_s,SINGLE,PolyA,TRANSCRIPTOMIC,kidney,Macaca mulatta,ILLUMINA,2019-02-19T00:00:00Z,2021-10-24T06:45:00Z,2,SAMEA4688451,E-MTAB-6813:5363sTS.Macaque.Kidney.123.Male,Macaca mulatta,male,ERP108988,E-MTAB-6813:5363sTS.Macaque.Kidney.123.Male
ERR2596933,123,RNA-Seq,101,3711271361,PRJEB26956,SAMEA4688452,ArrayExpress,1387045664,"Lausanne Genomics Technology Facility ",Rhesus monkey,public,"fastq,run.zq,sra","ena,gs,ncbi,s3","ena,gs.us-east1,ncbi.public,s3.us-east-1",embryo,2019-02-18,2018-12-30T17:01:52Z,2018-11-16,2018-05-25T09:42:46Z,ERX2613218,embryonic day 123,kidney,SAMEA4688452,wild type genotype,University of Heidelberg,2018-12-30T17:01:52Z,2018-05-25T09:42:46Z,public,Illumina HiSeq 2500,5365sTS.Macaque.Kidney.123.Male_s,SINGLE,PolyA,TRANSCRIPTOMIC,kidney,Macaca mulatta,ILLUMINA,2019-02-19T00:00:00Z,2022-07-14T18:34:00Z,2,SAMEA4688452,E-MTAB-6813:5365sTS.Macaque.Kidney.123.Male,Macaca mulatta,male,ERP108988,E-MTAB-6813:5365sTS.Macaque.Kidney.123.Male
ERR2596934,123,RNA-Seq,101,6267748819,PRJEB26956,SAMEA4688453,ArrayExpress,2589357613,"Lausanne Genomics Technology Facility ",Rhesus monkey,public,"fastq,run.zq,sra","ena,gs,ncbi,s3","ena,gs.us-east1,ncbi.public,s3.us-east-1",embryo,2019-02-18,2018-12-30T17:01:52Z,2018-11-16,2018-05-25T09:42:46Z,ERX2613219,embryonic day 123,liver,SAMEA4688453,wild type genotype,University of Heidelberg,2018-12-30T17:01:52Z,2018-05-25T09:42:46Z,public,Illumina HiSeq 2500,5406sTS.Macaque.Liver.123.Male_s,SINGLE,PolyA,TRANSCRIPTOMIC,liver,Macaca mulatta,ILLUMINA,2019-02-19T00:00:00Z,2022-07-17T10:12:00Z,2,SAMEA4688453,E-MTAB-6813:5406sTS.Macaque.Liver.123.Male,Macaca mulatta,male,ERP108988,E-MTAB-6813:5406sTS.Macaque.Liver.123.Male
ERR2596935,123,RNA-Seq,101,4775428369,PRJEB26956,SAMEA4688454,ArrayExpress,1765489625,"Lausanne Genomics Technology Facility ",Rhesus monkey,public,"fastq,run.zq,sra","ena,gs,ncbi,s3","ena,gs.us-east1,ncbi.public,s3.us-east-1",embryo,2019-02-18,2018-12-30T17:01:52Z,2018-11-16,2018-05-25T09:42:46Z,ERX2613220,embryonic day 123,liver,SAMEA4688454,wild type genotype,University of Heidelberg,2018-12-30T17:01:52Z,2018-05-25T09:42:46Z,public,Illumina HiSeq 2500,5493sTS.Macaque.Liver.123.Male_s,SINGLE,PolyA,TRANSCRIPTOMIC,liver,Macaca mulatta,ILLUMINA,2019-02-19T00:00:00Z,2022-07-26T06:06:00Z,2,SAMEA4688454,E-MTAB-6813:5493sTS.Macaque.Liver.123.Male,Macaca mulatta,male,ERP108988,E-MTAB-6813:5493sTS.Macaque.Liver.123.Male
ERR2596936,123,RNA-Seq,101,3000455783,PRJEB26956,SAMEA4688455,ArrayExpress,1115257729,"Lausanne Genomics Technology Facility ",Rhesus monkey,public,"fastq,run.zq,sra","ena,gs,ncbi,s3","ena,gs.us-east1,ncbi.public,s3.us-east-1",embryo,2019-02-18,2018-12-30T17:01:52Z,2018-11-16,2018-05-25T09:42:46Z,ERX2613221,embryonic day 123,testis,SAMEA4688455,wild type genotype,University of Heidelberg,2018-12-30T17:01:52Z,2018-05-25T09:42:46Z,public,Illumina HiSeq 2500,5460sTS.Macaque.Testis.123.Male_s,SINGLE,PolyA,TRANSCRIPTOMIC,testis,Macaca mulatta,ILLUMINA,2019-02-19T00:00:00Z,2022-07-14T16:35:00Z,2,SAMEA4688455,E-MTAB-6813:5460sTS.Macaque.Testis.123.Male,Macaca mulatta,male,ERP108988,E-MTAB-6813:5460sTS.Macaque.Testis.123.Male
ERR2596937,123,RNA-Seq,101,3071165681,PRJEB26956,SAMEA4688456,ArrayExpress,1303488806,"Lausanne Genomics Technology Facility ",Rhesus monkey,public,"fastq,run.zq,sra","ena,gs,ncbi,s3","ena,gs.us-east1,ncbi.public,s3.us-east-1",embryo,2019-02-18,2018-12-30T17:01:52Z,2018-11-16,2018-05-25T09:42:46Z,ERX2613222,embryonic day 123,testis,SAMEA4688456,wild type genotype,University of Heidelberg,2018-12-30T17:01:52Z,2018-05-25T09:42:46Z,public,Illumina HiSeq 2500,5475sTS.Macaque.Testis.123.Male_s,SINGLE,PolyA,TRANSCRIPTOMIC,testis,Macaca mulatta,ILLUMINA,2019-02-19T00:00:00Z,2022-07-18T16:22:00Z,2,SAMEA4688456,E-MTAB-6813:5475sTS.Macaque.Testis.123.Male,Macaca mulatta,male,ERP108988,E-MTAB-6813:5475sTS.Macaque.Testis.123.Male
ERR2596938,130,RNA-Seq,101,6638344786,PRJEB26956,SAMEA4688457,ArrayExpress,2554251962,"Lausanne Genomics Technology Facility ",Rhesus monkey,public,"fastq,run.zq,sra","ena,gs,ncbi,s3","ena,gs.us-east1,ncbi.public,s3.us-east-1",embryo,2019-02-18,2018-12-30T17:01:52Z,2018-11-16,2018-05-25T09:42:46Z,ERX2613223,embryonic day 130,forebrain,SAMEA4688457,wild type genotype,University of Heidelberg,2018-12-30T17:01:52Z,2018-05-25T09:42:46Z,public,Illumina HiSeq 2500,5448sTS.Macaque.Brain.130.Male_s,SINGLE,PolyA,TRANSCRIPTOMIC,forebrain,Macaca mulatta,ILLUMINA,2019-02-19T00:00:00Z,2021-10-24T07:00:00Z,2,SAMEA4688457,E-MTAB-6813:5448sTS.Macaque.Brain.130.Male,Macaca mulatta,male,ERP108988,E-MTAB-6813:5448sTS.Macaque.Brain.130.Male
ERR2596939,130,RNA-Seq,101,4379916207,PRJEB26956,SAMEA4688458,ArrayExpress,1600332934,"Lausanne Genomics Technology Facility ",Rhesus monkey,public,"fastq,run.zq,sra","ena,gs,ncbi,s3","ena,gs.us-east1,ncbi.public,s3.us-east-1",embryo,2019-02-18,2018-12-30T17:01:52Z,2018-11-16,2018-05-25T09:42:46Z,ERX2613224,embryonic day 130,forebrain,SAMEA4688458,wild type genotype,University of Heidelberg,2018-12-30T17:01:52Z,2018-05-25T09:42:46Z,public,Illumina HiSeq 2500,5455sTS.Macaque.Brain.129.Male_s,SINGLE,PolyA,TRANSCRIPTOMIC,forebrain,Macaca mulatta,ILLUMINA,2019-02-19T00:00:00Z,2021-10-24T06:51:00Z,2,SAMEA4688458,E-MTAB-6813:5455sTS.Macaque.Brain.129.Male,Macaca mulatta,male,ERP108988,E-MTAB-6813:5455sTS.Macaque.Brain.129.Male
ERR2596940,130,RNA-Seq,101,2780417284,PRJEB26956,SAMEA4688459,ArrayExpress,1042066882,"Lausanne Genomics Technology Facility ",Rhesus monkey,public,"fastq,run.zq,sra","ena,gs,ncbi,s3","ena,gs.us-east1,ncbi.public,s3.us-east-1",embryo,2019-02-18,2018-12-30T17:01:52Z,2018-11-16,2018-05-25T09:42:46Z,ERX2613225,embryonic day 130,heart,SAMEA4688459,wild type genotype,University of Heidelberg,2018-12-30T17:01:52Z,2018-05-25T09:42:46Z,public,Illumina HiSeq 2500,6005sTS.Macaque.Heart.130.Male_s,SINGLE,PolyA,TRANSCRIPTOMIC,heart,Macaca mulatta,ILLUMINA,2019-02-19T00:00:00Z,2022-07-26T06:02:00Z,2,SAMEA4688459,E-MTAB-6813:6005sTS.Macaque.Heart.130.Male,Macaca mulatta,male,ERP108988,E-MTAB-6813:6005sTS.Macaque.Heart.130.Male
ERR2596941,130,RNA-Seq,101,3416568006,PRJEB26956,SAMEA4688460,ArrayExpress,1282901504,"Lausanne Genomics Technology Facility ",Rhesus monkey,public,"fastq,run.zq,sra","ena,gs,ncbi,s3","ena,gs.us-east1,ncbi.public,s3.us-east-1",embryo,2019-02-18,2018-12-30T17:01:52Z,2018-11-16,2018-05-25T09:42:46Z,ERX2613226,embryonic day 130,hindbrain,SAMEA4688460,wild type genotype,University of Heidelberg,2018-12-30T17:01:52Z,2018-05-25T09:42:46Z,public,Illumina HiSeq 2500,5364sTS.Macaque.Cerebellum.130.Male_s,SINGLE,PolyA,TRANSCRIPTOMIC,hindbrain,Macaca mulatta,ILLUMINA,2019-02-19T00:00:00Z,2022-07-26T06:04:00Z,2,SAMEA4688460,E-MTAB-6813:5364sTS.Macaque.Cerebellum.130.Male,Macaca mulatta,male,ERP108988,E-MTAB-6813:5364sTS.Macaque.Cerebellum.130.Male
ERR2596942,130,RNA-Seq,101,2811215214,PRJEB26956,SAMEA4688461,ArrayExpress,1065596338,"Lausanne Genomics Technology Facility ",Rhesus monkey,public,"fastq,run.zq,sra","ena,gs,ncbi,s3","ena,gs.us-east1,ncbi.public,s3.us-east-1",embryo,2019-02-18,2018-12-30T17:01:52Z,2018-11-16,2018-05-25T09:42:46Z,ERX2613227,embryonic day 130,hindbrain,SAMEA4688461,wild type genotype,University of Heidelberg,2018-12-30T17:01:52Z,2018-05-25T09:42:46Z,public,Illumina HiSeq 2500,5374sTS.Macaque.Cerebellum.129.Male_s,SINGLE,PolyA,TRANSCRIPTOMIC,hindbrain,Macaca mulatta,ILLUMINA,2019-02-19T00:00:00Z,2021-10-24T06:41:00Z,2,SAMEA4688461,E-MTAB-6813:5374sTS.Macaque.Cerebellum.129.Male,Macaca mulatta,male,ERP108988,E-MTAB-6813:5374sTS.Macaque.Cerebellum.129.Male
ERR2596943,130,RNA-Seq,101,6480066171,PRJEB26956,SAMEA4688462,ArrayExpress,2633700252,"Lausanne Genomics Technology Facility ",Rhesus monkey,public,"fastq,run.zq,sra","ena,gs,ncbi,s3","ena,gs.us-east1,ncbi.public,s3.us-east-1",embryo,2019-02-18,2018-12-30T17:01:52Z,2018-11-16,2018-05-25T09:42:46Z,ERX2613228,embryonic day 130,kidney,SAMEA4688462,wild type genotype,University of Heidelberg,2018-12-30T17:01:52Z,2018-05-25T09:42:46Z,public,Illumina HiSeq 2500,5384sTS.Macaque.Kidney.130.Male_s,SINGLE,PolyA,TRANSCRIPTOMIC,kidney,Macaca mulatta,ILLUMINA,2019-02-19T00:00:00Z,2021-10-24T07:03:00Z,2,SAMEA4688462,E-MTAB-6813:5384sTS.Macaque.Kidney.130.Male,Macaca mulatta,male,ERP108988,E-MTAB-6813:5384sTS.Macaque.Kidney.130.Male
ERR2596944,130,RNA-Seq,101,8218735418,PRJEB26956,SAMEA4688463,ArrayExpress,2953839581,"Lausanne Genomics Technology Facility ",Rhesus monkey,public,"fastq,run.zq,sra","ena,gs,ncbi,s3","ena,gs.us-east1,ncbi.public,s3.us-east-1",embryo,2019-02-18,2018-12-30T17:01:52Z,2018-11-16,2018-05-25T09:42:46Z,ERX2613229,embryonic day 130,kidney,SAMEA4688463,wild type genotype,University of Heidelberg,2018-12-30T17:01:52Z,2018-05-25T09:42:46Z,public,Illumina HiSeq 2500,5423sTS.Macaque.Kidney.129.Male_s,SINGLE,PolyA,TRANSCRIPTOMIC,kidney,Macaca mulatta,ILLUMINA,2019-02-19T00:00:00Z,2022-07-26T06:15:00Z,2,SAMEA4688463,E-MTAB-6813:5423sTS.Macaque.Kidney.129.Male,Macaca mulatta,male,ERP108988,E-MTAB-6813:5423sTS.Macaque.Kidney.129.Male
ERR2596945,130,RNA-Seq,101,2563523016,PRJEB26956,SAMEA4688464,ArrayExpress,965243957,"Lausanne Genomics Technology Facility ",Rhesus monkey,public,"fastq,run.zq,sra","ena,gs,ncbi,s3","ena,gs.us-east1,ncbi.public,s3.us-east-1",embryo,2019-02-18,2018-12-30T17:01:52Z,2018-11-16,2018-05-25T09:42:46Z,ERX2613230,embryonic day 130,liver,SAMEA4688464,wild type genotype,University of Heidelberg,2018-12-30T17:01:52Z,2018-05-25T09:42:46Z,public,Illumina HiSeq 2500,5362sTS.Macaque.Liver.129.Male_s,SINGLE,PolyA,TRANSCRIPTOMIC,liver,Macaca mulatta,ILLUMINA,2019-02-19T00:00:00Z,2022-07-18T16:19:00Z,2,SAMEA4688464,E-MTAB-6813:5362sTS.Macaque.Liver.129.Male,Macaca mulatta,male,ERP108988,E-MTAB-6813:5362sTS.Macaque.Liver.129.Male
ERR2596946,130,RNA-Seq,101,2507321364,PRJEB26956,SAMEA4688465,ArrayExpress,963655594,"Lausanne Genomics Technology Facility ",Rhesus monkey,public,"fastq,run.zq,sra","ena,gs,ncbi,s3","ena,gs.us-east1,ncbi.public,s3.us-east-1",embryo,2019-02-18,2018-12-30T17:01:52Z,2018-11-16,2018-05-25T09:42:46Z,ERX2613231,embryonic day 130,liver,SAMEA4688465,wild type genotype,University of Heidelberg,2018-12-30T17:01:52Z,2018-05-25T09:42:46Z,public,Illumina HiSeq 2500,5466sTS.Macaque.Liver.130.Male_s,SINGLE,PolyA,TRANSCRIPTOMIC,liver,Macaca mulatta,ILLUMINA,2019-02-19T00:00:00Z,2021-10-24T06:37:00Z,2,SAMEA4688465,E-MTAB-6813:5466sTS.Macaque.Liver.130.Male,Macaca mulatta,male,ERP108988,E-MTAB-6813:5466sTS.Macaque.Liver.130.Male
ERR2596947,130,RNA-Seq,101,2077787554,PRJEB26956,SAMEA4688466,ArrayExpress,792682706,"Lausanne Genomics Technology Facility ",Rhesus monkey,public,"fastq,run.zq,sra","ena,gs,ncbi,s3","ena,gs.us-east1,ncbi.public,s3.us-east-1",embryo,2019-02-18,2018-12-30T17:01:52Z,2018-11-16,2018-05-25T09:42:46Z,ERX2613232,embryonic day 130,testis,SAMEA4688466,wild type genotype,University of Heidelberg,2018-12-30T17:01:52Z,2018-05-25T09:42:46Z,public,Illumina HiSeq 2500,5392sTS.Macaque.Testis.130.Male_s,SINGLE,PolyA,TRANSCRIPTOMIC,testis,Macaca mulatta,ILLUMINA,2019-02-19T00:00:00Z,2021-10-24T06:35:00Z,2,SAMEA4688466,E-MTAB-6813:5392sTS.Macaque.Testis.130.Male,Macaca mulatta,male,ERP108988,E-MTAB-6813:5392sTS.Macaque.Testis.130.Male
ERR2596948,130,RNA-Seq,101,3282382638,PRJEB26956,SAMEA4688467,ArrayExpress,1240188301,"Lausanne Genomics Technology Facility ",Rhesus monkey,public,"fastq,run.zq,sra","ena,gs,ncbi,s3","ena,gs.us-east1,ncbi.public,s3.us-east-1",embryo,2019-02-18,2018-12-30T17:01:52Z,2018-11-16,2018-05-25T09:42:46Z,ERX2613233,embryonic day 130,testis,SAMEA4688467,wild type genotype,University of Heidelberg,2018-12-30T17:01:52Z,2018-05-25T09:42:46Z,public,Illumina HiSeq 2500,5483sTS.Macaque.Testis.129.Male_s,SINGLE,PolyA,TRANSCRIPTOMIC,testis,Macaca mulatta,ILLUMINA,2019-02-19T00:00:00Z,2022-07-15T18:15:00Z,2,SAMEA4688467,E-MTAB-6813:5483sTS.Macaque.Testis.129.Male,Macaca mulatta,male,ERP108988,E-MTAB-6813:5483sTS.Macaque.Testis.129.Male
ERR2596949,14 to 15,RNA-Seq,101,3081878347,PRJEB26956,SAMEA4688468,ArrayExpress,1208291678,"Lausanne Genomics Technology Facility ",Rhesus monkey,public,"fastq,run.zq,sra","ena,gs,ncbi,s3","ena,gs.us-east1,ncbi.public,s3.us-east-1",postnatal,2019-02-18,2018-12-30T17:01:52Z,2018-11-16,2018-05-25T09:42:47Z,ERX2613234,14 to 15 years postnatal,forebrain,SAMEA4688468,wild type genotype,University of Heidelberg,2018-12-30T17:01:52Z,2018-05-25T09:42:47Z,public,Illumina HiSeq 2500,6110sTS.Macaque.Brain.14ypb.Male_s,SINGLE,PolyA,TRANSCRIPTOMIC,forebrain,Macaca mulatta,ILLUMINA,2019-02-19T00:00:00Z,2022-07-22T16:05:00Z,2,SAMEA4688468,E-MTAB-6813:6110sTS.Macaque.Brain.14ypb.Male,Macaca mulatta,male,ERP108988,E-MTAB-6813:6110sTS.Macaque.Brain.14ypb.Male
ERR2596950,14 to 15,RNA-Seq,101,3758034967,PRJEB26956,SAMEA4688469,ArrayExpress,1473429114,"Lausanne Genomics Technology Facility ",Rhesus monkey,public,"fastq,run.zq,sra","ena,gs,ncbi,s3","ena,gs.us-east1,ncbi.public,s3.us-east-1",postnatal,2019-02-18,2018-12-30T17:01:52Z,2018-11-16,2018-05-25T09:42:47Z,ERX2613235,14 to 15 years postnatal,forebrain,SAMEA4688469,wild type genotype,University of Heidelberg,2018-12-30T17:01:52Z,2018-05-25T09:42:47Z,public,Illumina HiSeq 2500,6111sTS.Macaque.Brain.15ypb.Male_s,SINGLE,PolyA,TRANSCRIPTOMIC,forebrain,Macaca mulatta,ILLUMINA,2019-02-19T00:00:00Z,2022-07-15T18:16:00Z,2,SAMEA4688469,E-MTAB-6813:6111sTS.Macaque.Brain.15ypb.Male,Macaca mulatta,male,ERP108988,E-MTAB-6813:6111sTS.Macaque.Brain.15ypb.Male
ERR2596951,14 to 15,RNA-Seq,101,4264662582,PRJEB26956,SAMEA4688470,ArrayExpress,1620161114,"Lausanne Genomics Technology Facility ",Rhesus monkey,public,"fastq,run.zq,sra","ena,gs,ncbi,s3","ena,gs.us-east1,ncbi.public,s3.us-east-1",postnatal,2019-02-18,2018-12-30T17:01:52Z,2018-11-16,2018-05-25T09:42:47Z,ERX2613236,14 to 15 years postnatal,heart,SAMEA4688470,wild type genotype,University of Heidelberg,2018-12-30T17:01:52Z,2018-05-25T09:42:47Z,public,Illumina HiSeq 2500,5396sTS.Macaque.Heart.14ypb.Male_s,SINGLE,PolyA,TRANSCRIPTOMIC,heart,Macaca mulatta,ILLUMINA,2019-02-19T00:00:00Z,2022-07-17T23:37:00Z,2,SAMEA4688470,E-MTAB-6813:5396sTS.Macaque.Heart.14ypb.Male,Macaca mulatta,male,ERP108988,E-MTAB-6813:5396sTS.Macaque.Heart.14ypb.Male
ERR2596952,14 to 15,RNA-Seq,101,4012772824,PRJEB26956,SAMEA4688471,ArrayExpress,1555709806,"Lausanne Genomics Technology Facility ",Rhesus monkey,public,"fastq,run.zq,sra","ena,gs,ncbi,s3","ena,gs.us-east1,ncbi.public,s3.us-east-1",postnatal,2019-02-18,2018-12-30T17:01:52Z,2018-11-16,2018-05-25T09:42:47Z,ERX2613237,14 to 15 years postnatal,heart,SAMEA4688471,wild type genotype,University of Heidelberg,2018-12-30T17:01:52Z,2018-05-25T09:42:47Z,public,Illumina HiSeq 2500,6120sTS.Macaque.Heart.15ypb.Male_s,SINGLE,PolyA,TRANSCRIPTOMIC,heart,Macaca mulatta,ILLUMINA,2019-02-19T00:00:00Z,2022-07-26T06:05:00Z,2,SAMEA4688471,E-MTAB-6813:6120sTS.Macaque.Heart.15ypb.Male,Macaca mulatta,male,ERP108988,E-MTAB-6813:6120sTS.Macaque.Heart.15ypb.Male
ERR2596953,14 to 15,RNA-Seq,101,3805434267,PRJEB26956,SAMEA4688472,ArrayExpress,1419086307,"Lausanne Genomics Technology Facility ",Rhesus monkey,public,"fastq,run.zq,sra","ena,gs,ncbi,s3","ena,gs.us-east1,ncbi.public,s3.us-east-1",postnatal,2019-02-18,2018-12-30T17:01:52Z,2018-11-16,2018-05-25T09:42:47Z,ERX2613238,14 to 15 years postnatal,hindbrain,SAMEA4688472,wild type genotype,University of Heidelberg,2018-12-30T17:01:52Z,2018-05-25T09:42:47Z,public,Illumina HiSeq 2500,5491sTS.Macaque.Cerebellum.15ypb.Male_s,SINGLE,PolyA,TRANSCRIPTOMIC,hindbrain,Macaca mulatta,ILLUMINA,2019-02-19T00:00:00Z,2022-07-14T14:47:00Z,2,SAMEA4688472,E-MTAB-6813:5491sTS.Macaque.Cerebellum.15ypb.Male,Macaca mulatta,male,ERP108988,E-MTAB-6813:5491sTS.Macaque.Cerebellum.15ypb.Male
ERR2596954,14 to 15,RNA-Seq,101,3903761605,PRJEB26956,SAMEA4688473,ArrayExpress,1487409999,"Lausanne Genomics Technology Facility ",Rhesus monkey,public,"fastq,run.zq,sra","ena,gs,ncbi,s3","ena,gs.us-east1,ncbi.public,s3.us-east-1",postnatal,2019-02-18,2018-12-30T17:01:52Z,2018-11-16,2018-05-25T09:42:47Z,ERX2613239,14 to 15 years postnatal,kidney,SAMEA4688473,wild type genotype,University of Heidelberg,2018-12-30T17:01:52Z,2018-05-25T09:42:47Z,public,Illumina HiSeq 2500,5376sTS.Macaque.Kidney.14ypb.Male_s,SINGLE,PolyA,TRANSCRIPTOMIC,kidney,Macaca mulatta,ILLUMINA,2019-02-19T00:00:00Z,2021-10-24T06:53:00Z,2,SAMEA4688473,E-MTAB-6813:5376sTS.Macaque.Kidney.14ypb.Male,Macaca mulatta,male,ERP108988,E-MTAB-6813:5376sTS.Macaque.Kidney.14ypb.Male
ERR2596955,14 to 15,RNA-Seq,101,4378203752,PRJEB26956,SAMEA4688474,ArrayExpress,1682000895,"Lausanne Genomics Technology Facility ",Rhesus monkey,public,"fastq,run.zq,sra","ena,gs,ncbi,s3","ena,gs.us-east1,ncbi.public,s3.us-east-1",postnatal,2019-02-18,2018-12-30T17:01:52Z,2018-11-16,2018-05-25T09:42:47Z,ERX2613240,14 to 15 years postnatal,kidney,SAMEA4688474,wild type genotype,University of Heidelberg,2018-12-30T17:01:52Z,2018-05-25T09:42:47Z,public,Illumina HiSeq 2500,5445sTS.Macaque.Kidney.15ypb.Male_s,SINGLE,PolyA,TRANSCRIPTOMIC,kidney,Macaca mulatta,ILLUMINA,2019-02-19T00:00:00Z,2021-10-24T06:48:00Z,2,SAMEA4688474,E-MTAB-6813:5445sTS.Macaque.Kidney.15ypb.Male,Macaca mulatta,male,ERP108988,E-MTAB-6813:5445sTS.Macaque.Kidney.15ypb.Male
ERR2596956,14 to 15,RNA-Seq,101,1587193487,PRJEB26956,SAMEA4688475,ArrayExpress,594280193,"Lausanne Genomics Technology Facility ",Rhesus monkey,public,"fastq,run.zq,sra","ena,gs,ncbi,s3","ena,gs.us-east1,ncbi.public,s3.us-east-1",postnatal,2019-02-18,2018-12-30T17:01:52Z,2018-11-16,2018-05-25T09:42:47Z,ERX2613241,14 to 15 years postnatal,liver,SAMEA4688475,wild type genotype,University of Heidelberg,2018-12-30T17:01:52Z,2018-05-25T09:42:47Z,public,Illumina HiSeq 2500,5416sTS.Macaque.Liver.15ypb.Male_s,SINGLE,PolyA,TRANSCRIPTOMIC,liver,Macaca mulatta,ILLUMINA,2019-02-19T00:00:00Z,2021-10-24T06:33:00Z,2,SAMEA4688475,E-MTAB-6813:5416sTS.Macaque.Liver.15ypb.Male,Macaca mulatta,male,ERP108988,E-MTAB-6813:5416sTS.Macaque.Liver.15ypb.Male
ERR2596957,14 to 15,RNA-Seq,101,3788531614,PRJEB26956,SAMEA4688476,ArrayExpress,1343716793,"Lausanne Genomics Technology Facility ",Rhesus monkey,public,"fastq,run.zq,sra","ena,gs,ncbi,s3","ena,gs.us-east1,ncbi.public,s3.us-east-1",postnatal,2019-02-18,2018-12-30T17:01:52Z,2018-11-16,2018-05-25T09:42:47Z,ERX2613242,14 to 15 years postnatal,liver,SAMEA4688476,wild type genotype,University of Heidelberg,2018-12-30T17:01:52Z,2018-05-25T09:42:47Z,public,Illumina HiSeq 2500,5482sTSm.Macaque.Liver.14ypb.Male_s,SINGLE,PolyA,TRANSCRIPTOMIC,liver,Macaca mulatta,ILLUMINA,2019-02-19T00:00:00Z,2021-10-24T06:47:00Z,2,SAMEA4688476,E-MTAB-6813:5482sTSm.Macaque.Liver.14ypb.Male,Macaca mulatta,male,ERP108988,E-MTAB-6813:5482sTSm.Macaque.Liver.14ypb.Male
ERR2596958,14 to 15,RNA-Seq,101,4587146391,PRJEB26956,SAMEA4688477,ArrayExpress,1772571482,"Lausanne Genomics Technology Facility ",Rhesus monkey,public,"fastq,run.zq,sra","ena,gs,ncbi,s3","ena,gs.us-east1,ncbi.public,s3.us-east-1",postnatal,2019-02-18,2018-12-30T17:01:52Z,2018-11-16,2018-05-25T09:42:47Z,ERX2613243,14 to 15 years postnatal,liver,SAMEA4688477,wild type genotype,University of Heidelberg,2018-12-30T17:01:52Z,2018-05-25T09:42:47Z,public,Illumina HiSeq 2500,6114sTS.Macaque.Liver.14ypb.Male_s,SINGLE,PolyA,TRANSCRIPTOMIC,liver,Macaca mulatta,ILLUMINA,2019-02-19T00:00:00Z,2022-07-26T06:06:00Z,2,SAMEA4688477,E-MTAB-6813:6114sTS.Macaque.Liver.14ypb.Male,Macaca mulatta,male,ERP108988,E-MTAB-6813:6114sTS.Macaque.Liver.14ypb.Male
ERR2596959,14 to 15,RNA-Seq,101,3351755195,PRJEB26956,SAMEA4688478,ArrayExpress,1260824638,"Lausanne Genomics Technology Facility ",Rhesus monkey,public,"fastq,run.zq,sra","ena,gs,ncbi,s3","ena,gs.us-east1,ncbi.public,s3.us-east-1",postnatal,2019-02-18,2018-12-30T17:01:52Z,2018-11-16,2018-05-25T09:42:47Z,ERX2613244,14 to 15 years postnatal,testis,SAMEA4688478,wild type genotype,University of Heidelberg,2018-12-30T17:01:52Z,2018-05-25T09:42:47Z,public,Illumina HiSeq 2500,5410sTS.Macaque.Testis.15ypb.Male_s,SINGLE,PolyA,TRANSCRIPTOMIC,testis,Macaca mulatta,ILLUMINA,2019-02-19T00:00:00Z,2022-07-17T08:01:00Z,2,SAMEA4688478,E-MTAB-6813:5410sTS.Macaque.Testis.15ypb.Male,Macaca mulatta,male,ERP108988,E-MTAB-6813:5410sTS.Macaque.Testis.15ypb.Male
ERR2596960,14 to 15,RNA-Seq,101,3120261882,PRJEB26956,SAMEA4688479,ArrayExpress,1170888250,"Lausanne Genomics Technology Facility ",Rhesus monkey,public,"fastq,run.zq,sra","ena,gs,ncbi,s3","ena,gs.us-east1,ncbi.public,s3.us-east-1",postnatal,2019-02-18,2018-12-30T17:01:52Z,2018-11-16,2018-05-25T09:42:47Z,ERX2613245,14 to 15 years postnatal,testis,SAMEA4688479,wild type genotype,University of Heidelberg,2018-12-30T17:01:52Z,2018-05-25T09:42:47Z,public,Illumina HiSeq 2500,5435sTS.Macaque.Testis.14ypb.Male_s,SINGLE,PolyA,TRANSCRIPTOMIC,testis,Macaca mulatta,ILLUMINA,2019-02-19T00:00:00Z,2022-07-20T16:06:00Z,2,SAMEA4688479,E-MTAB-6813:5435sTS.Macaque.Testis.14ypb.Male,Macaca mulatta,male,ERP108988,E-MTAB-6813:5435sTS.Macaque.Testis.14ypb.Male
ERR2596961,20 to 26,RNA-Seq,101,4505555864,PRJEB26956,SAMEA4688480,ArrayExpress,1688849115,"Lausanne Genomics Technology Facility ",Rhesus monkey,public,"fastq,run.zq,sra","ena,gs,ncbi,s3","ena,gs.us-east1,ncbi.public,s3.us-east-1",postnatal,2019-02-18,2018-12-30T17:01:52Z,2018-11-16,2018-05-25T09:42:47Z,ERX2613246,20 to 26 years postnatal,forebrain,SAMEA4688480,wild type genotype,University of Heidelberg,2018-12-30T17:01:52Z,2018-05-25T09:42:47Z,public,Illumina HiSeq 2500,5413sTS.Macaque.Brain.21ypb.Male_s,SINGLE,PolyA,TRANSCRIPTOMIC,forebrain,Macaca mulatta,ILLUMINA,2019-02-19T00:00:00Z,2022-07-23T02:09:00Z,2,SAMEA4688480,E-MTAB-6813:5413sTS.Macaque.Brain.21ypb.Male,Macaca mulatta,male,ERP108988,E-MTAB-6813:5413sTS.Macaque.Brain.21ypb.Male
ERR2596962,20 to 26,RNA-Seq,101,3534591859,PRJEB26956,SAMEA4688481,ArrayExpress,1370379019,"Lausanne Genomics Technology Facility ",Rhesus monkey,public,"fastq,run.zq,sra","ena,gs,ncbi,s3","ena,gs.us-east1,ncbi.public,s3.us-east-1",postnatal,2019-02-18,2018-12-30T17:01:52Z,2018-11-16,2018-05-25T09:42:47Z,ERX2613247,20 to 26 years postnatal,heart,SAMEA4688481,wild type genotype,University of Heidelberg,2018-12-30T17:01:52Z,2018-05-25T09:42:47Z,public,Illumina HiSeq 2500,6121sTS.Macaque.Heart.20ypb.Male_s,SINGLE,PolyA,TRANSCRIPTOMIC,heart,Macaca mulatta,ILLUMINA,2019-02-19T00:00:00Z,2022-07-15T18:15:00Z,2,SAMEA4688481,E-MTAB-6813:6121sTS.Macaque.Heart.20ypb.Male,Macaca mulatta,male,ERP108988,E-MTAB-6813:6121sTS.Macaque.Heart.20ypb.Male
ERR2596963,20 to 26,RNA-Seq,101,3023662048,PRJEB26956,SAMEA4688482,ArrayExpress,1179946171,"Lausanne Genomics Technology Facility ",Rhesus monkey,public,"fastq,run.zq,sra","ena,gs,ncbi,s3","ena,gs.us-east1,ncbi.public,s3.us-east-1",postnatal,2019-02-18,2018-12-30T17:01:52Z,2018-11-16,2018-05-25T09:42:47Z,ERX2613248,20 to 26 years postnatal,heart,SAMEA4688482,wild type genotype,University of Heidelberg,2018-12-30T17:01:52Z,2018-05-25T09:42:47Z,public,Illumina HiSeq 2500,6122sTS.Macaque.Heart.26ypb.Male_s,SINGLE,PolyA,TRANSCRIPTOMIC,heart,Macaca mulatta,ILLUMINA,2019-02-19T00:00:00Z,2022-07-26T06:03:00Z,2,SAMEA4688482,E-MTAB-6813:6122sTS.Macaque.Heart.26ypb.Male,Macaca mulatta,male,ERP108988,E-MTAB-6813:6122sTS.Macaque.Heart.26ypb.Male
ERR2596964,20 to 26,RNA-Seq,101,3954225750,PRJEB26956,SAMEA4688483,ArrayExpress,1617325988,"Lausanne Genomics Technology Facility ",Rhesus monkey,public,"fastq,run.zq,sra","ena,gs,ncbi,s3","ena,gs.us-east1,ncbi.public,s3.us-east-1",postnatal,2019-02-18,2018-12-30T17:01:52Z,2018-11-16,2018-05-25T09:42:47Z,ERX2613249,20 to 26 years postnatal,hindbrain,SAMEA4688483,wild type genotype,University of Heidelberg,2018-12-30T17:01:52Z,2018-05-25T09:42:47Z,public,Illumina HiSeq 2500,5378sTS.Macaque.Cerebellum.21ypb.Male_s,SINGLE,PolyA,TRANSCRIPTOMIC,hindbrain,Macaca mulatta,ILLUMINA,2019-02-19T00:00:00Z,2021-10-24T06:51:00Z,2,SAMEA4688483,E-MTAB-6813:5378sTS.Macaque.Cerebellum.21ypb.Male,Macaca mulatta,male,ERP108988,E-MTAB-6813:5378sTS.Macaque.Cerebellum.21ypb.Male
ERR2596965,20 to 26,RNA-Seq,101,3543334621,PRJEB26956,SAMEA4688484,ArrayExpress,1401750002,"Lausanne Genomics Technology Facility ",Rhesus monkey,public,"fastq,run.zq,sra","ena,gs,ncbi,s3","ena,gs.us-east1,ncbi.public,s3.us-east-1",postnatal,2019-02-18,2018-12-30T17:01:52Z,2018-11-16,2018-05-25T09:42:47Z,ERX2613250,20 to 26 years postnatal,kidney,SAMEA4688484,wild type genotype,University of Heidelberg,2018-12-30T17:01:52Z,2018-05-25T09:42:47Z,public,Illumina HiSeq 2500,6126sTS.Macaque.Kidney.20ypb.Male_s,SINGLE,PolyA,TRANSCRIPTOMIC,kidney,Macaca mulatta,ILLUMINA,2019-02-19T00:00:00Z,2022-07-26T06:04:00Z,2,SAMEA4688484,E-MTAB-6813:6126sTS.Macaque.Kidney.20ypb.Male,Macaca mulatta,male,ERP108988,E-MTAB-6813:6126sTS.Macaque.Kidney.20ypb.Male
ERR2596966,20 to 26,RNA-Seq,101,4042171096,PRJEB26956,SAMEA4688485,ArrayExpress,1595965176,"Lausanne Genomics Technology Facility ",Rhesus monkey,public,"fastq,run.zq,sra","ena,gs,ncbi,s3","ena,gs.us-east1,ncbi.public,s3.us-east-1",postnatal,2019-02-18,2018-12-30T17:01:52Z,2018-11-16,2018-05-25T09:42:47Z,ERX2613251,20 to 26 years postnatal,kidney,SAMEA4688485,wild type genotype,University of Heidelberg,2018-12-30T17:01:52Z,2018-05-25T09:42:47Z,public,Illumina HiSeq 2500,6127sTS.Macaque.Kidney.26ypb.Male_s,SINGLE,PolyA,TRANSCRIPTOMIC,kidney,Macaca mulatta,ILLUMINA,2019-02-19T00:00:00Z,2022-07-19T01:10:00Z,2,SAMEA4688485,E-MTAB-6813:6127sTS.Macaque.Kidney.26ypb.Male,Macaca mulatta,male,ERP108988,E-MTAB-6813:6127sTS.Macaque.Kidney.26ypb.Male
ERR2596967,20 to 26,RNA-Seq,101,1951263844,PRJEB26956,SAMEA4688486,ArrayExpress,807467538,"Lausanne Genomics Technology Facility ",Rhesus monkey,public,"fastq,run.zq,sra","ena,gs,ncbi,s3","ena,gs.us-east1,ncbi.public,s3.us-east-1",postnatal,2019-02-18,2018-12-30T17:01:52Z,2018-11-16,2018-05-25T09:42:47Z,ERX2613252,20 to 26 years postnatal,liver,SAMEA4688486,wild type genotype,University of Heidelberg,2018-12-30T17:01:52Z,2018-05-25T09:42:47Z,public,Illumina HiSeq 2500,5404sTS.Macaque.Liver.21ypb.Male_s,SINGLE,PolyA,TRANSCRIPTOMIC,liver,Macaca mulatta,ILLUMINA,2019-02-19T00:00:00Z,2022-07-26T06:01:00Z,2,SAMEA4688486,E-MTAB-6813:5404sTS.Macaque.Liver.21ypb.Male,Macaca mulatta,male,ERP108988,E-MTAB-6813:5404sTS.Macaque.Liver.21ypb.Male
ERR2596968,20 to 26,RNA-Seq,101,3770674814,PRJEB26956,SAMEA4688487,ArrayExpress,1542975278,"Lausanne Genomics Technology Facility ",Rhesus monkey,public,"fastq,run.zq,sra","ena,gs,ncbi,s3","ena,gs.us-east1,ncbi.public,s3.us-east-1",postnatal,2019-02-18,2018-12-30T17:01:52Z,2018-11-16,2018-05-25T09:42:47Z,ERX2613253,20 to 26 years postnatal,testis,SAMEA4688487,wild type genotype,University of Heidelberg,2018-12-30T17:01:52Z,2018-05-25T09:42:47Z,public,Illumina HiSeq 2500,5383sTS.Macaque.Testis.21ypb.Male_s,SINGLE,PolyA,TRANSCRIPTOMIC,testis,Macaca mulatta,ILLUMINA,2019-02-19T00:00:00Z,2022-07-18T16:24:00Z,2,SAMEA4688487,E-MTAB-6813:5383sTS.Macaque.Testis.21ypb.Male,Macaca mulatta,male,ERP108988,E-MTAB-6813:5383sTS.Macaque.Testis.21ypb.Male
ERR2596969,22 to 26,RNA-Seq,101,3254386751,PRJEB26956,SAMEA4688488,ArrayExpress,1206284792,"Lausanne Genomics Technology Facility ",Rhesus monkey,public,"fastq,run.zq,sra","ena,gs,ncbi,s3","ena,gs.us-east1,ncbi.public,s3.us-east-1",postnatal,2019-02-18,2018-12-30T17:01:52Z,2018-11-16,2018-05-25T09:42:47Z,ERX2613254,22 to 26 years postnatal,forebrain,SAMEA4688488,wild type genotype,University of Heidelberg,2018-12-30T17:01:52Z,2018-05-25T09:42:47Z,public,Illumina HiSeq 2500,5461sTS.Macaque.Brain.22ypb.Male_s,SINGLE,PolyA,TRANSCRIPTOMIC,forebrain,Macaca mulatta,ILLUMINA,2019-02-19T00:00:00Z,2022-07-26T06:03:00Z,2,SAMEA4688488,E-MTAB-6813:5461sTS.Macaque.Brain.22ypb.Male,Macaca mulatta,male,ERP108988,E-MTAB-6813:5461sTS.Macaque.Brain.22ypb.Male
ERR2596970,22 to 26,RNA-Seq,101,5507202255,PRJEB26956,SAMEA4688489,ArrayExpress,2086858645,"Lausanne Genomics Technology Facility ",Rhesus monkey,public,"fastq,run.zq,sra","ena,gs,ncbi,s3","ena,gs.us-east1,ncbi.public,s3.us-east-1",postnatal,2019-02-18,2018-12-30T17:01:52Z,2018-11-16,2018-05-25T09:42:47Z,ERX2613255,22 to 26 years postnatal,hindbrain,SAMEA4688489,wild type genotype,University of Heidelberg,2018-12-30T17:01:52Z,2018-05-25T09:42:47Z,public,Illumina HiSeq 2500,5389sTS.Macaque.Cerebellum.22ypb.Male_s,SINGLE,PolyA,TRANSCRIPTOMIC,hindbrain,Macaca mulatta,ILLUMINA,2019-02-19T00:00:00Z,2021-10-24T06:59:00Z,2,SAMEA4688489,E-MTAB-6813:5389sTS.Macaque.Cerebellum.22ypb.Male,Macaca mulatta,male,ERP108988,E-MTAB-6813:5389sTS.Macaque.Cerebellum.22ypb.Male
ERR2596971,22 to 26,RNA-Seq,101,3171098111,PRJEB26956,SAMEA4688490,ArrayExpress,1206920345,"Lausanne Genomics Technology Facility ",Rhesus monkey,public,"fastq,run.zq,sra","ena,gs,ncbi,s3","ena,gs.us-east1,ncbi.public,s3.us-east-1",postnatal,2019-02-18,2018-12-30T17:01:52Z,2018-11-16,2018-05-25T09:42:47Z,ERX2613256,22 to 26 years postnatal,liver,SAMEA4688490,wild type genotype,University of Heidelberg,2018-12-30T17:01:52Z,2018-05-25T09:42:47Z,public,Illumina HiSeq 2500,5395sTS.Macaque.Liver.22ypb.Male_s,SINGLE,PolyA,TRANSCRIPTOMIC,liver,Macaca mulatta,ILLUMINA,2019-02-19T00:00:00Z,2021-10-24T06:56:00Z,2,SAMEA4688490,E-MTAB-6813:5395sTS.Macaque.Liver.22ypb.Male,Macaca mulatta,male,ERP108988,E-MTAB-6813:5395sTS.Macaque.Liver.22ypb.Male
ERR2596972,22 to 26,RNA-Seq,101,5080363327,PRJEB26956,SAMEA4688491,ArrayExpress,1904595300,"Lausanne Genomics Technology Facility ",Rhesus monkey,public,"fastq,run.zq,sra","ena,gs,ncbi,s3","ena,gs.us-east1,ncbi.public,s3.us-east-1",postnatal,2019-02-18,2018-12-30T17:01:52Z,2018-11-16,2018-05-25T09:42:47Z,ERX2613257,22 to 26 years postnatal,testis,SAMEA4688491,wild type genotype,University of Heidelberg,2018-12-30T17:01:52Z,2018-05-25T09:42:47Z,public,Illumina HiSeq 2500,5412sTS.Macaque.Testis.22ypb.Male_s,SINGLE,PolyA,TRANSCRIPTOMIC,testis,Macaca mulatta,ILLUMINA,2019-02-19T00:00:00Z,2021-10-24T07:03:00Z,2,SAMEA4688491,E-MTAB-6813:5412sTS.Macaque.Testis.22ypb.Male,Macaca mulatta,male,ERP108988,E-MTAB-6813:5412sTS.Macaque.Testis.22ypb.Male
