Run,AGE,Assay Type,AvgSpotLen,Bases,BioProject,BioSample,Broker_name,Bytes,Center Name,common_name,Consent,DATASTORE filetype,DATASTORE provider,DATASTORE region,Developmental_stage,ENA-FIRST-PUBLIC (run),ENA-FIRST-PUBLIC,ENA-LAST-UPDATE (run),ENA-LAST-UPDATE,Experiment,Experimental_Factor:_developmental_stage (exp),Experimental_Factor:_organism_part (exp),external_id,genotype,INSDC_center_name,INSDC_first_public,INSDC_last_update,INSDC_status,Instrument,Library Name,LibraryLayout,LibrarySelection,LibrarySource,Organism_part,Organism,Platform,ReleaseDate,create_date,version,Sample Name,Sample_name,Scientific_Name,sex,SRA Study,strain,Submitter_Id
ERR2588370,10.5,RNA-Seq,101,1614668618,PRJEB26869,SAMEA4671620,ArrayExpress,522628214,"Lausanne Genomics Technology Facility ",house mouse,public,"fastq,run.zq,sra","ena,gs,ncbi,s3","ena,gs.us-east1,ncbi.public,s3.us-east-1",embryo,2019-02-18,2018-12-30T17:01:51Z,2018-11-16,2018-05-21T17:56:00Z,ERX2604646,embryonic day 10.5,heart,SAMEA4671620,wild type genotype,The University of Heidelberg,2018-12-30T17:01:51Z,2018-05-21T17:56:00Z,public,Illumina HiSeq 2500,2495sTS.Mouse.Heart.10.5.Male_s,SINGLE,PolyA,TRANSCRIPTOMIC,heart,Mus musculus,ILLUMINA,2019-02-19T00:00:00Z,2022-07-15T05:32:00Z,2,SAMEA4671620,E-MTAB-6798:2495sTS.Mouse.Heart.10.5.Male,Mus musculus,male,ERP108893,CD-1,E-MTAB-6798:2495sTS.Mouse.Heart.10.5.Male
ERR2588371,10.5,RNA-Seq,101,4160079203,PRJEB26869,SAMEA4671621,ArrayExpress,2695661272,"Lausanne Genomics Technology Facility ",house mouse,public,"fastq,run.zq,sra","ena,gs,ncbi,s3","ena,gs.us-east1,ncbi.public,s3.us-east-1",embryo,2019-02-18,2018-12-30T17:01:51Z,2018-11-16,2018-05-21T17:56:00Z,ERX2604647,embryonic day 10.5,heart,SAMEA4671621,wild type genotype,The University of Heidelberg,2018-12-30T17:01:51Z,2018-05-21T17:56:00Z,public,Illumina HiSeq 2500,2581sTS.Mouse.Heart.10.5.Female_s,SINGLE,PolyA,TRANSCRIPTOMIC,heart,Mus musculus,ILLUMINA,2019-02-19T00:00:00Z,2022-07-18T16:25:00Z,2,SAMEA4671621,E-MTAB-6798:2581sTS.Mouse.Heart.10.5.Female,Mus musculus,female,ERP108893,CD-1,E-MTAB-6798:2581sTS.Mouse.Heart.10.5.Female
ERR2588372,10.5,RNA-Seq,101,2936396129,PRJEB26869,SAMEA4671622,ArrayExpress,1080541371,"Lausanne Genomics Technology Facility ",house mouse,public,"fastq,run.zq,sra","ena,gs,ncbi,s3","ena,gs.us-east1,ncbi.public,s3.us-east-1",embryo,2019-02-18,2018-12-30T17:01:51Z,2018-11-16,2018-05-21T17:56:00Z,ERX2604648,embryonic day 10.5,heart,SAMEA4671622,wild type genotype,The University of Heidelberg,2018-12-30T17:01:51Z,2018-05-21T17:56:00Z,public,Illumina HiSeq 2500,2647sTS.Mouse.Heart.10.5.Female_s,SINGLE,PolyA,TRANSCRIPTOMIC,heart,Mus musculus,ILLUMINA,2019-02-19T00:00:00Z,2022-07-14T04:52:00Z,2,SAMEA4671622,E-MTAB-6798:2647sTS.Mouse.Heart.10.5.Female,Mus musculus,male,ERP108893,CD-1,E-MTAB-6798:2647sTS.Mouse.Heart.10.5.Female
ERR2588373,10.5,RNA-Seq,101,3639002932,PRJEB26869,SAMEA4671623,ArrayExpress,1298555011,"Lausanne Genomics Technology Facility ",house mouse,public,"fastq,run.zq,sra","ena,gs,ncbi,s3","ena,gs.us-east1,ncbi.public,s3.us-east-1",embryo,2019-02-18,2018-12-30T17:01:51Z,2018-11-16,2018-05-21T17:56:00Z,ERX2604649,embryonic day 10.5,heart,SAMEA4671623,wild type genotype,The University of Heidelberg,2018-12-30T17:01:51Z,2018-05-21T17:56:00Z,public,Illumina HiSeq 2500,3460sTS.Mouse.Heart.10.5.Female_s,SINGLE,PolyA,TRANSCRIPTOMIC,heart,Mus musculus,ILLUMINA,2019-02-19T00:00:00Z,2022-07-15T21:46:00Z,2,SAMEA4671623,E-MTAB-6798:3460sTS.Mouse.Heart.10.5.Female,Mus musculus,female,ERP108893,CD-1,E-MTAB-6798:3460sTS.Mouse.Heart.10.5.Female
ERR2588374,10.5,RNA-Seq,101,2796018148,PRJEB26869,SAMEA4671624,ArrayExpress,1863694087,"Lausanne Genomics Technology Facility ",house mouse,public,"fastq,run.zq,sra","ena,gs,ncbi,s3","ena,gs.us-east1,ncbi.public,s3.us-east-1",embryo,2019-02-18,2018-12-30T17:01:51Z,2018-11-16,2018-05-21T17:56:00Z,ERX2604650,embryonic day 10.5,liver,SAMEA4671624,wild type genotype,The University of Heidelberg,2018-12-30T17:01:51Z,2018-05-21T17:56:00Z,public,Illumina HiSeq 2500,2496sTS.Mouse.Liver.10.5.Male_s,SINGLE,PolyA,TRANSCRIPTOMIC,liver,Mus musculus,ILLUMINA,2019-02-19T00:00:00Z,2022-07-17T12:10:00Z,2,SAMEA4671624,E-MTAB-6798:2496sTS.Mouse.Liver.10.5.Male,Mus musculus,male,ERP108893,CD-1,E-MTAB-6798:2496sTS.Mouse.Liver.10.5.Male
ERR2588375,10.5,RNA-Seq,101,3220898787,PRJEB26869,SAMEA4671625,ArrayExpress,2103645349,"Lausanne Genomics Technology Facility ",house mouse,public,"fastq,run.zq,sra","ena,gs,ncbi,s3","ena,gs.us-east1,ncbi.public,s3.us-east-1",embryo,2019-02-18,2018-12-30T17:01:51Z,2018-11-16,2018-05-21T17:56:00Z,ERX2604651,embryonic day 10.5,liver,SAMEA4671625,wild type genotype,The University of Heidelberg,2018-12-30T17:01:51Z,2018-05-21T17:56:00Z,public,Illumina HiSeq 2500,2583sTS.Mouse.Liver.10.5.Female_s,SINGLE,PolyA,TRANSCRIPTOMIC,liver,Mus musculus,ILLUMINA,2019-02-19T00:00:00Z,2022-07-26T05:56:00Z,2,SAMEA4671625,E-MTAB-6798:2583sTS.Mouse.Liver.10.5.Female,Mus musculus,female,ERP108893,CD-1,E-MTAB-6798:2583sTS.Mouse.Liver.10.5.Female
ERR2588376,10.5,RNA-Seq,101,3598338009,PRJEB26869,SAMEA4671626,ArrayExpress,2127048586,"Lausanne Genomics Technology Facility ",house mouse,public,"fastq,run.zq,sra","ena,gs,ncbi,s3","ena,gs.us-east1,ncbi.public,s3.us-east-1",embryo,2019-02-18,2018-12-30T17:01:51Z,2018-11-16,2018-05-21T17:56:00Z,ERX2604652,embryonic day 10.5,liver,SAMEA4671626,wild type genotype,The University of Heidelberg,2018-12-30T17:01:51Z,2018-05-21T17:56:00Z,public,Illumina HiSeq 2500,2648sTS.Mouse.Liver.10.5.Female_s,SINGLE,PolyA,TRANSCRIPTOMIC,liver,Mus musculus,ILLUMINA,2019-02-19T00:00:00Z,2021-10-25T02:07:00Z,2,SAMEA4671626,E-MTAB-6798:2648sTS.Mouse.Liver.10.5.Female,Mus musculus,male,ERP108893,CD-1,E-MTAB-6798:2648sTS.Mouse.Liver.10.5.Female
ERR2588377,10.5,RNA-Seq,101,3653914875,PRJEB26869,SAMEA4671627,ArrayExpress,2388905409,"Lausanne Genomics Technology Facility ",house mouse,public,"fastq,run.zq,sra","ena,gs,ncbi,s3","ena,gs.us-east1,ncbi.public,s3.us-east-1",embryo,2019-02-18,2018-12-30T17:01:51Z,2018-11-16,2018-05-21T17:56:00Z,ERX2604653,embryonic day 10.5,liver,SAMEA4671627,wild type genotype,The University of Heidelberg,2018-12-30T17:01:51Z,2018-05-21T17:56:00Z,public,Illumina HiSeq 2500,3461sTS.Mouse.Liver.10.5.Female_s,SINGLE,PolyA,TRANSCRIPTOMIC,liver,Mus musculus,ILLUMINA,2019-02-19T00:00:00Z,2022-07-17T10:05:00Z,2,SAMEA4671627,E-MTAB-6798:3461sTS.Mouse.Liver.10.5.Female,Mus musculus,female,ERP108893,CD-1,E-MTAB-6798:3461sTS.Mouse.Liver.10.5.Female
ERR2588378,10.5,RNA-Seq,101,3924351667,PRJEB26869,SAMEA4671628,ArrayExpress,2539286953,"Lausanne Genomics Technology Facility ",house mouse,public,"fastq,run.zq,sra","ena,gs,ncbi,s3","ena,gs.us-east1,ncbi.public,s3.us-east-1",embryo,2019-02-18,2018-12-30T17:01:51Z,2018-11-16,2018-05-21T17:56:00Z,ERX2604654,embryonic day 10.5,ovary,SAMEA4671628,wild type genotype,The University of Heidelberg,2018-12-30T17:01:51Z,2018-05-21T17:56:00Z,public,Illumina HiSeq 2500,3248sTS.Mouse.Ovary.10.5.Female_s,SINGLE,PolyA,TRANSCRIPTOMIC,ovary,Mus musculus,ILLUMINA,2019-02-19T00:00:00Z,2022-07-22T07:37:00Z,2,SAMEA4671628,E-MTAB-6798:3248sTS.Mouse.Ovary.10.5.Female,Mus musculus,female,ERP108893,CD-1,E-MTAB-6798:3248sTS.Mouse.Ovary.10.5.Female
ERR2588379,10.5,RNA-Seq,101,3080503434,PRJEB26869,SAMEA4671629,ArrayExpress,1999720449,"Lausanne Genomics Technology Facility ",house mouse,public,"fastq,run.zq,sra","ena,gs,ncbi,s3","ena,gs.us-east1,ncbi.public,s3.us-east-1",embryo,2019-02-18,2018-12-30T17:01:51Z,2018-11-16,2018-05-21T17:56:00Z,ERX2604655,embryonic day 10.5,ovary,SAMEA4671629,wild type genotype,The University of Heidelberg,2018-12-30T17:01:51Z,2018-05-21T17:56:00Z,public,Illumina HiSeq 2500,3251sTS.Mouse.Ovary.10.5.Female_s,SINGLE,PolyA,TRANSCRIPTOMIC,ovary,Mus musculus,ILLUMINA,2019-02-19T00:00:00Z,2021-10-25T02:04:00Z,2,SAMEA4671629,E-MTAB-6798:3251sTS.Mouse.Ovary.10.5.Female,Mus musculus,female,ERP108893,CD-1,E-MTAB-6798:3251sTS.Mouse.Ovary.10.5.Female
ERR2588380,10.5,RNA-Seq,101,3237935770,PRJEB26869,SAMEA4671630,ArrayExpress,2100964958,"Lausanne Genomics Technology Facility ",house mouse,public,"fastq,run.zq,sra","ena,gs,ncbi,s3","ena,gs.us-east1,ncbi.public,s3.us-east-1",embryo,2019-02-18,2018-12-30T17:01:51Z,2018-11-16,2018-05-21T17:56:00Z,ERX2604656,embryonic day 10.5,testis,SAMEA4671630,wild type genotype,The University of Heidelberg,2018-12-30T17:01:51Z,2018-05-21T17:56:00Z,public,Illumina HiSeq 2500,3279sTS.Mouse.Testis.10.5.Male_s,SINGLE,PolyA,TRANSCRIPTOMIC,testis,Mus musculus,ILLUMINA,2019-02-19T00:00:00Z,2021-10-25T02:11:00Z,2,SAMEA4671630,E-MTAB-6798:3279sTS.Mouse.Testis.10.5.Male,Mus musculus,male,ERP108893,CD-1,E-MTAB-6798:3279sTS.Mouse.Testis.10.5.Male
ERR2588381,10.5,RNA-Seq,101,3856931743,PRJEB26869,SAMEA4671631,ArrayExpress,2546715727,"Lausanne Genomics Technology Facility ",house mouse,public,"fastq,run.zq,sra","ena,gs,ncbi,s3","ena,gs.us-east1,ncbi.public,s3.us-east-1",embryo,2019-02-18,2018-12-30T17:01:51Z,2018-11-16,2018-05-21T17:56:00Z,ERX2604657,embryonic day 10.5,testis,SAMEA4671631,wild type genotype,The University of Heidelberg,2018-12-30T17:01:51Z,2018-05-21T17:56:00Z,public,Illumina HiSeq 2500,3368sTS.Mouse.Testis.10.5.Male_s,SINGLE,PolyA,TRANSCRIPTOMIC,testis,Mus musculus,ILLUMINA,2019-02-19T00:00:00Z,2022-07-21T12:09:00Z,2,SAMEA4671631,E-MTAB-6798:3368sTS.Mouse.Testis.10.5.Male,Mus musculus,male,ERP108893,CD-1,E-MTAB-6798:3368sTS.Mouse.Testis.10.5.Male
ERR2588382,10.5,RNA-Seq,101,3956456840,PRJEB26869,SAMEA4671632,ArrayExpress,2437200733,"Lausanne Genomics Technology Facility ",house mouse,public,"fastq,run.zq,sra","ena,gs,ncbi,s3","ena,gs.us-east1,ncbi.public,s3.us-east-1",embryo,2019-02-18,2018-12-30T17:01:51Z,2018-11-16,2018-05-21T17:56:00Z,ERX2604658,embryonic day 10.5,brain,SAMEA4671632,wild type genotype,The University of Heidelberg,2018-12-30T17:01:51Z,2018-05-21T17:56:00Z,public,Illumina HiSeq 2500,2579sTS.Mouse.Brain.10.5.Male_s,SINGLE,PolyA,TRANSCRIPTOMIC,brain,Mus musculus,ILLUMINA,2019-02-19T00:00:00Z,2022-07-19T01:11:00Z,2,SAMEA4671632,E-MTAB-6798:2579sTS.Mouse.Brain.10.5.Male,Mus musculus,male,ERP108893,CD-1,E-MTAB-6798:2579sTS.Mouse.Brain.10.5.Male
ERR2588383,10.5,RNA-Seq,101,4203859471,PRJEB26869,SAMEA4671633,ArrayExpress,2799979142,"Lausanne Genomics Technology Facility ",house mouse,public,"fastq,run.zq,sra","ena,gs,ncbi,s3","ena,gs.us-east1,ncbi.public,s3.us-east-1",embryo,2019-02-18,2018-12-30T17:01:51Z,2018-11-16,2018-05-21T17:56:00Z,ERX2604659,embryonic day 10.5,brain,SAMEA4671633,wild type genotype,The University of Heidelberg,2018-12-30T17:01:51Z,2018-05-21T17:56:00Z,public,Illumina HiSeq 2500,2580sTS.Mouse.Brain.10.5.Female_s,SINGLE,PolyA,TRANSCRIPTOMIC,brain,Mus musculus,ILLUMINA,2019-02-19T00:00:00Z,2022-07-19T15:42:00Z,2,SAMEA4671633,E-MTAB-6798:2580sTS.Mouse.Brain.10.5.Female,Mus musculus,female,ERP108893,CD-1,E-MTAB-6798:2580sTS.Mouse.Brain.10.5.Female
ERR2588384,10.5,RNA-Seq,101,3963912963,PRJEB26869,SAMEA4671634,ArrayExpress,2439810635,"Lausanne Genomics Technology Facility ",house mouse,public,"fastq,run.zq,sra","ena,gs,ncbi,s3","ena,gs.us-east1,ncbi.public,s3.us-east-1",embryo,2019-02-18,2018-12-30T17:01:51Z,2018-11-16,2018-05-21T17:56:00Z,ERX2604660,embryonic day 10.5,brain,SAMEA4671634,wild type genotype,The University of Heidelberg,2018-12-30T17:01:51Z,2018-05-21T17:56:00Z,public,Illumina HiSeq 2500,3459sTS.Mouse.Brain.10.5.Female_s,SINGLE,PolyA,TRANSCRIPTOMIC,brain,Mus musculus,ILLUMINA,2019-02-19T00:00:00Z,2022-07-26T05:56:00Z,2,SAMEA4671634,E-MTAB-6798:3459sTS.Mouse.Brain.10.5.Female,Mus musculus,female,ERP108893,CD-1,E-MTAB-6798:3459sTS.Mouse.Brain.10.5.Female
ERR2588385,11.5,RNA-Seq,101,2819257541,PRJEB26869,SAMEA4671635,ArrayExpress,1017234445,"Lausanne Genomics Technology Facility ",house mouse,public,"fastq,run.zq,sra","ena,gs,ncbi,s3","ena,gs.us-east1,ncbi.public,s3.us-east-1",embryo,2019-02-18,2018-12-30T17:01:51Z,2018-11-16,2018-05-21T17:56:00Z,ERX2604661,embryonic day 11.5,heart,SAMEA4671635,wild type genotype,The University of Heidelberg,2018-12-30T17:01:51Z,2018-05-21T17:56:00Z,public,Illumina HiSeq 2500,2622sTS.Mouse.Heart.11.5.Male_s,SINGLE,PolyA,TRANSCRIPTOMIC,heart,Mus musculus,ILLUMINA,2019-02-19T00:00:00Z,2021-10-25T01:29:00Z,2,SAMEA4671635,E-MTAB-6798:2622sTS.Mouse.Heart.11.5.Male,Mus musculus,male,ERP108893,CD-1,E-MTAB-6798:2622sTS.Mouse.Heart.11.5.Male
ERR2588386,11.5,RNA-Seq,101,2897990374,PRJEB26869,SAMEA4671636,ArrayExpress,1041175480,"Lausanne Genomics Technology Facility ",house mouse,public,"fastq,run.zq,sra","ena,gs,ncbi,s3","ena,gs.us-east1,ncbi.public,s3.us-east-1",embryo,2019-02-18,2018-12-30T17:01:51Z,2018-11-16,2018-05-21T17:56:01Z,ERX2604662,embryonic day 11.5,heart,SAMEA4671636,wild type genotype,The University of Heidelberg,2018-12-30T17:01:51Z,2018-05-21T17:56:01Z,public,Illumina HiSeq 2500,2938sTS.Mouse.Heart.11.5.Female_s,SINGLE,PolyA,TRANSCRIPTOMIC,heart,Mus musculus,ILLUMINA,2019-02-19T00:00:00Z,2021-10-25T01:51:00Z,2,SAMEA4671636,E-MTAB-6798:2938sTS.Mouse.Heart.11.5.Female,Mus musculus,female,ERP108893,CD-1,E-MTAB-6798:2938sTS.Mouse.Heart.11.5.Female
ERR2588387,11.5,RNA-Seq,101,2222288153,PRJEB26869,SAMEA4671637,ArrayExpress,794422384,"Lausanne Genomics Technology Facility ",house mouse,public,"fastq,run.zq,sra","ena,gs,ncbi,s3","ena,gs.us-east1,ncbi.public,s3.us-east-1",embryo,2019-02-18,2018-12-30T17:01:51Z,2018-11-16,2018-05-21T17:56:01Z,ERX2604663,embryonic day 11.5,heart,SAMEA4671637,wild type genotype,The University of Heidelberg,2018-12-30T17:01:51Z,2018-05-21T17:56:01Z,public,Illumina HiSeq 2500,2944sTS.Mouse.Heart.11.5.Male_s,SINGLE,PolyA,TRANSCRIPTOMIC,heart,Mus musculus,ILLUMINA,2019-02-19T00:00:00Z,2021-10-25T01:40:00Z,2,SAMEA4671637,E-MTAB-6798:2944sTS.Mouse.Heart.11.5.Male,Mus musculus,male,ERP108893,CD-1,E-MTAB-6798:2944sTS.Mouse.Heart.11.5.Male
ERR2588388,11.5,RNA-Seq,101,2502762224,PRJEB26869,SAMEA4671638,ArrayExpress,898698575,"Lausanne Genomics Technology Facility ",house mouse,public,"fastq,run.zq,sra","ena,gs,ncbi,s3","ena,gs.us-east1,ncbi.public,s3.us-east-1",embryo,2019-02-18,2018-12-30T17:01:51Z,2018-11-16,2018-05-21T17:56:01Z,ERX2604664,embryonic day 11.5,heart,SAMEA4671638,wild type genotype,The University of Heidelberg,2018-12-30T17:01:51Z,2018-05-21T17:56:01Z,public,Illumina HiSeq 2500,3031sTS.Mouse.Heart.11.5.Female_s,SINGLE,PolyA,TRANSCRIPTOMIC,heart,Mus musculus,ILLUMINA,2019-02-19T00:00:00Z,2022-07-17T19:30:00Z,2,SAMEA4671638,E-MTAB-6798:3031sTS.Mouse.Heart.11.5.Female,Mus musculus,female,ERP108893,CD-1,E-MTAB-6798:3031sTS.Mouse.Heart.11.5.Female
ERR2588389,11.5,RNA-Seq,101,2510586391,PRJEB26869,SAMEA4671639,ArrayExpress,909014245,"Lausanne Genomics Technology Facility ",house mouse,public,"fastq,run.zq,sra","ena,gs,ncbi,s3","ena,gs.us-east1,ncbi.public,s3.us-east-1",embryo,2019-02-18,2018-12-30T17:01:51Z,2018-11-16,2018-05-21T17:56:01Z,ERX2604665,embryonic day 11.5,kidney,SAMEA4671639,wild type genotype,The University of Heidelberg,2018-12-30T17:01:51Z,2018-05-21T17:56:01Z,public,Illumina HiSeq 2500,3360sTS.Mouse.Kidney.11.5.Male_s,SINGLE,PolyA,TRANSCRIPTOMIC,kidney,Mus musculus,ILLUMINA,2019-02-19T00:00:00Z,2022-07-31T23:43:00Z,2,SAMEA4671639,E-MTAB-6798:3360sTS.Mouse.Kidney.11.5.Male,Mus musculus,male,ERP108893,CD-1,E-MTAB-6798:3360sTS.Mouse.Kidney.11.5.Male
ERR2588390,11.5,RNA-Seq,101,3316890399,PRJEB26869,SAMEA4671640,ArrayExpress,1189742522,"Lausanne Genomics Technology Facility ",house mouse,public,"fastq,run.zq,sra","ena,gs,ncbi,s3","ena,gs.us-east1,ncbi.public,s3.us-east-1",embryo,2019-02-18,2018-12-30T17:01:51Z,2018-11-16,2018-05-21T17:56:01Z,ERX2604666,embryonic day 11.5,kidney,SAMEA4671640,wild type genotype,The University of Heidelberg,2018-12-30T17:01:51Z,2018-05-21T17:56:01Z,public,Illumina HiSeq 2500,3362sTS.Mouse.Kidney.11.5.Male_s,SINGLE,PolyA,TRANSCRIPTOMIC,kidney,Mus musculus,ILLUMINA,2019-02-19T00:00:00Z,2022-07-26T05:54:00Z,2,SAMEA4671640,E-MTAB-6798:3362sTS.Mouse.Kidney.11.5.Male,Mus musculus,male,ERP108893,CD-1,E-MTAB-6798:3362sTS.Mouse.Kidney.11.5.Male
ERR2588391,11.5,RNA-Seq,101,3452794585,PRJEB26869,SAMEA4671641,ArrayExpress,2252303162,"Lausanne Genomics Technology Facility ",house mouse,public,"fastq,run.zq,sra","ena,gs,ncbi,s3","ena,gs.us-east1,ncbi.public,s3.us-east-1",embryo,2019-02-18,2018-12-30T17:01:51Z,2018-11-16,2018-05-21T17:56:01Z,ERX2604667,embryonic day 11.5,kidney,SAMEA4671641,wild type genotype,The University of Heidelberg,2018-12-30T17:01:51Z,2018-05-21T17:56:01Z,public,Illumina HiSeq 2500,3364sTS.Mouse.Kidney.11.5.Female_s,SINGLE,PolyA,TRANSCRIPTOMIC,kidney,Mus musculus,ILLUMINA,2019-02-19T00:00:00Z,2022-07-26T05:55:00Z,2,SAMEA4671641,E-MTAB-6798:3364sTS.Mouse.Kidney.11.5.Female,Mus musculus,female,ERP108893,CD-1,E-MTAB-6798:3364sTS.Mouse.Kidney.11.5.Female
ERR2588392,11.5,RNA-Seq,101,2519112003,PRJEB26869,SAMEA4671642,ArrayExpress,903258364,"Lausanne Genomics Technology Facility ",house mouse,public,"fastq,run.zq,sra","ena,gs,ncbi,s3","ena,gs.us-east1,ncbi.public,s3.us-east-1",embryo,2019-02-18,2018-12-30T17:01:51Z,2018-11-16,2018-05-21T17:56:01Z,ERX2604668,embryonic day 11.5,kidney,SAMEA4671642,wild type genotype,The University of Heidelberg,2018-12-30T17:01:51Z,2018-05-21T17:56:01Z,public,Illumina HiSeq 2500,3366sTS.Mouse.Kidney.11.5.Female_s,SINGLE,PolyA,TRANSCRIPTOMIC,kidney,Mus musculus,ILLUMINA,2019-02-19T00:00:00Z,2021-10-25T01:48:00Z,2,SAMEA4671642,E-MTAB-6798:3366sTS.Mouse.Kidney.11.5.Female,Mus musculus,female,ERP108893,CD-1,E-MTAB-6798:3366sTS.Mouse.Kidney.11.5.Female
ERR2588393,11.5,RNA-Seq,101,5092426363,PRJEB26869,SAMEA4671643,ArrayExpress,3313711197,"Lausanne Genomics Technology Facility ",house mouse,public,"fastq,run.zq,sra","ena,gs,ncbi,s3","ena,gs.us-east1,ncbi.public,s3.us-east-1",embryo,2019-02-18,2018-12-30T17:01:51Z,2018-11-16,2018-05-21T17:56:01Z,ERX2604669,embryonic day 11.5,liver,SAMEA4671643,wild type genotype,The University of Heidelberg,2018-12-30T17:01:51Z,2018-05-21T17:56:01Z,public,Illumina HiSeq 2500,2623sTS.Mouse.Liver.11.5.Male_s,SINGLE,PolyA,TRANSCRIPTOMIC,liver,Mus musculus,ILLUMINA,2019-02-19T00:00:00Z,2022-07-17T10:11:00Z,2,SAMEA4671643,E-MTAB-6798:2623sTS.Mouse.Liver.11.5.Male,Mus musculus,male,ERP108893,CD-1,E-MTAB-6798:2623sTS.Mouse.Liver.11.5.Male
ERR2588394,11.5,RNA-Seq,101,3510933215,PRJEB26869,SAMEA4671644,ArrayExpress,2296248393,"Lausanne Genomics Technology Facility ",house mouse,public,"fastq,run.zq,sra","ena,gs,ncbi,s3","ena,gs.us-east1,ncbi.public,s3.us-east-1",embryo,2019-02-18,2018-12-30T17:01:51Z,2018-11-16,2018-05-21T17:56:01Z,ERX2604670,embryonic day 11.5,liver,SAMEA4671644,wild type genotype,The University of Heidelberg,2018-12-30T17:01:51Z,2018-05-21T17:56:01Z,public,Illumina HiSeq 2500,2626sTS.Mouse.Liver.11.5.Male_s,SINGLE,PolyA,TRANSCRIPTOMIC,liver,Mus musculus,ILLUMINA,2019-02-19T00:00:00Z,2022-07-17T10:05:00Z,2,SAMEA4671644,E-MTAB-6798:2626sTS.Mouse.Liver.11.5.Male,Mus musculus,male,ERP108893,CD-1,E-MTAB-6798:2626sTS.Mouse.Liver.11.5.Male
ERR2588395,11.5,RNA-Seq,101,3473300918,PRJEB26869,SAMEA4671645,ArrayExpress,2265256658,"Lausanne Genomics Technology Facility ",house mouse,public,"fastq,run.zq,sra","ena,gs,ncbi,s3","ena,gs.us-east1,ncbi.public,s3.us-east-1",embryo,2019-02-18,2018-12-30T17:01:51Z,2018-11-16,2018-05-21T17:56:01Z,ERX2604671,embryonic day 11.5,liver,SAMEA4671645,wild type genotype,The University of Heidelberg,2018-12-30T17:01:51Z,2018-05-21T17:56:01Z,public,Illumina HiSeq 2500,2943sTS.Mouse.Liver.11.5.Male_s,SINGLE,PolyA,TRANSCRIPTOMIC,liver,Mus musculus,ILLUMINA,2019-02-19T00:00:00Z,2021-10-25T02:04:00Z,2,SAMEA4671645,E-MTAB-6798:2943sTS.Mouse.Liver.11.5.Male,Mus musculus,male,ERP108893,CD-1,E-MTAB-6798:2943sTS.Mouse.Liver.11.5.Male
ERR2588396,11.5,RNA-Seq,101,3362603807,PRJEB26869,SAMEA4671646,ArrayExpress,2174090059,"Lausanne Genomics Technology Facility ",house mouse,public,"fastq,run.zq,sra","ena,gs,ncbi,s3","ena,gs.us-east1,ncbi.public,s3.us-east-1",embryo,2019-02-18,2018-12-30T17:01:51Z,2018-11-16,2018-05-21T17:56:01Z,ERX2604672,embryonic day 11.5,liver,SAMEA4671646,wild type genotype,The University of Heidelberg,2018-12-30T17:01:51Z,2018-05-21T17:56:01Z,public,Illumina HiSeq 2500,3034sTS.Mouse.Liver.11.5.Male_s,SINGLE,PolyA,TRANSCRIPTOMIC,liver,Mus musculus,ILLUMINA,2019-02-19T00:00:00Z,2022-07-14T06:49:00Z,2,SAMEA4671646,E-MTAB-6798:3034sTS.Mouse.Liver.11.5.Male,Mus musculus,male,ERP108893,CD-1,E-MTAB-6798:3034sTS.Mouse.Liver.11.5.Male
ERR2588397,11.5,RNA-Seq,101,2998897757,PRJEB26869,SAMEA4671647,ArrayExpress,1189891345,"Lausanne Genomics Technology Facility ",house mouse,public,"fastq,run.zq,sra","ena,gs,ncbi,s3","ena,gs.us-east1,ncbi.public,s3.us-east-1",embryo,2019-02-18,2018-12-30T17:01:51Z,2018-11-16,2018-05-21T17:56:01Z,ERX2604673,embryonic day 11.5,liver,SAMEA4671647,wild type genotype,The University of Heidelberg,2018-12-30T17:01:51Z,2018-05-21T17:56:01Z,public,Illumina HiSeq 2500,5603sTS.Mouse.Liver.11.5.Female_s,SINGLE,PolyA,TRANSCRIPTOMIC,liver,Mus musculus,ILLUMINA,2019-02-19T00:00:00Z,2022-07-15T18:14:00Z,2,SAMEA4671647,E-MTAB-6798:5603sTS.Mouse.Liver.11.5.Female,Mus musculus,female,ERP108893,CD-1,E-MTAB-6798:5603sTS.Mouse.Liver.11.5.Female
ERR2588398,11.5,RNA-Seq,101,4640810721,PRJEB26869,SAMEA4671648,ArrayExpress,3070607390,"Lausanne Genomics Technology Facility ",house mouse,public,"fastq,run.zq,sra","ena,gs,ncbi,s3","ena,gs.us-east1,ncbi.public,s3.us-east-1",embryo,2019-02-18,2018-12-30T17:01:51Z,2018-11-16,2018-05-21T17:56:01Z,ERX2604674,embryonic day 11.5,ovary,SAMEA4671648,wild type genotype,The University of Heidelberg,2018-12-30T17:01:51Z,2018-05-21T17:56:01Z,public,Illumina HiSeq 2500,3365sTS.Mouse.Ovary.11.5.Female_s,SINGLE,PolyA,TRANSCRIPTOMIC,ovary,Mus musculus,ILLUMINA,2019-02-19T00:00:00Z,2021-10-25T02:12:00Z,2,SAMEA4671648,E-MTAB-6798:3365sTS.Mouse.Ovary.11.5.Female,Mus musculus,female,ERP108893,CD-1,E-MTAB-6798:3365sTS.Mouse.Ovary.11.5.Female
ERR2588399,11.5,RNA-Seq,101,4335083620,PRJEB26869,SAMEA4671649,ArrayExpress,2844496758,"Lausanne Genomics Technology Facility ",house mouse,public,"fastq,run.zq,sra","ena,gs,ncbi,s3","ena,gs.us-east1,ncbi.public,s3.us-east-1",embryo,2019-02-18,2018-12-30T17:01:51Z,2018-11-16,2018-05-21T17:56:01Z,ERX2604675,embryonic day 11.5,ovary,SAMEA4671649,wild type genotype,The University of Heidelberg,2018-12-30T17:01:51Z,2018-05-21T17:56:01Z,public,Illumina HiSeq 2500,3367sTS.Mouse.Ovary.11.5.Female_s,SINGLE,PolyA,TRANSCRIPTOMIC,ovary,Mus musculus,ILLUMINA,2019-02-19T00:00:00Z,2021-10-25T02:14:00Z,2,SAMEA4671649,E-MTAB-6798:3367sTS.Mouse.Ovary.11.5.Female,Mus musculus,female,ERP108893,CD-1,E-MTAB-6798:3367sTS.Mouse.Ovary.11.5.Female
ERR2588400,11.5,RNA-Seq,101,3419107752,PRJEB26869,SAMEA4671650,ArrayExpress,2232600041,"Lausanne Genomics Technology Facility ",house mouse,public,"fastq,run.zq,sra","ena,gs,ncbi,s3","ena,gs.us-east1,ncbi.public,s3.us-east-1",embryo,2019-02-18,2018-12-30T17:01:51Z,2018-11-16,2018-05-21T17:56:01Z,ERX2604676,embryonic day 11.5,testis,SAMEA4671650,wild type genotype,The University of Heidelberg,2018-12-30T17:01:51Z,2018-05-21T17:56:01Z,public,Illumina HiSeq 2500,3361sTS.Mouse.Testis.11.5.Male_s,SINGLE,PolyA,TRANSCRIPTOMIC,testis,Mus musculus,ILLUMINA,2019-02-19T00:00:00Z,2022-07-26T05:47:00Z,2,SAMEA4671650,E-MTAB-6798:3361sTS.Mouse.Testis.11.5.Male,Mus musculus,male,ERP108893,CD-1,E-MTAB-6798:3361sTS.Mouse.Testis.11.5.Male
ERR2588401,11.5,RNA-Seq,101,2926771334,PRJEB26869,SAMEA4671651,ArrayExpress,1932216568,"Lausanne Genomics Technology Facility ",house mouse,public,"fastq,run.zq,sra","ena,gs,ncbi,s3","ena,gs.us-east1,ncbi.public,s3.us-east-1",embryo,2019-02-18,2018-12-30T17:01:51Z,2018-11-16,2018-05-21T17:56:01Z,ERX2604677,embryonic day 11.5,testis,SAMEA4671651,wild type genotype,The University of Heidelberg,2018-12-30T17:01:51Z,2018-05-21T17:56:01Z,public,Illumina HiSeq 2500,3363sTS.Mouse.Testis.11.5.Male_s,SINGLE,PolyA,TRANSCRIPTOMIC,testis,Mus musculus,ILLUMINA,2019-02-19T00:00:00Z,2022-07-26T05:57:00Z,2,SAMEA4671651,E-MTAB-6798:3363sTS.Mouse.Testis.11.5.Male,Mus musculus,male,ERP108893,CD-1,E-MTAB-6798:3363sTS.Mouse.Testis.11.5.Male
ERR2588402,11.5,RNA-Seq,101,4075505944,PRJEB26869,SAMEA4671652,ArrayExpress,2740961049,"Lausanne Genomics Technology Facility ",house mouse,public,"fastq,run.zq,sra","ena,gs,ncbi,s3","ena,gs.us-east1,ncbi.public,s3.us-east-1",embryo,2019-02-18,2018-12-30T17:01:51Z,2018-11-16,2018-05-21T17:56:01Z,ERX2604678,embryonic day 11.5,brain,SAMEA4671652,wild type genotype,The University of Heidelberg,2018-12-30T17:01:51Z,2018-05-21T17:56:01Z,public,Illumina HiSeq 2500,2621sTS.Mouse.Brain.11.5.Male_s,SINGLE,PolyA,TRANSCRIPTOMIC,brain,Mus musculus,ILLUMINA,2019-02-19T00:00:00Z,2022-07-15T21:47:00Z,2,SAMEA4671652,E-MTAB-6798:2621sTS.Mouse.Brain.11.5.Male,Mus musculus,male,ERP108893,CD-1,E-MTAB-6798:2621sTS.Mouse.Brain.11.5.Male
ERR2588403,11.5,RNA-Seq,101,4244822950,PRJEB26869,SAMEA4671653,ArrayExpress,2855326670,"Lausanne Genomics Technology Facility ",house mouse,public,"fastq,run.zq,sra","ena,gs,ncbi,s3","ena,gs.us-east1,ncbi.public,s3.us-east-1",embryo,2019-02-18,2018-12-30T17:01:51Z,2018-11-16,2018-05-21T17:56:01Z,ERX2604679,embryonic day 11.5,brain,SAMEA4671653,wild type genotype,The University of Heidelberg,2018-12-30T17:01:51Z,2018-05-21T17:56:01Z,public,Illumina HiSeq 2500,2624sTS.Mouse.Brain.11.5.Male_s,SINGLE,PolyA,TRANSCRIPTOMIC,brain,Mus musculus,ILLUMINA,2019-02-19T00:00:00Z,2021-10-25T02:12:00Z,2,SAMEA4671653,E-MTAB-6798:2624sTS.Mouse.Brain.11.5.Male,Mus musculus,male,ERP108893,CD-1,E-MTAB-6798:2624sTS.Mouse.Brain.11.5.Male
ERR2588404,11.5,RNA-Seq,101,3723618409,PRJEB26869,SAMEA4671654,ArrayExpress,2476940725,"Lausanne Genomics Technology Facility ",house mouse,public,"fastq,run.zq,sra","ena,gs,ncbi,s3","ena,gs.us-east1,ncbi.public,s3.us-east-1",embryo,2019-02-18,2018-12-30T17:01:51Z,2018-11-16,2018-05-21T17:56:01Z,ERX2604680,embryonic day 11.5,brain,SAMEA4671654,wild type genotype,The University of Heidelberg,2018-12-30T17:01:51Z,2018-05-21T17:56:01Z,public,Illumina HiSeq 2500,2937sTS.Mouse.Brain.11.5.Female_s,SINGLE,PolyA,TRANSCRIPTOMIC,brain,Mus musculus,ILLUMINA,2019-02-19T00:00:00Z,2021-10-25T02:09:00Z,2,SAMEA4671654,E-MTAB-6798:2937sTS.Mouse.Brain.11.5.Female,Mus musculus,female,ERP108893,CD-1,E-MTAB-6798:2937sTS.Mouse.Brain.11.5.Female
ERR2588405,11.5,RNA-Seq,101,3815894231,PRJEB26869,SAMEA4671655,ArrayExpress,2562810834,"Lausanne Genomics Technology Facility ",house mouse,public,"fastq,run.zq,sra","ena,gs,ncbi,s3","ena,gs.us-east1,ncbi.public,s3.us-east-1",embryo,2019-02-18,2018-12-30T17:01:51Z,2018-11-16,2018-05-21T17:56:01Z,ERX2604681,embryonic day 11.5,brain,SAMEA4671655,wild type genotype,The University of Heidelberg,2018-12-30T17:01:51Z,2018-05-21T17:56:01Z,public,Illumina HiSeq 2500,3096sTS.Mouse.Brain.11.5.Male_s,SINGLE,PolyA,TRANSCRIPTOMIC,brain,Mus musculus,ILLUMINA,2019-02-19T00:00:00Z,2022-07-14T10:06:00Z,2,SAMEA4671655,E-MTAB-6798:3096sTS.Mouse.Brain.11.5.Male,Mus musculus,female,ERP108893,CD-1,E-MTAB-6798:3096sTS.Mouse.Brain.11.5.Male
ERR2588406,12.5,RNA-Seq,101,3435810122,PRJEB26869,SAMEA4671656,ArrayExpress,2229057600,"Lausanne Genomics Technology Facility ",house mouse,public,"fastq,run.zq,sra","ena,gs,ncbi,s3","ena,gs.us-east1,ncbi.public,s3.us-east-1",embryo,2019-02-18,2018-12-30T17:01:51Z,2018-11-16,2018-05-21T17:56:01Z,ERX2604682,embryonic day 12.5,heart,SAMEA4671656,wild type genotype,The University of Heidelberg,2018-12-30T17:01:51Z,2018-05-21T17:56:01Z,public,Illumina HiSeq 2500,3036sTS.Mouse.Heart.12.5.Male_s,SINGLE,PolyA,TRANSCRIPTOMIC,heart,Mus musculus,ILLUMINA,2019-02-19T00:00:00Z,2022-07-19T01:05:00Z,2,SAMEA4671656,E-MTAB-6798:3036sTS.Mouse.Heart.12.5.Male,Mus musculus,male,ERP108893,CD-1,E-MTAB-6798:3036sTS.Mouse.Heart.12.5.Male
ERR2588407,12.5,RNA-Seq,101,2924008883,PRJEB26869,SAMEA4671657,ArrayExpress,1051907107,"Lausanne Genomics Technology Facility ",house mouse,public,"fastq,run.zq,sra","ena,gs,ncbi,s3","ena,gs.us-east1,ncbi.public,s3.us-east-1",embryo,2019-02-18,2018-12-30T17:01:51Z,2018-11-16,2018-05-21T17:56:01Z,ERX2604683,embryonic day 12.5,heart,SAMEA4671657,wild type genotype,The University of Heidelberg,2018-12-30T17:01:51Z,2018-05-21T17:56:01Z,public,Illumina HiSeq 2500,3041sTS.Mouse.Heart.12.5.Male_s,SINGLE,PolyA,TRANSCRIPTOMIC,heart,Mus musculus,ILLUMINA,2019-02-19T00:00:00Z,2022-07-26T05:54:00Z,2,SAMEA4671657,E-MTAB-6798:3041sTS.Mouse.Heart.12.5.Male,Mus musculus,male,ERP108893,CD-1,E-MTAB-6798:3041sTS.Mouse.Heart.12.5.Male
ERR2588408,12.5,RNA-Seq,101,2524750934,PRJEB26869,SAMEA4671658,ArrayExpress,905609079,"Lausanne Genomics Technology Facility ",house mouse,public,"fastq,run.zq,sra","ena,gs,ncbi,s3","ena,gs.us-east1,ncbi.public,s3.us-east-1",embryo,2019-02-18,2018-12-30T17:01:51Z,2018-11-16,2018-05-21T17:56:01Z,ERX2604684,embryonic day 12.5,heart,SAMEA4671658,wild type genotype,The University of Heidelberg,2018-12-30T17:01:51Z,2018-05-21T17:56:01Z,public,Illumina HiSeq 2500,3502sTS.Mouse.Heart.12.5.Female_s,SINGLE,PolyA,TRANSCRIPTOMIC,heart,Mus musculus,ILLUMINA,2019-02-19T00:00:00Z,2022-07-19T15:35:00Z,2,SAMEA4671658,E-MTAB-6798:3502sTS.Mouse.Heart.12.5.Female,Mus musculus,female,ERP108893,CD-1,E-MTAB-6798:3502sTS.Mouse.Heart.12.5.Female
ERR2588409,12.5,RNA-Seq,101,2505073104,PRJEB26869,SAMEA4671659,ArrayExpress,895017392,"Lausanne Genomics Technology Facility ",house mouse,public,"fastq,run.zq,sra","ena,gs,ncbi,s3","ena,gs.us-east1,ncbi.public,s3.us-east-1",embryo,2019-02-18,2018-12-30T17:01:51Z,2018-11-16,2018-05-21T17:56:01Z,ERX2604685,embryonic day 12.5,heart,SAMEA4671659,wild type genotype,The University of Heidelberg,2018-12-30T17:01:51Z,2018-05-21T17:56:01Z,public,Illumina HiSeq 2500,5027sTS.Mouse.Heart.12.5.Female_s,SINGLE,PolyA,TRANSCRIPTOMIC,heart,Mus musculus,ILLUMINA,2019-02-19T00:00:00Z,2022-07-26T05:54:00Z,2,SAMEA4671659,E-MTAB-6798:5027sTS.Mouse.Heart.12.5.Female,Mus musculus,female,ERP108893,CD-1,E-MTAB-6798:5027sTS.Mouse.Heart.12.5.Female
ERR2588410,12.5,RNA-Seq,101,3454944067,PRJEB26869,SAMEA4671660,ArrayExpress,2263567879,"Lausanne Genomics Technology Facility ",house mouse,public,"fastq,run.zq,sra","ena,gs,ncbi,s3","ena,gs.us-east1,ncbi.public,s3.us-east-1",embryo,2019-02-18,2018-12-30T17:01:51Z,2018-11-16,2018-05-21T17:56:01Z,ERX2604686,embryonic day 12.5,kidney,SAMEA4671660,wild type genotype,The University of Heidelberg,2018-12-30T17:01:51Z,2018-05-21T17:56:01Z,public,Illumina HiSeq 2500,3280sTS.Mouse.Kidney.12.5.Male_s,SINGLE,PolyA,TRANSCRIPTOMIC,kidney,Mus musculus,ILLUMINA,2019-02-19T00:00:00Z,2022-07-26T05:58:00Z,2,SAMEA4671660,E-MTAB-6798:3280sTS.Mouse.Kidney.12.5.Male,Mus musculus,male,ERP108893,CD-1,E-MTAB-6798:3280sTS.Mouse.Kidney.12.5.Male
ERR2588411,12.5,RNA-Seq,101,3390957335,PRJEB26869,SAMEA4671661,ArrayExpress,2224172134,"Lausanne Genomics Technology Facility ",house mouse,public,"fastq,run.zq,sra","ena,gs,ncbi,s3","ena,gs.us-east1,ncbi.public,s3.us-east-1",embryo,2019-02-18,2018-12-30T17:01:52Z,2018-11-16,2018-05-21T17:56:02Z,ERX2604687,embryonic day 12.5,kidney,SAMEA4671661,wild type genotype,The University of Heidelberg,2018-12-30T17:01:52Z,2018-05-21T17:56:02Z,public,Illumina HiSeq 2500,3282sTS.Mouse.Kidney.12.5.Female_s,SINGLE,PolyA,TRANSCRIPTOMIC,kidney,Mus musculus,ILLUMINA,2019-02-19T00:00:00Z,2022-07-26T05:57:00Z,2,SAMEA4671661,E-MTAB-6798:3282sTS.Mouse.Kidney.12.5.Female,Mus musculus,female,ERP108893,CD-1,E-MTAB-6798:3282sTS.Mouse.Kidney.12.5.Female
ERR2588412,12.5,RNA-Seq,101,4750758614,PRJEB26869,SAMEA4671662,ArrayExpress,1700501275,"Lausanne Genomics Technology Facility ",house mouse,public,"fastq,run.zq,sra","ena,gs,ncbi,s3","ena,gs.us-east1,ncbi.public,s3.us-east-1",embryo,2019-02-18,2018-12-30T17:01:52Z,2018-11-16,2018-05-21T17:56:02Z,ERX2604688,embryonic day 12.5,kidney,SAMEA4671662,wild type genotype,The University of Heidelberg,2018-12-30T17:01:52Z,2018-05-21T17:56:02Z,public,Illumina HiSeq 2500,3284sTS.Mouse.Kidney.12.5.Male_s,SINGLE,PolyA,TRANSCRIPTOMIC,kidney,Mus musculus,ILLUMINA,2019-02-19T00:00:00Z,2022-07-26T05:58:00Z,2,SAMEA4671662,E-MTAB-6798:3284sTS.Mouse.Kidney.12.5.Male,Mus musculus,male,ERP108893,CD-1,E-MTAB-6798:3284sTS.Mouse.Kidney.12.5.Male
ERR2588413,12.5,RNA-Seq,101,3191885628,PRJEB26869,SAMEA4671663,ArrayExpress,1149818460,"Lausanne Genomics Technology Facility ",house mouse,public,"fastq,run.zq,sra","ena,gs,ncbi,s3","ena,gs.us-east1,ncbi.public,s3.us-east-1",embryo,2019-02-18,2018-12-30T17:01:52Z,2018-11-16,2018-05-21T17:56:02Z,ERX2604689,embryonic day 12.5,kidney,SAMEA4671663,wild type genotype,The University of Heidelberg,2018-12-30T17:01:52Z,2018-05-21T17:56:02Z,public,Illumina HiSeq 2500,3286sTS.Mouse.Kidney.12.5.Female_s,SINGLE,PolyA,TRANSCRIPTOMIC,kidney,Mus musculus,ILLUMINA,2019-02-19T00:00:00Z,2022-07-13T21:42:00Z,2,SAMEA4671663,E-MTAB-6798:3286sTS.Mouse.Kidney.12.5.Female,Mus musculus,female,ERP108893,CD-1,E-MTAB-6798:3286sTS.Mouse.Kidney.12.5.Female
ERR2588414,12.5,RNA-Seq,101,3336661250,PRJEB26869,SAMEA4671664,ArrayExpress,2157353107,"Lausanne Genomics Technology Facility ",house mouse,public,"fastq,run.zq,sra","ena,gs,ncbi,s3","ena,gs.us-east1,ncbi.public,s3.us-east-1",embryo,2019-02-18,2018-12-30T17:01:52Z,2018-11-16,2018-05-21T17:56:02Z,ERX2604690,embryonic day 12.5,liver,SAMEA4671664,wild type genotype,The University of Heidelberg,2018-12-30T17:01:52Z,2018-05-21T17:56:02Z,public,Illumina HiSeq 2500,3037sTS.Mouse.Liver.12.5.Male_s,SINGLE,PolyA,TRANSCRIPTOMIC,liver,Mus musculus,ILLUMINA,2019-02-19T00:00:00Z,2021-10-25T01:32:00Z,2,SAMEA4671664,E-MTAB-6798:3037sTS.Mouse.Liver.12.5.Male,Mus musculus,male,ERP108893,CD-1,E-MTAB-6798:3037sTS.Mouse.Liver.12.5.Male
ERR2588415,12.5,RNA-Seq,101,4363459671,PRJEB26869,SAMEA4671665,ArrayExpress,2815288862,"Lausanne Genomics Technology Facility ",house mouse,public,"fastq,run.zq,sra","ena,gs,ncbi,s3","ena,gs.us-east1,ncbi.public,s3.us-east-1",embryo,2019-02-18,2018-12-30T17:01:52Z,2018-11-16,2018-05-21T17:56:02Z,ERX2604691,embryonic day 12.5,liver,SAMEA4671665,wild type genotype,The University of Heidelberg,2018-12-30T17:01:52Z,2018-05-21T17:56:02Z,public,Illumina HiSeq 2500,3039sTS.Mouse.Liver.12.5.Female_s,SINGLE,PolyA,TRANSCRIPTOMIC,liver,Mus musculus,ILLUMINA,2019-02-19T00:00:00Z,2022-07-26T05:58:00Z,2,SAMEA4671665,E-MTAB-6798:3039sTS.Mouse.Liver.12.5.Female,Mus musculus,female,ERP108893,CD-1,E-MTAB-6798:3039sTS.Mouse.Liver.12.5.Female
ERR2588416,12.5,RNA-Seq,101,4310918764,PRJEB26869,SAMEA4671666,ArrayExpress,2783654844,"Lausanne Genomics Technology Facility ",house mouse,public,"fastq,run.zq,sra","ena,gs,ncbi,s3","ena,gs.us-east1,ncbi.public,s3.us-east-1",embryo,2019-02-18,2018-12-30T17:01:52Z,2018-11-16,2018-05-21T17:56:02Z,ERX2604692,embryonic day 12.5,liver,SAMEA4671666,wild type genotype,The University of Heidelberg,2018-12-30T17:01:52Z,2018-05-21T17:56:02Z,public,Illumina HiSeq 2500,3042sTS.Mouse.Liver.12.5.Male_s,SINGLE,PolyA,TRANSCRIPTOMIC,liver,Mus musculus,ILLUMINA,2019-02-19T00:00:00Z,2022-07-15T18:19:00Z,2,SAMEA4671666,E-MTAB-6798:3042sTS.Mouse.Liver.12.5.Male,Mus musculus,male,ERP108893,CD-1,E-MTAB-6798:3042sTS.Mouse.Liver.12.5.Male
ERR2588417,12.5,RNA-Seq,101,3420768394,PRJEB26869,SAMEA4671667,ArrayExpress,2215647529,"Lausanne Genomics Technology Facility ",house mouse,public,"fastq,run.zq,sra","ena,gs,ncbi,s3","ena,gs.us-east1,ncbi.public,s3.us-east-1",embryo,2019-02-18,2018-12-30T17:01:52Z,2018-11-16,2018-05-21T17:56:02Z,ERX2604693,embryonic day 12.5,liver,SAMEA4671667,wild type genotype,The University of Heidelberg,2018-12-30T17:01:52Z,2018-05-21T17:56:02Z,public,Illumina HiSeq 2500,3044sTS.Mouse.Liver.12.5.Female_s,SINGLE,PolyA,TRANSCRIPTOMIC,liver,Mus musculus,ILLUMINA,2019-02-19T00:00:00Z,2021-10-25T02:10:00Z,2,SAMEA4671667,E-MTAB-6798:3044sTS.Mouse.Liver.12.5.Female,Mus musculus,female,ERP108893,CD-1,E-MTAB-6798:3044sTS.Mouse.Liver.12.5.Female
ERR2588418,12.5,RNA-Seq,101,3239599442,PRJEB26869,SAMEA4671668,ArrayExpress,2133866696,"Lausanne Genomics Technology Facility ",house mouse,public,"fastq,run.zq,sra","ena,gs,ncbi,s3","ena,gs.us-east1,ncbi.public,s3.us-east-1",embryo,2019-02-18,2018-12-30T17:01:52Z,2018-11-16,2018-05-21T17:56:02Z,ERX2604694,embryonic day 12.5,ovary,SAMEA4671668,wild type genotype,The University of Heidelberg,2018-12-30T17:01:52Z,2018-05-21T17:56:02Z,public,Illumina HiSeq 2500,3283sTS.Mouse.Ovary.12.5.Female_s,SINGLE,PolyA,TRANSCRIPTOMIC,ovary,Mus musculus,ILLUMINA,2019-02-19T00:00:00Z,2022-07-26T05:55:00Z,2,SAMEA4671668,E-MTAB-6798:3283sTS.Mouse.Ovary.12.5.Female,Mus musculus,female,ERP108893,CD-1,E-MTAB-6798:3283sTS.Mouse.Ovary.12.5.Female
ERR2588419,12.5,RNA-Seq,101,2935750840,PRJEB26869,SAMEA4671669,ArrayExpress,1903097839,"Lausanne Genomics Technology Facility ",house mouse,public,"fastq,run.zq,sra","ena,gs,ncbi,s3","ena,gs.us-east1,ncbi.public,s3.us-east-1",embryo,2019-02-18,2018-12-30T17:01:52Z,2018-11-16,2018-05-21T17:56:02Z,ERX2604695,embryonic day 12.5,ovary,SAMEA4671669,wild type genotype,The University of Heidelberg,2018-12-30T17:01:52Z,2018-05-21T17:56:02Z,public,Illumina HiSeq 2500,3287sTS.Mouse.Ovary.12.5.Female_s,SINGLE,PolyA,TRANSCRIPTOMIC,ovary,Mus musculus,ILLUMINA,2019-02-19T00:00:00Z,2022-07-14T06:25:00Z,2,SAMEA4671669,E-MTAB-6798:3287sTS.Mouse.Ovary.12.5.Female,Mus musculus,female,ERP108893,CD-1,E-MTAB-6798:3287sTS.Mouse.Ovary.12.5.Female
ERR2588420,12.5,RNA-Seq,101,3083564643,PRJEB26869,SAMEA4671670,ArrayExpress,1989537805,"Lausanne Genomics Technology Facility ",house mouse,public,"fastq,run.zq,sra","ena,gs,ncbi,s3","ena,gs.us-east1,ncbi.public,s3.us-east-1",embryo,2019-02-18,2018-12-30T17:01:52Z,2018-11-16,2018-05-21T17:56:02Z,ERX2604696,embryonic day 12.5,testis,SAMEA4671670,wild type genotype,The University of Heidelberg,2018-12-30T17:01:52Z,2018-05-21T17:56:02Z,public,Illumina HiSeq 2500,3281sTS.Mouse.Testis.12.5.Male_s,SINGLE,PolyA,TRANSCRIPTOMIC,testis,Mus musculus,ILLUMINA,2019-02-19T00:00:00Z,2022-07-17T10:04:00Z,2,SAMEA4671670,E-MTAB-6798:3281sTS.Mouse.Testis.12.5.Male,Mus musculus,male,ERP108893,CD-1,E-MTAB-6798:3281sTS.Mouse.Testis.12.5.Male
ERR2588421,12.5,RNA-Seq,101,3119551953,PRJEB26869,SAMEA4671671,ArrayExpress,2031123675,"Lausanne Genomics Technology Facility ",house mouse,public,"fastq,run.zq,sra","ena,gs,ncbi,s3","ena,gs.us-east1,ncbi.public,s3.us-east-1",embryo,2019-02-18,2018-12-30T17:01:52Z,2018-11-16,2018-05-21T17:56:02Z,ERX2604697,embryonic day 12.5,testis,SAMEA4671671,wild type genotype,The University of Heidelberg,2018-12-30T17:01:52Z,2018-05-21T17:56:02Z,public,Illumina HiSeq 2500,3285sTS.Mouse.Testis.12.5.Male_s,SINGLE,PolyA,TRANSCRIPTOMIC,testis,Mus musculus,ILLUMINA,2019-02-19T00:00:00Z,2022-07-26T05:56:00Z,2,SAMEA4671671,E-MTAB-6798:3285sTS.Mouse.Testis.12.5.Male,Mus musculus,male,ERP108893,CD-1,E-MTAB-6798:3285sTS.Mouse.Testis.12.5.Male
ERR2588422,12.5,RNA-Seq,101,4230493777,PRJEB26869,SAMEA4671672,ArrayExpress,2830076862,"Lausanne Genomics Technology Facility ",house mouse,public,"fastq,run.zq,sra","ena,gs,ncbi,s3","ena,gs.us-east1,ncbi.public,s3.us-east-1",embryo,2019-02-18,2018-12-30T17:01:52Z,2018-11-16,2018-05-21T17:56:02Z,ERX2604698,embryonic day 12.5,brain,SAMEA4671672,wild type genotype,The University of Heidelberg,2018-12-30T17:01:52Z,2018-05-21T17:56:02Z,public,Illumina HiSeq 2500,2945sTS.Mouse.Brain.12.5.Male_s,SINGLE,PolyA,TRANSCRIPTOMIC,brain,Mus musculus,ILLUMINA,2019-02-19T00:00:00Z,2022-07-15T21:54:00Z,2,SAMEA4671672,E-MTAB-6798:2945sTS.Mouse.Brain.12.5.Male,Mus musculus,male,ERP108893,CD-1,E-MTAB-6798:2945sTS.Mouse.Brain.12.5.Male
ERR2588423,12.5,RNA-Seq,101,3978042560,PRJEB26869,SAMEA4671673,ArrayExpress,2664508471,"Lausanne Genomics Technology Facility ",house mouse,public,"fastq,run.zq,sra","ena,gs,ncbi,s3","ena,gs.us-east1,ncbi.public,s3.us-east-1",embryo,2019-02-18,2018-12-30T17:01:52Z,2018-11-16,2018-05-21T17:56:02Z,ERX2604699,embryonic day 12.5,brain,SAMEA4671673,wild type genotype,The University of Heidelberg,2018-12-30T17:01:52Z,2018-05-21T17:56:02Z,public,Illumina HiSeq 2500,3038sTS.Mouse.Brain.12.5.Female_s,SINGLE,PolyA,TRANSCRIPTOMIC,brain,Mus musculus,ILLUMINA,2019-02-19T00:00:00Z,2022-07-26T05:57:00Z,2,SAMEA4671673,E-MTAB-6798:3038sTS.Mouse.Brain.12.5.Female,Mus musculus,female,ERP108893,CD-1,E-MTAB-6798:3038sTS.Mouse.Brain.12.5.Female
ERR2588424,12.5,RNA-Seq,101,4003126213,PRJEB26869,SAMEA4671674,ArrayExpress,2675483043,"Lausanne Genomics Technology Facility ",house mouse,public,"fastq,run.zq,sra","ena,gs,ncbi,s3","ena,gs.us-east1,ncbi.public,s3.us-east-1",embryo,2019-02-18,2018-12-30T17:01:52Z,2018-11-16,2018-05-21T17:56:02Z,ERX2604700,embryonic day 12.5,brain,SAMEA4671674,wild type genotype,The University of Heidelberg,2018-12-30T17:01:52Z,2018-05-21T17:56:02Z,public,Illumina HiSeq 2500,3040sTS.Mouse.Brain.12.5.Male_s,SINGLE,PolyA,TRANSCRIPTOMIC,brain,Mus musculus,ILLUMINA,2019-02-19T00:00:00Z,2021-10-25T02:08:00Z,2,SAMEA4671674,E-MTAB-6798:3040sTS.Mouse.Brain.12.5.Male,Mus musculus,male,ERP108893,CD-1,E-MTAB-6798:3040sTS.Mouse.Brain.12.5.Male
ERR2588425,12.5,RNA-Seq,101,4296319517,PRJEB26869,SAMEA4671675,ArrayExpress,2882247325,"Lausanne Genomics Technology Facility ",house mouse,public,"fastq,run.zq,sra","ena,gs,ncbi,s3","ena,gs.us-east1,ncbi.public,s3.us-east-1",embryo,2019-02-18,2018-12-30T17:01:52Z,2018-11-16,2018-05-21T17:56:02Z,ERX2604701,embryonic day 12.5,brain,SAMEA4671675,wild type genotype,The University of Heidelberg,2018-12-30T17:01:52Z,2018-05-21T17:56:02Z,public,Illumina HiSeq 2500,3043sTS.Mouse.Brain.12.5.Female_s,SINGLE,PolyA,TRANSCRIPTOMIC,brain,Mus musculus,ILLUMINA,2019-02-19T00:00:00Z,2022-07-19T01:13:00Z,2,SAMEA4671675,E-MTAB-6798:3043sTS.Mouse.Brain.12.5.Female,Mus musculus,female,ERP108893,CD-1,E-MTAB-6798:3043sTS.Mouse.Brain.12.5.Female
ERR2588426,13.5,RNA-Seq,101,4443612968,PRJEB26869,SAMEA4671676,ArrayExpress,2984189111,"Lausanne Genomics Technology Facility ",house mouse,public,"fastq,run.zq,sra","ena,gs,ncbi,s3","ena,gs.us-east1,ncbi.public,s3.us-east-1",embryo,2019-02-18,2018-12-30T17:01:52Z,2018-11-16,2018-05-21T17:56:02Z,ERX2604702,embryonic day 13.5,forebrain,SAMEA4671676,wild type genotype,The University of Heidelberg,2018-12-30T17:01:52Z,2018-05-21T17:56:02Z,public,Illumina HiSeq 2500,2813sTS.Mouse.Brain.13.5.Female_s,SINGLE,PolyA,TRANSCRIPTOMIC,forebrain,Mus musculus,ILLUMINA,2019-02-19T00:00:00Z,2022-07-17T12:15:00Z,2,SAMEA4671676,E-MTAB-6798:2813sTS.Mouse.Brain.13.5.Female,Mus musculus,female,ERP108893,CD-1,E-MTAB-6798:2813sTS.Mouse.Brain.13.5.Female
ERR2588427,13.5,RNA-Seq,101,3929163913,PRJEB26869,SAMEA4671677,ArrayExpress,2629739315,"Lausanne Genomics Technology Facility ",house mouse,public,"fastq,run.zq,sra","ena,gs,ncbi,s3","ena,gs.us-east1,ncbi.public,s3.us-east-1",embryo,2019-02-18,2018-12-30T17:01:52Z,2018-11-16,2018-05-21T17:56:02Z,ERX2604703,embryonic day 13.5,forebrain,SAMEA4671677,wild type genotype,The University of Heidelberg,2018-12-30T17:01:52Z,2018-05-21T17:56:02Z,public,Illumina HiSeq 2500,2821sTS.Mouse.Brain.13.5.Male_s,SINGLE,PolyA,TRANSCRIPTOMIC,forebrain,Mus musculus,ILLUMINA,2019-02-19T00:00:00Z,2021-10-25T02:10:00Z,2,SAMEA4671677,E-MTAB-6798:2821sTS.Mouse.Brain.13.5.Male,Mus musculus,male,ERP108893,CD-1,E-MTAB-6798:2821sTS.Mouse.Brain.13.5.Male
ERR2588428,13.5,RNA-Seq,101,4055452091,PRJEB26869,SAMEA4671678,ArrayExpress,2735653283,"Lausanne Genomics Technology Facility ",house mouse,public,"fastq,run.zq,sra","ena,gs,ncbi,s3","ena,gs.us-east1,ncbi.public,s3.us-east-1",embryo,2019-02-18,2018-12-30T17:01:52Z,2018-11-16,2018-05-21T17:56:02Z,ERX2604704,embryonic day 13.5,forebrain,SAMEA4671678,wild type genotype,The University of Heidelberg,2018-12-30T17:01:52Z,2018-05-21T17:56:02Z,public,Illumina HiSeq 2500,2829sTS.Mouse.Brain.13.5.Female_s,SINGLE,PolyA,TRANSCRIPTOMIC,forebrain,Mus musculus,ILLUMINA,2019-02-19T00:00:00Z,2022-07-17T12:09:00Z,2,SAMEA4671678,E-MTAB-6798:2829sTS.Mouse.Brain.13.5.Female,Mus musculus,female,ERP108893,CD-1,E-MTAB-6798:2829sTS.Mouse.Brain.13.5.Female
ERR2588429,13.5,RNA-Seq,101,3593472031,PRJEB26869,SAMEA4671679,ArrayExpress,2446876216,"Lausanne Genomics Technology Facility ",house mouse,public,"fastq,run.zq,sra","ena,gs,ncbi,s3","ena,gs.us-east1,ncbi.public,s3.us-east-1",embryo,2019-02-18,2018-12-30T17:01:52Z,2018-11-16,2018-05-21T17:56:02Z,ERX2604705,embryonic day 13.5,forebrain,SAMEA4671679,wild type genotype,The University of Heidelberg,2018-12-30T17:01:52Z,2018-05-21T17:56:02Z,public,Illumina HiSeq 2500,2837sTS.Mouse.Brain.13.5.Male_s,SINGLE,PolyA,TRANSCRIPTOMIC,forebrain,Mus musculus,ILLUMINA,2019-02-19T00:00:00Z,2022-07-21T06:06:00Z,2,SAMEA4671679,E-MTAB-6798:2837sTS.Mouse.Brain.13.5.Male,Mus musculus,male,ERP108893,CD-1,E-MTAB-6798:2837sTS.Mouse.Brain.13.5.Male
ERR2588430,13.5,RNA-Seq,101,3625725977,PRJEB26869,SAMEA4671680,ArrayExpress,2351827704,"Lausanne Genomics Technology Facility ",house mouse,public,"fastq,run.zq,sra","ena,gs,ncbi,s3","ena,gs.us-east1,ncbi.public,s3.us-east-1",embryo,2019-02-18,2018-12-30T17:01:52Z,2018-11-16,2018-05-21T17:56:02Z,ERX2604706,embryonic day 13.5,heart,SAMEA4671680,wild type genotype,The University of Heidelberg,2018-12-30T17:01:52Z,2018-05-21T17:56:02Z,public,Illumina HiSeq 2500,2815sTS.Mouse.Heart.13.5.Female_s,SINGLE,PolyA,TRANSCRIPTOMIC,heart,Mus musculus,ILLUMINA,2019-02-19T00:00:00Z,2021-10-25T02:12:00Z,2,SAMEA4671680,E-MTAB-6798:2815sTS.Mouse.Heart.13.5.Female,Mus musculus,female,ERP108893,CD-1,E-MTAB-6798:2815sTS.Mouse.Heart.13.5.Female
ERR2588431,13.5,RNA-Seq,101,3182078326,PRJEB26869,SAMEA4671681,ArrayExpress,2075814203,"Lausanne Genomics Technology Facility ",house mouse,public,"fastq,run.zq,sra","ena,gs,ncbi,s3","ena,gs.us-east1,ncbi.public,s3.us-east-1",embryo,2019-02-18,2018-12-30T17:01:52Z,2018-11-16,2018-05-21T17:56:02Z,ERX2604707,embryonic day 13.5,heart,SAMEA4671681,wild type genotype,The University of Heidelberg,2018-12-30T17:01:52Z,2018-05-21T17:56:02Z,public,Illumina HiSeq 2500,2823sTS.Mouse.Heart.13.5.Male_s,SINGLE,PolyA,TRANSCRIPTOMIC,heart,Mus musculus,ILLUMINA,2019-02-19T00:00:00Z,2022-07-19T15:44:00Z,2,SAMEA4671681,E-MTAB-6798:2823sTS.Mouse.Heart.13.5.Male,Mus musculus,male,ERP108893,CD-1,E-MTAB-6798:2823sTS.Mouse.Heart.13.5.Male
ERR2588432,13.5,RNA-Seq,101,4031922929,PRJEB26869,SAMEA4671682,ArrayExpress,1384022698,"Lausanne Genomics Technology Facility ",house mouse,public,"fastq,run.zq,sra","ena,gs,ncbi,s3","ena,gs.us-east1,ncbi.public,s3.us-east-1",embryo,2019-02-18,2018-12-30T17:01:52Z,2018-11-16,2018-05-21T17:56:02Z,ERX2604708,embryonic day 13.5,heart,SAMEA4671682,wild type genotype,The University of Heidelberg,2018-12-30T17:01:52Z,2018-05-21T17:56:02Z,public,Illumina HiSeq 2500,2831sTS.Mouse.Heart.13.5.Female_s,SINGLE,PolyA,TRANSCRIPTOMIC,heart,Mus musculus,ILLUMINA,2019-02-19T00:00:00Z,2022-07-26T05:55:00Z,2,SAMEA4671682,E-MTAB-6798:2831sTS.Mouse.Heart.13.5.Female,Mus musculus,female,ERP108893,CD-1,E-MTAB-6798:2831sTS.Mouse.Heart.13.5.Female
ERR2588433,13.5,RNA-Seq,101,2168496361,PRJEB26869,SAMEA4671683,ArrayExpress,742591853,"Lausanne Genomics Technology Facility ",house mouse,public,"fastq,run.zq,sra","ena,gs,ncbi,s3","ena,gs.us-east1,ncbi.public,s3.us-east-1",embryo,2019-02-18,2018-12-30T17:01:52Z,2018-11-16,2018-05-21T17:56:02Z,ERX2604709,embryonic day 13.5,heart,SAMEA4671683,wild type genotype,The University of Heidelberg,2018-12-30T17:01:52Z,2018-05-21T17:56:02Z,public,Illumina HiSeq 2500,2839sTS.Mouse.Heart.13.5.Male_s,SINGLE,PolyA,TRANSCRIPTOMIC,heart,Mus musculus,ILLUMINA,2019-02-19T00:00:00Z,2021-10-25T01:31:00Z,2,SAMEA4671683,E-MTAB-6798:2839sTS.Mouse.Heart.13.5.Male,Mus musculus,male,ERP108893,CD-1,E-MTAB-6798:2839sTS.Mouse.Heart.13.5.Male
ERR2588434,13.5,RNA-Seq,101,4012786863,PRJEB26869,SAMEA4671684,ArrayExpress,2632735972,"Lausanne Genomics Technology Facility ",house mouse,public,"fastq,run.zq,sra","ena,gs,ncbi,s3","ena,gs.us-east1,ncbi.public,s3.us-east-1",embryo,2019-02-18,2018-12-30T17:01:52Z,2018-11-16,2018-05-21T17:56:02Z,ERX2604710,embryonic day 13.5,hindbrain,SAMEA4671684,wild type genotype,The University of Heidelberg,2018-12-30T17:01:52Z,2018-05-21T17:56:02Z,public,Illumina HiSeq 2500,2814sTS.Mouse.Cerebellum.13.5.Female_s,SINGLE,PolyA,TRANSCRIPTOMIC,hindbrain,Mus musculus,ILLUMINA,2019-02-19T00:00:00Z,2022-07-20T19:59:00Z,2,SAMEA4671684,E-MTAB-6798:2814sTS.Mouse.Cerebellum.13.5.Female,Mus musculus,female,ERP108893,CD-1,E-MTAB-6798:2814sTS.Mouse.Cerebellum.13.5.Female
ERR2588435,13.5,RNA-Seq,101,4402873305,PRJEB26869,SAMEA4671685,ArrayExpress,2938463503,"Lausanne Genomics Technology Facility ",house mouse,public,"fastq,run.zq,sra","ena,gs,ncbi,s3","ena,gs.us-east1,ncbi.public,s3.us-east-1",embryo,2019-02-18,2018-12-30T17:01:51Z,2018-11-16,2018-05-21T17:56:02Z,ERX2604711,embryonic day 13.5,hindbrain,SAMEA4671685,wild type genotype,The University of Heidelberg,2018-12-30T17:01:51Z,2018-05-21T17:56:02Z,public,Illumina HiSeq 2500,2822sTS.Mouse.Cerebellum.13.5.Male_s,SINGLE,PolyA,TRANSCRIPTOMIC,hindbrain,Mus musculus,ILLUMINA,2019-02-19T00:00:00Z,2022-07-26T05:58:00Z,2,SAMEA4671685,E-MTAB-6798:2822sTS.Mouse.Cerebellum.13.5.Male,Mus musculus,male,ERP108893,CD-1,E-MTAB-6798:2822sTS.Mouse.Cerebellum.13.5.Male
ERR2588436,13.5,RNA-Seq,101,4941995044,PRJEB26869,SAMEA4671686,ArrayExpress,3324143635,"Lausanne Genomics Technology Facility ",house mouse,public,"fastq,run.zq,sra","ena,gs,ncbi,s3","ena,gs.us-east1,ncbi.public,s3.us-east-1",embryo,2019-02-18,2018-12-30T17:01:51Z,2018-11-16,2018-05-21T17:56:02Z,ERX2604712,embryonic day 13.5,hindbrain,SAMEA4671686,wild type genotype,The University of Heidelberg,2018-12-30T17:01:51Z,2018-05-21T17:56:02Z,public,Illumina HiSeq 2500,2830sTS.Mouse.Cerebellum.13.5.Female_s,SINGLE,PolyA,TRANSCRIPTOMIC,hindbrain,Mus musculus,ILLUMINA,2019-02-19T00:00:00Z,2021-10-25T02:15:00Z,2,SAMEA4671686,E-MTAB-6798:2830sTS.Mouse.Cerebellum.13.5.Female,Mus musculus,female,ERP108893,CD-1,E-MTAB-6798:2830sTS.Mouse.Cerebellum.13.5.Female
ERR2588437,13.5,RNA-Seq,101,3947078990,PRJEB26869,SAMEA4671687,ArrayExpress,2657139223,"Lausanne Genomics Technology Facility ",house mouse,public,"fastq,run.zq,sra","ena,gs,ncbi,s3","ena,gs.us-east1,ncbi.public,s3.us-east-1",embryo,2019-02-18,2018-12-30T17:01:51Z,2018-11-16,2018-05-21T17:56:03Z,ERX2604713,embryonic day 13.5,hindbrain,SAMEA4671687,wild type genotype,The University of Heidelberg,2018-12-30T17:01:51Z,2018-05-21T17:56:03Z,public,Illumina HiSeq 2500,2838sTS.Mouse.Cerebellum.13.5.Male_s,SINGLE,PolyA,TRANSCRIPTOMIC,hindbrain,Mus musculus,ILLUMINA,2019-02-19T00:00:00Z,2022-07-20T11:17:00Z,2,SAMEA4671687,E-MTAB-6798:2838sTS.Mouse.Cerebellum.13.5.Male,Mus musculus,male,ERP108893,CD-1,E-MTAB-6798:2838sTS.Mouse.Cerebellum.13.5.Male
ERR2588438,13.5,RNA-Seq,101,3747296748,PRJEB26869,SAMEA4671688,ArrayExpress,2425786280,"Lausanne Genomics Technology Facility ",house mouse,public,"fastq,run.zq,sra","ena,gs,ncbi,s3","ena,gs.us-east1,ncbi.public,s3.us-east-1",embryo,2019-02-18,2018-12-30T17:01:51Z,2018-11-16,2018-05-21T17:56:03Z,ERX2604714,embryonic day 13.5,kidney,SAMEA4671688,wild type genotype,The University of Heidelberg,2018-12-30T17:01:51Z,2018-05-21T17:56:03Z,public,Illumina HiSeq 2500,2817sTS.Mouse.Kidney.13.5.Female_s,SINGLE,PolyA,TRANSCRIPTOMIC,kidney,Mus musculus,ILLUMINA,2019-02-19T00:00:00Z,2022-07-26T05:56:00Z,2,SAMEA4671688,E-MTAB-6798:2817sTS.Mouse.Kidney.13.5.Female,Mus musculus,female,ERP108893,CD-1,E-MTAB-6798:2817sTS.Mouse.Kidney.13.5.Female
ERR2588439,13.5,RNA-Seq,101,1812736284,PRJEB26869,SAMEA4671689,ArrayExpress,617858979,"Lausanne Genomics Technology Facility ",house mouse,public,"fastq,run.zq,sra","ena,gs,ncbi,s3","ena,gs.us-east1,ncbi.public,s3.us-east-1",embryo,2019-02-18,2018-12-30T17:01:51Z,2018-11-16,2018-05-21T17:56:03Z,ERX2604715,embryonic day 13.5,kidney,SAMEA4671689,wild type genotype,The University of Heidelberg,2018-12-30T17:01:51Z,2018-05-21T17:56:03Z,public,Illumina HiSeq 2500,2833sTS.Mouse.Kidney.13.5.Female_s,SINGLE,PolyA,TRANSCRIPTOMIC,kidney,Mus musculus,ILLUMINA,2019-02-19T00:00:00Z,2022-07-16T22:52:00Z,2,SAMEA4671689,E-MTAB-6798:2833sTS.Mouse.Kidney.13.5.Female,Mus musculus,female,ERP108893,CD-1,E-MTAB-6798:2833sTS.Mouse.Kidney.13.5.Female
ERR2588440,13.5,RNA-Seq,101,2677780579,PRJEB26869,SAMEA4671690,ArrayExpress,958765342,"Lausanne Genomics Technology Facility ",house mouse,public,"fastq,run.zq,sra","ena,gs,ncbi,s3","ena,gs.us-east1,ncbi.public,s3.us-east-1",embryo,2019-02-18,2018-12-30T17:01:51Z,2018-11-16,2018-05-21T17:56:03Z,ERX2604716,embryonic day 13.5,kidney,SAMEA4671690,wild type genotype,The University of Heidelberg,2018-12-30T17:01:51Z,2018-05-21T17:56:03Z,public,Illumina HiSeq 2500,2841sTS.Mouse.Kidney.13.5.Male_s,SINGLE,PolyA,TRANSCRIPTOMIC,kidney,Mus musculus,ILLUMINA,2019-02-19T00:00:00Z,2022-07-19T15:37:00Z,2,SAMEA4671690,E-MTAB-6798:2841sTS.Mouse.Kidney.13.5.Male,Mus musculus,male,ERP108893,CD-1,E-MTAB-6798:2841sTS.Mouse.Kidney.13.5.Male
ERR2588441,13.5,RNA-Seq,101,1543053255,PRJEB26869,SAMEA4671691,ArrayExpress,579556064,"Lausanne Genomics Technology Facility ",house mouse,public,"fastq,run.zq,sra","ena,gs,ncbi,s3","ena,gs.us-east1,ncbi.public,s3.us-east-1",embryo,2019-02-18,2018-12-30T17:01:51Z,2018-11-16,2018-05-21T17:56:03Z,ERX2604717,embryonic day 13.5,kidney,SAMEA4671691,wild type genotype,The University of Heidelberg,2018-12-30T17:01:51Z,2018-05-21T17:56:03Z,public,Illumina HiSeq 2500,5359sTS.Mouse.Kidney.13.5.Male_s,SINGLE,PolyA,TRANSCRIPTOMIC,kidney,Mus musculus,ILLUMINA,2019-02-19T00:00:00Z,2022-07-26T05:52:00Z,2,SAMEA4671691,E-MTAB-6798:5359sTS.Mouse.Kidney.13.5.Male,Mus musculus,male,ERP108893,CD-1,E-MTAB-6798:5359sTS.Mouse.Kidney.13.5.Male
ERR2588442,13.5,RNA-Seq,101,5058215643,PRJEB26869,SAMEA4671692,ArrayExpress,3128489607,"Lausanne Genomics Technology Facility ",house mouse,public,"fastq,run.zq,sra","ena,gs,ncbi,s3","ena,gs.us-east1,ncbi.public,s3.us-east-1",embryo,2019-02-18,2018-12-30T17:01:51Z,2018-11-16,2018-05-21T17:56:03Z,ERX2604718,embryonic day 13.5,liver,SAMEA4671692,wild type genotype,The University of Heidelberg,2018-12-30T17:01:51Z,2018-05-21T17:56:03Z,public,Illumina HiSeq 2500,2816sTS.Mouse.Liver.13.5.Female_s,SINGLE,PolyA,TRANSCRIPTOMIC,liver,Mus musculus,ILLUMINA,2019-02-19T00:00:00Z,2022-07-13T12:28:00Z,2,SAMEA4671692,E-MTAB-6798:2816sTS.Mouse.Liver.13.5.Female,Mus musculus,female,ERP108893,CD-1,E-MTAB-6798:2816sTS.Mouse.Liver.13.5.Female
ERR2588443,13.5,RNA-Seq,101,4065861757,PRJEB26869,SAMEA4671693,ArrayExpress,2627827307,"Lausanne Genomics Technology Facility ",house mouse,public,"fastq,run.zq,sra","ena,gs,ncbi,s3","ena,gs.us-east1,ncbi.public,s3.us-east-1",embryo,2019-02-18,2018-12-30T17:01:51Z,2018-11-16,2018-05-21T17:56:03Z,ERX2604719,embryonic day 13.5,liver,SAMEA4671693,wild type genotype,The University of Heidelberg,2018-12-30T17:01:51Z,2018-05-21T17:56:03Z,public,Illumina HiSeq 2500,2832sTS.Mouse.Liver.13.5.Female_s,SINGLE,PolyA,TRANSCRIPTOMIC,liver,Mus musculus,ILLUMINA,2019-02-19T00:00:00Z,2021-10-25T01:36:00Z,2,SAMEA4671693,E-MTAB-6798:2832sTS.Mouse.Liver.13.5.Female,Mus musculus,female,ERP108893,CD-1,E-MTAB-6798:2832sTS.Mouse.Liver.13.5.Female
ERR2588444,13.5,RNA-Seq,101,2917337328,PRJEB26869,SAMEA4671694,ArrayExpress,1897554003,"Lausanne Genomics Technology Facility ",house mouse,public,"fastq,run.zq,sra","ena,gs,ncbi,s3","ena,gs.us-east1,ncbi.public,s3.us-east-1",embryo,2019-02-18,2018-12-30T17:01:51Z,2018-11-16,2018-05-21T17:56:03Z,ERX2604720,embryonic day 13.5,liver,SAMEA4671694,wild type genotype,The University of Heidelberg,2018-12-30T17:01:51Z,2018-05-21T17:56:03Z,public,Illumina HiSeq 2500,2840sTS.Mouse.Liver.13.5.Male_s,SINGLE,PolyA,TRANSCRIPTOMIC,liver,Mus musculus,ILLUMINA,2019-02-19T00:00:00Z,2021-10-25T01:53:00Z,2,SAMEA4671694,E-MTAB-6798:2840sTS.Mouse.Liver.13.5.Male,Mus musculus,male,ERP108893,CD-1,E-MTAB-6798:2840sTS.Mouse.Liver.13.5.Male
ERR2588445,13.5,RNA-Seq,101,3957783879,PRJEB26869,SAMEA4671695,ArrayExpress,2594891377,"Lausanne Genomics Technology Facility ",house mouse,public,"fastq,run.zq,sra","ena,gs,ncbi,s3","ena,gs.us-east1,ncbi.public,s3.us-east-1",embryo,2019-02-18,2018-12-30T17:01:51Z,2018-11-16,2018-05-21T17:56:03Z,ERX2604721,embryonic day 13.5,liver,SAMEA4671695,wild type genotype,The University of Heidelberg,2018-12-30T17:01:51Z,2018-05-21T17:56:03Z,public,Illumina HiSeq 2500,3916sTS.Mouse.Liver.13.5.Male_s,SINGLE,PolyA,TRANSCRIPTOMIC,liver,Mus musculus,ILLUMINA,2019-02-19T00:00:00Z,2022-07-18T06:42:00Z,2,SAMEA4671695,E-MTAB-6798:3916sTS.Mouse.Liver.13.5.Male,Mus musculus,male,ERP108893,CD-1,E-MTAB-6798:3916sTS.Mouse.Liver.13.5.Male
ERR2588446,13.5,RNA-Seq,101,2657312626,PRJEB26869,SAMEA4671696,ArrayExpress,1768458061,"Lausanne Genomics Technology Facility ",house mouse,public,"fastq,run.zq,sra","ena,gs,ncbi,s3","ena,gs.us-east1,ncbi.public,s3.us-east-1",embryo,2019-02-18,2018-12-30T17:01:51Z,2018-11-16,2018-05-21T17:56:03Z,ERX2604722,embryonic day 13.5,liver,SAMEA4671696,wild type genotype,The University of Heidelberg,2018-12-30T17:01:51Z,2018-05-21T17:56:03Z,public,Illumina HiSeq 2500,3921sTS.Mouse.Liver.13.5.Male_s,SINGLE,PolyA,TRANSCRIPTOMIC,liver,Mus musculus,ILLUMINA,2019-02-19T00:00:00Z,2022-07-21T10:17:00Z,2,SAMEA4671696,E-MTAB-6798:3921sTS.Mouse.Liver.13.5.Male,Mus musculus,male,ERP108893,CD-1,E-MTAB-6798:3921sTS.Mouse.Liver.13.5.Male
ERR2588447,13.5,RNA-Seq,101,3469183552,PRJEB26869,SAMEA4671697,ArrayExpress,2265869366,"Lausanne Genomics Technology Facility ",house mouse,public,"fastq,run.zq,sra","ena,gs,ncbi,s3","ena,gs.us-east1,ncbi.public,s3.us-east-1",embryo,2019-02-18,2018-12-30T17:01:51Z,2018-11-16,2018-05-21T17:56:03Z,ERX2604723,embryonic day 13.5,ovary,SAMEA4671697,wild type genotype,The University of Heidelberg,2018-12-30T17:01:51Z,2018-05-21T17:56:03Z,public,Illumina HiSeq 2500,2818sTS.Mouse.Ovary.13.5.Female_s,SINGLE,PolyA,TRANSCRIPTOMIC,ovary,Mus musculus,ILLUMINA,2019-02-19T00:00:00Z,2022-07-26T05:58:00Z,2,SAMEA4671697,E-MTAB-6798:2818sTS.Mouse.Ovary.13.5.Female,Mus musculus,female,ERP108893,CD-1,E-MTAB-6798:2818sTS.Mouse.Ovary.13.5.Female
ERR2588448,13.5,RNA-Seq,101,5191580588,PRJEB26869,SAMEA4671698,ArrayExpress,3501991300,"Lausanne Genomics Technology Facility ",house mouse,public,"fastq,run.zq,sra","ena,gs,ncbi,s3","ena,gs.us-east1,ncbi.public,s3.us-east-1",embryo,2019-02-18,2018-12-30T17:01:51Z,2018-11-16,2018-05-21T17:56:03Z,ERX2604724,embryonic day 13.5,ovary,SAMEA4671698,wild type genotype,The University of Heidelberg,2018-12-30T17:01:51Z,2018-05-21T17:56:03Z,public,Illumina HiSeq 2500,2834sTS.Mouse.Ovary.13.5.Female_s,SINGLE,PolyA,TRANSCRIPTOMIC,ovary,Mus musculus,ILLUMINA,2019-02-19T00:00:00Z,2022-07-26T05:59:00Z,2,SAMEA4671698,E-MTAB-6798:2834sTS.Mouse.Ovary.13.5.Female,Mus musculus,female,ERP108893,CD-1,E-MTAB-6798:2834sTS.Mouse.Ovary.13.5.Female
ERR2588449,13.5,RNA-Seq,101,3504812918,PRJEB26869,SAMEA4671699,ArrayExpress,2281019477,"Lausanne Genomics Technology Facility ",house mouse,public,"fastq,run.zq,sra","ena,gs,ncbi,s3","ena,gs.us-east1,ncbi.public,s3.us-east-1",embryo,2019-02-18,2018-12-30T17:01:51Z,2018-11-16,2018-05-21T17:56:03Z,ERX2604725,embryonic day 13.5,testis,SAMEA4671699,wild type genotype,The University of Heidelberg,2018-12-30T17:01:51Z,2018-05-21T17:56:03Z,public,Illumina HiSeq 2500,2826sTS.Mouse.Testis.13.5.Male_s,SINGLE,PolyA,TRANSCRIPTOMIC,testis,Mus musculus,ILLUMINA,2019-02-19T00:00:00Z,2021-10-25T02:00:00Z,2,SAMEA4671699,E-MTAB-6798:2826sTS.Mouse.Testis.13.5.Male,Mus musculus,male,ERP108893,CD-1,E-MTAB-6798:2826sTS.Mouse.Testis.13.5.Male
ERR2588450,13.5,RNA-Seq,101,3709217324,PRJEB26869,SAMEA4671700,ArrayExpress,2492063064,"Lausanne Genomics Technology Facility ",house mouse,public,"fastq,run.zq,sra","ena,gs,ncbi,s3","ena,gs.us-east1,ncbi.public,s3.us-east-1",embryo,2019-02-18,2018-12-30T17:01:51Z,2018-11-16,2018-05-21T17:56:03Z,ERX2604726,embryonic day 13.5,testis,SAMEA4671700,wild type genotype,The University of Heidelberg,2018-12-30T17:01:51Z,2018-05-21T17:56:03Z,public,Illumina HiSeq 2500,2842sTS.Mouse.Testis.13.5.Male_s,SINGLE,PolyA,TRANSCRIPTOMIC,testis,Mus musculus,ILLUMINA,2019-02-19T00:00:00Z,2021-10-25T02:04:00Z,2,SAMEA4671700,E-MTAB-6798:2842sTS.Mouse.Testis.13.5.Male,Mus musculus,male,ERP108893,CD-1,E-MTAB-6798:2842sTS.Mouse.Testis.13.5.Male
ERR2588451,14.5,RNA-Seq,101,2160366164,PRJEB26869,SAMEA4671701,ArrayExpress,1284203979,"Lausanne Genomics Technology Facility ",house mouse,public,"fastq,run.zq,sra","ena,gs,ncbi,s3","ena,gs.us-east1,ncbi.public,s3.us-east-1",embryo,2019-02-18,2018-12-30T17:01:51Z,2018-11-16,2018-05-21T17:56:03Z,ERX2604727,embryonic day 14.5,forebrain,SAMEA4671701,wild type genotype,The University of Heidelberg,2018-12-30T17:01:51Z,2018-05-21T17:56:03Z,public,Illumina HiSeq 2500,2223sTS.Mouse.Brain.14.5.Male_s,SINGLE,PolyA,TRANSCRIPTOMIC,forebrain,Mus musculus,ILLUMINA,2019-02-19T00:00:00Z,2022-07-17T07:59:00Z,2,SAMEA4671701,E-MTAB-6798:2223sTS.Mouse.Brain.14.5.Male,Mus musculus,male,ERP108893,CD-1,E-MTAB-6798:2223sTS.Mouse.Brain.14.5.Male
ERR2588452,14.5,RNA-Seq,101,2421785272,PRJEB26869,SAMEA4671702,ArrayExpress,1440834730,"Lausanne Genomics Technology Facility ",house mouse,public,"fastq,run.zq,sra","ena,gs,ncbi,s3","ena,gs.us-east1,ncbi.public,s3.us-east-1",embryo,2019-02-18,2018-12-30T17:01:51Z,2018-11-16,2018-05-21T17:56:03Z,ERX2604728,embryonic day 14.5,forebrain,SAMEA4671702,wild type genotype,The University of Heidelberg,2018-12-30T17:01:51Z,2018-05-21T17:56:03Z,public,Illumina HiSeq 2500,2227sTS.Mouse.Brain.14.5.Female_s,SINGLE,PolyA,TRANSCRIPTOMIC,forebrain,Mus musculus,ILLUMINA,2019-02-19T00:00:00Z,2021-10-25T01:43:00Z,2,SAMEA4671702,E-MTAB-6798:2227sTS.Mouse.Brain.14.5.Female,Mus musculus,female,ERP108893,CD-1,E-MTAB-6798:2227sTS.Mouse.Brain.14.5.Female
ERR2588453,14.5,RNA-Seq,101,3537581459,PRJEB26869,SAMEA4671703,ArrayExpress,1890119190,"Lausanne Genomics Technology Facility ",house mouse,public,"fastq,run.zq,sra","ena,gs,ncbi,s3","ena,gs.us-east1,ncbi.public,s3.us-east-1",embryo,2019-02-18,2018-12-30T17:01:51Z,2018-11-16,2018-05-21T17:56:03Z,ERX2604729,embryonic day 14.5,forebrain,SAMEA4671703,wild type genotype,The University of Heidelberg,2018-12-30T17:01:51Z,2018-05-21T17:56:03Z,public,Illumina HiSeq 2500,2237sTS.Mouse.Brain.14.5.Male_s,SINGLE,PolyA,TRANSCRIPTOMIC,forebrain,Mus musculus,ILLUMINA,2019-02-19T00:00:00Z,2022-07-26T05:58:00Z,2,SAMEA4671703,E-MTAB-6798:2237sTS.Mouse.Brain.14.5.Male,Mus musculus,male,ERP108893,CD-1,E-MTAB-6798:2237sTS.Mouse.Brain.14.5.Male
ERR2588454,14.5,RNA-Seq,101,4136353798,PRJEB26869,SAMEA4671704,ArrayExpress,2473262668,"Lausanne Genomics Technology Facility ",house mouse,public,"fastq,run.zq,sra","ena,gs,ncbi,s3","ena,gs.us-east1,ncbi.public,s3.us-east-1",embryo,2019-02-18,2018-12-30T17:01:51Z,2018-11-16,2018-05-21T17:56:03Z,ERX2604730,embryonic day 14.5,forebrain,SAMEA4671704,wild type genotype,The University of Heidelberg,2018-12-30T17:01:51Z,2018-05-21T17:56:03Z,public,Illumina HiSeq 2500,2243sTS.Mouse.Brain.14.5.Female_s,SINGLE,PolyA,TRANSCRIPTOMIC,forebrain,Mus musculus,ILLUMINA,2019-02-19T00:00:00Z,2022-07-18T16:24:00Z,2,SAMEA4671704,E-MTAB-6798:2243sTS.Mouse.Brain.14.5.Female,Mus musculus,female,ERP108893,CD-1,E-MTAB-6798:2243sTS.Mouse.Brain.14.5.Female
ERR2588455,14.5,RNA-Seq,101,3479643617,PRJEB26869,SAMEA4671705,ArrayExpress,2267822421,"Lausanne Genomics Technology Facility ",house mouse,public,"fastq,run.zq,sra","ena,gs,ncbi,s3","ena,gs.us-east1,ncbi.public,s3.us-east-1",embryo,2019-02-18,2018-12-30T17:01:51Z,2018-11-16,2018-05-21T17:56:03Z,ERX2604731,embryonic day 14.5,heart,SAMEA4671705,wild type genotype,The University of Heidelberg,2018-12-30T17:01:51Z,2018-05-21T17:56:03Z,public,Illumina HiSeq 2500,2459sTS.Mouse.Heart.14.5.Male_s,SINGLE,PolyA,TRANSCRIPTOMIC,heart,Mus musculus,ILLUMINA,2019-02-19T00:00:00Z,2022-07-26T05:57:00Z,2,SAMEA4671705,E-MTAB-6798:2459sTS.Mouse.Heart.14.5.Male,Mus musculus,male,ERP108893,CD-1,E-MTAB-6798:2459sTS.Mouse.Heart.14.5.Male
ERR2588456,14.5,RNA-Seq,101,3279961365,PRJEB26869,SAMEA4671706,ArrayExpress,1105533386,"Lausanne Genomics Technology Facility ",house mouse,public,"fastq,run.zq,sra","ena,gs,ncbi,s3","ena,gs.us-east1,ncbi.public,s3.us-east-1",embryo,2019-02-18,2018-12-30T17:01:51Z,2018-11-16,2018-05-21T17:56:03Z,ERX2604732,embryonic day 14.5,heart,SAMEA4671706,wild type genotype,The University of Heidelberg,2018-12-30T17:01:51Z,2018-05-21T17:56:03Z,public,Illumina HiSeq 2500,2461sTS.Mouse.Heart.14.5.Male_s,SINGLE,PolyA,TRANSCRIPTOMIC,heart,Mus musculus,ILLUMINA,2019-02-19T00:00:00Z,2021-10-25T02:04:00Z,2,SAMEA4671706,E-MTAB-6798:2461sTS.Mouse.Heart.14.5.Male,Mus musculus,male,ERP108893,CD-1,E-MTAB-6798:2461sTS.Mouse.Heart.14.5.Male
ERR2588457,14.5,RNA-Seq,101,3121701536,PRJEB26869,SAMEA4671707,ArrayExpress,1055129711,"Lausanne Genomics Technology Facility ",house mouse,public,"fastq,run.zq,sra","ena,gs,ncbi,s3","ena,gs.us-east1,ncbi.public,s3.us-east-1",embryo,2019-02-18,2018-12-30T17:01:51Z,2018-11-16,2018-05-21T17:56:03Z,ERX2604733,embryonic day 14.5,heart,SAMEA4671707,wild type genotype,The University of Heidelberg,2018-12-30T17:01:51Z,2018-05-21T17:56:03Z,public,Illumina HiSeq 2500,2487sTS.Mouse.Heart.14.5.Female_s,SINGLE,PolyA,TRANSCRIPTOMIC,heart,Mus musculus,ILLUMINA,2019-02-19T00:00:00Z,2022-07-26T05:55:00Z,2,SAMEA4671707,E-MTAB-6798:2487sTS.Mouse.Heart.14.5.Female,Mus musculus,female,ERP108893,CD-1,E-MTAB-6798:2487sTS.Mouse.Heart.14.5.Female
ERR2588458,14.5,RNA-Seq,101,2403409938,PRJEB26869,SAMEA4671708,ArrayExpress,1434928882,"Lausanne Genomics Technology Facility ",house mouse,public,"fastq,run.zq,sra","ena,gs,ncbi,s3","ena,gs.us-east1,ncbi.public,s3.us-east-1",embryo,2019-02-18,2018-12-30T17:01:51Z,2018-11-16,2018-05-21T17:56:03Z,ERX2604734,embryonic day 14.5,hindbrain,SAMEA4671708,wild type genotype,The University of Heidelberg,2018-12-30T17:01:51Z,2018-05-21T17:56:03Z,public,Illumina HiSeq 2500,2224sTS.Mouse.Cerebellum.14.5.Male_s,SINGLE,PolyA,TRANSCRIPTOMIC,hindbrain,Mus musculus,ILLUMINA,2019-02-19T00:00:00Z,2022-07-18T22:42:00Z,2,SAMEA4671708,E-MTAB-6798:2224sTS.Mouse.Cerebellum.14.5.Male,Mus musculus,male,ERP108893,CD-1,E-MTAB-6798:2224sTS.Mouse.Cerebellum.14.5.Male
ERR2588459,14.5,RNA-Seq,101,2304309647,PRJEB26869,SAMEA4671709,ArrayExpress,1367994771,"Lausanne Genomics Technology Facility ",house mouse,public,"fastq,run.zq,sra","ena,gs,ncbi,s3","ena,gs.us-east1,ncbi.public,s3.us-east-1",embryo,2019-02-18,2018-12-30T17:01:51Z,2018-11-16,2018-05-21T17:56:03Z,ERX2604735,embryonic day 14.5,hindbrain,SAMEA4671709,wild type genotype,The University of Heidelberg,2018-12-30T17:01:51Z,2018-05-21T17:56:03Z,public,Illumina HiSeq 2500,2228sTS.Mouse.Cerebellum.14.5.Female_s,SINGLE,PolyA,TRANSCRIPTOMIC,hindbrain,Mus musculus,ILLUMINA,2019-02-19T00:00:00Z,2022-07-19T01:07:00Z,2,SAMEA4671709,E-MTAB-6798:2228sTS.Mouse.Cerebellum.14.5.Female,Mus musculus,female,ERP108893,CD-1,E-MTAB-6798:2228sTS.Mouse.Cerebellum.14.5.Female
ERR2588460,14.5,RNA-Seq,101,3255620062,PRJEB26869,SAMEA4671710,ArrayExpress,2113627064,"Lausanne Genomics Technology Facility ",house mouse,public,"fastq,run.zq,sra","ena,gs,ncbi,s3","ena,gs.us-east1,ncbi.public,s3.us-east-1",embryo,2019-02-18,2018-12-30T17:01:51Z,2018-11-16,2018-05-21T17:56:03Z,ERX2604736,embryonic day 14.5,hindbrain,SAMEA4671710,wild type genotype,The University of Heidelberg,2018-12-30T17:01:51Z,2018-05-21T17:56:03Z,public,Illumina HiSeq 2500,2238sTS.Mouse.Cerebellum.14.5.Male_s,SINGLE,PolyA,TRANSCRIPTOMIC,hindbrain,Mus musculus,ILLUMINA,2019-02-19T00:00:00Z,2022-07-12T19:14:00Z,2,SAMEA4671710,E-MTAB-6798:2238sTS.Mouse.Cerebellum.14.5.Male,Mus musculus,male,ERP108893,CD-1,E-MTAB-6798:2238sTS.Mouse.Cerebellum.14.5.Male
ERR2588461,14.5,RNA-Seq,101,4702004601,PRJEB26869,SAMEA4671711,ArrayExpress,3059099330,"Lausanne Genomics Technology Facility ",house mouse,public,"fastq,run.zq,sra","ena,gs,ncbi,s3","ena,gs.us-east1,ncbi.public,s3.us-east-1",embryo,2019-02-18,2018-12-30T17:01:51Z,2018-11-16,2018-05-21T17:56:04Z,ERX2604737,embryonic day 14.5,hindbrain,SAMEA4671711,wild type genotype,The University of Heidelberg,2018-12-30T17:01:51Z,2018-05-21T17:56:04Z,public,Illumina HiSeq 2500,2244sTS.Mouse.Cerebellum.14.5.Female_s,SINGLE,PolyA,TRANSCRIPTOMIC,hindbrain,Mus musculus,ILLUMINA,2019-02-19T00:00:00Z,2022-07-26T06:00:00Z,2,SAMEA4671711,E-MTAB-6798:2244sTS.Mouse.Cerebellum.14.5.Female,Mus musculus,female,ERP108893,CD-1,E-MTAB-6798:2244sTS.Mouse.Cerebellum.14.5.Female
ERR2588462,14.5,RNA-Seq,101,2030621867,PRJEB26869,SAMEA4671712,ArrayExpress,689077606,"Lausanne Genomics Technology Facility ",house mouse,public,"fastq,run.zq,sra","ena,gs,ncbi,s3","ena,gs.us-east1,ncbi.public,s3.us-east-1",embryo,2019-02-18,2018-12-30T17:01:51Z,2018-11-16,2018-05-21T17:56:04Z,ERX2604738,embryonic day 14.5,kidney,SAMEA4671712,wild type genotype,The University of Heidelberg,2018-12-30T17:01:51Z,2018-05-21T17:56:04Z,public,Illumina HiSeq 2500,2460sTS.Mouse.Kidney.14.5.Male_s,SINGLE,PolyA,TRANSCRIPTOMIC,kidney,Mus musculus,ILLUMINA,2019-02-19T00:00:00Z,2022-07-15T18:13:00Z,2,SAMEA4671712,E-MTAB-6798:2460sTS.Mouse.Kidney.14.5.Male,Mus musculus,male,ERP108893,CD-1,E-MTAB-6798:2460sTS.Mouse.Kidney.14.5.Male
ERR2588463,14.5,RNA-Seq,101,1995238335,PRJEB26869,SAMEA4671713,ArrayExpress,674716909,"Lausanne Genomics Technology Facility ",house mouse,public,"fastq,run.zq,sra","ena,gs,ncbi,s3","ena,gs.us-east1,ncbi.public,s3.us-east-1",embryo,2019-02-18,2018-12-30T17:01:51Z,2018-11-16,2018-05-21T17:56:04Z,ERX2604739,embryonic day 14.5,kidney,SAMEA4671713,wild type genotype,The University of Heidelberg,2018-12-30T17:01:51Z,2018-05-21T17:56:04Z,public,Illumina HiSeq 2500,2462sTS.Mouse.Kidney.14.5.Male_s,SINGLE,PolyA,TRANSCRIPTOMIC,kidney,Mus musculus,ILLUMINA,2019-02-19T00:00:00Z,2021-10-25T01:47:00Z,2,SAMEA4671713,E-MTAB-6798:2462sTS.Mouse.Kidney.14.5.Male,Mus musculus,male,ERP108893,CD-1,E-MTAB-6798:2462sTS.Mouse.Kidney.14.5.Male
ERR2588464,14.5,RNA-Seq,101,3443522280,PRJEB26869,SAMEA4671714,ArrayExpress,1163138736,"Lausanne Genomics Technology Facility ",house mouse,public,"fastq,run.zq,sra","ena,gs,ncbi,s3","ena,gs.us-east1,ncbi.public,s3.us-east-1",embryo,2019-02-18,2018-12-30T17:01:51Z,2018-11-16,2018-05-21T17:56:04Z,ERX2604740,embryonic day 14.5,kidney,SAMEA4671714,wild type genotype,The University of Heidelberg,2018-12-30T17:01:51Z,2018-05-21T17:56:04Z,public,Illumina HiSeq 2500,2488sTS.Mouse.Kidney.14.5.Female_s,SINGLE,PolyA,TRANSCRIPTOMIC,kidney,Mus musculus,ILLUMINA,2019-02-19T00:00:00Z,2022-07-26T05:55:00Z,2,SAMEA4671714,E-MTAB-6798:2488sTS.Mouse.Kidney.14.5.Female,Mus musculus,female,ERP108893,CD-1,E-MTAB-6798:2488sTS.Mouse.Kidney.14.5.Female
ERR2588465,14.5,RNA-Seq,101,3231045045,PRJEB26869,SAMEA4671715,ArrayExpress,1945254581,"Lausanne Genomics Technology Facility ",house mouse,public,"fastq,run.zq,sra","ena,gs,ncbi,s3","ena,gs.us-east1,ncbi.public,s3.us-east-1",embryo,2019-02-18,2018-12-30T17:01:51Z,2018-11-16,2018-05-21T17:56:04Z,ERX2604741,embryonic day 14.5,liver,SAMEA4671715,wild type genotype,The University of Heidelberg,2018-12-30T17:01:51Z,2018-05-21T17:56:04Z,public,Illumina HiSeq 2500,2225sTS.Mouse.Liver.14.5.Male_s,SINGLE,PolyA,TRANSCRIPTOMIC,liver,Mus musculus,ILLUMINA,2019-02-19T00:00:00Z,2022-07-13T12:19:00Z,2,SAMEA4671715,E-MTAB-6798:2225sTS.Mouse.Liver.14.5.Male,Mus musculus,male,ERP108893,CD-1,E-MTAB-6798:2225sTS.Mouse.Liver.14.5.Male
ERR2588466,14.5,RNA-Seq,101,3126700026,PRJEB26869,SAMEA4671716,ArrayExpress,1876846863,"Lausanne Genomics Technology Facility ",house mouse,public,"fastq,run.zq,sra","ena,gs,ncbi,s3","ena,gs.us-east1,ncbi.public,s3.us-east-1",embryo,2019-02-18,2018-12-30T17:01:51Z,2018-11-16,2018-05-21T17:56:04Z,ERX2604742,embryonic day 14.5,liver,SAMEA4671716,wild type genotype,The University of Heidelberg,2018-12-30T17:01:51Z,2018-05-21T17:56:04Z,public,Illumina HiSeq 2500,2229sTS.Mouse.Liver.14.5.Female_s,SINGLE,PolyA,TRANSCRIPTOMIC,liver,Mus musculus,ILLUMINA,2019-02-19T00:00:00Z,2021-10-25T01:55:00Z,2,SAMEA4671716,E-MTAB-6798:2229sTS.Mouse.Liver.14.5.Female,Mus musculus,female,ERP108893,CD-1,E-MTAB-6798:2229sTS.Mouse.Liver.14.5.Female
ERR2588467,14.5,RNA-Seq,101,2675324663,PRJEB26869,SAMEA4671717,ArrayExpress,1739882384,"Lausanne Genomics Technology Facility ",house mouse,public,"fastq,run.zq,sra","ena,gs,ncbi,s3","ena,gs.us-east1,ncbi.public,s3.us-east-1",embryo,2019-02-18,2018-12-30T17:01:51Z,2018-11-16,2018-05-21T17:56:04Z,ERX2604743,embryonic day 14.5,liver,SAMEA4671717,wild type genotype,The University of Heidelberg,2018-12-30T17:01:51Z,2018-05-21T17:56:04Z,public,Illumina HiSeq 2500,2239sTS.Mouse.Liver.14.5.Male_s,SINGLE,PolyA,TRANSCRIPTOMIC,liver,Mus musculus,ILLUMINA,2019-02-19T00:00:00Z,2022-07-26T05:55:00Z,2,SAMEA4671717,E-MTAB-6798:2239sTS.Mouse.Liver.14.5.Male,Mus musculus,male,ERP108893,CD-1,E-MTAB-6798:2239sTS.Mouse.Liver.14.5.Male
ERR2588468,14.5,RNA-Seq,101,2649689247,PRJEB26869,SAMEA4671718,ArrayExpress,1722195064,"Lausanne Genomics Technology Facility ",house mouse,public,"fastq,run.zq,sra","ena,gs,ncbi,s3","ena,gs.us-east1,ncbi.public,s3.us-east-1",embryo,2019-02-18,2018-12-30T17:01:51Z,2018-11-16,2018-05-21T17:56:04Z,ERX2604744,embryonic day 14.5,liver,SAMEA4671718,wild type genotype,The University of Heidelberg,2018-12-30T17:01:51Z,2018-05-21T17:56:04Z,public,Illumina HiSeq 2500,2245sTS.Mouse.Liver.14.5.Female_s,SINGLE,PolyA,TRANSCRIPTOMIC,liver,Mus musculus,ILLUMINA,2019-02-19T00:00:00Z,2022-07-13T12:15:00Z,2,SAMEA4671718,E-MTAB-6798:2245sTS.Mouse.Liver.14.5.Female,Mus musculus,female,ERP108893,CD-1,E-MTAB-6798:2245sTS.Mouse.Liver.14.5.Female
ERR2588469,14.5,RNA-Seq,101,2626082012,PRJEB26869,SAMEA4671719,ArrayExpress,1571867868,"Lausanne Genomics Technology Facility ",house mouse,public,"fastq,run.zq,sra","ena,gs,ncbi,s3","ena,gs.us-east1,ncbi.public,s3.us-east-1",embryo,2019-02-18,2018-12-30T17:01:51Z,2018-11-16,2018-05-21T17:56:04Z,ERX2604745,embryonic day 14.5,ovary,SAMEA4671719,wild type genotype,The University of Heidelberg,2018-12-30T17:01:51Z,2018-05-21T17:56:04Z,public,Illumina HiSeq 2500,2230sTS.Mouse.Ovary.14.5.Female_s,SINGLE,PolyA,TRANSCRIPTOMIC,ovary,Mus musculus,ILLUMINA,2019-02-19T00:00:00Z,2022-07-26T05:46:00Z,2,SAMEA4671719,E-MTAB-6798:2230sTS.Mouse.Ovary.14.5.Female,Mus musculus,female,ERP108893,CD-1,E-MTAB-6798:2230sTS.Mouse.Ovary.14.5.Female
ERR2588470,14.5,RNA-Seq,101,3156825397,PRJEB26869,SAMEA4671720,ArrayExpress,2056451469,"Lausanne Genomics Technology Facility ",house mouse,public,"fastq,run.zq,sra","ena,gs,ncbi,s3","ena,gs.us-east1,ncbi.public,s3.us-east-1",embryo,2019-02-18,2018-12-30T17:01:51Z,2018-11-16,2018-05-21T17:56:04Z,ERX2604746,embryonic day 14.5,ovary,SAMEA4671720,wild type genotype,The University of Heidelberg,2018-12-30T17:01:51Z,2018-05-21T17:56:04Z,public,Illumina HiSeq 2500,2246sTS.Mouse.Ovary.14.5.Female_s,SINGLE,PolyA,TRANSCRIPTOMIC,ovary,Mus musculus,ILLUMINA,2019-02-19T00:00:00Z,2022-07-26T05:57:00Z,2,SAMEA4671720,E-MTAB-6798:2246sTS.Mouse.Ovary.14.5.Female,Mus musculus,female,ERP108893,CD-1,E-MTAB-6798:2246sTS.Mouse.Ovary.14.5.Female
ERR2588471,14.5,RNA-Seq,101,2948066376,PRJEB26869,SAMEA4671721,ArrayExpress,1782433875,"Lausanne Genomics Technology Facility ",house mouse,public,"fastq,run.zq,sra","ena,gs,ncbi,s3","ena,gs.us-east1,ncbi.public,s3.us-east-1",embryo,2019-02-18,2018-12-30T17:01:51Z,2018-11-16,2018-05-21T17:56:04Z,ERX2604747,embryonic day 14.5,testis,SAMEA4671721,wild type genotype,The University of Heidelberg,2018-12-30T17:01:51Z,2018-05-21T17:56:04Z,public,Illumina HiSeq 2500,2226sTS.Mouse.Testis.14.5.Male_s,SINGLE,PolyA,TRANSCRIPTOMIC,testis,Mus musculus,ILLUMINA,2019-02-19T00:00:00Z,2021-10-25T01:56:00Z,2,SAMEA4671721,E-MTAB-6798:2226sTS.Mouse.Testis.14.5.Male,Mus musculus,male,ERP108893,CD-1,E-MTAB-6798:2226sTS.Mouse.Testis.14.5.Male
ERR2588472,14.5,RNA-Seq,101,8353750501,PRJEB26869,SAMEA4671722,ArrayExpress,5330373115,"Lausanne Genomics Technology Facility ",house mouse,public,"fastq,run.zq,sra","ena,gs,ncbi,s3","ena,gs.us-east1,ncbi.public,s3.us-east-1",embryo,2019-02-18,2018-12-30T17:01:51Z,2018-11-16,2018-05-21T17:56:04Z,ERX2604748,embryonic day 14.5,testis,SAMEA4671722,wild type genotype,The University of Heidelberg,2018-12-30T17:01:51Z,2018-05-21T17:56:04Z,public,Illumina HiSeq 2500,2233sTS.Mouse.Testis.14.5.Male_s,SINGLE,PolyA,TRANSCRIPTOMIC,testis,Mus musculus,ILLUMINA,2019-02-19T00:00:00Z,2021-10-24T07:09:00Z,2,SAMEA4671722,E-MTAB-6798:2233sTS.Mouse.Testis.14.5.Male,Mus musculus,male,ERP108893,CD-1,E-MTAB-6798:2233sTS.Mouse.Testis.14.5.Male
ERR2588473,15.5,RNA-Seq,101,2556385548,PRJEB26869,SAMEA4671723,ArrayExpress,1621009224,"Lausanne Genomics Technology Facility ",house mouse,public,"fastq,run.zq,sra","ena,gs,ncbi,s3","ena,gs.us-east1,ncbi.public,s3.us-east-1",embryo,2019-02-18,2018-12-30T17:01:51Z,2018-11-16,2018-05-21T17:56:04Z,ERX2604749,embryonic day 15.5,forebrain,SAMEA4671723,wild type genotype,The University of Heidelberg,2018-12-30T17:01:51Z,2018-05-21T17:56:04Z,public,Illumina HiSeq 2500,2185sTS.Mouse.Brain.15.5.Male_s,SINGLE,PolyA,TRANSCRIPTOMIC,forebrain,Mus musculus,ILLUMINA,2019-02-19T00:00:00Z,2022-07-26T05:55:00Z,2,SAMEA4671723,E-MTAB-6798:2185sTS.Mouse.Brain.15.5.Male,Mus musculus,male,ERP108893,CD-1,E-MTAB-6798:2185sTS.Mouse.Brain.15.5.Male
ERR2588474,15.5,RNA-Seq,101,3143260592,PRJEB26869,SAMEA4671724,ArrayExpress,2014930198,"Lausanne Genomics Technology Facility ",house mouse,public,"fastq,run.zq,sra","ena,gs,ncbi,s3","ena,gs.us-east1,ncbi.public,s3.us-east-1",embryo,2019-02-18,2018-12-30T17:01:51Z,2018-11-16,2018-05-21T17:56:04Z,ERX2604750,embryonic day 15.5,forebrain,SAMEA4671724,wild type genotype,The University of Heidelberg,2018-12-30T17:01:51Z,2018-05-21T17:56:04Z,public,Illumina HiSeq 2500,2189sTS.Mouse.Brain.15.5.Female_s,SINGLE,PolyA,TRANSCRIPTOMIC,forebrain,Mus musculus,ILLUMINA,2019-02-19T00:00:00Z,2022-07-18T06:39:00Z,2,SAMEA4671724,E-MTAB-6798:2189sTS.Mouse.Brain.15.5.Female,Mus musculus,female,ERP108893,CD-1,E-MTAB-6798:2189sTS.Mouse.Brain.15.5.Female
ERR2588475,15.5,RNA-Seq,101,2854941245,PRJEB26869,SAMEA4671725,ArrayExpress,1820136825,"Lausanne Genomics Technology Facility ",house mouse,public,"fastq,run.zq,sra","ena,gs,ncbi,s3","ena,gs.us-east1,ncbi.public,s3.us-east-1",embryo,2019-02-18,2018-12-30T17:01:51Z,2018-11-16,2018-05-21T17:56:04Z,ERX2604751,embryonic day 15.5,forebrain,SAMEA4671725,wild type genotype,The University of Heidelberg,2018-12-30T17:01:51Z,2018-05-21T17:56:04Z,public,Illumina HiSeq 2500,2193sTS.Mouse.Brain.15.5.Male_s,SINGLE,PolyA,TRANSCRIPTOMIC,forebrain,Mus musculus,ILLUMINA,2019-02-19T00:00:00Z,2021-10-25T02:10:00Z,2,SAMEA4671725,E-MTAB-6798:2193sTS.Mouse.Brain.15.5.Male,Mus musculus,male,ERP108893,CD-1,E-MTAB-6798:2193sTS.Mouse.Brain.15.5.Male
ERR2588476,15.5,RNA-Seq,101,2580166200,PRJEB26869,SAMEA4671726,ArrayExpress,1744763492,"Lausanne Genomics Technology Facility ",house mouse,public,"fastq,run.zq,sra","ena,gs,ncbi,s3","ena,gs.us-east1,ncbi.public,s3.us-east-1",embryo,2019-02-18,2018-12-30T17:01:51Z,2018-11-16,2018-05-21T17:56:04Z,ERX2604752,embryonic day 15.5,forebrain,SAMEA4671726,wild type genotype,The University of Heidelberg,2018-12-30T17:01:51Z,2018-05-21T17:56:04Z,public,Illumina HiSeq 2500,2247sTS.Mouse.Brain.15.5.Female_s,SINGLE,PolyA,TRANSCRIPTOMIC,forebrain,Mus musculus,ILLUMINA,2019-02-19T00:00:00Z,2022-07-14T16:36:00Z,2,SAMEA4671726,E-MTAB-6798:2247sTS.Mouse.Brain.15.5.Female,Mus musculus,female,ERP108893,CD-1,E-MTAB-6798:2247sTS.Mouse.Brain.15.5.Female
ERR2588477,15.5,RNA-Seq,101,2431749629,PRJEB26869,SAMEA4671727,ArrayExpress,790130662,"Lausanne Genomics Technology Facility ",house mouse,public,"fastq,run.zq,sra","ena,gs,ncbi,s3","ena,gs.us-east1,ncbi.public,s3.us-east-1",embryo,2019-02-18,2018-12-30T17:01:51Z,2018-11-16,2018-05-21T17:56:04Z,ERX2604753,embryonic day 15.5,heart,SAMEA4671727,wild type genotype,The University of Heidelberg,2018-12-30T17:01:51Z,2018-05-21T17:56:04Z,public,Illumina HiSeq 2500,2504sTS.Mouse.Heart.15.5.Male_s,SINGLE,PolyA,TRANSCRIPTOMIC,heart,Mus musculus,ILLUMINA,2019-02-19T00:00:00Z,2022-07-17T10:00:00Z,2,SAMEA4671727,E-MTAB-6798:2504sTS.Mouse.Heart.15.5.Male,Mus musculus,male,ERP108893,CD-1,E-MTAB-6798:2504sTS.Mouse.Heart.15.5.Male
ERR2588478,15.5,RNA-Seq,101,2220664578,PRJEB26869,SAMEA4671728,ArrayExpress,719557677,"Lausanne Genomics Technology Facility ",house mouse,public,"fastq,run.zq,sra","ena,gs,ncbi,s3","ena,gs.us-east1,ncbi.public,s3.us-east-1",embryo,2019-02-18,2018-12-30T17:01:51Z,2018-11-16,2018-05-21T17:56:04Z,ERX2604754,embryonic day 15.5,heart,SAMEA4671728,wild type genotype,The University of Heidelberg,2018-12-30T17:01:51Z,2018-05-21T17:56:04Z,public,Illumina HiSeq 2500,2506sTS.Mouse.Heart.15.5.Male_s,SINGLE,PolyA,TRANSCRIPTOMIC,heart,Mus musculus,ILLUMINA,2019-02-19T00:00:00Z,2022-07-21T12:01:00Z,2,SAMEA4671728,E-MTAB-6798:2506sTS.Mouse.Heart.15.5.Male,Mus musculus,male,ERP108893,CD-1,E-MTAB-6798:2506sTS.Mouse.Heart.15.5.Male
ERR2588479,15.5,RNA-Seq,101,1890903416,PRJEB26869,SAMEA4671729,ArrayExpress,613895536,"Lausanne Genomics Technology Facility ",house mouse,public,"fastq,run.zq,sra","ena,gs,ncbi,s3","ena,gs.us-east1,ncbi.public,s3.us-east-1",embryo,2019-02-18,2018-12-30T17:01:51Z,2018-11-16,2018-05-21T17:56:04Z,ERX2604755,embryonic day 15.5,heart,SAMEA4671729,wild type genotype,The University of Heidelberg,2018-12-30T17:01:51Z,2018-05-21T17:56:04Z,public,Illumina HiSeq 2500,2508sTS.Mouse.Heart.15.5.Female_s,SINGLE,PolyA,TRANSCRIPTOMIC,heart,Mus musculus,ILLUMINA,2019-02-19T00:00:00Z,2022-07-14T16:33:00Z,2,SAMEA4671729,E-MTAB-6798:2508sTS.Mouse.Heart.15.5.Female,Mus musculus,female,ERP108893,CD-1,E-MTAB-6798:2508sTS.Mouse.Heart.15.5.Female
ERR2588480,15.5,RNA-Seq,101,2363404040,PRJEB26869,SAMEA4671730,ArrayExpress,767265921,"Lausanne Genomics Technology Facility ",house mouse,public,"fastq,run.zq,sra","ena,gs,ncbi,s3","ena,gs.us-east1,ncbi.public,s3.us-east-1",embryo,2019-02-18,2018-12-30T17:01:51Z,2018-11-16,2018-05-21T17:56:04Z,ERX2604756,embryonic day 15.5,heart,SAMEA4671730,wild type genotype,The University of Heidelberg,2018-12-30T17:01:51Z,2018-05-21T17:56:04Z,public,Illumina HiSeq 2500,2510sTS.Mouse.Heart.15.5.Female_s,SINGLE,PolyA,TRANSCRIPTOMIC,heart,Mus musculus,ILLUMINA,2019-02-19T00:00:00Z,2022-07-12T16:23:00Z,2,SAMEA4671730,E-MTAB-6798:2510sTS.Mouse.Heart.15.5.Female,Mus musculus,female,ERP108893,CD-1,E-MTAB-6798:2510sTS.Mouse.Heart.15.5.Female
ERR2588481,15.5,RNA-Seq,101,3089490919,PRJEB26869,SAMEA4671731,ArrayExpress,1978607642,"Lausanne Genomics Technology Facility ",house mouse,public,"fastq,run.zq,sra","ena,gs,ncbi,s3","ena,gs.us-east1,ncbi.public,s3.us-east-1",embryo,2019-02-18,2018-12-30T17:01:51Z,2018-11-16,2018-05-21T17:56:04Z,ERX2604757,embryonic day 15.5,hindbrain,SAMEA4671731,wild type genotype,The University of Heidelberg,2018-12-30T17:01:51Z,2018-05-21T17:56:04Z,public,Illumina HiSeq 2500,2186sTS.Mouse.Cerebellum.15.5.Male_s,SINGLE,PolyA,TRANSCRIPTOMIC,hindbrain,Mus musculus,ILLUMINA,2019-02-19T00:00:00Z,2022-07-26T05:58:00Z,2,SAMEA4671731,E-MTAB-6798:2186sTS.Mouse.Cerebellum.15.5.Male,Mus musculus,male,ERP108893,CD-1,E-MTAB-6798:2186sTS.Mouse.Cerebellum.15.5.Male
ERR2588482,15.5,RNA-Seq,101,3019337531,PRJEB26869,SAMEA4671732,ArrayExpress,1940406110,"Lausanne Genomics Technology Facility ",house mouse,public,"fastq,run.zq,sra","ena,gs,ncbi,s3","ena,gs.us-east1,ncbi.public,s3.us-east-1",embryo,2019-02-18,2018-12-30T17:01:51Z,2018-11-16,2018-05-21T17:56:04Z,ERX2604758,embryonic day 15.5,hindbrain,SAMEA4671732,wild type genotype,The University of Heidelberg,2018-12-30T17:01:51Z,2018-05-21T17:56:04Z,public,Illumina HiSeq 2500,2190sTS.Mouse.Cerebellum.15.5.Female_s,SINGLE,PolyA,TRANSCRIPTOMIC,hindbrain,Mus musculus,ILLUMINA,2019-02-19T00:00:00Z,2022-07-20T15:34:00Z,2,SAMEA4671732,E-MTAB-6798:2190sTS.Mouse.Cerebellum.15.5.Female,Mus musculus,female,ERP108893,CD-1,E-MTAB-6798:2190sTS.Mouse.Cerebellum.15.5.Female
ERR2588483,15.5,RNA-Seq,101,2967096190,PRJEB26869,SAMEA4671733,ArrayExpress,1889253209,"Lausanne Genomics Technology Facility ",house mouse,public,"fastq,run.zq,sra","ena,gs,ncbi,s3","ena,gs.us-east1,ncbi.public,s3.us-east-1",embryo,2019-02-18,2018-12-30T17:01:51Z,2018-11-16,2018-05-21T17:56:05Z,ERX2604759,embryonic day 15.5,hindbrain,SAMEA4671733,wild type genotype,The University of Heidelberg,2018-12-30T17:01:51Z,2018-05-21T17:56:05Z,public,Illumina HiSeq 2500,2194sTS.Mouse.Cerebellum.15.5.Male_s,SINGLE,PolyA,TRANSCRIPTOMIC,hindbrain,Mus musculus,ILLUMINA,2019-02-19T00:00:00Z,2021-10-25T01:55:00Z,2,SAMEA4671733,E-MTAB-6798:2194sTS.Mouse.Cerebellum.15.5.Male,Mus musculus,male,ERP108893,CD-1,E-MTAB-6798:2194sTS.Mouse.Cerebellum.15.5.Male
ERR2588484,15.5,RNA-Seq,101,2258251829,PRJEB26869,SAMEA4671734,ArrayExpress,1325982916,"Lausanne Genomics Technology Facility ",house mouse,public,"fastq,run.zq,sra","ena,gs,ncbi,s3","ena,gs.us-east1,ncbi.public,s3.us-east-1",embryo,2019-02-18,2018-12-30T17:01:51Z,2018-11-16,2018-05-21T17:56:05Z,ERX2604760,embryonic day 15.5,hindbrain,SAMEA4671734,wild type genotype,The University of Heidelberg,2018-12-30T17:01:51Z,2018-05-21T17:56:05Z,public,Illumina HiSeq 2500,2218sTS.Mouse.Cerebellum.15.5.Female_s,SINGLE,PolyA,TRANSCRIPTOMIC,hindbrain,Mus musculus,ILLUMINA,2019-02-19T00:00:00Z,2022-07-26T05:54:00Z,2,SAMEA4671734,E-MTAB-6798:2218sTS.Mouse.Cerebellum.15.5.Female,Mus musculus,female,ERP108893,CD-1,E-MTAB-6798:2218sTS.Mouse.Cerebellum.15.5.Female
ERR2588485,15.5,RNA-Seq,101,1465253965,PRJEB26869,SAMEA4671735,ArrayExpress,476732634,"Lausanne Genomics Technology Facility ",house mouse,public,"fastq,run.zq,sra","ena,gs,ncbi,s3","ena,gs.us-east1,ncbi.public,s3.us-east-1",embryo,2019-02-18,2018-12-30T17:01:51Z,2018-11-16,2018-05-21T17:56:05Z,ERX2604761,embryonic day 15.5,kidney,SAMEA4671735,wild type genotype,The University of Heidelberg,2018-12-30T17:01:51Z,2018-05-21T17:56:05Z,public,Illumina HiSeq 2500,2505sTS.Mouse.Kidney.15.5.Male_s,SINGLE,PolyA,TRANSCRIPTOMIC,kidney,Mus musculus,ILLUMINA,2019-02-19T00:00:00Z,2022-07-15T21:43:00Z,2,SAMEA4671735,E-MTAB-6798:2505sTS.Mouse.Kidney.15.5.Male,Mus musculus,male,ERP108893,CD-1,E-MTAB-6798:2505sTS.Mouse.Kidney.15.5.Male
ERR2588486,15.5,RNA-Seq,101,2421873647,PRJEB26869,SAMEA4671736,ArrayExpress,783241830,"Lausanne Genomics Technology Facility ",house mouse,public,"fastq,run.zq,sra","ena,gs,ncbi,s3","ena,gs.us-east1,ncbi.public,s3.us-east-1",embryo,2019-02-18,2018-12-30T17:01:51Z,2018-11-16,2018-05-21T17:56:05Z,ERX2604762,embryonic day 15.5,kidney,SAMEA4671736,wild type genotype,The University of Heidelberg,2018-12-30T17:01:51Z,2018-05-21T17:56:05Z,public,Illumina HiSeq 2500,2507sTS.Mouse.Kidney.15.5.Male_s,SINGLE,PolyA,TRANSCRIPTOMIC,kidney,Mus musculus,ILLUMINA,2019-02-19T00:00:00Z,2021-10-25T01:30:00Z,2,SAMEA4671736,E-MTAB-6798:2507sTS.Mouse.Kidney.15.5.Male,Mus musculus,male,ERP108893,CD-1,E-MTAB-6798:2507sTS.Mouse.Kidney.15.5.Male
ERR2588487,15.5,RNA-Seq,101,2478591207,PRJEB26869,SAMEA4671737,ArrayExpress,806609333,"Lausanne Genomics Technology Facility ",house mouse,public,"fastq,run.zq,sra","ena,gs,ncbi,s3","ena,gs.us-east1,ncbi.public,s3.us-east-1",embryo,2019-02-18,2018-12-30T17:01:51Z,2018-11-16,2018-05-21T17:56:05Z,ERX2604763,embryonic day 15.5,kidney,SAMEA4671737,wild type genotype,The University of Heidelberg,2018-12-30T17:01:51Z,2018-05-21T17:56:05Z,public,Illumina HiSeq 2500,2509sTS.Mouse.Kidney.15.5.Female_s,SINGLE,PolyA,TRANSCRIPTOMIC,kidney,Mus musculus,ILLUMINA,2019-02-19T00:00:00Z,2022-07-26T05:54:00Z,2,SAMEA4671737,E-MTAB-6798:2509sTS.Mouse.Kidney.15.5.Female,Mus musculus,female,ERP108893,CD-1,E-MTAB-6798:2509sTS.Mouse.Kidney.15.5.Female
ERR2588488,15.5,RNA-Seq,101,1759184973,PRJEB26869,SAMEA4671738,ArrayExpress,601173791,"Lausanne Genomics Technology Facility ",house mouse,public,"fastq,run.zq,sra","ena,gs,ncbi,s3","ena,gs.us-east1,ncbi.public,s3.us-east-1",embryo,2019-02-18,2018-12-30T17:01:51Z,2018-11-16,2018-05-21T17:56:05Z,ERX2604764,embryonic day 15.5,kidney,SAMEA4671738,wild type genotype,The University of Heidelberg,2018-12-30T17:01:51Z,2018-05-21T17:56:05Z,public,Illumina HiSeq 2500,2511sTS.Mouse.Kidney.15.5.Female_s,SINGLE,PolyA,TRANSCRIPTOMIC,kidney,Mus musculus,ILLUMINA,2019-02-19T00:00:00Z,2022-07-14T10:02:00Z,2,SAMEA4671738,E-MTAB-6798:2511sTS.Mouse.Kidney.15.5.Female,Mus musculus,female,ERP108893,CD-1,E-MTAB-6798:2511sTS.Mouse.Kidney.15.5.Female
ERR2588489,15.5,RNA-Seq,101,3663565930,PRJEB26869,SAMEA4671739,ArrayExpress,2345958403,"Lausanne Genomics Technology Facility ",house mouse,public,"fastq,run.zq,sra","ena,gs,ncbi,s3","ena,gs.us-east1,ncbi.public,s3.us-east-1",embryo,2019-02-18,2018-12-30T17:01:51Z,2018-11-16,2018-05-21T17:56:05Z,ERX2604765,embryonic day 15.5,liver,SAMEA4671739,wild type genotype,The University of Heidelberg,2018-12-30T17:01:51Z,2018-05-21T17:56:05Z,public,Illumina HiSeq 2500,2188sTS.Mouse.Liver.15.5.Male_s,SINGLE,PolyA,TRANSCRIPTOMIC,liver,Mus musculus,ILLUMINA,2019-02-19T00:00:00Z,2022-07-26T05:56:00Z,2,SAMEA4671739,E-MTAB-6798:2188sTS.Mouse.Liver.15.5.Male,Mus musculus,male,ERP108893,CD-1,E-MTAB-6798:2188sTS.Mouse.Liver.15.5.Male
ERR2588490,15.5,RNA-Seq,101,3461516743,PRJEB26869,SAMEA4671740,ArrayExpress,2220021819,"Lausanne Genomics Technology Facility ",house mouse,public,"fastq,run.zq,sra","ena,gs,ncbi,s3","ena,gs.us-east1,ncbi.public,s3.us-east-1",embryo,2019-02-18,2018-12-30T17:01:51Z,2018-11-16,2018-05-21T17:56:05Z,ERX2604766,embryonic day 15.5,liver,SAMEA4671740,wild type genotype,The University of Heidelberg,2018-12-30T17:01:51Z,2018-05-21T17:56:05Z,public,Illumina HiSeq 2500,2192sTS.Mouse.Liver.15.5.Female_s,SINGLE,PolyA,TRANSCRIPTOMIC,liver,Mus musculus,ILLUMINA,2019-02-19T00:00:00Z,2021-10-25T02:04:00Z,2,SAMEA4671740,E-MTAB-6798:2192sTS.Mouse.Liver.15.5.Female,Mus musculus,female,ERP108893,CD-1,E-MTAB-6798:2192sTS.Mouse.Liver.15.5.Female
ERR2588491,15.5,RNA-Seq,101,2839177367,PRJEB26869,SAMEA4671741,ArrayExpress,1814411514,"Lausanne Genomics Technology Facility ",house mouse,public,"fastq,run.zq,sra","ena,gs,ncbi,s3","ena,gs.us-east1,ncbi.public,s3.us-east-1",embryo,2019-02-18,2018-12-30T17:01:51Z,2018-11-16,2018-05-21T17:56:05Z,ERX2604767,embryonic day 15.5,liver,SAMEA4671741,wild type genotype,The University of Heidelberg,2018-12-30T17:01:51Z,2018-05-21T17:56:05Z,public,Illumina HiSeq 2500,2196sTS.Mouse.Liver.15.5.Male_s,SINGLE,PolyA,TRANSCRIPTOMIC,liver,Mus musculus,ILLUMINA,2019-02-19T00:00:00Z,2022-07-26T05:56:00Z,2,SAMEA4671741,E-MTAB-6798:2196sTS.Mouse.Liver.15.5.Male,Mus musculus,male,ERP108893,CD-1,E-MTAB-6798:2196sTS.Mouse.Liver.15.5.Male
ERR2588492,15.5,RNA-Seq,101,1936124954,PRJEB26869,SAMEA4671742,ArrayExpress,1278704110,"Lausanne Genomics Technology Facility ",house mouse,public,"fastq,run.zq,sra","ena,gs,ncbi,s3","ena,gs.us-east1,ncbi.public,s3.us-east-1",embryo,2019-02-18,2018-12-30T17:01:51Z,2018-11-16,2018-05-21T17:56:05Z,ERX2604768,embryonic day 15.5,liver,SAMEA4671742,wild type genotype,The University of Heidelberg,2018-12-30T17:01:51Z,2018-05-21T17:56:05Z,public,Illumina HiSeq 2500,2219sTS.Mouse.Liver.15.5.Female_s,SINGLE,PolyA,TRANSCRIPTOMIC,liver,Mus musculus,ILLUMINA,2019-02-19T00:00:00Z,2022-07-19T15:39:00Z,2,SAMEA4671742,E-MTAB-6798:2219sTS.Mouse.Liver.15.5.Female,Mus musculus,female,ERP108893,CD-1,E-MTAB-6798:2219sTS.Mouse.Liver.15.5.Female
ERR2588493,15.5,RNA-Seq,101,3435028584,PRJEB26869,SAMEA4671743,ArrayExpress,2193367070,"Lausanne Genomics Technology Facility ",house mouse,public,"fastq,run.zq,sra","ena,gs,ncbi,s3","ena,gs.us-east1,ncbi.public,s3.us-east-1",embryo,2019-02-18,2018-12-30T17:01:51Z,2018-11-16,2018-05-21T17:56:05Z,ERX2604769,embryonic day 15.5,ovary,SAMEA4671743,wild type genotype,The University of Heidelberg,2018-12-30T17:01:51Z,2018-05-21T17:56:05Z,public,Illumina HiSeq 2500,2191sTS.Mouse.Ovary.15.5.Female_s,SINGLE,PolyA,TRANSCRIPTOMIC,ovary,Mus musculus,ILLUMINA,2019-02-19T00:00:00Z,2021-10-25T02:01:00Z,2,SAMEA4671743,E-MTAB-6798:2191sTS.Mouse.Ovary.15.5.Female,Mus musculus,female,ERP108893,CD-1,E-MTAB-6798:2191sTS.Mouse.Ovary.15.5.Female
ERR2588494,15.5,RNA-Seq,101,2066876524,PRJEB26869,SAMEA4671744,ArrayExpress,1213977994,"Lausanne Genomics Technology Facility ",house mouse,public,"fastq,run.zq,sra","ena,gs,ncbi,s3","ena,gs.us-east1,ncbi.public,s3.us-east-1",embryo,2019-02-18,2018-12-30T17:01:51Z,2018-11-16,2018-05-21T17:56:05Z,ERX2604770,embryonic day 15.5,ovary,SAMEA4671744,wild type genotype,The University of Heidelberg,2018-12-30T17:01:51Z,2018-05-21T17:56:05Z,public,Illumina HiSeq 2500,2215sTS.Mouse.Ovary.15.5.Female_s,SINGLE,PolyA,TRANSCRIPTOMIC,ovary,Mus musculus,ILLUMINA,2019-02-19T00:00:00Z,2022-07-26T05:54:00Z,2,SAMEA4671744,E-MTAB-6798:2215sTS.Mouse.Ovary.15.5.Female,Mus musculus,female,ERP108893,CD-1,E-MTAB-6798:2215sTS.Mouse.Ovary.15.5.Female
ERR2588495,15.5,RNA-Seq,101,2270188817,PRJEB26869,SAMEA4671745,ArrayExpress,1467619306,"Lausanne Genomics Technology Facility ",house mouse,public,"fastq,run.zq,sra","ena,gs,ncbi,s3","ena,gs.us-east1,ncbi.public,s3.us-east-1",embryo,2019-02-18,2018-12-30T17:01:51Z,2018-11-16,2018-05-21T17:56:05Z,ERX2604771,embryonic day 15.5,testis,SAMEA4671745,wild type genotype,The University of Heidelberg,2018-12-30T17:01:51Z,2018-05-21T17:56:05Z,public,Illumina HiSeq 2500,2187sTS.Mouse.Testis.15.5.Male_s,SINGLE,PolyA,TRANSCRIPTOMIC,testis,Mus musculus,ILLUMINA,2019-02-19T00:00:00Z,2022-07-26T05:54:00Z,2,SAMEA4671745,E-MTAB-6798:2187sTS.Mouse.Testis.15.5.Male,Mus musculus,male,ERP108893,CD-1,E-MTAB-6798:2187sTS.Mouse.Testis.15.5.Male
ERR2588496,15.5,RNA-Seq,101,3010609818,PRJEB26869,SAMEA4671746,ArrayExpress,1951540370,"Lausanne Genomics Technology Facility ",house mouse,public,"fastq,run.zq,sra","ena,gs,ncbi,s3","ena,gs.us-east1,ncbi.public,s3.us-east-1",embryo,2019-02-18,2018-12-30T17:01:51Z,2018-11-16,2018-05-21T17:56:05Z,ERX2604772,embryonic day 15.5,testis,SAMEA4671746,wild type genotype,The University of Heidelberg,2018-12-30T17:01:51Z,2018-05-21T17:56:05Z,public,Illumina HiSeq 2500,2195sTS.Mouse.Testis.15.5.Male_s,SINGLE,PolyA,TRANSCRIPTOMIC,testis,Mus musculus,ILLUMINA,2019-02-19T00:00:00Z,2021-10-24T06:36:00Z,2,SAMEA4671746,E-MTAB-6798:2195sTS.Mouse.Testis.15.5.Male,Mus musculus,male,ERP108893,CD-1,E-MTAB-6798:2195sTS.Mouse.Testis.15.5.Male
ERR2588497,16.5,RNA-Seq,101,2257832982,PRJEB26869,SAMEA4671747,ArrayExpress,1430770877,"Lausanne Genomics Technology Facility ",house mouse,public,"fastq,run.zq,sra","ena,gs,ncbi,s3","ena,gs.us-east1,ncbi.public,s3.us-east-1",embryo,2019-02-18,2018-12-30T17:01:51Z,2018-11-16,2018-05-21T17:56:05Z,ERX2604773,embryonic day 16.5,forebrain,SAMEA4671747,wild type genotype,The University of Heidelberg,2018-12-30T17:01:51Z,2018-05-21T17:56:05Z,public,Illumina HiSeq 2500,2254sTS.Mouse.Brain.16.5.Female_s,SINGLE,PolyA,TRANSCRIPTOMIC,forebrain,Mus musculus,ILLUMINA,2019-02-19T00:00:00Z,2022-07-17T10:01:00Z,2,SAMEA4671747,E-MTAB-6798:2254sTS.Mouse.Brain.16.5.Female,Mus musculus,female,ERP108893,CD-1,E-MTAB-6798:2254sTS.Mouse.Brain.16.5.Female
ERR2588498,16.5,RNA-Seq,101,2458484834,PRJEB26869,SAMEA4671748,ArrayExpress,1546606676,"Lausanne Genomics Technology Facility ",house mouse,public,"fastq,run.zq,sra","ena,gs,ncbi,s3","ena,gs.us-east1,ncbi.public,s3.us-east-1",embryo,2019-02-18,2018-12-30T17:01:51Z,2018-11-16,2018-05-21T17:56:05Z,ERX2604774,embryonic day 16.5,forebrain,SAMEA4671748,wild type genotype,The University of Heidelberg,2018-12-30T17:01:51Z,2018-05-21T17:56:05Z,public,Illumina HiSeq 2500,2257sTS.Mouse.Brain.16.5.Male_s,SINGLE,PolyA,TRANSCRIPTOMIC,forebrain,Mus musculus,ILLUMINA,2019-02-19T00:00:00Z,2022-07-26T05:54:00Z,2,SAMEA4671748,E-MTAB-6798:2257sTS.Mouse.Brain.16.5.Male,Mus musculus,male,ERP108893,CD-1,E-MTAB-6798:2257sTS.Mouse.Brain.16.5.Male
ERR2588499,16.5,RNA-Seq,101,2282813514,PRJEB26869,SAMEA4671749,ArrayExpress,1507999826,"Lausanne Genomics Technology Facility ",house mouse,public,"fastq,run.zq,sra","ena,gs,ncbi,s3","ena,gs.us-east1,ncbi.public,s3.us-east-1",embryo,2019-02-18,2018-12-30T17:01:51Z,2018-11-16,2018-05-21T17:56:05Z,ERX2604775,embryonic day 16.5,forebrain,SAMEA4671749,wild type genotype,The University of Heidelberg,2018-12-30T17:01:51Z,2018-05-21T17:56:05Z,public,Illumina HiSeq 2500,2273sTS.Mouse.Brain.16.5.Female_s,SINGLE,PolyA,TRANSCRIPTOMIC,forebrain,Mus musculus,ILLUMINA,2019-02-19T00:00:00Z,2022-07-14T06:28:00Z,2,SAMEA4671749,E-MTAB-6798:2273sTS.Mouse.Brain.16.5.Female,Mus musculus,female,ERP108893,CD-1,E-MTAB-6798:2273sTS.Mouse.Brain.16.5.Female
ERR2588500,16.5,RNA-Seq,101,3033148069,PRJEB26869,SAMEA4671750,ArrayExpress,2020799525,"Lausanne Genomics Technology Facility ",house mouse,public,"fastq,run.zq,sra","ena,gs,ncbi,s3","ena,gs.us-east1,ncbi.public,s3.us-east-1",embryo,2019-02-18,2018-12-30T17:01:51Z,2018-11-16,2018-05-21T17:56:05Z,ERX2604776,embryonic day 16.5,forebrain,SAMEA4671750,wild type genotype,The University of Heidelberg,2018-12-30T17:01:51Z,2018-05-21T17:56:05Z,public,Illumina HiSeq 2500,2276sTS.Mouse.Brain.16.5.Male_s,SINGLE,PolyA,TRANSCRIPTOMIC,forebrain,Mus musculus,ILLUMINA,2019-02-19T00:00:00Z,2022-07-26T05:55:00Z,2,SAMEA4671750,E-MTAB-6798:2276sTS.Mouse.Brain.16.5.Male,Mus musculus,male,ERP108893,CD-1,E-MTAB-6798:2276sTS.Mouse.Brain.16.5.Male
ERR2588501,16.5,RNA-Seq,101,3012713547,PRJEB26869,SAMEA4671751,ArrayExpress,1036632434,"Lausanne Genomics Technology Facility ",house mouse,public,"fastq,run.zq,sra","ena,gs,ncbi,s3","ena,gs.us-east1,ncbi.public,s3.us-east-1",embryo,2019-02-18,2018-12-30T17:01:51Z,2018-11-16,2018-05-21T17:56:05Z,ERX2604777,embryonic day 16.5,heart,SAMEA4671751,wild type genotype,The University of Heidelberg,2018-12-30T17:01:51Z,2018-05-21T17:56:05Z,public,Illumina HiSeq 2500,2512sTS.Mouse.Heart.16.5.Male_s,SINGLE,PolyA,TRANSCRIPTOMIC,heart,Mus musculus,ILLUMINA,2019-02-19T00:00:00Z,2022-07-22T01:00:00Z,2,SAMEA4671751,E-MTAB-6798:2512sTS.Mouse.Heart.16.5.Male,Mus musculus,male,ERP108893,CD-1,E-MTAB-6798:2512sTS.Mouse.Heart.16.5.Male
ERR2588502,16.5,RNA-Seq,101,3202217221,PRJEB26869,SAMEA4671752,ArrayExpress,1104605459,"Lausanne Genomics Technology Facility ",house mouse,public,"fastq,run.zq,sra","ena,gs,ncbi,s3","ena,gs.us-east1,ncbi.public,s3.us-east-1",embryo,2019-02-18,2018-12-30T17:01:51Z,2018-11-16,2018-05-21T17:56:05Z,ERX2604778,embryonic day 16.5,heart,SAMEA4671752,wild type genotype,The University of Heidelberg,2018-12-30T17:01:51Z,2018-05-21T17:56:05Z,public,Illumina HiSeq 2500,2514sTS.Mouse.Heart.16.5.Male_s,SINGLE,PolyA,TRANSCRIPTOMIC,heart,Mus musculus,ILLUMINA,2019-02-19T00:00:00Z,2022-07-13T23:49:00Z,2,SAMEA4671752,E-MTAB-6798:2514sTS.Mouse.Heart.16.5.Male,Mus musculus,male,ERP108893,CD-1,E-MTAB-6798:2514sTS.Mouse.Heart.16.5.Male
ERR2588503,16.5,RNA-Seq,101,3040176558,PRJEB26869,SAMEA4671753,ArrayExpress,1042653781,"Lausanne Genomics Technology Facility ",house mouse,public,"fastq,run.zq,sra","ena,gs,ncbi,s3","ena,gs.us-east1,ncbi.public,s3.us-east-1",embryo,2019-02-18,2018-12-30T17:01:51Z,2018-11-16,2018-05-21T17:56:05Z,ERX2604779,embryonic day 16.5,heart,SAMEA4671753,wild type genotype,The University of Heidelberg,2018-12-30T17:01:51Z,2018-05-21T17:56:05Z,public,Illumina HiSeq 2500,2585sTS.Mouse.Heart.16.5.Female_s,SINGLE,PolyA,TRANSCRIPTOMIC,heart,Mus musculus,ILLUMINA,2019-02-19T00:00:00Z,2021-10-24T06:32:00Z,2,SAMEA4671753,E-MTAB-6798:2585sTS.Mouse.Heart.16.5.Female,Mus musculus,female,ERP108893,CD-1,E-MTAB-6798:2585sTS.Mouse.Heart.16.5.Female
ERR2588504,16.5,RNA-Seq,101,4286527668,PRJEB26869,SAMEA4671754,ArrayExpress,1468293021,"Lausanne Genomics Technology Facility ",house mouse,public,"fastq,run.zq,sra","ena,gs,ncbi,s3","ena,gs.us-east1,ncbi.public,s3.us-east-1",embryo,2019-02-18,2018-12-30T17:01:51Z,2018-11-16,2018-05-21T17:56:05Z,ERX2604780,embryonic day 16.5,heart,SAMEA4671754,wild type genotype,The University of Heidelberg,2018-12-30T17:01:51Z,2018-05-21T17:56:05Z,public,Illumina HiSeq 2500,2587sTS.Mouse.Heart.16.5.Female_s,SINGLE,PolyA,TRANSCRIPTOMIC,heart,Mus musculus,ILLUMINA,2019-02-19T00:00:00Z,2021-10-24T06:38:00Z,2,SAMEA4671754,E-MTAB-6798:2587sTS.Mouse.Heart.16.5.Female,Mus musculus,female,ERP108893,CD-1,E-MTAB-6798:2587sTS.Mouse.Heart.16.5.Female
ERR2588505,16.5,RNA-Seq,101,2535111009,PRJEB26869,SAMEA4671755,ArrayExpress,1596767588,"Lausanne Genomics Technology Facility ",house mouse,public,"fastq,run.zq,sra","ena,gs,ncbi,s3","ena,gs.us-east1,ncbi.public,s3.us-east-1",embryo,2019-02-18,2018-12-30T17:01:51Z,2018-11-16,2018-05-21T17:56:05Z,ERX2604781,embryonic day 16.5,hindbrain,SAMEA4671755,wild type genotype,The University of Heidelberg,2018-12-30T17:01:51Z,2018-05-21T17:56:05Z,public,Illumina HiSeq 2500,2255sTS.Mouse.Cerebellum.16.5.Female_s,SINGLE,PolyA,TRANSCRIPTOMIC,hindbrain,Mus musculus,ILLUMINA,2019-02-19T00:00:00Z,2022-07-13T12:17:00Z,2,SAMEA4671755,E-MTAB-6798:2255sTS.Mouse.Cerebellum.16.5.Female,Mus musculus,female,ERP108893,CD-1,E-MTAB-6798:2255sTS.Mouse.Cerebellum.16.5.Female
ERR2588506,16.5,RNA-Seq,101,4963212215,PRJEB26869,SAMEA4671756,ArrayExpress,2523490869,"Lausanne Genomics Technology Facility ",house mouse,public,"fastq,run.zq,sra","ena,gs,ncbi,s3","ena,gs.us-east1,ncbi.public,s3.us-east-1",embryo,2019-02-18,2018-12-30T17:01:51Z,2018-11-16,2018-05-21T17:56:05Z,ERX2604782,embryonic day 16.5,hindbrain,SAMEA4671756,wild type genotype,The University of Heidelberg,2018-12-30T17:01:51Z,2018-05-21T17:56:05Z,public,Illumina HiSeq 2500,2258sTS.Mouse.Cerebellum.16.5.Male_s,SINGLE,PolyA,TRANSCRIPTOMIC,hindbrain,Mus musculus,ILLUMINA,2019-02-19T00:00:00Z,2022-07-19T15:43:00Z,2,SAMEA4671756,E-MTAB-6798:2258sTS.Mouse.Cerebellum.16.5.Male,Mus musculus,male,ERP108893,CD-1,E-MTAB-6798:2258sTS.Mouse.Cerebellum.16.5.Male
ERR2588507,16.5,RNA-Seq,101,3506772924,PRJEB26869,SAMEA4671757,ArrayExpress,2317112344,"Lausanne Genomics Technology Facility ",house mouse,public,"fastq,run.zq,sra","ena,gs,ncbi,s3","ena,gs.us-east1,ncbi.public,s3.us-east-1",embryo,2019-02-18,2018-12-30T17:01:51Z,2018-11-16,2018-05-21T17:56:05Z,ERX2604783,embryonic day 16.5,hindbrain,SAMEA4671757,wild type genotype,The University of Heidelberg,2018-12-30T17:01:51Z,2018-05-21T17:56:05Z,public,Illumina HiSeq 2500,2274sTS.Mouse.Cerebellum.16.5.Female_s,SINGLE,PolyA,TRANSCRIPTOMIC,hindbrain,Mus musculus,ILLUMINA,2019-02-19T00:00:00Z,2022-07-26T05:57:00Z,2,SAMEA4671757,E-MTAB-6798:2274sTS.Mouse.Cerebellum.16.5.Female,Mus musculus,female,ERP108893,CD-1,E-MTAB-6798:2274sTS.Mouse.Cerebellum.16.5.Female
ERR2588508,16.5,RNA-Seq,101,3602532539,PRJEB26869,SAMEA4671758,ArrayExpress,2426286587,"Lausanne Genomics Technology Facility ",house mouse,public,"fastq,run.zq,sra","ena,gs,ncbi,s3","ena,gs.us-east1,ncbi.public,s3.us-east-1",embryo,2019-02-18,2018-12-30T17:01:51Z,2018-11-16,2018-05-21T17:56:05Z,ERX2604784,embryonic day 16.5,hindbrain,SAMEA4671758,wild type genotype,The University of Heidelberg,2018-12-30T17:01:51Z,2018-05-21T17:56:05Z,public,Illumina HiSeq 2500,2277sTS.Mouse.Cerebellum.16.5.Male_s,SINGLE,PolyA,TRANSCRIPTOMIC,hindbrain,Mus musculus,ILLUMINA,2019-02-19T00:00:00Z,2022-07-15T21:49:00Z,2,SAMEA4671758,E-MTAB-6798:2277sTS.Mouse.Cerebellum.16.5.Male,Mus musculus,male,ERP108893,CD-1,E-MTAB-6798:2277sTS.Mouse.Cerebellum.16.5.Male
ERR2588509,16.5,RNA-Seq,101,3684477374,PRJEB26869,SAMEA4671759,ArrayExpress,1262157733,"Lausanne Genomics Technology Facility ",house mouse,public,"fastq,run.zq,sra","ena,gs,ncbi,s3","ena,gs.us-east1,ncbi.public,s3.us-east-1",embryo,2019-02-18,2018-12-30T17:01:51Z,2018-11-16,2018-05-21T17:56:06Z,ERX2604785,embryonic day 16.5,kidney,SAMEA4671759,wild type genotype,The University of Heidelberg,2018-12-30T17:01:51Z,2018-05-21T17:56:06Z,public,Illumina HiSeq 2500,2513sTS.Mouse.Kidney.16.5.Male_s,SINGLE,PolyA,TRANSCRIPTOMIC,kidney,Mus musculus,ILLUMINA,2019-02-19T00:00:00Z,2022-07-26T05:56:00Z,2,SAMEA4671759,E-MTAB-6798:2513sTS.Mouse.Kidney.16.5.Male,Mus musculus,male,ERP108893,CD-1,E-MTAB-6798:2513sTS.Mouse.Kidney.16.5.Male
ERR2588510,16.5,RNA-Seq,101,3085069644,PRJEB26869,SAMEA4671760,ArrayExpress,1057160158,"Lausanne Genomics Technology Facility ",house mouse,public,"fastq,run.zq,sra","ena,gs,ncbi,s3","ena,gs.us-east1,ncbi.public,s3.us-east-1",embryo,2019-02-18,2018-12-30T17:01:51Z,2018-11-16,2018-05-21T17:56:06Z,ERX2604786,embryonic day 16.5,kidney,SAMEA4671760,wild type genotype,The University of Heidelberg,2018-12-30T17:01:51Z,2018-05-21T17:56:06Z,public,Illumina HiSeq 2500,2515sTS.Mouse.Kidney.16.5.Male_s,SINGLE,PolyA,TRANSCRIPTOMIC,kidney,Mus musculus,ILLUMINA,2019-02-19T00:00:00Z,2021-10-24T06:31:00Z,2,SAMEA4671760,E-MTAB-6798:2515sTS.Mouse.Kidney.16.5.Male,Mus musculus,male,ERP108893,CD-1,E-MTAB-6798:2515sTS.Mouse.Kidney.16.5.Male
ERR2588511,16.5,RNA-Seq,101,1521851840,PRJEB26869,SAMEA4671761,ArrayExpress,525885346,"Lausanne Genomics Technology Facility ",house mouse,public,"sra,fastq,run.zq","ena,gs,ncbi,s3","ena,gs.us-east1,ncbi.public,s3.us-east-1",embryo,2019-02-18,2018-12-30T17:01:51Z,2018-11-16,2018-05-21T17:56:06Z,ERX2604787,embryonic day 16.5,kidney,SAMEA4671761,wild type genotype,The University of Heidelberg,2018-12-30T17:01:51Z,2018-05-21T17:56:06Z,public,Illumina HiSeq 2500,2586sTS.Mouse.Kidney.16.5.Female_s,SINGLE,PolyA,TRANSCRIPTOMIC,kidney,Mus musculus,ILLUMINA,2019-02-19T00:00:00Z,2022-07-17T09:58:00Z,2,SAMEA4671761,E-MTAB-6798:2586sTS.Mouse.Kidney.16.5.Female,Mus musculus,female,ERP108893,CD-1,E-MTAB-6798:2586sTS.Mouse.Kidney.16.5.Female
ERR2588512,16.5,RNA-Seq,101,3463269396,PRJEB26869,SAMEA4671762,ArrayExpress,1275729526,"Lausanne Genomics Technology Facility ",house mouse,public,"fastq,run.zq,sra","ena,gs,ncbi,s3","ena,gs.us-east1,ncbi.public,s3.us-east-1",embryo,2019-02-18,2018-12-30T17:01:51Z,2018-11-16,2018-05-21T17:56:06Z,ERX2604788,embryonic day 16.5,kidney,SAMEA4671762,wild type genotype,The University of Heidelberg,2018-12-30T17:01:51Z,2018-05-21T17:56:06Z,public,Illumina HiSeq 2500,2588sTS.Mouse.Kidney.16.5.Female_s,SINGLE,PolyA,TRANSCRIPTOMIC,kidney,Mus musculus,ILLUMINA,2019-02-19T00:00:00Z,2022-07-22T01:19:00Z,2,SAMEA4671762,E-MTAB-6798:2588sTS.Mouse.Kidney.16.5.Female,Mus musculus,female,ERP108893,CD-1,E-MTAB-6798:2588sTS.Mouse.Kidney.16.5.Female
ERR2588513,16.5,RNA-Seq,101,2374578579,PRJEB26869,SAMEA4671763,ArrayExpress,1488064184,"Lausanne Genomics Technology Facility ",house mouse,public,"fastq,run.zq,sra","ena,gs,ncbi,s3","ena,gs.us-east1,ncbi.public,s3.us-east-1",embryo,2019-02-18,2018-12-30T17:01:51Z,2018-11-16,2018-05-21T17:56:06Z,ERX2604789,embryonic day 16.5,liver,SAMEA4671763,wild type genotype,The University of Heidelberg,2018-12-30T17:01:51Z,2018-05-21T17:56:06Z,public,Illumina HiSeq 2500,2256sTS.Mouse.Liver.16.5.Female_s,SINGLE,PolyA,TRANSCRIPTOMIC,liver,Mus musculus,ILLUMINA,2019-02-19T00:00:00Z,2022-07-26T05:45:00Z,2,SAMEA4671763,E-MTAB-6798:2256sTS.Mouse.Liver.16.5.Female,Mus musculus,female,ERP108893,CD-1,E-MTAB-6798:2256sTS.Mouse.Liver.16.5.Female
ERR2588514,16.5,RNA-Seq,101,4004513044,PRJEB26869,SAMEA4671764,ArrayExpress,2685803369,"Lausanne Genomics Technology Facility ",house mouse,public,"fastq,run.zq,sra","ena,gs,ncbi,s3","ena,gs.us-east1,ncbi.public,s3.us-east-1",embryo,2019-02-18,2018-12-30T17:01:51Z,2018-11-16,2018-05-21T17:56:06Z,ERX2604790,embryonic day 16.5,liver,SAMEA4671764,wild type genotype,The University of Heidelberg,2018-12-30T17:01:51Z,2018-05-21T17:56:06Z,public,Illumina HiSeq 2500,2272sTS.Mouse.Liver.16.5.Male_s,SINGLE,PolyA,TRANSCRIPTOMIC,liver,Mus musculus,ILLUMINA,2019-02-19T00:00:00Z,2021-10-24T07:04:00Z,2,SAMEA4671764,E-MTAB-6798:2272sTS.Mouse.Liver.16.5.Male,Mus musculus,male,ERP108893,CD-1,E-MTAB-6798:2272sTS.Mouse.Liver.16.5.Male
ERR2588515,16.5,RNA-Seq,101,3044626719,PRJEB26869,SAMEA4671765,ArrayExpress,2024662682,"Lausanne Genomics Technology Facility ",house mouse,public,"fastq,run.zq,sra","ena,gs,ncbi,s3","ena,gs.us-east1,ncbi.public,s3.us-east-1",embryo,2019-02-18,2018-12-30T17:01:51Z,2018-11-16,2018-05-21T17:56:06Z,ERX2604791,embryonic day 16.5,liver,SAMEA4671765,wild type genotype,The University of Heidelberg,2018-12-30T17:01:51Z,2018-05-21T17:56:06Z,public,Illumina HiSeq 2500,2275sTS.Mouse.Liver.16.5.Female_s,SINGLE,PolyA,TRANSCRIPTOMIC,liver,Mus musculus,ILLUMINA,2019-02-19T00:00:00Z,2022-07-14T04:54:00Z,2,SAMEA4671765,E-MTAB-6798:2275sTS.Mouse.Liver.16.5.Female,Mus musculus,female,ERP108893,CD-1,E-MTAB-6798:2275sTS.Mouse.Liver.16.5.Female
ERR2588516,16.5,RNA-Seq,101,2104335505,PRJEB26869,SAMEA4671766,ArrayExpress,1393377483,"Lausanne Genomics Technology Facility ",house mouse,public,"fastq,run.zq,sra","ena,gs,ncbi,s3","ena,gs.us-east1,ncbi.public,s3.us-east-1",embryo,2019-02-18,2018-12-30T17:01:51Z,2018-11-16,2018-05-21T17:56:06Z,ERX2604792,embryonic day 16.5,liver,SAMEA4671766,wild type genotype,The University of Heidelberg,2018-12-30T17:01:51Z,2018-05-21T17:56:06Z,public,Illumina HiSeq 2500,2279sTS.Mouse.Liver.16.5.Male_s,SINGLE,PolyA,TRANSCRIPTOMIC,liver,Mus musculus,ILLUMINA,2019-02-19T00:00:00Z,2022-07-15T21:45:00Z,2,SAMEA4671766,E-MTAB-6798:2279sTS.Mouse.Liver.16.5.Male,Mus musculus,male,ERP108893,CD-1,E-MTAB-6798:2279sTS.Mouse.Liver.16.5.Male
ERR2588517,16.5,RNA-Seq,101,4860735494,PRJEB26869,SAMEA4671767,ArrayExpress,2355058789,"Lausanne Genomics Technology Facility ",house mouse,public,"fastq,run.zq,sra","ena,gs,ncbi,s3","ena,gs.us-east1,ncbi.public,s3.us-east-1",embryo,2019-02-18,2018-12-30T17:01:51Z,2018-11-16,2018-05-21T17:56:06Z,ERX2604793,embryonic day 16.5,ovary,SAMEA4671767,wild type genotype,The University of Heidelberg,2018-12-30T17:01:51Z,2018-05-21T17:56:06Z,public,Illumina HiSeq 2500,2269sTS.Mouse.Ovary.16.5.Female_s,SINGLE,PolyA,TRANSCRIPTOMIC,ovary,Mus musculus,ILLUMINA,2019-02-19T00:00:00Z,2022-07-15T07:24:00Z,2,SAMEA4671767,E-MTAB-6798:2269sTS.Mouse.Ovary.16.5.Female,Mus musculus,female,ERP108893,CD-1,E-MTAB-6798:2269sTS.Mouse.Ovary.16.5.Female
ERR2588518,16.5,RNA-Seq,101,2547029009,PRJEB26869,SAMEA4671768,ArrayExpress,1667623595,"Lausanne Genomics Technology Facility ",house mouse,public,"fastq,run.zq,sra","ena,gs,ncbi,s3","ena,gs.us-east1,ncbi.public,s3.us-east-1",embryo,2019-02-18,2018-12-30T17:01:51Z,2018-11-16,2018-05-21T17:56:06Z,ERX2604794,embryonic day 16.5,ovary,SAMEA4671768,wild type genotype,The University of Heidelberg,2018-12-30T17:01:51Z,2018-05-21T17:56:06Z,public,Illumina HiSeq 2500,2271sTS.Mouse.Ovary.16.5.Female_s,SINGLE,PolyA,TRANSCRIPTOMIC,ovary,Mus musculus,ILLUMINA,2019-02-19T00:00:00Z,2022-07-22T13:51:00Z,2,SAMEA4671768,E-MTAB-6798:2271sTS.Mouse.Ovary.16.5.Female,Mus musculus,female,ERP108893,CD-1,E-MTAB-6798:2271sTS.Mouse.Ovary.16.5.Female
ERR2588519,16.5,RNA-Seq,101,4690320113,PRJEB26869,SAMEA4671769,ArrayExpress,2494682961,"Lausanne Genomics Technology Facility ",house mouse,public,"fastq,run.zq,sra","ena,gs,ncbi,s3","ena,gs.us-east1,ncbi.public,s3.us-east-1",embryo,2019-02-18,2018-12-30T17:01:51Z,2018-11-16,2018-05-21T17:56:06Z,ERX2604795,embryonic day 16.5,testis,SAMEA4671769,wild type genotype,The University of Heidelberg,2018-12-30T17:01:51Z,2018-05-21T17:56:06Z,public,Illumina HiSeq 2500,2270sTS.Mouse.Testis.16.5.Male_s,SINGLE,PolyA,TRANSCRIPTOMIC,testis,Mus musculus,ILLUMINA,2019-02-19T00:00:00Z,2022-07-14T16:40:00Z,2,SAMEA4671769,E-MTAB-6798:2270sTS.Mouse.Testis.16.5.Male,Mus musculus,male,ERP108893,CD-1,E-MTAB-6798:2270sTS.Mouse.Testis.16.5.Male
ERR2588520,16.5,RNA-Seq,101,3654257265,PRJEB26869,SAMEA4671770,ArrayExpress,2428640286,"Lausanne Genomics Technology Facility ",house mouse,public,"fastq,run.zq,sra","ena,gs,ncbi,s3","ena,gs.us-east1,ncbi.public,s3.us-east-1",embryo,2019-02-18,2018-12-30T17:01:51Z,2018-11-16,2018-05-21T17:56:06Z,ERX2604796,embryonic day 16.5,testis,SAMEA4671770,wild type genotype,The University of Heidelberg,2018-12-30T17:01:51Z,2018-05-21T17:56:06Z,public,Illumina HiSeq 2500,2278sTS.Mouse.Testis.16.5.Male_s,SINGLE,PolyA,TRANSCRIPTOMIC,testis,Mus musculus,ILLUMINA,2019-02-19T00:00:00Z,2021-10-24T06:40:00Z,2,SAMEA4671770,E-MTAB-6798:2278sTS.Mouse.Testis.16.5.Male,Mus musculus,male,ERP108893,CD-1,E-MTAB-6798:2278sTS.Mouse.Testis.16.5.Male
ERR2588521,17.5,RNA-Seq,101,2672679069,PRJEB26869,SAMEA4671771,ArrayExpress,1661904551,"Lausanne Genomics Technology Facility ",house mouse,public,"fastq,run.zq,sra","ena,gs,ncbi,s3","ena,gs.us-east1,ncbi.public,s3.us-east-1",embryo,2019-02-18,2018-12-30T17:01:51Z,2018-11-16,2018-05-21T17:56:06Z,ERX2604797,embryonic day 17.5,forebrain,SAMEA4671771,wild type genotype,The University of Heidelberg,2018-12-30T17:01:51Z,2018-05-21T17:56:06Z,public,Illumina HiSeq 2500,2157sTS.Mouse.Brain.17.5.Male_s,SINGLE,PolyA,TRANSCRIPTOMIC,forebrain,Mus musculus,ILLUMINA,2019-02-19T00:00:00Z,2021-10-24T06:36:00Z,2,SAMEA4671771,E-MTAB-6798:2157sTS.Mouse.Brain.17.5.Male,Mus musculus,male,ERP108893,CD-1,E-MTAB-6798:2157sTS.Mouse.Brain.17.5.Male
ERR2588522,17.5,RNA-Seq,101,2064454342,PRJEB26869,SAMEA4671772,ArrayExpress,1345873718,"Lausanne Genomics Technology Facility ",house mouse,public,"fastq,run.zq,sra","ena,gs,ncbi,s3","ena,gs.us-east1,ncbi.public,s3.us-east-1",embryo,2019-02-18,2018-12-30T17:01:51Z,2018-11-16,2018-05-21T17:56:06Z,ERX2604798,embryonic day 17.5,forebrain,SAMEA4671772,wild type genotype,The University of Heidelberg,2018-12-30T17:01:51Z,2018-05-21T17:56:06Z,public,Illumina HiSeq 2500,2160sTS.Mouse.Brain.17.5.Male_s,SINGLE,PolyA,TRANSCRIPTOMIC,forebrain,Mus musculus,ILLUMINA,2019-02-19T00:00:00Z,2022-07-14T06:22:00Z,2,SAMEA4671772,E-MTAB-6798:2160sTS.Mouse.Brain.17.5.Male,Mus musculus,male,ERP108893,CD-1,E-MTAB-6798:2160sTS.Mouse.Brain.17.5.Male
ERR2588523,17.5,RNA-Seq,101,2319472878,PRJEB26869,SAMEA4671773,ArrayExpress,1449809663,"Lausanne Genomics Technology Facility ",house mouse,public,"fastq,run.zq,sra","ena,gs,ncbi,s3","ena,gs.us-east1,ncbi.public,s3.us-east-1",embryo,2019-02-18,2018-12-30T17:01:51Z,2018-11-16,2018-05-21T17:56:06Z,ERX2604799,embryonic day 17.5,forebrain,SAMEA4671773,wild type genotype,The University of Heidelberg,2018-12-30T17:01:51Z,2018-05-21T17:56:06Z,public,Illumina HiSeq 2500,2163sTS.Mouse.Brain.17.5.Female_s,SINGLE,PolyA,TRANSCRIPTOMIC,forebrain,Mus musculus,ILLUMINA,2019-02-19T00:00:00Z,2022-07-26T05:55:00Z,2,SAMEA4671773,E-MTAB-6798:2163sTS.Mouse.Brain.17.5.Female,Mus musculus,female,ERP108893,CD-1,E-MTAB-6798:2163sTS.Mouse.Brain.17.5.Female
ERR2588524,17.5,RNA-Seq,101,5141257944,PRJEB26869,SAMEA4671774,ArrayExpress,2794004419,"Lausanne Genomics Technology Facility ",house mouse,public,"fastq,run.zq,sra","ena,gs,ncbi,s3","ena,gs.us-east1,ncbi.public,s3.us-east-1",embryo,2019-02-18,2018-12-30T17:01:51Z,2018-11-16,2018-05-21T17:56:06Z,ERX2604800,embryonic day 17.5,forebrain,SAMEA4671774,wild type genotype,The University of Heidelberg,2018-12-30T17:01:51Z,2018-05-21T17:56:06Z,public,Illumina HiSeq 2500,2165sTS.Mouse.Brain.17.5.Female_s,SINGLE,PolyA,TRANSCRIPTOMIC,forebrain,Mus musculus,ILLUMINA,2019-02-19T00:00:00Z,2022-07-20T23:26:00Z,2,SAMEA4671774,E-MTAB-6798:2165sTS.Mouse.Brain.17.5.Female,Mus musculus,female,ERP108893,CD-1,E-MTAB-6798:2165sTS.Mouse.Brain.17.5.Female
ERR2588525,17.5,RNA-Seq,101,1759201941,PRJEB26869,SAMEA4671775,ArrayExpress,652526892,"Lausanne Genomics Technology Facility ",house mouse,public,"fastq,run.zq,sra","ena,gs,ncbi,s3","ena,gs.us-east1,ncbi.public,s3.us-east-1",embryo,2019-02-18,2018-12-30T17:01:51Z,2018-11-16,2018-05-21T17:56:06Z,ERX2604801,embryonic day 17.5,heart,SAMEA4671775,wild type genotype,The University of Heidelberg,2018-12-30T17:01:51Z,2018-05-21T17:56:06Z,public,Illumina HiSeq 2500,2589sTS.Mouse.Heart.17.5.Male_s,SINGLE,PolyA,TRANSCRIPTOMIC,heart,Mus musculus,ILLUMINA,2019-02-19T00:00:00Z,2022-07-18T16:15:00Z,2,SAMEA4671775,E-MTAB-6798:2589sTS.Mouse.Heart.17.5.Male,Mus musculus,male,ERP108893,CD-1,E-MTAB-6798:2589sTS.Mouse.Heart.17.5.Male
ERR2588526,17.5,RNA-Seq,101,2840074348,PRJEB26869,SAMEA4671776,ArrayExpress,1046130104,"Lausanne Genomics Technology Facility ",house mouse,public,"fastq,run.zq,sra","ena,gs,ncbi,s3","ena,gs.us-east1,ncbi.public,s3.us-east-1",embryo,2019-02-18,2018-12-30T17:01:51Z,2018-11-16,2018-05-21T17:56:06Z,ERX2604802,embryonic day 17.5,heart,SAMEA4671776,wild type genotype,The University of Heidelberg,2018-12-30T17:01:51Z,2018-05-21T17:56:06Z,public,Illumina HiSeq 2500,2591sTS.Mouse.Heart.17.5.Male_s,SINGLE,PolyA,TRANSCRIPTOMIC,heart,Mus musculus,ILLUMINA,2019-02-19T00:00:00Z,2022-07-19T01:05:00Z,2,SAMEA4671776,E-MTAB-6798:2591sTS.Mouse.Heart.17.5.Male,Mus musculus,male,ERP108893,CD-1,E-MTAB-6798:2591sTS.Mouse.Heart.17.5.Male
ERR2588527,17.5,RNA-Seq,101,3095155100,PRJEB26869,SAMEA4671777,ArrayExpress,1141935086,"Lausanne Genomics Technology Facility ",house mouse,public,"fastq,run.zq,sra","ena,gs,ncbi,s3","ena,gs.us-east1,ncbi.public,s3.us-east-1",embryo,2019-02-18,2018-12-30T17:01:51Z,2018-11-16,2018-05-21T17:56:06Z,ERX2604803,embryonic day 17.5,heart,SAMEA4671777,wild type genotype,The University of Heidelberg,2018-12-30T17:01:51Z,2018-05-21T17:56:06Z,public,Illumina HiSeq 2500,2593sTS.Mouse.Heart.17.5.Female_s,SINGLE,PolyA,TRANSCRIPTOMIC,heart,Mus musculus,ILLUMINA,2019-02-19T00:00:00Z,2022-07-26T05:56:00Z,2,SAMEA4671777,E-MTAB-6798:2593sTS.Mouse.Heart.17.5.Female,Mus musculus,female,ERP108893,CD-1,E-MTAB-6798:2593sTS.Mouse.Heart.17.5.Female
ERR2588528,17.5,RNA-Seq,101,3779236079,PRJEB26869,SAMEA4671778,ArrayExpress,1393557378,"Lausanne Genomics Technology Facility ",house mouse,public,"fastq,run.zq,sra","ena,gs,ncbi,s3","ena,gs.us-east1,ncbi.public,s3.us-east-1",embryo,2019-02-18,2018-12-30T17:01:51Z,2018-11-16,2018-05-21T17:56:06Z,ERX2604804,embryonic day 17.5,heart,SAMEA4671778,wild type genotype,The University of Heidelberg,2018-12-30T17:01:51Z,2018-05-21T17:56:06Z,public,Illumina HiSeq 2500,2595sTS.Mouse.Heart.17.5.Female_s,SINGLE,PolyA,TRANSCRIPTOMIC,heart,Mus musculus,ILLUMINA,2019-02-19T00:00:00Z,2022-07-17T08:05:00Z,2,SAMEA4671778,E-MTAB-6798:2595sTS.Mouse.Heart.17.5.Female,Mus musculus,female,ERP108893,CD-1,E-MTAB-6798:2595sTS.Mouse.Heart.17.5.Female
ERR2588529,17.5,RNA-Seq,101,2147060020,PRJEB26869,SAMEA4671779,ArrayExpress,1338721075,"Lausanne Genomics Technology Facility ",house mouse,public,"fastq,run.zq,sra","ena,gs,ncbi,s3","ena,gs.us-east1,ncbi.public,s3.us-east-1",embryo,2019-02-18,2018-12-30T17:01:51Z,2018-11-16,2018-05-21T17:56:06Z,ERX2604805,embryonic day 17.5,hindbrain,SAMEA4671779,wild type genotype,The University of Heidelberg,2018-12-30T17:01:51Z,2018-05-21T17:56:06Z,public,Illumina HiSeq 2500,2158sTS.Mouse.Cerebellum.17.5.Male_s,SINGLE,PolyA,TRANSCRIPTOMIC,hindbrain,Mus musculus,ILLUMINA,2019-02-19T00:00:00Z,2022-07-20T16:07:00Z,2,SAMEA4671779,E-MTAB-6798:2158sTS.Mouse.Cerebellum.17.5.Male,Mus musculus,male,ERP108893,CD-1,E-MTAB-6798:2158sTS.Mouse.Cerebellum.17.5.Male
ERR2588530,17.5,RNA-Seq,101,2300727884,PRJEB26869,SAMEA4671780,ArrayExpress,1435689832,"Lausanne Genomics Technology Facility ",house mouse,public,"fastq,run.zq,sra","ena,gs,ncbi,s3","ena,gs.us-east1,ncbi.public,s3.us-east-1",embryo,2019-02-18,2018-12-30T17:01:51Z,2018-11-16,2018-05-21T17:56:06Z,ERX2604806,embryonic day 17.5,hindbrain,SAMEA4671780,wild type genotype,The University of Heidelberg,2018-12-30T17:01:51Z,2018-05-21T17:56:06Z,public,Illumina HiSeq 2500,2161sTS.Mouse.Cerebellum.17.5.Male_s,SINGLE,PolyA,TRANSCRIPTOMIC,hindbrain,Mus musculus,ILLUMINA,2019-02-19T00:00:00Z,2022-07-26T05:55:00Z,2,SAMEA4671780,E-MTAB-6798:2161sTS.Mouse.Cerebellum.17.5.Male,Mus musculus,male,ERP108893,CD-1,E-MTAB-6798:2161sTS.Mouse.Cerebellum.17.5.Male
ERR2588531,17.5,RNA-Seq,101,2746909423,PRJEB26869,SAMEA4671781,ArrayExpress,1711432351,"Lausanne Genomics Technology Facility ",house mouse,public,"fastq,run.zq,sra","ena,gs,ncbi,s3","ena,gs.us-east1,ncbi.public,s3.us-east-1",embryo,2019-02-18,2018-12-30T17:01:51Z,2018-11-16,2018-05-21T17:56:06Z,ERX2604807,embryonic day 17.5,hindbrain,SAMEA4671781,wild type genotype,The University of Heidelberg,2018-12-30T17:01:51Z,2018-05-21T17:56:06Z,public,Illumina HiSeq 2500,2164sTS.Mouse.Cerebellum.17.5.Female_s,SINGLE,PolyA,TRANSCRIPTOMIC,hindbrain,Mus musculus,ILLUMINA,2019-02-19T00:00:00Z,2021-10-24T06:31:00Z,2,SAMEA4671781,E-MTAB-6798:2164sTS.Mouse.Cerebellum.17.5.Female,Mus musculus,female,ERP108893,CD-1,E-MTAB-6798:2164sTS.Mouse.Cerebellum.17.5.Female
ERR2588532,17.5,RNA-Seq,101,2196273785,PRJEB26869,SAMEA4671782,ArrayExpress,1365645920,"Lausanne Genomics Technology Facility ",house mouse,public,"fastq,run.zq,sra","ena,gs,ncbi,s3","ena,gs.us-east1,ncbi.public,s3.us-east-1",embryo,2019-02-18,2018-12-30T17:01:51Z,2018-11-16,2018-05-21T17:56:06Z,ERX2604808,embryonic day 17.5,hindbrain,SAMEA4671782,wild type genotype,The University of Heidelberg,2018-12-30T17:01:51Z,2018-05-21T17:56:06Z,public,Illumina HiSeq 2500,2166sTS.Mouse.Cerebellum.17.5.Female_s,SINGLE,PolyA,TRANSCRIPTOMIC,hindbrain,Mus musculus,ILLUMINA,2019-02-19T00:00:00Z,2021-10-24T06:31:00Z,2,SAMEA4671782,E-MTAB-6798:2166sTS.Mouse.Cerebellum.17.5.Female,Mus musculus,female,ERP108893,CD-1,E-MTAB-6798:2166sTS.Mouse.Cerebellum.17.5.Female
ERR2588533,17.5,RNA-Seq,101,3997144084,PRJEB26869,SAMEA4671783,ArrayExpress,1471466296,"Lausanne Genomics Technology Facility ",house mouse,public,"fastq,run.zq,sra","ena,gs,ncbi,s3","ena,gs.us-east1,ncbi.public,s3.us-east-1",embryo,2019-02-18,2018-12-30T17:01:51Z,2018-11-16,2018-05-21T17:56:06Z,ERX2604809,embryonic day 17.5,kidney,SAMEA4671783,wild type genotype,The University of Heidelberg,2018-12-30T17:01:51Z,2018-05-21T17:56:06Z,public,Illumina HiSeq 2500,2590sTS.Mouse.Kidney.17.5.Male_s,SINGLE,PolyA,TRANSCRIPTOMIC,kidney,Mus musculus,ILLUMINA,2019-02-19T00:00:00Z,2022-07-26T05:56:00Z,2,SAMEA4671783,E-MTAB-6798:2590sTS.Mouse.Kidney.17.5.Male,Mus musculus,male,ERP108893,CD-1,E-MTAB-6798:2590sTS.Mouse.Kidney.17.5.Male
ERR2588534,17.5,RNA-Seq,101,2940079195,PRJEB26869,SAMEA4671784,ArrayExpress,1084833653,"Lausanne Genomics Technology Facility ",house mouse,public,"fastq,run.zq,sra","ena,gs,ncbi,s3","ena,gs.us-east1,ncbi.public,s3.us-east-1",embryo,2019-02-18,2018-12-30T17:01:51Z,2018-11-16,2018-05-21T17:56:07Z,ERX2604810,embryonic day 17.5,kidney,SAMEA4671784,wild type genotype,The University of Heidelberg,2018-12-30T17:01:51Z,2018-05-21T17:56:07Z,public,Illumina HiSeq 2500,2592sTS.Mouse.Kidney.17.5.Male_s,SINGLE,PolyA,TRANSCRIPTOMIC,kidney,Mus musculus,ILLUMINA,2019-02-19T00:00:00Z,2022-07-26T05:54:00Z,2,SAMEA4671784,E-MTAB-6798:2592sTS.Mouse.Kidney.17.5.Male,Mus musculus,male,ERP108893,CD-1,E-MTAB-6798:2592sTS.Mouse.Kidney.17.5.Male
ERR2588535,17.5,RNA-Seq,101,2597946543,PRJEB26869,SAMEA4671785,ArrayExpress,960325854,"Lausanne Genomics Technology Facility ",house mouse,public,"fastq,run.zq,sra","ena,gs,ncbi,s3","ena,gs.us-east1,ncbi.public,s3.us-east-1",embryo,2019-02-18,2018-12-30T17:01:52Z,2018-11-16,2018-05-21T17:56:07Z,ERX2604811,embryonic day 17.5,kidney,SAMEA4671785,wild type genotype,The University of Heidelberg,2018-12-30T17:01:52Z,2018-05-21T17:56:07Z,public,Illumina HiSeq 2500,2594sTS.Mouse.Kidney.17.5.Female_s,SINGLE,PolyA,TRANSCRIPTOMIC,kidney,Mus musculus,ILLUMINA,2019-02-19T00:00:00Z,2022-07-22T13:51:00Z,2,SAMEA4671785,E-MTAB-6798:2594sTS.Mouse.Kidney.17.5.Female,Mus musculus,female,ERP108893,CD-1,E-MTAB-6798:2594sTS.Mouse.Kidney.17.5.Female
ERR2588536,17.5,RNA-Seq,101,3035927488,PRJEB26869,SAMEA4671786,ArrayExpress,1097355382,"Lausanne Genomics Technology Facility ",house mouse,public,"fastq,run.zq,sra","ena,gs,ncbi,s3","ena,gs.us-east1,ncbi.public,s3.us-east-1",embryo,2019-02-18,2018-12-30T17:01:52Z,2018-11-16,2018-05-21T17:56:07Z,ERX2604812,embryonic day 17.5,kidney,SAMEA4671786,wild type genotype,The University of Heidelberg,2018-12-30T17:01:52Z,2018-05-21T17:56:07Z,public,Illumina HiSeq 2500,2596sTS.Mouse.Kidney.17.5.Female_s,SINGLE,PolyA,TRANSCRIPTOMIC,kidney,Mus musculus,ILLUMINA,2019-02-19T00:00:00Z,2022-07-26T05:55:00Z,2,SAMEA4671786,E-MTAB-6798:2596sTS.Mouse.Kidney.17.5.Female,Mus musculus,female,ERP108893,CD-1,E-MTAB-6798:2596sTS.Mouse.Kidney.17.5.Female
ERR2588537,17.5,RNA-Seq,101,1956428782,PRJEB26869,SAMEA4671787,ArrayExpress,1224286058,"Lausanne Genomics Technology Facility ",house mouse,public,"fastq,run.zq,sra","ena,gs,ncbi,s3","ena,gs.us-east1,ncbi.public,s3.us-east-1",embryo,2019-02-18,2018-12-30T17:01:52Z,2018-11-16,2018-05-21T17:56:07Z,ERX2604813,embryonic day 17.5,liver,SAMEA4671787,wild type genotype,The University of Heidelberg,2018-12-30T17:01:52Z,2018-05-21T17:56:07Z,public,Illumina HiSeq 2500,2118sTS.Mouse.Liver.17.5.Male_s,SINGLE,PolyA,TRANSCRIPTOMIC,liver,Mus musculus,ILLUMINA,2019-02-19T00:00:00Z,2022-07-19T16:23:00Z,2,SAMEA4671787,E-MTAB-6798:2118sTS.Mouse.Liver.17.5.Male,Mus musculus,male,ERP108893,CD-1,E-MTAB-6798:2118sTS.Mouse.Liver.17.5.Male
ERR2588538,17.5,RNA-Seq,101,5264060006,PRJEB26869,SAMEA4671788,ArrayExpress,2521355345,"Lausanne Genomics Technology Facility ",house mouse,public,"fastq,run.zq,sra","ena,gs,ncbi,s3","ena,gs.us-east1,ncbi.public,s3.us-east-1",embryo,2019-02-18,2018-12-30T17:01:52Z,2018-11-16,2018-05-21T17:56:07Z,ERX2604814,embryonic day 17.5,liver,SAMEA4671788,wild type genotype,The University of Heidelberg,2018-12-30T17:01:52Z,2018-05-21T17:56:07Z,public,Illumina HiSeq 2500,2222sTS.Mouse.Liver.17.5.Female_s,SINGLE,PolyA,TRANSCRIPTOMIC,liver,Mus musculus,ILLUMINA,2019-02-19T00:00:00Z,2021-10-24T07:01:00Z,2,SAMEA4671788,E-MTAB-6798:2222sTS.Mouse.Liver.17.5.Female,Mus musculus,female,ERP108893,CD-1,E-MTAB-6798:2222sTS.Mouse.Liver.17.5.Female
ERR2588539,17.5,RNA-Seq,101,3008049165,PRJEB26869,SAMEA4671789,ArrayExpress,1984044792,"Lausanne Genomics Technology Facility ",house mouse,public,"fastq,run.zq,sra","ena,gs,ncbi,s3","ena,gs.us-east1,ncbi.public,s3.us-east-1",embryo,2019-02-18,2018-12-30T17:01:52Z,2018-11-16,2018-05-21T17:56:07Z,ERX2604815,embryonic day 17.5,liver,SAMEA4671789,wild type genotype,The University of Heidelberg,2018-12-30T17:01:52Z,2018-05-21T17:56:07Z,public,Illumina HiSeq 2500,2281sTS.Mouse.Liver.17.5.Female_s,SINGLE,PolyA,TRANSCRIPTOMIC,liver,Mus musculus,ILLUMINA,2019-02-19T00:00:00Z,2022-07-15T18:17:00Z,2,SAMEA4671789,E-MTAB-6798:2281sTS.Mouse.Liver.17.5.Female,Mus musculus,female,ERP108893,CD-1,E-MTAB-6798:2281sTS.Mouse.Liver.17.5.Female
ERR2588540,17.5,RNA-Seq,101,2913790915,PRJEB26869,SAMEA4671790,ArrayExpress,1920032035,"Lausanne Genomics Technology Facility ",house mouse,public,"fastq,run.zq,sra","ena,gs,ncbi,s3","ena,gs.us-east1,ncbi.public,s3.us-east-1",embryo,2019-02-18,2018-12-30T17:01:52Z,2018-11-16,2018-05-21T17:56:07Z,ERX2604816,embryonic day 17.5,liver,SAMEA4671790,wild type genotype,The University of Heidelberg,2018-12-30T17:01:52Z,2018-05-21T17:56:07Z,public,Illumina HiSeq 2500,2284sTS.Mouse.Liver.17.5.Male_s,SINGLE,PolyA,TRANSCRIPTOMIC,liver,Mus musculus,ILLUMINA,2019-02-19T00:00:00Z,2022-07-17T19:32:00Z,2,SAMEA4671790,E-MTAB-6798:2284sTS.Mouse.Liver.17.5.Male,Mus musculus,male,ERP108893,CD-1,E-MTAB-6798:2284sTS.Mouse.Liver.17.5.Male
ERR2588541,17.5,RNA-Seq,101,2583987131,PRJEB26869,SAMEA4671791,ArrayExpress,1610617703,"Lausanne Genomics Technology Facility ",house mouse,public,"fastq,run.zq,sra","ena,gs,ncbi,s3","ena,gs.us-east1,ncbi.public,s3.us-east-1",embryo,2019-02-18,2018-12-30T17:01:52Z,2018-11-16,2018-05-21T17:56:07Z,ERX2604817,embryonic day 17.5,ovary,SAMEA4671791,wild type genotype,The University of Heidelberg,2018-12-30T17:01:52Z,2018-05-21T17:56:07Z,public,Illumina HiSeq 2500,2168sTS.Mouse.Ovary.17.5.Female_s,SINGLE,PolyA,TRANSCRIPTOMIC,ovary,Mus musculus,ILLUMINA,2019-02-19T00:00:00Z,2021-10-24T06:36:00Z,2,SAMEA4671791,E-MTAB-6798:2168sTS.Mouse.Ovary.17.5.Female,Mus musculus,female,ERP108893,CD-1,E-MTAB-6798:2168sTS.Mouse.Ovary.17.5.Female
ERR2588542,17.5,RNA-Seq,101,1981861491,PRJEB26869,SAMEA4671792,ArrayExpress,1175444474,"Lausanne Genomics Technology Facility ",house mouse,public,"fastq,run.zq,sra","ena,gs,ncbi,s3","ena,gs.us-east1,ncbi.public,s3.us-east-1",embryo,2019-02-18,2018-12-30T17:01:52Z,2018-11-16,2018-05-21T17:56:07Z,ERX2604818,embryonic day 17.5,ovary,SAMEA4671792,wild type genotype,The University of Heidelberg,2018-12-30T17:01:52Z,2018-05-21T17:56:07Z,public,Illumina HiSeq 2500,2221sTS.Mouse.Ovary.17.5.Female_s,SINGLE,PolyA,TRANSCRIPTOMIC,ovary,Mus musculus,ILLUMINA,2019-02-19T00:00:00Z,2022-07-14T16:41:00Z,2,SAMEA4671792,E-MTAB-6798:2221sTS.Mouse.Ovary.17.5.Female,Mus musculus,female,ERP108893,CD-1,E-MTAB-6798:2221sTS.Mouse.Ovary.17.5.Female
ERR2588543,17.5,RNA-Seq,101,3301455478,PRJEB26869,SAMEA4671793,ArrayExpress,2103524154,"Lausanne Genomics Technology Facility ",house mouse,public,"fastq,run.zq,sra","ena,gs,ncbi,s3","ena,gs.us-east1,ncbi.public,s3.us-east-1",embryo,2019-02-18,2018-12-30T17:01:52Z,2018-11-16,2018-05-21T17:56:07Z,ERX2604819,embryonic day 17.5,testis,SAMEA4671793,wild type genotype,The University of Heidelberg,2018-12-30T17:01:52Z,2018-05-21T17:56:07Z,public,Illumina HiSeq 2500,2159sTS.Mouse.Testis.17.5.Male_s,SINGLE,PolyA,TRANSCRIPTOMIC,testis,Mus musculus,ILLUMINA,2019-02-19T00:00:00Z,2022-07-26T05:57:00Z,2,SAMEA4671793,E-MTAB-6798:2159sTS.Mouse.Testis.17.5.Male,Mus musculus,male,ERP108893,CD-1,E-MTAB-6798:2159sTS.Mouse.Testis.17.5.Male
ERR2588544,17.5,RNA-Seq,101,2967590080,PRJEB26869,SAMEA4671794,ArrayExpress,1896440651,"Lausanne Genomics Technology Facility ",house mouse,public,"fastq,run.zq,sra","ena,gs,ncbi,s3","ena,gs.us-east1,ncbi.public,s3.us-east-1",embryo,2019-02-18,2018-12-30T17:01:52Z,2018-11-16,2018-05-21T17:56:07Z,ERX2604820,embryonic day 17.5,testis,SAMEA4671794,wild type genotype,The University of Heidelberg,2018-12-30T17:01:52Z,2018-05-21T17:56:07Z,public,Illumina HiSeq 2500,2162sTS.Mouse.Testis.17.5.Male_s,SINGLE,PolyA,TRANSCRIPTOMIC,testis,Mus musculus,ILLUMINA,2019-02-19T00:00:00Z,2021-10-24T06:39:00Z,2,SAMEA4671794,E-MTAB-6798:2162sTS.Mouse.Testis.17.5.Male,Mus musculus,male,ERP108893,CD-1,E-MTAB-6798:2162sTS.Mouse.Testis.17.5.Male
ERR2588545,18.5,RNA-Seq,101,4444672660,PRJEB26869,SAMEA4671795,ArrayExpress,3030736236,"Lausanne Genomics Technology Facility ",house mouse,public,"fastq,run.zq,sra","ena,gs,ncbi,s3","ena,gs.us-east1,ncbi.public,s3.us-east-1",embryo,2019-02-18,2018-12-30T17:01:52Z,2018-11-16,2018-05-21T17:56:07Z,ERX2604821,embryonic day 18.5,forebrain,SAMEA4671795,wild type genotype,The University of Heidelberg,2018-12-30T17:01:52Z,2018-05-21T17:56:07Z,public,Illumina HiSeq 2500,2307sTS.Mouse.Brain.18.5.Male_s,SINGLE,PolyA,TRANSCRIPTOMIC,forebrain,Mus musculus,ILLUMINA,2019-02-19T00:00:00Z,2021-10-24T06:56:00Z,2,SAMEA4671795,E-MTAB-6798:2307sTS.Mouse.Brain.18.5.Male,Mus musculus,male,ERP108893,CD-1,E-MTAB-6798:2307sTS.Mouse.Brain.18.5.Male
ERR2588546,18.5,RNA-Seq,101,3502436287,PRJEB26869,SAMEA4671796,ArrayExpress,2363225580,"Lausanne Genomics Technology Facility ",house mouse,public,"fastq,run.zq,sra","ena,gs,ncbi,s3","ena,gs.us-east1,ncbi.public,s3.us-east-1",embryo,2019-02-18,2018-12-30T17:01:52Z,2018-11-16,2018-05-21T17:56:07Z,ERX2604822,embryonic day 18.5,forebrain,SAMEA4671796,wild type genotype,The University of Heidelberg,2018-12-30T17:01:52Z,2018-05-21T17:56:07Z,public,Illumina HiSeq 2500,2313sTS.Mouse.Brain.18.5.Female_s,SINGLE,PolyA,TRANSCRIPTOMIC,forebrain,Mus musculus,ILLUMINA,2019-02-19T00:00:00Z,2021-10-24T06:35:00Z,2,SAMEA4671796,E-MTAB-6798:2313sTS.Mouse.Brain.18.5.Female,Mus musculus,female,ERP108893,CD-1,E-MTAB-6798:2313sTS.Mouse.Brain.18.5.Female
ERR2588547,18.5,RNA-Seq,101,2301515987,PRJEB26869,SAMEA4671797,ArrayExpress,1455717704,"Lausanne Genomics Technology Facility ",house mouse,public,"fastq,run.zq,sra","ena,gs,ncbi,s3","ena,gs.us-east1,ncbi.public,s3.us-east-1",embryo,2019-02-18,2018-12-30T17:01:52Z,2018-11-16,2018-05-21T17:56:07Z,ERX2604823,embryonic day 18.5,forebrain,SAMEA4671797,wild type genotype,The University of Heidelberg,2018-12-30T17:01:52Z,2018-05-21T17:56:07Z,public,Illumina HiSeq 2500,2317sTS.Mouse.Brain.18.5.Male_s,SINGLE,PolyA,TRANSCRIPTOMIC,forebrain,Mus musculus,ILLUMINA,2019-02-19T00:00:00Z,2022-07-26T05:55:00Z,2,SAMEA4671797,E-MTAB-6798:2317sTS.Mouse.Brain.18.5.Male,Mus musculus,male,ERP108893,CD-1,E-MTAB-6798:2317sTS.Mouse.Brain.18.5.Male
ERR2588548,18.5,RNA-Seq,101,3246361998,PRJEB26869,SAMEA4671798,ArrayExpress,2034631989,"Lausanne Genomics Technology Facility ",house mouse,public,"fastq,run.zq,sra","ena,gs,ncbi,s3","ena,gs.us-east1,ncbi.public,s3.us-east-1",embryo,2019-02-18,2018-12-30T17:01:52Z,2018-11-16,2018-05-21T17:56:07Z,ERX2604824,embryonic day 18.5,forebrain,SAMEA4671798,wild type genotype,The University of Heidelberg,2018-12-30T17:01:52Z,2018-05-21T17:56:07Z,public,Illumina HiSeq 2500,2323sTS.Mouse.Brain.18.5.Female_s,SINGLE,PolyA,TRANSCRIPTOMIC,forebrain,Mus musculus,ILLUMINA,2019-02-19T00:00:00Z,2022-07-19T01:09:00Z,2,SAMEA4671798,E-MTAB-6798:2323sTS.Mouse.Brain.18.5.Female,Mus musculus,female,ERP108893,CD-1,E-MTAB-6798:2323sTS.Mouse.Brain.18.5.Female
ERR2588549,18.5,RNA-Seq,101,2387656564,PRJEB26869,SAMEA4671799,ArrayExpress,864998043,"Lausanne Genomics Technology Facility ",house mouse,public,"fastq,run.zq,sra","ena,gs,ncbi,s3","ena,gs.us-east1,ncbi.public,s3.us-east-1",embryo,2019-02-18,2018-12-30T17:01:52Z,2018-11-16,2018-05-21T17:56:07Z,ERX2604825,embryonic day 18.5,heart,SAMEA4671799,wild type genotype,The University of Heidelberg,2018-12-30T17:01:52Z,2018-05-21T17:56:07Z,public,Illumina HiSeq 2500,2633sTS.Mouse.Heart.18.5.Male_s,SINGLE,PolyA,TRANSCRIPTOMIC,heart,Mus musculus,ILLUMINA,2019-02-19T00:00:00Z,2022-07-19T01:04:00Z,2,SAMEA4671799,E-MTAB-6798:2633sTS.Mouse.Heart.18.5.Male,Mus musculus,male,ERP108893,CD-1,E-MTAB-6798:2633sTS.Mouse.Heart.18.5.Male
ERR2588550,18.5,RNA-Seq,101,2471876222,PRJEB26869,SAMEA4671800,ArrayExpress,893274326,"Lausanne Genomics Technology Facility ",house mouse,public,"fastq,run.zq,sra","ena,gs,ncbi,s3","ena,gs.us-east1,ncbi.public,s3.us-east-1",embryo,2019-02-18,2018-12-30T17:01:52Z,2018-11-16,2018-05-21T17:56:07Z,ERX2604826,embryonic day 18.5,heart,SAMEA4671800,wild type genotype,The University of Heidelberg,2018-12-30T17:01:52Z,2018-05-21T17:56:07Z,public,Illumina HiSeq 2500,2635sTS.Mouse.Heart.18.5.Male_s,SINGLE,PolyA,TRANSCRIPTOMIC,heart,Mus musculus,ILLUMINA,2019-02-19T00:00:00Z,2022-07-26T05:54:00Z,2,SAMEA4671800,E-MTAB-6798:2635sTS.Mouse.Heart.18.5.Male,Mus musculus,male,ERP108893,CD-1,E-MTAB-6798:2635sTS.Mouse.Heart.18.5.Male
ERR2588551,18.5,RNA-Seq,101,4064396954,PRJEB26869,SAMEA4671801,ArrayExpress,1505514255,"Lausanne Genomics Technology Facility ",house mouse,public,"fastq,run.zq,sra","ena,gs,ncbi,s3","ena,gs.us-east1,ncbi.public,s3.us-east-1",embryo,2019-02-18,2018-12-30T17:01:52Z,2018-11-16,2018-05-21T17:56:07Z,ERX2604827,embryonic day 18.5,heart,SAMEA4671801,wild type genotype,The University of Heidelberg,2018-12-30T17:01:52Z,2018-05-21T17:56:07Z,public,Illumina HiSeq 2500,2639sTS.Mouse.Heart.18.5.Female_s,SINGLE,PolyA,TRANSCRIPTOMIC,heart,Mus musculus,ILLUMINA,2019-02-19T00:00:00Z,2021-10-24T06:41:00Z,2,SAMEA4671801,E-MTAB-6798:2639sTS.Mouse.Heart.18.5.Female,Mus musculus,female,ERP108893,CD-1,E-MTAB-6798:2639sTS.Mouse.Heart.18.5.Female
ERR2588552,18.5,RNA-Seq,101,2602130367,PRJEB26869,SAMEA4671802,ArrayExpress,921416150,"Lausanne Genomics Technology Facility ",house mouse,public,"fastq,run.zq,sra","ena,gs,ncbi,s3","ena,gs.us-east1,ncbi.public,s3.us-east-1",embryo,2019-02-18,2018-12-30T17:01:52Z,2018-11-16,2018-05-21T17:56:07Z,ERX2604828,embryonic day 18.5,heart,SAMEA4671802,wild type genotype,The University of Heidelberg,2018-12-30T17:01:52Z,2018-05-21T17:56:07Z,public,Illumina HiSeq 2500,5028sTS.Mouse.Heart.18.5.Female_s,SINGLE,PolyA,TRANSCRIPTOMIC,heart,Mus musculus,ILLUMINA,2019-02-19T00:00:00Z,2022-07-26T05:54:00Z,2,SAMEA4671802,E-MTAB-6798:5028sTS.Mouse.Heart.18.5.Female,Mus musculus,female,ERP108893,CD-1,E-MTAB-6798:5028sTS.Mouse.Heart.18.5.Female
ERR2588553,18.5,RNA-Seq,101,3587739069,PRJEB26869,SAMEA4671803,ArrayExpress,2435416005,"Lausanne Genomics Technology Facility ",house mouse,public,"fastq,run.zq,sra","ena,gs,ncbi,s3","ena,gs.us-east1,ncbi.public,s3.us-east-1",embryo,2019-02-18,2018-12-30T17:01:52Z,2018-11-16,2018-05-21T17:56:07Z,ERX2604829,embryonic day 18.5,hindbrain,SAMEA4671803,wild type genotype,The University of Heidelberg,2018-12-30T17:01:52Z,2018-05-21T17:56:07Z,public,Illumina HiSeq 2500,2308sTS.Mouse.Cerebellum.18.5.Male_s,SINGLE,PolyA,TRANSCRIPTOMIC,hindbrain,Mus musculus,ILLUMINA,2019-02-19T00:00:00Z,2022-07-26T05:58:00Z,2,SAMEA4671803,E-MTAB-6798:2308sTS.Mouse.Cerebellum.18.5.Male,Mus musculus,male,ERP108893,CD-1,E-MTAB-6798:2308sTS.Mouse.Cerebellum.18.5.Male
ERR2588554,18.5,RNA-Seq,101,5311349721,PRJEB26869,SAMEA4671804,ArrayExpress,3530633659,"Lausanne Genomics Technology Facility ",house mouse,public,"fastq,run.zq,sra","ena,gs,ncbi,s3","ena,gs.us-east1,ncbi.public,s3.us-east-1",embryo,2019-02-18,2018-12-30T17:01:52Z,2018-11-16,2018-05-21T17:56:07Z,ERX2604830,embryonic day 18.5,hindbrain,SAMEA4671804,wild type genotype,The University of Heidelberg,2018-12-30T17:01:52Z,2018-05-21T17:56:07Z,public,Illumina HiSeq 2500,2314sTS.Mouse.Cerebellum.18.5.Female_s,SINGLE,PolyA,TRANSCRIPTOMIC,hindbrain,Mus musculus,ILLUMINA,2019-02-19T00:00:00Z,2022-07-17T23:39:00Z,2,SAMEA4671804,E-MTAB-6798:2314sTS.Mouse.Cerebellum.18.5.Female,Mus musculus,female,ERP108893,CD-1,E-MTAB-6798:2314sTS.Mouse.Cerebellum.18.5.Female
ERR2588555,18.5,RNA-Seq,101,2986385978,PRJEB26869,SAMEA4671805,ArrayExpress,1889570955,"Lausanne Genomics Technology Facility ",house mouse,public,"fastq,run.zq,sra","ena,gs,ncbi,s3","ena,gs.us-east1,ncbi.public,s3.us-east-1",embryo,2019-02-18,2018-12-30T17:01:52Z,2018-11-16,2018-05-21T17:56:07Z,ERX2604831,embryonic day 18.5,hindbrain,SAMEA4671805,wild type genotype,The University of Heidelberg,2018-12-30T17:01:52Z,2018-05-21T17:56:07Z,public,Illumina HiSeq 2500,2318sTS.Mouse.Cerebellum.18.5.Male_s,SINGLE,PolyA,TRANSCRIPTOMIC,hindbrain,Mus musculus,ILLUMINA,2019-02-19T00:00:00Z,2022-07-26T05:55:00Z,2,SAMEA4671805,E-MTAB-6798:2318sTS.Mouse.Cerebellum.18.5.Male,Mus musculus,male,ERP108893,CD-1,E-MTAB-6798:2318sTS.Mouse.Cerebellum.18.5.Male
ERR2588556,18.5,RNA-Seq,101,1986521631,PRJEB26869,SAMEA4671806,ArrayExpress,1243120999,"Lausanne Genomics Technology Facility ",house mouse,public,"fastq,run.zq,sra","ena,gs,ncbi,s3","ena,gs.us-east1,ncbi.public,s3.us-east-1",embryo,2019-02-18,2018-12-30T17:01:52Z,2018-11-16,2018-05-21T17:56:07Z,ERX2604832,embryonic day 18.5,hindbrain,SAMEA4671806,wild type genotype,The University of Heidelberg,2018-12-30T17:01:52Z,2018-05-21T17:56:07Z,public,Illumina HiSeq 2500,2324sTS.Mouse.Cerebellum.18.5.Female_s,SINGLE,PolyA,TRANSCRIPTOMIC,hindbrain,Mus musculus,ILLUMINA,2019-02-19T00:00:00Z,2022-07-26T05:54:00Z,2,SAMEA4671806,E-MTAB-6798:2324sTS.Mouse.Cerebellum.18.5.Female,Mus musculus,female,ERP108893,CD-1,E-MTAB-6798:2324sTS.Mouse.Cerebellum.18.5.Female
ERR2588557,18.5,RNA-Seq,101,2621583270,PRJEB26869,SAMEA4671807,ArrayExpress,949157713,"Lausanne Genomics Technology Facility ",house mouse,public,"fastq,run.zq,sra","ena,gs,ncbi,s3","ena,gs.us-east1,ncbi.public,s3.us-east-1",embryo,2019-02-18,2018-12-30T17:01:52Z,2018-11-16,2018-05-21T17:56:07Z,ERX2604833,embryonic day 18.5,kidney,SAMEA4671807,wild type genotype,The University of Heidelberg,2018-12-30T17:01:52Z,2018-05-21T17:56:07Z,public,Illumina HiSeq 2500,2634sTS.Mouse.Kidney.18.5.Male_s,SINGLE,PolyA,TRANSCRIPTOMIC,kidney,Mus musculus,ILLUMINA,2019-02-19T00:00:00Z,2021-10-24T06:30:00Z,2,SAMEA4671807,E-MTAB-6798:2634sTS.Mouse.Kidney.18.5.Male,Mus musculus,male,ERP108893,CD-1,E-MTAB-6798:2634sTS.Mouse.Kidney.18.5.Male
ERR2588558,18.5,RNA-Seq,101,6956133408,PRJEB26869,SAMEA4671808,ArrayExpress,2430788093,"Lausanne Genomics Technology Facility ",house mouse,public,"fastq,run.zq,sra","ena,gs,ncbi,s3","ena,gs.us-east1,ncbi.public,s3.us-east-1",embryo,2019-02-18,2018-12-30T17:01:52Z,2018-11-16,2018-05-21T17:56:07Z,ERX2604834,embryonic day 18.5,kidney,SAMEA4671808,wild type genotype,The University of Heidelberg,2018-12-30T17:01:52Z,2018-05-21T17:56:07Z,public,Illumina HiSeq 2500,2636sTS.Mouse.Kidney.18.5.Male_s,SINGLE,PolyA,TRANSCRIPTOMIC,kidney,Mus musculus,ILLUMINA,2019-02-19T00:00:00Z,2022-07-18T22:51:00Z,2,SAMEA4671808,E-MTAB-6798:2636sTS.Mouse.Kidney.18.5.Male,Mus musculus,male,ERP108893,CD-1,E-MTAB-6798:2636sTS.Mouse.Kidney.18.5.Male
ERR2588559,18.5,RNA-Seq,101,2927736692,PRJEB26869,SAMEA4671809,ArrayExpress,1057554553,"Lausanne Genomics Technology Facility ",house mouse,public,"fastq,run.zq,sra","ena,gs,ncbi,s3","ena,gs.us-east1,ncbi.public,s3.us-east-1",embryo,2019-02-18,2018-12-30T17:01:52Z,2018-11-16,2018-05-21T17:56:07Z,ERX2604835,embryonic day 18.5,kidney,SAMEA4671809,wild type genotype,The University of Heidelberg,2018-12-30T17:01:52Z,2018-05-21T17:56:07Z,public,Illumina HiSeq 2500,2638sTS.Mouse.Kidney.18.5.Female_s,SINGLE,PolyA,TRANSCRIPTOMIC,kidney,Mus musculus,ILLUMINA,2019-02-19T00:00:00Z,2022-07-16T22:54:00Z,2,SAMEA4671809,E-MTAB-6798:2638sTS.Mouse.Kidney.18.5.Female,Mus musculus,female,ERP108893,CD-1,E-MTAB-6798:2638sTS.Mouse.Kidney.18.5.Female
ERR2588560,18.5,RNA-Seq,101,2824400966,PRJEB26869,SAMEA4671810,ArrayExpress,1048205462,"Lausanne Genomics Technology Facility ",house mouse,public,"fastq,run.zq,sra","ena,gs,ncbi,s3","ena,gs.us-east1,ncbi.public,s3.us-east-1",embryo,2019-02-18,2018-12-30T17:01:52Z,2018-11-16,2018-05-21T17:56:07Z,ERX2604836,embryonic day 18.5,kidney,SAMEA4671810,wild type genotype,The University of Heidelberg,2018-12-30T17:01:52Z,2018-05-21T17:56:07Z,public,Illumina HiSeq 2500,2640sTS.Mouse.Kidney.18.5.Female_s,SINGLE,PolyA,TRANSCRIPTOMIC,kidney,Mus musculus,ILLUMINA,2019-02-19T00:00:00Z,2022-07-18T06:36:00Z,2,SAMEA4671810,E-MTAB-6798:2640sTS.Mouse.Kidney.18.5.Female,Mus musculus,female,ERP108893,CD-1,E-MTAB-6798:2640sTS.Mouse.Kidney.18.5.Female
ERR2588561,18.5,RNA-Seq,101,2473293959,PRJEB26869,SAMEA4671811,ArrayExpress,1572383157,"Lausanne Genomics Technology Facility ",house mouse,public,"fastq,run.zq,sra","ena,gs,ncbi,s3","ena,gs.us-east1,ncbi.public,s3.us-east-1",embryo,2019-02-18,2018-12-30T17:01:52Z,2018-11-16,2018-05-21T17:56:08Z,ERX2604837,embryonic day 18.5,liver,SAMEA4671811,wild type genotype,The University of Heidelberg,2018-12-30T17:01:52Z,2018-05-21T17:56:08Z,public,Illumina HiSeq 2500,2309sTS.Mouse.Liver.18.5.Male_s,SINGLE,PolyA,TRANSCRIPTOMIC,liver,Mus musculus,ILLUMINA,2019-02-19T00:00:00Z,2022-07-26T05:46:00Z,2,SAMEA4671811,E-MTAB-6798:2309sTS.Mouse.Liver.18.5.Male,Mus musculus,male,ERP108893,CD-1,E-MTAB-6798:2309sTS.Mouse.Liver.18.5.Male
ERR2588562,18.5,RNA-Seq,101,3188161253,PRJEB26869,SAMEA4671812,ArrayExpress,2030037203,"Lausanne Genomics Technology Facility ",house mouse,public,"fastq,run.zq,sra","ena,gs,ncbi,s3","ena,gs.us-east1,ncbi.public,s3.us-east-1",embryo,2019-02-18,2018-12-30T17:01:52Z,2018-11-16,2018-05-21T17:56:08Z,ERX2604838,embryonic day 18.5,liver,SAMEA4671812,wild type genotype,The University of Heidelberg,2018-12-30T17:01:52Z,2018-05-21T17:56:08Z,public,Illumina HiSeq 2500,2315sTS.Mouse.Liver.18.5.Female_s,SINGLE,PolyA,TRANSCRIPTOMIC,liver,Mus musculus,ILLUMINA,2019-02-19T00:00:00Z,2021-10-24T06:37:00Z,2,SAMEA4671812,E-MTAB-6798:2315sTS.Mouse.Liver.18.5.Female,Mus musculus,female,ERP108893,CD-1,E-MTAB-6798:2315sTS.Mouse.Liver.18.5.Female
ERR2588563,18.5,RNA-Seq,101,2560552606,PRJEB26869,SAMEA4671813,ArrayExpress,1624608236,"Lausanne Genomics Technology Facility ",house mouse,public,"fastq,run.zq,sra","ena,gs,ncbi,s3","ena,gs.us-east1,ncbi.public,s3.us-east-1",embryo,2019-02-18,2018-12-30T17:01:51Z,2018-11-16,2018-05-21T17:56:08Z,ERX2604839,embryonic day 18.5,liver,SAMEA4671813,wild type genotype,The University of Heidelberg,2018-12-30T17:01:51Z,2018-05-21T17:56:08Z,public,Illumina HiSeq 2500,2319sTS.Mouse.Liver.18.5.Male_s,SINGLE,PolyA,TRANSCRIPTOMIC,liver,Mus musculus,ILLUMINA,2019-02-19T00:00:00Z,2022-07-12T16:24:00Z,2,SAMEA4671813,E-MTAB-6798:2319sTS.Mouse.Liver.18.5.Male,Mus musculus,male,ERP108893,CD-1,E-MTAB-6798:2319sTS.Mouse.Liver.18.5.Male
ERR2588564,18.5,RNA-Seq,101,2223806688,PRJEB26869,SAMEA4671814,ArrayExpress,1387364161,"Lausanne Genomics Technology Facility ",house mouse,public,"fastq,run.zq,sra","ena,gs,ncbi,s3","ena,gs.us-east1,ncbi.public,s3.us-east-1",embryo,2019-02-18,2018-12-30T17:01:51Z,2018-11-16,2018-05-21T17:56:08Z,ERX2604840,embryonic day 18.5,liver,SAMEA4671814,wild type genotype,The University of Heidelberg,2018-12-30T17:01:51Z,2018-05-21T17:56:08Z,public,Illumina HiSeq 2500,2325sTS.Mouse.Liver.18.5.Female_s,SINGLE,PolyA,TRANSCRIPTOMIC,liver,Mus musculus,ILLUMINA,2019-02-19T00:00:00Z,2022-07-22T09:49:00Z,2,SAMEA4671814,E-MTAB-6798:2325sTS.Mouse.Liver.18.5.Female,Mus musculus,female,ERP108893,CD-1,E-MTAB-6798:2325sTS.Mouse.Liver.18.5.Female
ERR2588565,18.5,RNA-Seq,101,4744292796,PRJEB26869,SAMEA4671815,ArrayExpress,3130512958,"Lausanne Genomics Technology Facility ",house mouse,public,"fastq,run.zq,sra","ena,gs,ncbi,s3","ena,gs.us-east1,ncbi.public,s3.us-east-1",embryo,2019-02-18,2018-12-30T17:01:51Z,2018-11-16,2018-05-21T17:56:08Z,ERX2604841,embryonic day 18.5,ovary,SAMEA4671815,wild type genotype,The University of Heidelberg,2018-12-30T17:01:51Z,2018-05-21T17:56:08Z,public,Illumina HiSeq 2500,2316sTS.Mouse.Ovary.18.5.Female_s,SINGLE,PolyA,TRANSCRIPTOMIC,ovary,Mus musculus,ILLUMINA,2019-02-19T00:00:00Z,2022-07-15T21:48:00Z,2,SAMEA4671815,E-MTAB-6798:2316sTS.Mouse.Ovary.18.5.Female,Mus musculus,female,ERP108893,CD-1,E-MTAB-6798:2316sTS.Mouse.Ovary.18.5.Female
ERR2588566,18.5,RNA-Seq,101,2561987109,PRJEB26869,SAMEA4671816,ArrayExpress,1601146298,"Lausanne Genomics Technology Facility ",house mouse,public,"fastq,run.zq,sra","ena,gs,ncbi,s3","ena,gs.us-east1,ncbi.public,s3.us-east-1",embryo,2019-02-18,2018-12-30T17:01:51Z,2018-11-16,2018-05-21T17:56:08Z,ERX2604842,embryonic day 18.5,ovary,SAMEA4671816,wild type genotype,The University of Heidelberg,2018-12-30T17:01:51Z,2018-05-21T17:56:08Z,public,Illumina HiSeq 2500,2326sTS.Mouse.Ovary.18.5.Female_s,SINGLE,PolyA,TRANSCRIPTOMIC,ovary,Mus musculus,ILLUMINA,2019-02-19T00:00:00Z,2021-10-24T06:32:00Z,2,SAMEA4671816,E-MTAB-6798:2326sTS.Mouse.Ovary.18.5.Female,Mus musculus,female,ERP108893,CD-1,E-MTAB-6798:2326sTS.Mouse.Ovary.18.5.Female
ERR2588567,18.5,RNA-Seq,101,2334145451,PRJEB26869,SAMEA4671817,ArrayExpress,1572721001,"Lausanne Genomics Technology Facility ",house mouse,public,"fastq,run.zq,sra","ena,gs,ncbi,s3","ena,gs.us-east1,ncbi.public,s3.us-east-1",embryo,2019-02-18,2018-12-30T17:01:51Z,2018-11-16,2018-05-21T17:56:08Z,ERX2604843,embryonic day 18.5,testis,SAMEA4671817,wild type genotype,The University of Heidelberg,2018-12-30T17:01:51Z,2018-05-21T17:56:08Z,public,Illumina HiSeq 2500,2310sTS.Mouse.Testis.18.5.Male_s,SINGLE,PolyA,TRANSCRIPTOMIC,testis,Mus musculus,ILLUMINA,2019-02-19T00:00:00Z,2021-10-24T06:35:00Z,2,SAMEA4671817,E-MTAB-6798:2310sTS.Mouse.Testis.18.5.Male,Mus musculus,male,ERP108893,CD-1,E-MTAB-6798:2310sTS.Mouse.Testis.18.5.Male
ERR2588568,0,RNA-Seq,101,6593059214,PRJEB26869,SAMEA4671818,ArrayExpress,3215833065,"Lausanne Genomics Technology Facility ",house mouse,public,"fastq,run.zq,sra","ena,gs,ncbi,s3","ena,gs.us-east1,ncbi.public,s3.us-east-1",postnatal,2019-02-18,2018-12-30T17:01:51Z,2018-11-16,2018-05-21T17:56:08Z,ERX2604844,postnatal day 0,forebrain,SAMEA4671818,wild type genotype,The University of Heidelberg,2018-12-30T17:01:51Z,2018-05-21T17:56:08Z,public,Illumina HiSeq 2500,1740sTS.Mouse.Brain.0dpb.Female_s,SINGLE,PolyA,TRANSCRIPTOMIC,forebrain,Mus musculus,ILLUMINA,2019-02-19T00:00:00Z,2021-10-24T07:06:00Z,2,SAMEA4671818,E-MTAB-6798:1740sTS.Mouse.Brain.0dpb.Female,Mus musculus,female,ERP108893,CD-1,E-MTAB-6798:1740sTS.Mouse.Brain.0dpb.Female
ERR2588569,0,RNA-Seq,101,2324479246,PRJEB26869,SAMEA4671819,ArrayExpress,1417451711,"Lausanne Genomics Technology Facility ",house mouse,public,"fastq,run.zq,sra","ena,gs,ncbi,s3","ena,gs.us-east1,ncbi.public,s3.us-east-1",postnatal,2019-02-18,2018-12-30T17:01:51Z,2018-11-16,2018-05-21T17:56:08Z,ERX2604845,postnatal day 0,forebrain,SAMEA4671819,wild type genotype,The University of Heidelberg,2018-12-30T17:01:51Z,2018-05-21T17:56:08Z,public,Illumina HiSeq 2500,1900sTS.Mouse.Brain.0dpb.Female_s,SINGLE,PolyA,TRANSCRIPTOMIC,forebrain,Mus musculus,ILLUMINA,2019-02-19T00:00:00Z,2022-07-21T17:17:00Z,2,SAMEA4671819,E-MTAB-6798:1900sTS.Mouse.Brain.0dpb.Female,Mus musculus,female,ERP108893,CD-1,E-MTAB-6798:1900sTS.Mouse.Brain.0dpb.Female
ERR2588570,0,RNA-Seq,101,2091262974,PRJEB26869,SAMEA4671820,ArrayExpress,1301949509,"Lausanne Genomics Technology Facility ",house mouse,public,"fastq,run.zq,sra","ena,gs,ncbi,s3","ena,gs.us-east1,ncbi.public,s3.us-east-1",postnatal,2019-02-18,2018-12-30T17:01:51Z,2018-11-16,2018-05-21T17:56:08Z,ERX2604846,postnatal day 0,forebrain,SAMEA4671820,wild type genotype,The University of Heidelberg,2018-12-30T17:01:51Z,2018-05-21T17:56:08Z,public,Illumina HiSeq 2500,1906sTS.Mouse.Brain.0dpb.Male_s,SINGLE,PolyA,TRANSCRIPTOMIC,forebrain,Mus musculus,ILLUMINA,2019-02-19T00:00:00Z,2022-07-26T05:55:00Z,2,SAMEA4671820,E-MTAB-6798:1906sTS.Mouse.Brain.0dpb.Male,Mus musculus,male,ERP108893,CD-1,E-MTAB-6798:1906sTS.Mouse.Brain.0dpb.Male
ERR2588571,0,RNA-Seq,101,2300636580,PRJEB26869,SAMEA4671821,ArrayExpress,1424837666,"Lausanne Genomics Technology Facility ",house mouse,public,"fastq,run.zq,sra","ena,gs,ncbi,s3","ena,gs.us-east1,ncbi.public,s3.us-east-1",postnatal,2019-02-18,2018-12-30T17:01:51Z,2018-11-16,2018-05-21T17:56:08Z,ERX2604847,postnatal day 0,forebrain,SAMEA4671821,wild type genotype,The University of Heidelberg,2018-12-30T17:01:51Z,2018-05-21T17:56:08Z,public,Illumina HiSeq 2500,1912sTS.Mouse.Brain.0dpb.Male_s,SINGLE,PolyA,TRANSCRIPTOMIC,forebrain,Mus musculus,ILLUMINA,2019-02-19T00:00:00Z,2021-10-24T06:31:00Z,2,SAMEA4671821,E-MTAB-6798:1912sTS.Mouse.Brain.0dpb.Male,Mus musculus,male,ERP108893,CD-1,E-MTAB-6798:1912sTS.Mouse.Brain.0dpb.Male
ERR2588572,0,RNA-Seq,101,3897993798,PRJEB26869,SAMEA4671822,ArrayExpress,2574927830,"Lausanne Genomics Technology Facility ",house mouse,public,"fastq,run.zq,sra","ena,gs,ncbi,s3","ena,gs.us-east1,ncbi.public,s3.us-east-1",postnatal,2019-02-18,2018-12-30T17:01:51Z,2018-11-16,2018-05-21T17:56:08Z,ERX2604848,postnatal day 0,heart,SAMEA4671822,wild type genotype,The University of Heidelberg,2018-12-30T17:01:51Z,2018-05-21T17:56:08Z,public,Illumina HiSeq 2500,1742sTS.Mouse.Heart.0dpb.Female_s,SINGLE,PolyA,TRANSCRIPTOMIC,heart,Mus musculus,ILLUMINA,2019-02-19T00:00:00Z,2022-07-26T05:59:00Z,2,SAMEA4671822,E-MTAB-6798:1742sTS.Mouse.Heart.0dpb.Female,Mus musculus,female,ERP108893,CD-1,E-MTAB-6798:1742sTS.Mouse.Heart.0dpb.Female
ERR2588573,0,RNA-Seq,101,3183924909,PRJEB26869,SAMEA4671823,ArrayExpress,1917884323,"Lausanne Genomics Technology Facility ",house mouse,public,"fastq,run.zq,sra","ena,gs,ncbi,s3","ena,gs.us-east1,ncbi.public,s3.us-east-1",postnatal,2019-02-18,2018-12-30T17:01:51Z,2018-11-16,2018-05-21T17:56:08Z,ERX2604849,postnatal day 0,heart,SAMEA4671823,wild type genotype,The University of Heidelberg,2018-12-30T17:01:51Z,2018-05-21T17:56:08Z,public,Illumina HiSeq 2500,1902sTS.Mouse.Heart.0dpb.Female_s,SINGLE,PolyA,TRANSCRIPTOMIC,heart,Mus musculus,ILLUMINA,2019-02-19T00:00:00Z,2022-07-26T05:56:00Z,2,SAMEA4671823,E-MTAB-6798:1902sTS.Mouse.Heart.0dpb.Female,Mus musculus,female,ERP108893,CD-1,E-MTAB-6798:1902sTS.Mouse.Heart.0dpb.Female
ERR2588574,0,RNA-Seq,101,3357760756,PRJEB26869,SAMEA4671824,ArrayExpress,2216611181,"Lausanne Genomics Technology Facility ",house mouse,public,"fastq,run.zq,sra","ena,gs,ncbi,s3","ena,gs.us-east1,ncbi.public,s3.us-east-1",postnatal,2019-02-18,2018-12-30T17:01:51Z,2018-11-16,2018-05-21T17:56:08Z,ERX2604850,postnatal day 0,heart,SAMEA4671824,wild type genotype,The University of Heidelberg,2018-12-30T17:01:51Z,2018-05-21T17:56:08Z,public,Illumina HiSeq 2500,1908sTS.Mouse.Heart.0dpb.Male_s,SINGLE,PolyA,TRANSCRIPTOMIC,heart,Mus musculus,ILLUMINA,2019-02-19T00:00:00Z,2022-07-19T15:40:00Z,2,SAMEA4671824,E-MTAB-6798:1908sTS.Mouse.Heart.0dpb.Male,Mus musculus,male,ERP108893,CD-1,E-MTAB-6798:1908sTS.Mouse.Heart.0dpb.Male
ERR2588575,0,RNA-Seq,101,4190798353,PRJEB26869,SAMEA4671825,ArrayExpress,2753254718,"Lausanne Genomics Technology Facility ",house mouse,public,"fastq,run.zq,sra","ena,gs,ncbi,s3","ena,gs.us-east1,ncbi.public,s3.us-east-1",postnatal,2019-02-18,2018-12-30T17:01:51Z,2018-11-16,2018-05-21T17:56:08Z,ERX2604851,postnatal day 0,heart,SAMEA4671825,wild type genotype,The University of Heidelberg,2018-12-30T17:01:51Z,2018-05-21T17:56:08Z,public,Illumina HiSeq 2500,1914sTS.Mouse.Heart.0dpb.Male_s,SINGLE,PolyA,TRANSCRIPTOMIC,heart,Mus musculus,ILLUMINA,2019-02-19T00:00:00Z,2021-10-24T06:57:00Z,2,SAMEA4671825,E-MTAB-6798:1914sTS.Mouse.Heart.0dpb.Male,Mus musculus,male,ERP108893,CD-1,E-MTAB-6798:1914sTS.Mouse.Heart.0dpb.Male
ERR2588576,0,RNA-Seq,101,2021579438,PRJEB26869,SAMEA4671826,ArrayExpress,1247145612,"Lausanne Genomics Technology Facility ",house mouse,public,"fastq,run.zq,sra","ena,gs,ncbi,s3","ena,gs.us-east1,ncbi.public,s3.us-east-1",postnatal,2019-02-18,2018-12-30T17:01:51Z,2018-11-16,2018-05-21T17:56:08Z,ERX2604852,postnatal day 0,hindbrain,SAMEA4671826,wild type genotype,The University of Heidelberg,2018-12-30T17:01:51Z,2018-05-21T17:56:08Z,public,Illumina HiSeq 2500,1741sTS.Mouse.Cerebellum.0dpb.Female_s,SINGLE,PolyA,TRANSCRIPTOMIC,hindbrain,Mus musculus,ILLUMINA,2019-02-19T00:00:00Z,2022-07-26T05:54:00Z,2,SAMEA4671826,E-MTAB-6798:1741sTS.Mouse.Cerebellum.0dpb.Female,Mus musculus,female,ERP108893,CD-1,E-MTAB-6798:1741sTS.Mouse.Cerebellum.0dpb.Female
ERR2588577,0,RNA-Seq,101,8346558190,PRJEB26869,SAMEA4671827,ArrayExpress,4117228222,"Lausanne Genomics Technology Facility ",house mouse,public,"fastq,run.zq,sra","ena,gs,ncbi,s3","ena,gs.us-east1,ncbi.public,s3.us-east-1",postnatal,2019-02-18,2018-12-30T17:01:51Z,2018-11-16,2018-05-21T17:56:08Z,ERX2604853,postnatal day 0,hindbrain,SAMEA4671827,wild type genotype,The University of Heidelberg,2018-12-30T17:01:51Z,2018-05-21T17:56:08Z,public,Illumina HiSeq 2500,1901sTS.Mouse.Cerebellum.0dpb.Female_s,SINGLE,PolyA,TRANSCRIPTOMIC,hindbrain,Mus musculus,ILLUMINA,2019-02-19T00:00:00Z,2022-07-17T12:18:00Z,2,SAMEA4671827,E-MTAB-6798:1901sTS.Mouse.Cerebellum.0dpb.Female,Mus musculus,female,ERP108893,CD-1,E-MTAB-6798:1901sTS.Mouse.Cerebellum.0dpb.Female
ERR2588578,0,RNA-Seq,101,3119949287,PRJEB26869,SAMEA4671828,ArrayExpress,1883632438,"Lausanne Genomics Technology Facility ",house mouse,public,"fastq,run.zq,sra","ena,gs,ncbi,s3","ena,gs.us-east1,ncbi.public,s3.us-east-1",postnatal,2019-02-18,2018-12-30T17:01:51Z,2018-11-16,2018-05-21T17:56:08Z,ERX2604854,postnatal day 0,hindbrain,SAMEA4671828,wild type genotype,The University of Heidelberg,2018-12-30T17:01:51Z,2018-05-21T17:56:08Z,public,Illumina HiSeq 2500,1907sTS.Mouse.Cerebellum.0dpb.Male_s,SINGLE,PolyA,TRANSCRIPTOMIC,hindbrain,Mus musculus,ILLUMINA,2019-02-19T00:00:00Z,2022-07-21T10:19:00Z,2,SAMEA4671828,E-MTAB-6798:1907sTS.Mouse.Cerebellum.0dpb.Male,Mus musculus,male,ERP108893,CD-1,E-MTAB-6798:1907sTS.Mouse.Cerebellum.0dpb.Male
ERR2588579,0,RNA-Seq,101,4261393212,PRJEB26869,SAMEA4671829,ArrayExpress,2821934071,"Lausanne Genomics Technology Facility ",house mouse,public,"fastq,run.zq,sra","ena,gs,ncbi,s3","ena,gs.us-east1,ncbi.public,s3.us-east-1",postnatal,2019-02-18,2018-12-30T17:01:51Z,2018-11-16,2018-05-21T17:56:08Z,ERX2604855,postnatal day 0,hindbrain,SAMEA4671829,wild type genotype,The University of Heidelberg,2018-12-30T17:01:51Z,2018-05-21T17:56:08Z,public,Illumina HiSeq 2500,3919sTS.Mouse.Cerebellum.0dpb.Male_s,SINGLE,PolyA,TRANSCRIPTOMIC,hindbrain,Mus musculus,ILLUMINA,2019-02-19T00:00:00Z,2022-07-13T12:22:00Z,2,SAMEA4671829,E-MTAB-6798:3919sTS.Mouse.Cerebellum.0dpb.Male,Mus musculus,male,ERP108893,CD-1,E-MTAB-6798:3919sTS.Mouse.Cerebellum.0dpb.Male
ERR2588580,0,RNA-Seq,101,3140386637,PRJEB26869,SAMEA4671830,ArrayExpress,2071634253,"Lausanne Genomics Technology Facility ",house mouse,public,"fastq,run.zq,sra","ena,gs,ncbi,s3","ena,gs.us-east1,ncbi.public,s3.us-east-1",postnatal,2019-02-18,2018-12-30T17:01:51Z,2018-11-16,2018-05-21T17:56:08Z,ERX2604856,postnatal day 0,kidney,SAMEA4671830,wild type genotype,The University of Heidelberg,2018-12-30T17:01:51Z,2018-05-21T17:56:08Z,public,Illumina HiSeq 2500,1744sTS.Mouse.Kidney.0dpb.Female_s,SINGLE,PolyA,TRANSCRIPTOMIC,kidney,Mus musculus,ILLUMINA,2019-02-19T00:00:00Z,2022-07-17T10:03:00Z,2,SAMEA4671830,E-MTAB-6798:1744sTS.Mouse.Kidney.0dpb.Female,Mus musculus,female,ERP108893,CD-1,E-MTAB-6798:1744sTS.Mouse.Kidney.0dpb.Female
ERR2588581,0,RNA-Seq,101,2883363958,PRJEB26869,SAMEA4671831,ArrayExpress,1894632225,"Lausanne Genomics Technology Facility ",house mouse,public,"fastq,run.zq,sra","ena,gs,ncbi,s3","ena,gs.us-east1,ncbi.public,s3.us-east-1",postnatal,2019-02-18,2018-12-30T17:01:51Z,2018-11-16,2018-05-21T17:56:08Z,ERX2604857,postnatal day 0,kidney,SAMEA4671831,wild type genotype,The University of Heidelberg,2018-12-30T17:01:51Z,2018-05-21T17:56:08Z,public,Illumina HiSeq 2500,1903sTS.Mouse.Kidney.0dpb.Female_s,SINGLE,PolyA,TRANSCRIPTOMIC,kidney,Mus musculus,ILLUMINA,2019-02-19T00:00:00Z,2022-07-19T08:11:00Z,2,SAMEA4671831,E-MTAB-6798:1903sTS.Mouse.Kidney.0dpb.Female,Mus musculus,female,ERP108893,CD-1,E-MTAB-6798:1903sTS.Mouse.Kidney.0dpb.Female
ERR2588582,0,RNA-Seq,101,10046483938,PRJEB26869,SAMEA4671832,ArrayExpress,6492685082,"Lausanne Genomics Technology Facility ",house mouse,public,"fastq,run.zq,sra","ena,gs,ncbi,s3","ena,gs.us-east1,ncbi.public,s3.us-east-1",postnatal,2019-02-18,2018-12-30T17:01:51Z,2018-11-16,2018-05-21T17:56:08Z,ERX2604858,postnatal day 0,kidney,SAMEA4671832,wild type genotype,The University of Heidelberg,2018-12-30T17:01:51Z,2018-05-21T17:56:08Z,public,Illumina HiSeq 2500,1909sTS.Mouse.Kidney.0dpb.Male_s,SINGLE,PolyA,TRANSCRIPTOMIC,kidney,Mus musculus,ILLUMINA,2019-02-19T00:00:00Z,2021-10-24T07:11:00Z,2,SAMEA4671832,E-MTAB-6798:1909sTS.Mouse.Kidney.0dpb.Male,Mus musculus,male,ERP108893,CD-1,E-MTAB-6798:1909sTS.Mouse.Kidney.0dpb.Male
ERR2588583,0,RNA-Seq,101,2572059536,PRJEB26869,SAMEA4671833,ArrayExpress,1700238914,"Lausanne Genomics Technology Facility ",house mouse,public,"fastq,run.zq,sra","ena,gs,ncbi,s3","ena,gs.us-east1,ncbi.public,s3.us-east-1",postnatal,2019-02-18,2018-12-30T17:01:51Z,2018-11-16,2018-05-21T17:56:08Z,ERX2604859,postnatal day 0,kidney,SAMEA4671833,wild type genotype,The University of Heidelberg,2018-12-30T17:01:51Z,2018-05-21T17:56:08Z,public,Illumina HiSeq 2500,1915sTS.Mouse.Kidney.0dpb.Male_s,SINGLE,PolyA,TRANSCRIPTOMIC,kidney,Mus musculus,ILLUMINA,2019-02-19T00:00:00Z,2022-07-19T15:38:00Z,2,SAMEA4671833,E-MTAB-6798:1915sTS.Mouse.Kidney.0dpb.Male,Mus musculus,male,ERP108893,CD-1,E-MTAB-6798:1915sTS.Mouse.Kidney.0dpb.Male
ERR2588584,0,RNA-Seq,101,1949923170,PRJEB26869,SAMEA4671834,ArrayExpress,1186132287,"Lausanne Genomics Technology Facility ",house mouse,public,"fastq,run.zq,sra","ena,gs,ncbi,s3","ena,gs.us-east1,ncbi.public,s3.us-east-1",postnatal,2019-02-18,2018-12-30T17:01:51Z,2018-11-16,2018-05-21T17:56:08Z,ERX2604860,postnatal day 0,liver,SAMEA4671834,wild type genotype,The University of Heidelberg,2018-12-30T17:01:51Z,2018-05-21T17:56:08Z,public,Illumina HiSeq 2500,1743sTS.Mouse.Liver.0dpb.Female_s,SINGLE,PolyA,TRANSCRIPTOMIC,liver,Mus musculus,ILLUMINA,2019-02-19T00:00:00Z,2022-07-26T05:53:00Z,2,SAMEA4671834,E-MTAB-6798:1743sTS.Mouse.Liver.0dpb.Female,Mus musculus,female,ERP108893,CD-1,E-MTAB-6798:1743sTS.Mouse.Liver.0dpb.Female
ERR2588585,0,RNA-Seq,101,1864411217,PRJEB26869,SAMEA4671835,ArrayExpress,1108615679,"Lausanne Genomics Technology Facility ",house mouse,public,"fastq,run.zq,sra","ena,gs,ncbi,s3","ena,gs.us-east1,ncbi.public,s3.us-east-1",postnatal,2019-02-18,2018-12-30T17:01:51Z,2018-11-16,2018-05-21T17:56:08Z,ERX2604861,postnatal day 0,liver,SAMEA4671835,wild type genotype,The University of Heidelberg,2018-12-30T17:01:51Z,2018-05-21T17:56:08Z,public,Illumina HiSeq 2500,1904sTS.Mouse.Liver.0dpb.Female_s,SINGLE,PolyA,TRANSCRIPTOMIC,liver,Mus musculus,ILLUMINA,2019-02-19T00:00:00Z,2022-07-14T06:21:00Z,2,SAMEA4671835,E-MTAB-6798:1904sTS.Mouse.Liver.0dpb.Female,Mus musculus,female,ERP108893,CD-1,E-MTAB-6798:1904sTS.Mouse.Liver.0dpb.Female
ERR2588586,0,RNA-Seq,101,2120833350,PRJEB26869,SAMEA4671836,ArrayExpress,1289330246,"Lausanne Genomics Technology Facility ",house mouse,public,"fastq,run.zq,sra","ena,gs,ncbi,s3","ena,gs.us-east1,ncbi.public,s3.us-east-1",postnatal,2019-02-18,2018-12-30T17:01:51Z,2018-11-16,2018-05-21T17:56:08Z,ERX2604862,postnatal day 0,liver,SAMEA4671836,wild type genotype,The University of Heidelberg,2018-12-30T17:01:51Z,2018-05-21T17:56:08Z,public,Illumina HiSeq 2500,1910sTS.Mouse.Liver.0dpb.Male_s,SINGLE,PolyA,TRANSCRIPTOMIC,liver,Mus musculus,ILLUMINA,2019-02-19T00:00:00Z,2021-10-24T06:33:00Z,2,SAMEA4671836,E-MTAB-6798:1910sTS.Mouse.Liver.0dpb.Male,Mus musculus,male,ERP108893,CD-1,E-MTAB-6798:1910sTS.Mouse.Liver.0dpb.Male
ERR2588587,0,RNA-Seq,101,1936748831,PRJEB26869,SAMEA4671837,ArrayExpress,1148942531,"Lausanne Genomics Technology Facility ",house mouse,public,"fastq,run.zq,sra","ena,gs,ncbi,s3","ena,gs.us-east1,ncbi.public,s3.us-east-1",postnatal,2019-02-18,2018-12-30T17:01:51Z,2018-11-16,2018-05-21T17:56:08Z,ERX2604863,postnatal day 0,liver,SAMEA4671837,wild type genotype,The University of Heidelberg,2018-12-30T17:01:51Z,2018-05-21T17:56:08Z,public,Illumina HiSeq 2500,1916sTS.Mouse.Liver.0dpb.Male_s,SINGLE,PolyA,TRANSCRIPTOMIC,liver,Mus musculus,ILLUMINA,2019-02-19T00:00:00Z,2022-07-26T05:54:00Z,2,SAMEA4671837,E-MTAB-6798:1916sTS.Mouse.Liver.0dpb.Male,Mus musculus,male,ERP108893,CD-1,E-MTAB-6798:1916sTS.Mouse.Liver.0dpb.Male
ERR2588588,0,RNA-Seq,101,5310995312,PRJEB26869,SAMEA4671838,ArrayExpress,2686783087,"Lausanne Genomics Technology Facility ",house mouse,public,"fastq,run.zq,sra","ena,gs,ncbi,s3","ena,gs.us-east1,ncbi.public,s3.us-east-1",postnatal,2019-02-18,2018-12-30T17:01:51Z,2018-11-16,2018-05-21T17:56:08Z,ERX2604864,postnatal day 0,ovary,SAMEA4671838,wild type genotype,The University of Heidelberg,2018-12-30T17:01:51Z,2018-05-21T17:56:08Z,public,Illumina HiSeq 2500,1745sTS.Mouse.Ovary.0dpb.Female_s,SINGLE,PolyA,TRANSCRIPTOMIC,ovary,Mus musculus,ILLUMINA,2019-02-19T00:00:00Z,2022-07-13T12:27:00Z,2,SAMEA4671838,E-MTAB-6798:1745sTS.Mouse.Ovary.0dpb.Female,Mus musculus,female,ERP108893,CD-1,E-MTAB-6798:1745sTS.Mouse.Ovary.0dpb.Female
ERR2588589,0,RNA-Seq,101,1877138833,PRJEB26869,SAMEA4671839,ArrayExpress,1137419797,"Lausanne Genomics Technology Facility ",house mouse,public,"fastq,run.zq,sra","ena,gs,ncbi,s3","ena,gs.us-east1,ncbi.public,s3.us-east-1",postnatal,2019-02-18,2018-12-30T17:01:51Z,2018-11-16,2018-05-21T17:56:09Z,ERX2604865,postnatal day 0,ovary,SAMEA4671839,wild type genotype,The University of Heidelberg,2018-12-30T17:01:51Z,2018-05-21T17:56:09Z,public,Illumina HiSeq 2500,1905sTS.Mouse.Ovary.0dpb.Female_s,SINGLE,PolyA,TRANSCRIPTOMIC,ovary,Mus musculus,ILLUMINA,2019-02-19T00:00:00Z,2022-07-26T05:45:00Z,2,SAMEA4671839,E-MTAB-6798:1905sTS.Mouse.Ovary.0dpb.Female,Mus musculus,female,ERP108893,CD-1,E-MTAB-6798:1905sTS.Mouse.Ovary.0dpb.Female
ERR2588590,0,RNA-Seq,101,5240861114,PRJEB26869,SAMEA4671840,ArrayExpress,2580786657,"Lausanne Genomics Technology Facility ",house mouse,public,"fastq,run.zq,sra","ena,gs,ncbi,s3","ena,gs.us-east1,ncbi.public,s3.us-east-1",postnatal,2019-02-18,2018-12-30T17:01:51Z,2018-11-16,2018-05-21T17:56:09Z,ERX2604866,postnatal day 0,testis,SAMEA4671840,wild type genotype,The University of Heidelberg,2018-12-30T17:01:51Z,2018-05-21T17:56:09Z,public,Illumina HiSeq 2500,1911sTS.Mouse.Testis.0dpb.Male_s,SINGLE,PolyA,TRANSCRIPTOMIC,testis,Mus musculus,ILLUMINA,2019-02-19T00:00:00Z,2021-10-24T07:02:00Z,2,SAMEA4671840,E-MTAB-6798:1911sTS.Mouse.Testis.0dpb.Male,Mus musculus,male,ERP108893,CD-1,E-MTAB-6798:1911sTS.Mouse.Testis.0dpb.Male
ERR2588591,0,RNA-Seq,101,4064900338,PRJEB26869,SAMEA4671841,ArrayExpress,2786935366,"Lausanne Genomics Technology Facility ",house mouse,public,"fastq,run.zq,sra","ena,gs,ncbi,s3","ena,gs.us-east1,ncbi.public,s3.us-east-1",postnatal,2019-02-18,2018-12-30T17:01:51Z,2018-11-16,2018-05-21T17:56:09Z,ERX2604867,postnatal day 0,testis,SAMEA4671841,wild type genotype,The University of Heidelberg,2018-12-30T17:01:51Z,2018-05-21T17:56:09Z,public,Illumina HiSeq 2500,1917sTS.Mouse.Testis.0dpb.Male_s,SINGLE,PolyA,TRANSCRIPTOMIC,testis,Mus musculus,ILLUMINA,2019-02-19T00:00:00Z,2021-10-24T07:01:00Z,2,SAMEA4671841,E-MTAB-6798:1917sTS.Mouse.Testis.0dpb.Male,Mus musculus,male,ERP108893,CD-1,E-MTAB-6798:1917sTS.Mouse.Testis.0dpb.Male
ERR2588592,14,RNA-Seq,101,2544869023,PRJEB26869,SAMEA4671842,ArrayExpress,1572834378,"Lausanne Genomics Technology Facility ",house mouse,public,"fastq,run.zq,sra","ena,gs,ncbi,s3","ena,gs.us-east1,ncbi.public,s3.us-east-1",postnatal,2019-02-18,2018-12-30T17:01:51Z,2018-11-16,2018-05-21T17:56:09Z,ERX2604868,postnatal day 14,forebrain,SAMEA4671842,wild type genotype,The University of Heidelberg,2018-12-30T17:01:51Z,2018-05-21T17:56:09Z,public,Illumina HiSeq 2500,1876sTS.Mouse.Brain.2wpb.Male_s,SINGLE,PolyA,TRANSCRIPTOMIC,forebrain,Mus musculus,ILLUMINA,2019-02-19T00:00:00Z,2022-07-19T15:38:00Z,2,SAMEA4671842,E-MTAB-6798:1876sTS.Mouse.Brain.2wpb.Male,Mus musculus,male,ERP108893,CD-1,E-MTAB-6798:1876sTS.Mouse.Brain.2wpb.Male
ERR2588593,14,RNA-Seq,101,3232000000,PRJEB26869,SAMEA4671843,ArrayExpress,1998399153,"Lausanne Genomics Technology Facility ",house mouse,public,"fastq,run.zq,sra","ena,gs,ncbi,s3","ena,gs.us-east1,ncbi.public,s3.us-east-1",postnatal,2019-02-18,2018-12-30T17:01:51Z,2018-11-16,2018-05-21T17:56:09Z,ERX2604869,postnatal day 14,forebrain,SAMEA4671843,wild type genotype,The University of Heidelberg,2018-12-30T17:01:51Z,2018-05-21T17:56:09Z,public,Illumina HiSeq 2500,1880sTS.Mouse.Brain.2wpb.Male_s,SINGLE,PolyA,TRANSCRIPTOMIC,forebrain,Mus musculus,ILLUMINA,2019-02-19T00:00:00Z,2022-07-26T05:57:00Z,2,SAMEA4671843,E-MTAB-6798:1880sTS.Mouse.Brain.2wpb.Male,Mus musculus,male,ERP108893,CD-1,E-MTAB-6798:1880sTS.Mouse.Brain.2wpb.Male
ERR2588594,14,RNA-Seq,101,2242397455,PRJEB26869,SAMEA4671844,ArrayExpress,1383268633,"Lausanne Genomics Technology Facility ",house mouse,public,"fastq,run.zq,sra","ena,gs,ncbi,s3","ena,gs.us-east1,ncbi.public,s3.us-east-1",postnatal,2019-02-18,2018-12-30T17:01:51Z,2018-11-16,2018-05-21T17:56:09Z,ERX2604870,postnatal day 14,forebrain,SAMEA4671844,wild type genotype,The University of Heidelberg,2018-12-30T17:01:51Z,2018-05-21T17:56:09Z,public,Illumina HiSeq 2500,1884sTS.Mouse.Brain.2wpb.Female_s,SINGLE,PolyA,TRANSCRIPTOMIC,forebrain,Mus musculus,ILLUMINA,2019-02-19T00:00:00Z,2022-07-17T10:01:00Z,2,SAMEA4671844,E-MTAB-6798:1884sTS.Mouse.Brain.2wpb.Female,Mus musculus,female,ERP108893,CD-1,E-MTAB-6798:1884sTS.Mouse.Brain.2wpb.Female
ERR2588595,14,RNA-Seq,101,2362770467,PRJEB26869,SAMEA4671845,ArrayExpress,1438371831,"Lausanne Genomics Technology Facility ",house mouse,public,"fastq,run.zq,sra","ena,gs,ncbi,s3","ena,gs.us-east1,ncbi.public,s3.us-east-1",postnatal,2019-02-18,2018-12-30T17:01:51Z,2018-11-16,2018-05-21T17:56:09Z,ERX2604871,postnatal day 14,forebrain,SAMEA4671845,wild type genotype,The University of Heidelberg,2018-12-30T17:01:51Z,2018-05-21T17:56:09Z,public,Illumina HiSeq 2500,1888sTS.Mouse.Brain.2wpb.Female_s,SINGLE,PolyA,TRANSCRIPTOMIC,forebrain,Mus musculus,ILLUMINA,2019-02-19T00:00:00Z,2022-07-22T01:18:00Z,2,SAMEA4671845,E-MTAB-6798:1888sTS.Mouse.Brain.2wpb.Female,Mus musculus,female,ERP108893,CD-1,E-MTAB-6798:1888sTS.Mouse.Brain.2wpb.Female
ERR2588596,14,RNA-Seq,101,2825388241,PRJEB26869,SAMEA4671846,ArrayExpress,1044077522,"Lausanne Genomics Technology Facility ",house mouse,public,"fastq,run.zq,sra","ena,gs,ncbi,s3","ena,gs.us-east1,ncbi.public,s3.us-east-1",postnatal,2019-02-18,2018-12-30T17:01:51Z,2018-11-16,2018-05-21T17:56:09Z,ERX2604872,postnatal day 14,heart,SAMEA4671846,wild type genotype,The University of Heidelberg,2018-12-30T17:01:51Z,2018-05-21T17:56:09Z,public,Illumina HiSeq 2500,2643sTS.Mouse.Heart.2wpb.Male_s,SINGLE,PolyA,TRANSCRIPTOMIC,heart,Mus musculus,ILLUMINA,2019-02-19T00:00:00Z,2022-07-26T05:54:00Z,2,SAMEA4671846,E-MTAB-6798:2643sTS.Mouse.Heart.2wpb.Male,Mus musculus,male,ERP108893,CD-1,E-MTAB-6798:2643sTS.Mouse.Heart.2wpb.Male
ERR2588597,14,RNA-Seq,101,3629076955,PRJEB26869,SAMEA4671847,ArrayExpress,1345365368,"Lausanne Genomics Technology Facility ",house mouse,public,"fastq,run.zq,sra","ena,gs,ncbi,s3","ena,gs.us-east1,ncbi.public,s3.us-east-1",postnatal,2019-02-18,2018-12-30T17:01:51Z,2018-11-16,2018-05-21T17:56:09Z,ERX2604873,postnatal day 14,heart,SAMEA4671847,wild type genotype,The University of Heidelberg,2018-12-30T17:01:51Z,2018-05-21T17:56:09Z,public,Illumina HiSeq 2500,2645sTS.Mouse.Heart.2wpb.Male_s,SINGLE,PolyA,TRANSCRIPTOMIC,heart,Mus musculus,ILLUMINA,2019-02-19T00:00:00Z,2021-10-24T06:33:00Z,2,SAMEA4671847,E-MTAB-6798:2645sTS.Mouse.Heart.2wpb.Male,Mus musculus,male,ERP108893,CD-1,E-MTAB-6798:2645sTS.Mouse.Heart.2wpb.Male
ERR2588598,14,RNA-Seq,101,3489001368,PRJEB26869,SAMEA4671848,ArrayExpress,1280516856,"Lausanne Genomics Technology Facility ",house mouse,public,"fastq,run.zq,sra","ena,gs,ncbi,s3","ena,gs.us-east1,ncbi.public,s3.us-east-1",postnatal,2019-02-18,2018-12-30T17:01:51Z,2018-11-16,2018-05-21T17:56:09Z,ERX2604874,postnatal day 14,heart,SAMEA4671848,wild type genotype,The University of Heidelberg,2018-12-30T17:01:51Z,2018-05-21T17:56:09Z,public,Illumina HiSeq 2500,2651sTS.Mouse.Heart.2wpb.Female_s,SINGLE,PolyA,TRANSCRIPTOMIC,heart,Mus musculus,ILLUMINA,2019-02-19T00:00:00Z,2022-07-26T05:50:00Z,2,SAMEA4671848,E-MTAB-6798:2651sTS.Mouse.Heart.2wpb.Female,Mus musculus,female,ERP108893,CD-1,E-MTAB-6798:2651sTS.Mouse.Heart.2wpb.Female
ERR2588599,14,RNA-Seq,101,2270060446,PRJEB26869,SAMEA4671849,ArrayExpress,839158759,"Lausanne Genomics Technology Facility ",house mouse,public,"fastq,run.zq,sra","ena,gs,ncbi,s3","ena,gs.us-east1,ncbi.public,s3.us-east-1",postnatal,2019-02-18,2018-12-30T17:01:51Z,2018-11-16,2018-05-21T17:56:09Z,ERX2604875,postnatal day 14,heart,SAMEA4671849,wild type genotype,The University of Heidelberg,2018-12-30T17:01:51Z,2018-05-21T17:56:09Z,public,Illumina HiSeq 2500,2653sTS.Mouse.Heart.2wpb.Female_s,SINGLE,PolyA,TRANSCRIPTOMIC,heart,Mus musculus,ILLUMINA,2019-02-19T00:00:00Z,2022-07-13T12:16:00Z,2,SAMEA4671849,E-MTAB-6798:2653sTS.Mouse.Heart.2wpb.Female,Mus musculus,female,ERP108893,CD-1,E-MTAB-6798:2653sTS.Mouse.Heart.2wpb.Female
ERR2588600,14,RNA-Seq,101,2413365104,PRJEB26869,SAMEA4671850,ArrayExpress,1465048514,"Lausanne Genomics Technology Facility ",house mouse,public,"fastq,run.zq,sra","ena,gs,ncbi,s3","ena,gs.us-east1,ncbi.public,s3.us-east-1",postnatal,2019-02-18,2018-12-30T17:01:51Z,2018-11-16,2018-05-21T17:56:09Z,ERX2604876,postnatal day 14,hindbrain,SAMEA4671850,wild type genotype,The University of Heidelberg,2018-12-30T17:01:51Z,2018-05-21T17:56:09Z,public,Illumina HiSeq 2500,1877sTS.Mouse.Cerebellum.2wpb.Male_s,SINGLE,PolyA,TRANSCRIPTOMIC,hindbrain,Mus musculus,ILLUMINA,2019-02-19T00:00:00Z,2022-07-20T19:53:00Z,2,SAMEA4671850,E-MTAB-6798:1877sTS.Mouse.Cerebellum.2wpb.Male,Mus musculus,male,ERP108893,CD-1,E-MTAB-6798:1877sTS.Mouse.Cerebellum.2wpb.Male
ERR2588601,14,RNA-Seq,101,5198387483,PRJEB26869,SAMEA4671851,ArrayExpress,3232842426,"Lausanne Genomics Technology Facility ",house mouse,public,"fastq,run.zq,sra","ena,gs,ncbi,s3","ena,gs.us-east1,ncbi.public,s3.us-east-1",postnatal,2019-02-18,2018-12-30T17:01:51Z,2018-11-16,2018-05-21T17:56:09Z,ERX2604877,postnatal day 14,hindbrain,SAMEA4671851,wild type genotype,The University of Heidelberg,2018-12-30T17:01:51Z,2018-05-21T17:56:09Z,public,Illumina HiSeq 2500,1881sTS.Mouse.Cerebellum.2wpb.Male_s,SINGLE,PolyA,TRANSCRIPTOMIC,hindbrain,Mus musculus,ILLUMINA,2019-02-19T00:00:00Z,2022-07-17T12:19:00Z,2,SAMEA4671851,E-MTAB-6798:1881sTS.Mouse.Cerebellum.2wpb.Male,Mus musculus,male,ERP108893,CD-1,E-MTAB-6798:1881sTS.Mouse.Cerebellum.2wpb.Male
ERR2588602,14,RNA-Seq,101,2479196298,PRJEB26869,SAMEA4671852,ArrayExpress,1522155938,"Lausanne Genomics Technology Facility ",house mouse,public,"fastq,run.zq,sra","ena,gs,ncbi,s3","ena,gs.us-east1,ncbi.public,s3.us-east-1",postnatal,2019-02-18,2018-12-30T17:01:51Z,2018-11-16,2018-05-21T17:56:09Z,ERX2604878,postnatal day 14,hindbrain,SAMEA4671852,wild type genotype,The University of Heidelberg,2018-12-30T17:01:51Z,2018-05-21T17:56:09Z,public,Illumina HiSeq 2500,1885sTS.Mouse.Cerebellum.2wpb.Female_s,SINGLE,PolyA,TRANSCRIPTOMIC,hindbrain,Mus musculus,ILLUMINA,2019-02-19T00:00:00Z,2022-07-13T12:18:00Z,2,SAMEA4671852,E-MTAB-6798:1885sTS.Mouse.Cerebellum.2wpb.Female,Mus musculus,female,ERP108893,CD-1,E-MTAB-6798:1885sTS.Mouse.Cerebellum.2wpb.Female
ERR2588603,14,RNA-Seq,101,3092974409,PRJEB26869,SAMEA4671853,ArrayExpress,1140809640,"Lausanne Genomics Technology Facility ",house mouse,public,"fastq,run.zq,sra","ena,gs,ncbi,s3","ena,gs.us-east1,ncbi.public,s3.us-east-1",postnatal,2019-02-18,2018-12-30T17:01:51Z,2018-11-16,2018-05-21T17:56:09Z,ERX2604879,postnatal day 14,kidney,SAMEA4671853,wild type genotype,The University of Heidelberg,2018-12-30T17:01:51Z,2018-05-21T17:56:09Z,public,Illumina HiSeq 2500,2644sTS.Mouse.Kidney.2wpb.Male_s,SINGLE,PolyA,TRANSCRIPTOMIC,kidney,Mus musculus,ILLUMINA,2019-02-19T00:00:00Z,2022-07-18T16:18:00Z,2,SAMEA4671853,E-MTAB-6798:2644sTS.Mouse.Kidney.2wpb.Male,Mus musculus,male,ERP108893,CD-1,E-MTAB-6798:2644sTS.Mouse.Kidney.2wpb.Male
ERR2588604,14,RNA-Seq,101,3275521708,PRJEB26869,SAMEA4671854,ArrayExpress,1209307732,"Lausanne Genomics Technology Facility ",house mouse,public,"fastq,run.zq,sra","ena,gs,ncbi,s3","ena,gs.us-east1,ncbi.public,s3.us-east-1",postnatal,2019-02-18,2018-12-30T17:01:51Z,2018-11-16,2018-05-21T17:56:09Z,ERX2604880,postnatal day 14,kidney,SAMEA4671854,wild type genotype,The University of Heidelberg,2018-12-30T17:01:51Z,2018-05-21T17:56:09Z,public,Illumina HiSeq 2500,2646sTS.Mouse.Kidney.2wpb.Male_s,SINGLE,PolyA,TRANSCRIPTOMIC,kidney,Mus musculus,ILLUMINA,2019-02-19T00:00:00Z,2022-07-26T05:57:00Z,2,SAMEA4671854,E-MTAB-6798:2646sTS.Mouse.Kidney.2wpb.Male,Mus musculus,male,ERP108893,CD-1,E-MTAB-6798:2646sTS.Mouse.Kidney.2wpb.Male
ERR2588605,14,RNA-Seq,101,4094035202,PRJEB26869,SAMEA4671855,ArrayExpress,1498319273,"Lausanne Genomics Technology Facility ",house mouse,public,"fastq,run.zq,sra","ena,gs,ncbi,s3","ena,gs.us-east1,ncbi.public,s3.us-east-1",postnatal,2019-02-18,2018-12-30T17:01:51Z,2018-11-16,2018-05-21T17:56:09Z,ERX2604881,postnatal day 14,kidney,SAMEA4671855,wild type genotype,The University of Heidelberg,2018-12-30T17:01:51Z,2018-05-21T17:56:09Z,public,Illumina HiSeq 2500,2652sTS.Mouse.Kidney.2wpb.Female_s,SINGLE,PolyA,TRANSCRIPTOMIC,kidney,Mus musculus,ILLUMINA,2019-02-19T00:00:00Z,2022-07-13T20:33:00Z,2,SAMEA4671855,E-MTAB-6798:2652sTS.Mouse.Kidney.2wpb.Female,Mus musculus,female,ERP108893,CD-1,E-MTAB-6798:2652sTS.Mouse.Kidney.2wpb.Female
ERR2588606,14,RNA-Seq,101,3224748200,PRJEB26869,SAMEA4671856,ArrayExpress,1181918924,"Lausanne Genomics Technology Facility ",house mouse,public,"fastq,run.zq,sra","ena,gs,ncbi,s3","ena,gs.us-east1,ncbi.public,s3.us-east-1",postnatal,2019-02-18,2018-12-30T17:01:51Z,2018-11-16,2018-05-21T17:56:09Z,ERX2604882,postnatal day 14,kidney,SAMEA4671856,wild type genotype,The University of Heidelberg,2018-12-30T17:01:51Z,2018-05-21T17:56:09Z,public,Illumina HiSeq 2500,2654sTS.Mouse.Kidney.2wpb.Female_s,SINGLE,PolyA,TRANSCRIPTOMIC,kidney,Mus musculus,ILLUMINA,2019-02-19T00:00:00Z,2022-07-17T12:08:00Z,2,SAMEA4671856,E-MTAB-6798:2654sTS.Mouse.Kidney.2wpb.Female,Mus musculus,female,ERP108893,CD-1,E-MTAB-6798:2654sTS.Mouse.Kidney.2wpb.Female
ERR2588607,14,RNA-Seq,101,2779106506,PRJEB26869,SAMEA4671857,ArrayExpress,1715573098,"Lausanne Genomics Technology Facility ",house mouse,public,"fastq,run.zq,sra","ena,gs,ncbi,s3","ena,gs.us-east1,ncbi.public,s3.us-east-1",postnatal,2019-02-18,2018-12-30T17:01:51Z,2018-11-16,2018-05-21T17:56:09Z,ERX2604883,postnatal day 14,liver,SAMEA4671857,wild type genotype,The University of Heidelberg,2018-12-30T17:01:51Z,2018-05-21T17:56:09Z,public,Illumina HiSeq 2500,1878sTS.Mouse.Liver.2wpb.Male_s,SINGLE,PolyA,TRANSCRIPTOMIC,liver,Mus musculus,ILLUMINA,2019-02-19T00:00:00Z,2021-10-24T06:32:00Z,2,SAMEA4671857,E-MTAB-6798:1878sTS.Mouse.Liver.2wpb.Male,Mus musculus,male,ERP108893,CD-1,E-MTAB-6798:1878sTS.Mouse.Liver.2wpb.Male
ERR2588608,14,RNA-Seq,101,1947588959,PRJEB26869,SAMEA4671858,ArrayExpress,1161236317,"Lausanne Genomics Technology Facility ",house mouse,public,"fastq,run.zq,sra","ena,gs,ncbi,s3","ena,gs.us-east1,ncbi.public,s3.us-east-1",postnatal,2019-02-18,2018-12-30T17:01:51Z,2018-11-16,2018-05-21T17:56:09Z,ERX2604884,postnatal day 14,liver,SAMEA4671858,wild type genotype,The University of Heidelberg,2018-12-30T17:01:51Z,2018-05-21T17:56:09Z,public,Illumina HiSeq 2500,1882sTS.Mouse.Liver.2wpb.Male_s,SINGLE,PolyA,TRANSCRIPTOMIC,liver,Mus musculus,ILLUMINA,2019-02-19T00:00:00Z,2022-07-13T12:15:00Z,2,SAMEA4671858,E-MTAB-6798:1882sTS.Mouse.Liver.2wpb.Male,Mus musculus,male,ERP108893,CD-1,E-MTAB-6798:1882sTS.Mouse.Liver.2wpb.Male
ERR2588609,14,RNA-Seq,101,2073575753,PRJEB26869,SAMEA4671859,ArrayExpress,1258410817,"Lausanne Genomics Technology Facility ",house mouse,public,"fastq,run.zq,sra","ena,gs,ncbi,s3","ena,gs.us-east1,ncbi.public,s3.us-east-1",postnatal,2019-02-18,2018-12-30T17:01:51Z,2018-11-16,2018-05-21T17:56:09Z,ERX2604885,postnatal day 14,liver,SAMEA4671859,wild type genotype,The University of Heidelberg,2018-12-30T17:01:51Z,2018-05-21T17:56:09Z,public,Illumina HiSeq 2500,1886sTS.Mouse.Liver.2wpb.Female_s,SINGLE,PolyA,TRANSCRIPTOMIC,liver,Mus musculus,ILLUMINA,2019-02-19T00:00:00Z,2021-10-24T06:29:00Z,2,SAMEA4671859,E-MTAB-6798:1886sTS.Mouse.Liver.2wpb.Female,Mus musculus,female,ERP108893,CD-1,E-MTAB-6798:1886sTS.Mouse.Liver.2wpb.Female
ERR2588610,14,RNA-Seq,101,2294927757,PRJEB26869,SAMEA4671860,ArrayExpress,1358580739,"Lausanne Genomics Technology Facility ",house mouse,public,"fastq,run.zq,sra","ena,gs,ncbi,s3","ena,gs.us-east1,ncbi.public,s3.us-east-1",postnatal,2019-02-18,2018-12-30T17:01:51Z,2018-11-16,2018-05-21T17:56:09Z,ERX2604886,postnatal day 14,liver,SAMEA4671860,wild type genotype,The University of Heidelberg,2018-12-30T17:01:51Z,2018-05-21T17:56:09Z,public,Illumina HiSeq 2500,1890sTS.Mouse.Liver.2wpb.Female_s,SINGLE,PolyA,TRANSCRIPTOMIC,liver,Mus musculus,ILLUMINA,2019-02-19T00:00:00Z,2022-07-26T05:55:00Z,2,SAMEA4671860,E-MTAB-6798:1890sTS.Mouse.Liver.2wpb.Female,Mus musculus,female,ERP108893,CD-1,E-MTAB-6798:1890sTS.Mouse.Liver.2wpb.Female
ERR2588611,14,RNA-Seq,101,2530501470,PRJEB26869,SAMEA4671861,ArrayExpress,1529956862,"Lausanne Genomics Technology Facility ",house mouse,public,"fastq,run.zq,sra","ena,gs,ncbi,s3","ena,gs.us-east1,ncbi.public,s3.us-east-1",postnatal,2019-02-18,2018-12-30T17:01:51Z,2018-11-16,2018-05-21T17:56:09Z,ERX2604887,postnatal day 14,ovary,SAMEA4671861,wild type genotype,The University of Heidelberg,2018-12-30T17:01:51Z,2018-05-21T17:56:09Z,public,Illumina HiSeq 2500,1887sTS.Mouse.Ovary.2wpb.Female_s,SINGLE,PolyA,TRANSCRIPTOMIC,ovary,Mus musculus,ILLUMINA,2019-02-19T00:00:00Z,2022-07-18T06:36:00Z,2,SAMEA4671861,E-MTAB-6798:1887sTS.Mouse.Ovary.2wpb.Female,Mus musculus,female,ERP108893,CD-1,E-MTAB-6798:1887sTS.Mouse.Ovary.2wpb.Female
ERR2588612,14,RNA-Seq,101,1930167368,PRJEB26869,SAMEA4671862,ArrayExpress,1171070784,"Lausanne Genomics Technology Facility ",house mouse,public,"fastq,run.zq,sra","ena,gs,ncbi,s3","ena,gs.us-east1,ncbi.public,s3.us-east-1",postnatal,2019-02-18,2018-12-30T17:01:51Z,2018-11-16,2018-05-21T17:56:09Z,ERX2604888,postnatal day 14,ovary,SAMEA4671862,wild type genotype,The University of Heidelberg,2018-12-30T17:01:51Z,2018-05-21T17:56:09Z,public,Illumina HiSeq 2500,1891sTS.Mouse.Ovary.2wpb.Female_s,SINGLE,PolyA,TRANSCRIPTOMIC,ovary,Mus musculus,ILLUMINA,2019-02-19T00:00:00Z,2022-07-20T19:26:00Z,2,SAMEA4671862,E-MTAB-6798:1891sTS.Mouse.Ovary.2wpb.Female,Mus musculus,female,ERP108893,CD-1,E-MTAB-6798:1891sTS.Mouse.Ovary.2wpb.Female
ERR2588613,14,RNA-Seq,101,2265881167,PRJEB26869,SAMEA4671863,ArrayExpress,1356938748,"Lausanne Genomics Technology Facility ",house mouse,public,"fastq,run.zq,sra","ena,gs,ncbi,s3","ena,gs.us-east1,ncbi.public,s3.us-east-1",postnatal,2019-02-18,2018-12-30T17:01:51Z,2018-11-16,2018-05-21T17:56:10Z,ERX2604889,postnatal day 14,testis,SAMEA4671863,wild type genotype,The University of Heidelberg,2018-12-30T17:01:51Z,2018-05-21T17:56:10Z,public,Illumina HiSeq 2500,1879sTS.Mouse.Testis.2wpb.Male_s,SINGLE,PolyA,TRANSCRIPTOMIC,testis,Mus musculus,ILLUMINA,2019-02-19T00:00:00Z,2022-07-26T05:55:00Z,2,SAMEA4671863,E-MTAB-6798:1879sTS.Mouse.Testis.2wpb.Male,Mus musculus,male,ERP108893,CD-1,E-MTAB-6798:1879sTS.Mouse.Testis.2wpb.Male
ERR2588614,14,RNA-Seq,101,2944481482,PRJEB26869,SAMEA4671864,ArrayExpress,1777218796,"Lausanne Genomics Technology Facility ",house mouse,public,"fastq,run.zq,sra","ena,gs,ncbi,s3","ena,gs.us-east1,ncbi.public,s3.us-east-1",postnatal,2019-02-18,2018-12-30T17:01:51Z,2018-11-16,2018-05-21T17:56:10Z,ERX2604890,postnatal day 14,testis,SAMEA4671864,wild type genotype,The University of Heidelberg,2018-12-30T17:01:51Z,2018-05-21T17:56:10Z,public,Illumina HiSeq 2500,1883sTS.Mouse.Testis.2wpb.Male_s,SINGLE,PolyA,TRANSCRIPTOMIC,testis,Mus musculus,ILLUMINA,2019-02-19T00:00:00Z,2022-07-15T18:14:00Z,2,SAMEA4671864,E-MTAB-6798:1883sTS.Mouse.Testis.2wpb.Male,Mus musculus,male,ERP108893,CD-1,E-MTAB-6798:1883sTS.Mouse.Testis.2wpb.Male
ERR2588615,28,RNA-Seq,101,2148817319,PRJEB26869,SAMEA4671865,ArrayExpress,1317874170,"Lausanne Genomics Technology Facility ",house mouse,public,"fastq,run.zq,sra","ena,gs,ncbi,s3","ena,gs.us-east1,ncbi.public,s3.us-east-1",postnatal,2019-02-18,2018-12-30T17:01:51Z,2018-11-16,2018-05-21T17:56:10Z,ERX2604891,postnatal day 28,forebrain,SAMEA4671865,wild type genotype,The University of Heidelberg,2018-12-30T17:01:51Z,2018-05-21T17:56:10Z,public,Illumina HiSeq 2500,1892sTS.Mouse.Brain.4wpb.Male_s,SINGLE,PolyA,TRANSCRIPTOMIC,forebrain,Mus musculus,ILLUMINA,2019-02-19T00:00:00Z,2022-07-17T19:30:00Z,2,SAMEA4671865,E-MTAB-6798:1892sTS.Mouse.Brain.4wpb.Male,Mus musculus,male,ERP108893,CD-1,E-MTAB-6798:1892sTS.Mouse.Brain.4wpb.Male
ERR2588616,28,RNA-Seq,101,1922281389,PRJEB26869,SAMEA4671866,ArrayExpress,1188493620,"Lausanne Genomics Technology Facility ",house mouse,public,"fastq,run.zq,sra","ena,gs,ncbi,s3","ena,gs.us-east1,ncbi.public,s3.us-east-1",postnatal,2019-02-18,2018-12-30T17:01:51Z,2018-11-16,2018-05-21T17:56:10Z,ERX2604892,postnatal day 28,forebrain,SAMEA4671866,wild type genotype,The University of Heidelberg,2018-12-30T17:01:51Z,2018-05-21T17:56:10Z,public,Illumina HiSeq 2500,1896sTS.Mouse.Brain.4wpb.Male_s,SINGLE,PolyA,TRANSCRIPTOMIC,forebrain,Mus musculus,ILLUMINA,2019-02-19T00:00:00Z,2021-10-24T06:30:00Z,2,SAMEA4671866,E-MTAB-6798:1896sTS.Mouse.Brain.4wpb.Male,Mus musculus,male,ERP108893,CD-1,E-MTAB-6798:1896sTS.Mouse.Brain.4wpb.Male
ERR2588617,28,RNA-Seq,101,2053508164,PRJEB26869,SAMEA4671867,ArrayExpress,1277121518,"Lausanne Genomics Technology Facility ",house mouse,public,"fastq,run.zq,sra","ena,gs,ncbi,s3","ena,gs.us-east1,ncbi.public,s3.us-east-1",postnatal,2019-02-18,2018-12-30T17:01:51Z,2018-11-16,2018-05-21T17:56:10Z,ERX2604893,postnatal day 28,forebrain,SAMEA4671867,wild type genotype,The University of Heidelberg,2018-12-30T17:01:51Z,2018-05-21T17:56:10Z,public,Illumina HiSeq 2500,1936sTS.Mouse.Brain.4wpb.Female_s,SINGLE,PolyA,TRANSCRIPTOMIC,forebrain,Mus musculus,ILLUMINA,2019-02-19T00:00:00Z,2021-10-24T06:31:00Z,2,SAMEA4671867,E-MTAB-6798:1936sTS.Mouse.Brain.4wpb.Female,Mus musculus,female,ERP108893,CD-1,E-MTAB-6798:1936sTS.Mouse.Brain.4wpb.Female
ERR2588618,28,RNA-Seq,101,3068128308,PRJEB26869,SAMEA4671868,ArrayExpress,1900263539,"Lausanne Genomics Technology Facility ",house mouse,public,"fastq,run.zq,sra","ena,gs,ncbi,s3","ena,gs.us-east1,ncbi.public,s3.us-east-1",postnatal,2019-02-18,2018-12-30T17:01:51Z,2018-11-16,2018-05-21T17:56:10Z,ERX2604894,postnatal day 28,forebrain,SAMEA4671868,wild type genotype,The University of Heidelberg,2018-12-30T17:01:51Z,2018-05-21T17:56:10Z,public,Illumina HiSeq 2500,1940sTS.Mouse.Brain.4wpb.Female_s,SINGLE,PolyA,TRANSCRIPTOMIC,forebrain,Mus musculus,ILLUMINA,2019-02-19T00:00:00Z,2022-07-26T05:57:00Z,2,SAMEA4671868,E-MTAB-6798:1940sTS.Mouse.Brain.4wpb.Female,Mus musculus,female,ERP108893,CD-1,E-MTAB-6798:1940sTS.Mouse.Brain.4wpb.Female
ERR2588619,28,RNA-Seq,101,3872136384,PRJEB26869,SAMEA4671869,ArrayExpress,1420871686,"Lausanne Genomics Technology Facility ",house mouse,public,"fastq,run.zq,sra","ena,gs,ncbi,s3","ena,gs.us-east1,ncbi.public,s3.us-east-1",postnatal,2019-02-18,2018-12-30T17:01:51Z,2018-11-16,2018-05-21T17:56:10Z,ERX2604895,postnatal day 28,heart,SAMEA4671869,wild type genotype,The University of Heidelberg,2018-12-30T17:01:51Z,2018-05-21T17:56:10Z,public,Illumina HiSeq 2500,2655sTS.Mouse.Heart.4wpb.Female_s,SINGLE,PolyA,TRANSCRIPTOMIC,heart,Mus musculus,ILLUMINA,2019-02-19T00:00:00Z,2022-07-26T05:58:00Z,2,SAMEA4671869,E-MTAB-6798:2655sTS.Mouse.Heart.4wpb.Female,Mus musculus,female,ERP108893,CD-1,E-MTAB-6798:2655sTS.Mouse.Heart.4wpb.Female
ERR2588620,28,RNA-Seq,101,2898846450,PRJEB26869,SAMEA4671870,ArrayExpress,1069645328,"Lausanne Genomics Technology Facility ",house mouse,public,"fastq,run.zq,sra","ena,gs,ncbi,s3","ena,gs.us-east1,ncbi.public,s3.us-east-1",postnatal,2019-02-18,2018-12-30T17:01:51Z,2018-11-16,2018-05-21T17:56:10Z,ERX2604896,postnatal day 28,heart,SAMEA4671870,wild type genotype,The University of Heidelberg,2018-12-30T17:01:51Z,2018-05-21T17:56:10Z,public,Illumina HiSeq 2500,2657sTS.Mouse.Heart.4wpb.Female_s,SINGLE,PolyA,TRANSCRIPTOMIC,heart,Mus musculus,ILLUMINA,2019-02-19T00:00:00Z,2022-07-17T19:31:00Z,2,SAMEA4671870,E-MTAB-6798:2657sTS.Mouse.Heart.4wpb.Female,Mus musculus,female,ERP108893,CD-1,E-MTAB-6798:2657sTS.Mouse.Heart.4wpb.Female
ERR2588621,28,RNA-Seq,101,2116773251,PRJEB26869,SAMEA4671871,ArrayExpress,724359621,"Lausanne Genomics Technology Facility ",house mouse,public,"fastq,run.zq,sra","ena,gs,ncbi,s3","ena,gs.us-east1,ncbi.public,s3.us-east-1",postnatal,2019-02-18,2018-12-30T17:01:51Z,2018-11-16,2018-05-21T17:56:10Z,ERX2604897,postnatal day 28,heart,SAMEA4671871,wild type genotype,The University of Heidelberg,2018-12-30T17:01:51Z,2018-05-21T17:56:10Z,public,Illumina HiSeq 2500,2659sTS.Mouse.Heart.4wpb.Male_s,SINGLE,PolyA,TRANSCRIPTOMIC,heart,Mus musculus,ILLUMINA,2019-02-19T00:00:00Z,2022-07-26T05:54:00Z,2,SAMEA4671871,E-MTAB-6798:2659sTS.Mouse.Heart.4wpb.Male,Mus musculus,male,ERP108893,CD-1,E-MTAB-6798:2659sTS.Mouse.Heart.4wpb.Male
ERR2588622,28,RNA-Seq,101,3582014389,PRJEB26869,SAMEA4671872,ArrayExpress,1217643578,"Lausanne Genomics Technology Facility ",house mouse,public,"fastq,run.zq,sra","ena,gs,ncbi,s3","ena,gs.us-east1,ncbi.public,s3.us-east-1",postnatal,2019-02-18,2018-12-30T17:01:51Z,2018-11-16,2018-05-21T17:56:10Z,ERX2604898,postnatal day 28,heart,SAMEA4671872,wild type genotype,The University of Heidelberg,2018-12-30T17:01:51Z,2018-05-21T17:56:10Z,public,Illumina HiSeq 2500,2661sTS.Mouse.Heart.4wpb.Male_s,SINGLE,PolyA,TRANSCRIPTOMIC,heart,Mus musculus,ILLUMINA,2019-02-19T00:00:00Z,2022-07-13T23:51:00Z,2,SAMEA4671872,E-MTAB-6798:2661sTS.Mouse.Heart.4wpb.Male,Mus musculus,male,ERP108893,CD-1,E-MTAB-6798:2661sTS.Mouse.Heart.4wpb.Male
ERR2588623,28,RNA-Seq,101,2252618251,PRJEB26869,SAMEA4671873,ArrayExpress,1363132565,"Lausanne Genomics Technology Facility ",house mouse,public,"fastq,run.zq,sra","ena,gs,ncbi,s3","ena,gs.us-east1,ncbi.public,s3.us-east-1",postnatal,2019-02-18,2018-12-30T17:01:51Z,2018-11-16,2018-05-21T17:56:10Z,ERX2604899,postnatal day 28,hindbrain,SAMEA4671873,wild type genotype,The University of Heidelberg,2018-12-30T17:01:51Z,2018-05-21T17:56:10Z,public,Illumina HiSeq 2500,1893sTS.Mouse.Cerebellum.4wpb.Male_s,SINGLE,PolyA,TRANSCRIPTOMIC,hindbrain,Mus musculus,ILLUMINA,2019-02-19T00:00:00Z,2022-07-26T05:55:00Z,2,SAMEA4671873,E-MTAB-6798:1893sTS.Mouse.Cerebellum.4wpb.Male,Mus musculus,male,ERP108893,CD-1,E-MTAB-6798:1893sTS.Mouse.Cerebellum.4wpb.Male
ERR2588624,28,RNA-Seq,101,5636137441,PRJEB26869,SAMEA4671874,ArrayExpress,3559095520,"Lausanne Genomics Technology Facility ",house mouse,public,"fastq,run.zq,sra","ena,gs,ncbi,s3","ena,gs.us-east1,ncbi.public,s3.us-east-1",postnatal,2019-02-18,2018-12-30T17:01:51Z,2018-11-16,2018-05-21T17:56:10Z,ERX2604900,postnatal day 28,hindbrain,SAMEA4671874,wild type genotype,The University of Heidelberg,2018-12-30T17:01:51Z,2018-05-21T17:56:10Z,public,Illumina HiSeq 2500,1897sTS.Mouse.Cerebellum.4wpb.Male_s,SINGLE,PolyA,TRANSCRIPTOMIC,hindbrain,Mus musculus,ILLUMINA,2019-02-19T00:00:00Z,2022-07-26T06:03:00Z,2,SAMEA4671874,E-MTAB-6798:1897sTS.Mouse.Cerebellum.4wpb.Male,Mus musculus,male,ERP108893,CD-1,E-MTAB-6798:1897sTS.Mouse.Cerebellum.4wpb.Male
ERR2588625,28,RNA-Seq,101,1948592091,PRJEB26869,SAMEA4671875,ArrayExpress,1255121838,"Lausanne Genomics Technology Facility ",house mouse,public,"fastq,run.zq,sra","ena,gs,ncbi,s3","ena,gs.us-east1,ncbi.public,s3.us-east-1",postnatal,2019-02-18,2018-12-30T17:01:51Z,2018-11-16,2018-05-21T17:56:10Z,ERX2604901,postnatal day 28,hindbrain,SAMEA4671875,wild type genotype,The University of Heidelberg,2018-12-30T17:01:51Z,2018-05-21T17:56:10Z,public,Illumina HiSeq 2500,1937sTS.Mouse.Cerebellum.4wpb.Female_s,SINGLE,PolyA,TRANSCRIPTOMIC,hindbrain,Mus musculus,ILLUMINA,2019-02-19T00:00:00Z,2021-10-24T06:30:00Z,2,SAMEA4671875,E-MTAB-6798:1937sTS.Mouse.Cerebellum.4wpb.Female,Mus musculus,female,ERP108893,CD-1,E-MTAB-6798:1937sTS.Mouse.Cerebellum.4wpb.Female
ERR2588626,28,RNA-Seq,101,2049858327,PRJEB26869,SAMEA4671876,ArrayExpress,1268599300,"Lausanne Genomics Technology Facility ",house mouse,public,"fastq,run.zq,sra","ena,gs,ncbi,s3","ena,gs.us-east1,ncbi.public,s3.us-east-1",postnatal,2019-02-18,2018-12-30T17:01:51Z,2018-11-16,2018-05-21T17:56:10Z,ERX2604902,postnatal day 28,hindbrain,SAMEA4671876,wild type genotype,The University of Heidelberg,2018-12-30T17:01:51Z,2018-05-21T17:56:10Z,public,Illumina HiSeq 2500,1941sTS.Mouse.Cerebellum.4wpb.Female_s,SINGLE,PolyA,TRANSCRIPTOMIC,hindbrain,Mus musculus,ILLUMINA,2019-02-19T00:00:00Z,2021-10-24T06:32:00Z,2,SAMEA4671876,E-MTAB-6798:1941sTS.Mouse.Cerebellum.4wpb.Female,Mus musculus,female,ERP108893,CD-1,E-MTAB-6798:1941sTS.Mouse.Cerebellum.4wpb.Female
ERR2588627,28,RNA-Seq,101,3129723461,PRJEB26869,SAMEA4671877,ArrayExpress,1147123549,"Lausanne Genomics Technology Facility ",house mouse,public,"fastq,run.zq,sra","ena,gs,ncbi,s3","ena,gs.us-east1,ncbi.public,s3.us-east-1",postnatal,2019-02-18,2018-12-30T17:01:51Z,2018-11-16,2018-05-21T17:56:10Z,ERX2604903,postnatal day 28,kidney,SAMEA4671877,wild type genotype,The University of Heidelberg,2018-12-30T17:01:51Z,2018-05-21T17:56:10Z,public,Illumina HiSeq 2500,2656sTS.Mouse.Kidney.4wpb.Female_s,SINGLE,PolyA,TRANSCRIPTOMIC,kidney,Mus musculus,ILLUMINA,2019-02-19T00:00:00Z,2022-07-22T07:33:00Z,2,SAMEA4671877,E-MTAB-6798:2656sTS.Mouse.Kidney.4wpb.Female,Mus musculus,female,ERP108893,CD-1,E-MTAB-6798:2656sTS.Mouse.Kidney.4wpb.Female
ERR2588628,28,RNA-Seq,101,3484800677,PRJEB26869,SAMEA4671878,ArrayExpress,1180165546,"Lausanne Genomics Technology Facility ",house mouse,public,"fastq,run.zq,sra","ena,gs,ncbi,s3","ena,gs.us-east1,ncbi.public,s3.us-east-1",postnatal,2019-02-18,2018-12-30T17:01:51Z,2018-11-16,2018-05-21T17:56:10Z,ERX2604904,postnatal day 28,kidney,SAMEA4671878,wild type genotype,The University of Heidelberg,2018-12-30T17:01:51Z,2018-05-21T17:56:10Z,public,Illumina HiSeq 2500,2658sTS.Mouse.Kidney.4wpb.Female_s,SINGLE,PolyA,TRANSCRIPTOMIC,kidney,Mus musculus,ILLUMINA,2019-02-19T00:00:00Z,2022-07-18T06:39:00Z,2,SAMEA4671878,E-MTAB-6798:2658sTS.Mouse.Kidney.4wpb.Female,Mus musculus,female,ERP108893,CD-1,E-MTAB-6798:2658sTS.Mouse.Kidney.4wpb.Female
ERR2588629,28,RNA-Seq,101,3247819933,PRJEB26869,SAMEA4671879,ArrayExpress,1103147142,"Lausanne Genomics Technology Facility ",house mouse,public,"fastq,run.zq,sra","ena,gs,ncbi,s3","ena,gs.us-east1,ncbi.public,s3.us-east-1",postnatal,2019-02-18,2018-12-30T17:01:51Z,2018-11-16,2018-05-21T17:56:10Z,ERX2604905,postnatal day 28,kidney,SAMEA4671879,wild type genotype,The University of Heidelberg,2018-12-30T17:01:51Z,2018-05-21T17:56:10Z,public,Illumina HiSeq 2500,2660sTS.Mouse.Kidney.4wpb.Male_s,SINGLE,PolyA,TRANSCRIPTOMIC,kidney,Mus musculus,ILLUMINA,2019-02-19T00:00:00Z,2021-10-24T06:36:00Z,2,SAMEA4671879,E-MTAB-6798:2660sTS.Mouse.Kidney.4wpb.Male,Mus musculus,male,ERP108893,CD-1,E-MTAB-6798:2660sTS.Mouse.Kidney.4wpb.Male
ERR2588630,28,RNA-Seq,101,2773909652,PRJEB26869,SAMEA4671880,ArrayExpress,948627762,"Lausanne Genomics Technology Facility ",house mouse,public,"fastq,run.zq,sra","ena,gs,ncbi,s3","ena,gs.us-east1,ncbi.public,s3.us-east-1",postnatal,2019-02-18,2018-12-30T17:01:52Z,2018-11-16,2018-05-21T17:56:10Z,ERX2604906,postnatal day 28,kidney,SAMEA4671880,wild type genotype,The University of Heidelberg,2018-12-30T17:01:52Z,2018-05-21T17:56:10Z,public,Illumina HiSeq 2500,2662sTS.Mouse.Kidney.4wpb.Male_s,SINGLE,PolyA,TRANSCRIPTOMIC,kidney,Mus musculus,ILLUMINA,2019-02-19T00:00:00Z,2021-10-24T06:32:00Z,2,SAMEA4671880,E-MTAB-6798:2662sTS.Mouse.Kidney.4wpb.Male,Mus musculus,male,ERP108893,CD-1,E-MTAB-6798:2662sTS.Mouse.Kidney.4wpb.Male
ERR2588631,28,RNA-Seq,101,2196448313,PRJEB26869,SAMEA4671881,ArrayExpress,1338683551,"Lausanne Genomics Technology Facility ",house mouse,public,"fastq,run.zq,sra","ena,gs,ncbi,s3","ena,gs.us-east1,ncbi.public,s3.us-east-1",postnatal,2019-02-18,2018-12-30T17:01:52Z,2018-11-16,2018-05-21T17:56:10Z,ERX2604907,postnatal day 28,liver,SAMEA4671881,wild type genotype,The University of Heidelberg,2018-12-30T17:01:52Z,2018-05-21T17:56:10Z,public,Illumina HiSeq 2500,1894sTS.Mouse.Liver.4wpb.Male_s,SINGLE,PolyA,TRANSCRIPTOMIC,liver,Mus musculus,ILLUMINA,2019-02-19T00:00:00Z,2022-07-13T12:17:00Z,2,SAMEA4671881,E-MTAB-6798:1894sTS.Mouse.Liver.4wpb.Male,Mus musculus,male,ERP108893,CD-1,E-MTAB-6798:1894sTS.Mouse.Liver.4wpb.Male
ERR2588632,28,RNA-Seq,101,3244775490,PRJEB26869,SAMEA4671882,ArrayExpress,1978340582,"Lausanne Genomics Technology Facility ",house mouse,public,"fastq,run.zq,sra","ena,gs,ncbi,s3","ena,gs.us-east1,ncbi.public,s3.us-east-1",postnatal,2019-02-18,2018-12-30T17:01:52Z,2018-11-16,2018-05-21T17:56:10Z,ERX2604908,postnatal day 28,liver,SAMEA4671882,wild type genotype,The University of Heidelberg,2018-12-30T17:01:52Z,2018-05-21T17:56:10Z,public,Illumina HiSeq 2500,1898sTS.Mouse.Liver.4wpb.Male_s,SINGLE,PolyA,TRANSCRIPTOMIC,liver,Mus musculus,ILLUMINA,2019-02-19T00:00:00Z,2022-07-26T05:58:00Z,2,SAMEA4671882,E-MTAB-6798:1898sTS.Mouse.Liver.4wpb.Male,Mus musculus,male,ERP108893,CD-1,E-MTAB-6798:1898sTS.Mouse.Liver.4wpb.Male
ERR2588633,28,RNA-Seq,101,1985668787,PRJEB26869,SAMEA4671883,ArrayExpress,1213417648,"Lausanne Genomics Technology Facility ",house mouse,public,"fastq,run.zq,sra","ena,gs,ncbi,s3","ena,gs.us-east1,ncbi.public,s3.us-east-1",postnatal,2019-02-18,2018-12-30T17:01:52Z,2018-11-16,2018-05-21T17:56:10Z,ERX2604909,postnatal day 28,liver,SAMEA4671883,wild type genotype,The University of Heidelberg,2018-12-30T17:01:52Z,2018-05-21T17:56:10Z,public,Illumina HiSeq 2500,1938sTS.Mouse.Liver.4wpb.Female_s,SINGLE,PolyA,TRANSCRIPTOMIC,liver,Mus musculus,ILLUMINA,2019-02-19T00:00:00Z,2022-07-26T05:55:00Z,2,SAMEA4671883,E-MTAB-6798:1938sTS.Mouse.Liver.4wpb.Female,Mus musculus,female,ERP108893,CD-1,E-MTAB-6798:1938sTS.Mouse.Liver.4wpb.Female
ERR2588634,28,RNA-Seq,101,2049755206,PRJEB26869,SAMEA4671884,ArrayExpress,1219079212,"Lausanne Genomics Technology Facility ",house mouse,public,"fastq,run.zq,sra","ena,gs,ncbi,s3","ena,gs.us-east1,ncbi.public,s3.us-east-1",postnatal,2019-02-18,2018-12-30T17:01:52Z,2018-11-16,2018-05-21T17:56:10Z,ERX2604910,postnatal day 28,liver,SAMEA4671884,wild type genotype,The University of Heidelberg,2018-12-30T17:01:52Z,2018-05-21T17:56:10Z,public,Illumina HiSeq 2500,1942sTS.Mouse.Liver.4wpb.Female_s,SINGLE,PolyA,TRANSCRIPTOMIC,liver,Mus musculus,ILLUMINA,2019-02-19T00:00:00Z,2022-07-14T04:51:00Z,2,SAMEA4671884,E-MTAB-6798:1942sTS.Mouse.Liver.4wpb.Female,Mus musculus,female,ERP108893,CD-1,E-MTAB-6798:1942sTS.Mouse.Liver.4wpb.Female
ERR2588635,28,RNA-Seq,101,6208709976,PRJEB26869,SAMEA4671885,ArrayExpress,3221304245,"Lausanne Genomics Technology Facility ",house mouse,public,"fastq,run.zq,sra","ena,gs,ncbi,s3","ena,gs.us-east1,ncbi.public,s3.us-east-1",postnatal,2019-02-18,2018-12-30T17:01:52Z,2018-11-16,2018-05-21T17:56:10Z,ERX2604911,postnatal day 28,ovary,SAMEA4671885,wild type genotype,The University of Heidelberg,2018-12-30T17:01:52Z,2018-05-21T17:56:10Z,public,Illumina HiSeq 2500,1939sTS.Mouse.Ovary.4wpb.Female_s,SINGLE,PolyA,TRANSCRIPTOMIC,ovary,Mus musculus,ILLUMINA,2019-02-19T00:00:00Z,2021-10-24T07:04:00Z,2,SAMEA4671885,E-MTAB-6798:1939sTS.Mouse.Ovary.4wpb.Female,Mus musculus,female,ERP108893,CD-1,E-MTAB-6798:1939sTS.Mouse.Ovary.4wpb.Female
ERR2588636,28,RNA-Seq,101,1885354779,PRJEB26869,SAMEA4671886,ArrayExpress,1149255362,"Lausanne Genomics Technology Facility ",house mouse,public,"fastq,run.zq,sra","ena,gs,ncbi,s3","ena,gs.us-east1,ncbi.public,s3.us-east-1",postnatal,2019-02-18,2018-12-30T17:01:52Z,2018-11-16,2018-05-21T17:56:10Z,ERX2604912,postnatal day 28,ovary,SAMEA4671886,wild type genotype,The University of Heidelberg,2018-12-30T17:01:52Z,2018-05-21T17:56:10Z,public,Illumina HiSeq 2500,1943sTS.Mouse.Ovary.4wpb.Female_s,SINGLE,PolyA,TRANSCRIPTOMIC,ovary,Mus musculus,ILLUMINA,2019-02-19T00:00:00Z,2022-07-26T05:54:00Z,2,SAMEA4671886,E-MTAB-6798:1943sTS.Mouse.Ovary.4wpb.Female,Mus musculus,female,ERP108893,CD-1,E-MTAB-6798:1943sTS.Mouse.Ovary.4wpb.Female
ERR2588637,28,RNA-Seq,101,2643070212,PRJEB26869,SAMEA4671887,ArrayExpress,1581350142,"Lausanne Genomics Technology Facility ",house mouse,public,"fastq,run.zq,sra","ena,gs,ncbi,s3","ena,gs.us-east1,ncbi.public,s3.us-east-1",postnatal,2019-02-18,2018-12-30T17:01:52Z,2018-11-16,2018-05-21T17:56:10Z,ERX2604913,postnatal day 28,testis,SAMEA4671887,wild type genotype,The University of Heidelberg,2018-12-30T17:01:52Z,2018-05-21T17:56:10Z,public,Illumina HiSeq 2500,1895sTS.Mouse.Testis.4wpb.Male_s,SINGLE,PolyA,TRANSCRIPTOMIC,testis,Mus musculus,ILLUMINA,2019-02-19T00:00:00Z,2022-07-17T23:35:00Z,2,SAMEA4671887,E-MTAB-6798:1895sTS.Mouse.Testis.4wpb.Male,Mus musculus,male,ERP108893,CD-1,E-MTAB-6798:1895sTS.Mouse.Testis.4wpb.Male
ERR2588638,28,RNA-Seq,101,2096516792,PRJEB26869,SAMEA4671888,ArrayExpress,1276515975,"Lausanne Genomics Technology Facility ",house mouse,public,"fastq,run.zq,sra","ena,gs,ncbi,s3","ena,gs.us-east1,ncbi.public,s3.us-east-1",postnatal,2019-02-18,2018-12-30T17:01:52Z,2018-11-16,2018-05-21T17:56:10Z,ERX2604914,postnatal day 28,testis,SAMEA4671888,wild type genotype,The University of Heidelberg,2018-12-30T17:01:52Z,2018-05-21T17:56:10Z,public,Illumina HiSeq 2500,1899sTS.Mouse.Testis.4wpb.Male_s,SINGLE,PolyA,TRANSCRIPTOMIC,testis,Mus musculus,ILLUMINA,2019-02-19T00:00:00Z,2021-10-24T06:32:00Z,2,SAMEA4671888,E-MTAB-6798:1899sTS.Mouse.Testis.4wpb.Male,Mus musculus,male,ERP108893,CD-1,E-MTAB-6798:1899sTS.Mouse.Testis.4wpb.Male
ERR2588639,3,RNA-Seq,101,2457782278,PRJEB26869,SAMEA4671889,ArrayExpress,1531240273,"Lausanne Genomics Technology Facility ",house mouse,public,"fastq,run.zq,sra","ena,gs,ncbi,s3","ena,gs.us-east1,ncbi.public,s3.us-east-1",postnatal,2019-02-18,2018-12-30T17:01:52Z,2018-11-16,2018-05-21T17:56:10Z,ERX2604915,postnatal day 3,forebrain,SAMEA4671889,wild type genotype,The University of Heidelberg,2018-12-30T17:01:52Z,2018-05-21T17:56:10Z,public,Illumina HiSeq 2500,1918sTS.Mouse.Brain.3dpb.Female_s,SINGLE,PolyA,TRANSCRIPTOMIC,forebrain,Mus musculus,ILLUMINA,2019-02-19T00:00:00Z,2022-07-26T05:58:00Z,2,SAMEA4671889,E-MTAB-6798:1918sTS.Mouse.Brain.3dpb.Female,Mus musculus,female,ERP108893,CD-1,E-MTAB-6798:1918sTS.Mouse.Brain.3dpb.Female
ERR2588640,3,RNA-Seq,101,2128526621,PRJEB26869,SAMEA4671890,ArrayExpress,1320321908,"Lausanne Genomics Technology Facility ",house mouse,public,"fastq,run.zq,sra","ena,gs,ncbi,s3","ena,gs.us-east1,ncbi.public,s3.us-east-1",postnatal,2019-02-18,2018-12-30T17:01:52Z,2018-11-16,2018-05-21T17:56:10Z,ERX2604916,postnatal day 3,forebrain,SAMEA4671890,wild type genotype,The University of Heidelberg,2018-12-30T17:01:52Z,2018-05-21T17:56:10Z,public,Illumina HiSeq 2500,1924sTS.Mouse.Brain.3dpb.Male_s,SINGLE,PolyA,TRANSCRIPTOMIC,forebrain,Mus musculus,ILLUMINA,2019-02-19T00:00:00Z,2022-07-15T21:44:00Z,2,SAMEA4671890,E-MTAB-6798:1924sTS.Mouse.Brain.3dpb.Male,Mus musculus,male,ERP108893,CD-1,E-MTAB-6798:1924sTS.Mouse.Brain.3dpb.Male
ERR2588641,3,RNA-Seq,101,2259118712,PRJEB26869,SAMEA4671891,ArrayExpress,1375739946,"Lausanne Genomics Technology Facility ",house mouse,public,"fastq,run.zq,sra","ena,gs,ncbi,s3","ena,gs.us-east1,ncbi.public,s3.us-east-1",postnatal,2019-02-18,2018-12-30T17:01:52Z,2018-11-16,2018-05-21T17:56:11Z,ERX2604917,postnatal day 3,forebrain,SAMEA4671891,wild type genotype,The University of Heidelberg,2018-12-30T17:01:52Z,2018-05-21T17:56:11Z,public,Illumina HiSeq 2500,1930sTS.Mouse.Brain.3dpb.Female_s,SINGLE,PolyA,TRANSCRIPTOMIC,forebrain,Mus musculus,ILLUMINA,2019-02-19T00:00:00Z,2022-07-26T05:55:00Z,2,SAMEA4671891,E-MTAB-6798:1930sTS.Mouse.Brain.3dpb.Female,Mus musculus,female,ERP108893,CD-1,E-MTAB-6798:1930sTS.Mouse.Brain.3dpb.Female
ERR2588642,3,RNA-Seq,101,2183124898,PRJEB26869,SAMEA4671892,ArrayExpress,1349773804,"Lausanne Genomics Technology Facility ",house mouse,public,"fastq,run.zq,sra","ena,gs,ncbi,s3","ena,gs.us-east1,ncbi.public,s3.us-east-1",postnatal,2019-02-18,2018-12-30T17:01:52Z,2018-11-16,2018-05-21T17:56:11Z,ERX2604918,postnatal day 3,forebrain,SAMEA4671892,wild type genotype,The University of Heidelberg,2018-12-30T17:01:52Z,2018-05-21T17:56:11Z,public,Illumina HiSeq 2500,1964sTS.Mouse.Brain.3dpb.Male_s,SINGLE,PolyA,TRANSCRIPTOMIC,forebrain,Mus musculus,ILLUMINA,2019-02-19T00:00:00Z,2021-10-24T06:32:00Z,2,SAMEA4671892,E-MTAB-6798:1964sTS.Mouse.Brain.3dpb.Male,Mus musculus,male,ERP108893,CD-1,E-MTAB-6798:1964sTS.Mouse.Brain.3dpb.Male
ERR2588643,3,RNA-Seq,101,3295319223,PRJEB26869,SAMEA4671893,ArrayExpress,2195819610,"Lausanne Genomics Technology Facility ",house mouse,public,"fastq,run.zq,sra","ena,gs,ncbi,s3","ena,gs.us-east1,ncbi.public,s3.us-east-1",postnatal,2019-02-18,2018-12-30T17:01:52Z,2018-11-16,2018-05-21T17:56:11Z,ERX2604919,postnatal day 3,heart,SAMEA4671893,wild type genotype,The University of Heidelberg,2018-12-30T17:01:52Z,2018-05-21T17:56:11Z,public,Illumina HiSeq 2500,1920sTS.Mouse.Heart.3dpb.Female_s,SINGLE,PolyA,TRANSCRIPTOMIC,heart,Mus musculus,ILLUMINA,2019-02-19T00:00:00Z,2022-07-26T05:58:00Z,2,SAMEA4671893,E-MTAB-6798:1920sTS.Mouse.Heart.3dpb.Female,Mus musculus,female,ERP108893,CD-1,E-MTAB-6798:1920sTS.Mouse.Heart.3dpb.Female
ERR2588644,3,RNA-Seq,101,3298035618,PRJEB26869,SAMEA4671894,ArrayExpress,2204628402,"Lausanne Genomics Technology Facility ",house mouse,public,"fastq,run.zq,sra","ena,gs,ncbi,s3","ena,gs.us-east1,ncbi.public,s3.us-east-1",postnatal,2019-02-18,2018-12-30T17:01:52Z,2018-11-16,2018-05-21T17:56:11Z,ERX2604920,postnatal day 3,heart,SAMEA4671894,wild type genotype,The University of Heidelberg,2018-12-30T17:01:52Z,2018-05-21T17:56:11Z,public,Illumina HiSeq 2500,1926sTS.Mouse.Heart.3dpb.Male_s,SINGLE,PolyA,TRANSCRIPTOMIC,heart,Mus musculus,ILLUMINA,2019-02-19T00:00:00Z,2022-07-26T05:57:00Z,2,SAMEA4671894,E-MTAB-6798:1926sTS.Mouse.Heart.3dpb.Male,Mus musculus,male,ERP108893,CD-1,E-MTAB-6798:1926sTS.Mouse.Heart.3dpb.Male
ERR2588645,3,RNA-Seq,101,3990194072,PRJEB26869,SAMEA4671895,ArrayExpress,2651167893,"Lausanne Genomics Technology Facility ",house mouse,public,"fastq,run.zq,sra","ena,gs,ncbi,s3","ena,gs.us-east1,ncbi.public,s3.us-east-1",postnatal,2019-02-18,2018-12-30T17:01:52Z,2018-11-16,2018-05-21T17:56:11Z,ERX2604921,postnatal day 3,heart,SAMEA4671895,wild type genotype,The University of Heidelberg,2018-12-30T17:01:52Z,2018-05-21T17:56:11Z,public,Illumina HiSeq 2500,1932sTS.Mouse.Heart.3dpb.Female_s,SINGLE,PolyA,TRANSCRIPTOMIC,heart,Mus musculus,ILLUMINA,2019-02-19T00:00:00Z,2022-07-14T16:42:00Z,2,SAMEA4671895,E-MTAB-6798:1932sTS.Mouse.Heart.3dpb.Female,Mus musculus,female,ERP108893,CD-1,E-MTAB-6798:1932sTS.Mouse.Heart.3dpb.Female
ERR2588646,3,RNA-Seq,101,4076136891,PRJEB26869,SAMEA4671896,ArrayExpress,1504093501,"Lausanne Genomics Technology Facility ",house mouse,public,"fastq,run.zq,sra","ena,gs,ncbi,s3","ena,gs.us-east1,ncbi.public,s3.us-east-1",postnatal,2019-02-18,2018-12-30T17:01:52Z,2018-11-16,2018-05-21T17:56:11Z,ERX2604922,postnatal day 3,heart,SAMEA4671896,wild type genotype,The University of Heidelberg,2018-12-30T17:01:52Z,2018-05-21T17:56:11Z,public,Illumina HiSeq 2500,2641sTS.Mouse.Heart.3dpb.Male_s,SINGLE,PolyA,TRANSCRIPTOMIC,heart,Mus musculus,ILLUMINA,2019-02-19T00:00:00Z,2021-10-24T06:34:00Z,2,SAMEA4671896,E-MTAB-6798:2641sTS.Mouse.Heart.3dpb.Male,Mus musculus,male,ERP108893,CD-1,E-MTAB-6798:2641sTS.Mouse.Heart.3dpb.Male
ERR2588647,3,RNA-Seq,101,2294646876,PRJEB26869,SAMEA4671897,ArrayExpress,1422271061,"Lausanne Genomics Technology Facility ",house mouse,public,"fastq,run.zq,sra","ena,gs,ncbi,s3","ena,gs.us-east1,ncbi.public,s3.us-east-1",postnatal,2019-02-18,2018-12-30T17:01:52Z,2018-11-16,2018-05-21T17:56:11Z,ERX2604923,postnatal day 3,hindbrain,SAMEA4671897,wild type genotype,The University of Heidelberg,2018-12-30T17:01:52Z,2018-05-21T17:56:11Z,public,Illumina HiSeq 2500,1919sTS.Mouse.Cerebellum.3dpb.Female_s,SINGLE,PolyA,TRANSCRIPTOMIC,hindbrain,Mus musculus,ILLUMINA,2019-02-19T00:00:00Z,2021-10-24T06:32:00Z,2,SAMEA4671897,E-MTAB-6798:1919sTS.Mouse.Cerebellum.3dpb.Female,Mus musculus,female,ERP108893,CD-1,E-MTAB-6798:1919sTS.Mouse.Cerebellum.3dpb.Female
ERR2588648,3,RNA-Seq,101,6272559146,PRJEB26869,SAMEA4671898,ArrayExpress,3194586305,"Lausanne Genomics Technology Facility ",house mouse,public,"fastq,run.zq,sra","ena,gs,ncbi,s3","ena,gs.us-east1,ncbi.public,s3.us-east-1",postnatal,2019-02-18,2018-12-30T17:01:52Z,2018-11-16,2018-05-21T17:56:11Z,ERX2604924,postnatal day 3,hindbrain,SAMEA4671898,wild type genotype,The University of Heidelberg,2018-12-30T17:01:52Z,2018-05-21T17:56:11Z,public,Illumina HiSeq 2500,1925sTS.Mouse.Cerebellum.3dpb.Male_s,SINGLE,PolyA,TRANSCRIPTOMIC,hindbrain,Mus musculus,ILLUMINA,2019-02-19T00:00:00Z,2022-07-21T22:38:00Z,2,SAMEA4671898,E-MTAB-6798:1925sTS.Mouse.Cerebellum.3dpb.Male,Mus musculus,male,ERP108893,CD-1,E-MTAB-6798:1925sTS.Mouse.Cerebellum.3dpb.Male
ERR2588649,3,RNA-Seq,101,5975195855,PRJEB26869,SAMEA4671899,ArrayExpress,3776838650,"Lausanne Genomics Technology Facility ",house mouse,public,"fastq,run.zq,sra","ena,gs,ncbi,s3","ena,gs.us-east1,ncbi.public,s3.us-east-1",postnatal,2019-02-18,2018-12-30T17:01:52Z,2018-11-16,2018-05-21T17:56:11Z,ERX2604925,postnatal day 3,hindbrain,SAMEA4671899,wild type genotype,The University of Heidelberg,2018-12-30T17:01:52Z,2018-05-21T17:56:11Z,public,Illumina HiSeq 2500,1931sTS.Mouse.Cerebellum.3dpb.Female_s,SINGLE,PolyA,TRANSCRIPTOMIC,hindbrain,Mus musculus,ILLUMINA,2019-02-19T00:00:00Z,2022-07-18T06:45:00Z,2,SAMEA4671899,E-MTAB-6798:1931sTS.Mouse.Cerebellum.3dpb.Female,Mus musculus,female,ERP108893,CD-1,E-MTAB-6798:1931sTS.Mouse.Cerebellum.3dpb.Female
ERR2588650,3,RNA-Seq,101,4630334496,PRJEB26869,SAMEA4671900,ArrayExpress,2945064191,"Lausanne Genomics Technology Facility ",house mouse,public,"fastq,run.zq,sra","ena,gs,ncbi,s3","ena,gs.us-east1,ncbi.public,s3.us-east-1",postnatal,2019-02-18,2018-12-30T17:01:52Z,2018-11-16,2018-05-21T17:56:11Z,ERX2604926,postnatal day 3,hindbrain,SAMEA4671900,wild type genotype,The University of Heidelberg,2018-12-30T17:01:52Z,2018-05-21T17:56:11Z,public,Illumina HiSeq 2500,1965sTS.Mouse.Cerebellum.3dpb.Male_s,SINGLE,PolyA,TRANSCRIPTOMIC,hindbrain,Mus musculus,ILLUMINA,2019-02-19T00:00:00Z,2022-07-26T06:00:00Z,2,SAMEA4671900,E-MTAB-6798:1965sTS.Mouse.Cerebellum.3dpb.Male,Mus musculus,male,ERP108893,CD-1,E-MTAB-6798:1965sTS.Mouse.Cerebellum.3dpb.Male
ERR2588651,3,RNA-Seq,101,2414292890,PRJEB26869,SAMEA4671901,ArrayExpress,1611618663,"Lausanne Genomics Technology Facility ",house mouse,public,"fastq,run.zq,sra","ena,gs,ncbi,s3","ena,gs.us-east1,ncbi.public,s3.us-east-1",postnatal,2019-02-18,2018-12-30T17:01:52Z,2018-11-16,2018-05-21T17:56:11Z,ERX2604927,postnatal day 3,kidney,SAMEA4671901,wild type genotype,The University of Heidelberg,2018-12-30T17:01:52Z,2018-05-21T17:56:11Z,public,Illumina HiSeq 2500,1921sTS.Mouse.Kidney.3dpb.Female_s,SINGLE,PolyA,TRANSCRIPTOMIC,kidney,Mus musculus,ILLUMINA,2019-02-19T00:00:00Z,2022-07-15T21:45:00Z,2,SAMEA4671901,E-MTAB-6798:1921sTS.Mouse.Kidney.3dpb.Female,Mus musculus,female,ERP108893,CD-1,E-MTAB-6798:1921sTS.Mouse.Kidney.3dpb.Female
ERR2588652,3,RNA-Seq,101,4158076373,PRJEB26869,SAMEA4671902,ArrayExpress,2751450337,"Lausanne Genomics Technology Facility ",house mouse,public,"fastq,run.zq,sra","ena,gs,ncbi,s3","ena,gs.us-east1,ncbi.public,s3.us-east-1",postnatal,2019-02-18,2018-12-30T17:01:52Z,2018-11-16,2018-05-21T17:56:11Z,ERX2604928,postnatal day 3,kidney,SAMEA4671902,wild type genotype,The University of Heidelberg,2018-12-30T17:01:52Z,2018-05-21T17:56:11Z,public,Illumina HiSeq 2500,1927sTS.Mouse.Kidney.3dpb.Male_s,SINGLE,PolyA,TRANSCRIPTOMIC,kidney,Mus musculus,ILLUMINA,2019-02-19T00:00:00Z,2022-07-21T14:16:00Z,2,SAMEA4671902,E-MTAB-6798:1927sTS.Mouse.Kidney.3dpb.Male,Mus musculus,male,ERP108893,CD-1,E-MTAB-6798:1927sTS.Mouse.Kidney.3dpb.Male
ERR2588653,3,RNA-Seq,101,3447153634,PRJEB26869,SAMEA4671903,ArrayExpress,2287325642,"Lausanne Genomics Technology Facility ",house mouse,public,"fastq,run.zq,sra","ena,gs,ncbi,s3","ena,gs.us-east1,ncbi.public,s3.us-east-1",postnatal,2019-02-18,2018-12-30T17:01:52Z,2018-11-16,2018-05-21T17:56:11Z,ERX2604929,postnatal day 3,kidney,SAMEA4671903,wild type genotype,The University of Heidelberg,2018-12-30T17:01:52Z,2018-05-21T17:56:11Z,public,Illumina HiSeq 2500,1933sTS.Mouse.Kidney.3dpb.Female_s,SINGLE,PolyA,TRANSCRIPTOMIC,kidney,Mus musculus,ILLUMINA,2019-02-19T00:00:00Z,2021-10-24T06:36:00Z,2,SAMEA4671903,E-MTAB-6798:1933sTS.Mouse.Kidney.3dpb.Female,Mus musculus,female,ERP108893,CD-1,E-MTAB-6798:1933sTS.Mouse.Kidney.3dpb.Female
ERR2588654,3,RNA-Seq,101,2932729324,PRJEB26869,SAMEA4671904,ArrayExpress,1086099624,"Lausanne Genomics Technology Facility ",house mouse,public,"fastq,run.zq,sra","ena,gs,ncbi,s3","ena,gs.us-east1,ncbi.public,s3.us-east-1",postnatal,2019-02-18,2018-12-30T17:01:51Z,2018-11-16,2018-05-21T17:56:11Z,ERX2604930,postnatal day 3,kidney,SAMEA4671904,wild type genotype,The University of Heidelberg,2018-12-30T17:01:51Z,2018-05-21T17:56:11Z,public,Illumina HiSeq 2500,2642sTS.Mouse.Kidney.3dpb.Male_s,SINGLE,PolyA,TRANSCRIPTOMIC,kidney,Mus musculus,ILLUMINA,2019-02-19T00:00:00Z,2021-10-24T06:33:00Z,2,SAMEA4671904,E-MTAB-6798:2642sTS.Mouse.Kidney.3dpb.Male,Mus musculus,male,ERP108893,CD-1,E-MTAB-6798:2642sTS.Mouse.Kidney.3dpb.Male
ERR2588655,3,RNA-Seq,101,6136986543,PRJEB26869,SAMEA4671905,ArrayExpress,2948647028,"Lausanne Genomics Technology Facility ",house mouse,public,"fastq,run.zq,sra","ena,gs,ncbi,s3","ena,gs.us-east1,ncbi.public,s3.us-east-1",postnatal,2019-02-18,2018-12-30T17:01:51Z,2018-11-16,2018-05-21T17:56:11Z,ERX2604931,postnatal day 3,liver,SAMEA4671905,wild type genotype,The University of Heidelberg,2018-12-30T17:01:51Z,2018-05-21T17:56:11Z,public,Illumina HiSeq 2500,1922sTS.Mouse.Liver.3dpb.Female_s,SINGLE,PolyA,TRANSCRIPTOMIC,liver,Mus musculus,ILLUMINA,2019-02-19T00:00:00Z,2022-07-26T06:16:00Z,2,SAMEA4671905,E-MTAB-6798:1922sTS.Mouse.Liver.3dpb.Female,Mus musculus,female,ERP108893,CD-1,E-MTAB-6798:1922sTS.Mouse.Liver.3dpb.Female
ERR2588656,3,RNA-Seq,101,2453998212,PRJEB26869,SAMEA4671906,ArrayExpress,1487153569,"Lausanne Genomics Technology Facility ",house mouse,public,"fastq,run.zq,sra","ena,gs,ncbi,s3","ena,gs.us-east1,ncbi.public,s3.us-east-1",postnatal,2019-02-18,2018-12-30T17:01:51Z,2018-11-16,2018-05-21T17:56:11Z,ERX2604932,postnatal day 3,liver,SAMEA4671906,wild type genotype,The University of Heidelberg,2018-12-30T17:01:51Z,2018-05-21T17:56:11Z,public,Illumina HiSeq 2500,1928sTS.Mouse.Liver.3dpb.Male_s,SINGLE,PolyA,TRANSCRIPTOMIC,liver,Mus musculus,ILLUMINA,2019-02-19T00:00:00Z,2022-07-26T05:55:00Z,2,SAMEA4671906,E-MTAB-6798:1928sTS.Mouse.Liver.3dpb.Male,Mus musculus,male,ERP108893,CD-1,E-MTAB-6798:1928sTS.Mouse.Liver.3dpb.Male
ERR2588657,3,RNA-Seq,101,1899734755,PRJEB26869,SAMEA4671907,ArrayExpress,1138562111,"Lausanne Genomics Technology Facility ",house mouse,public,"fastq,run.zq,sra","ena,gs,ncbi,s3","ena,gs.us-east1,ncbi.public,s3.us-east-1",postnatal,2019-02-18,2018-12-30T17:01:51Z,2018-11-16,2018-05-21T17:56:11Z,ERX2604933,postnatal day 3,liver,SAMEA4671907,wild type genotype,The University of Heidelberg,2018-12-30T17:01:51Z,2018-05-21T17:56:11Z,public,Illumina HiSeq 2500,1934sTS.Mouse.Liver.3dpb.Female_s,SINGLE,PolyA,TRANSCRIPTOMIC,liver,Mus musculus,ILLUMINA,2019-02-19T00:00:00Z,2021-10-24T06:30:00Z,2,SAMEA4671907,E-MTAB-6798:1934sTS.Mouse.Liver.3dpb.Female,Mus musculus,female,ERP108893,CD-1,E-MTAB-6798:1934sTS.Mouse.Liver.3dpb.Female
ERR2588658,3,RNA-Seq,101,1881025919,PRJEB26869,SAMEA4671908,ArrayExpress,1158554329,"Lausanne Genomics Technology Facility ",house mouse,public,"fastq,run.zq,sra","ena,gs,ncbi,s3","ena,gs.us-east1,ncbi.public,s3.us-east-1",postnatal,2019-02-18,2018-12-30T17:01:51Z,2018-11-16,2018-05-21T17:56:11Z,ERX2604934,postnatal day 3,liver,SAMEA4671908,wild type genotype,The University of Heidelberg,2018-12-30T17:01:51Z,2018-05-21T17:56:11Z,public,Illumina HiSeq 2500,1966sTS.Mouse.Liver.3dpb.Female_s,SINGLE,PolyA,TRANSCRIPTOMIC,liver,Mus musculus,ILLUMINA,2019-02-19T00:00:00Z,2022-07-17T12:14:00Z,2,SAMEA4671908,E-MTAB-6798:1966sTS.Mouse.Liver.3dpb.Female,Mus musculus,female,ERP108893,CD-1,E-MTAB-6798:1966sTS.Mouse.Liver.3dpb.Female
ERR2588659,3,RNA-Seq,101,2163567763,PRJEB26869,SAMEA4671909,ArrayExpress,1312568326,"Lausanne Genomics Technology Facility ",house mouse,public,"fastq,run.zq,sra","ena,gs,ncbi,s3","ena,gs.us-east1,ncbi.public,s3.us-east-1",postnatal,2019-02-18,2018-12-30T17:01:51Z,2018-11-16,2018-05-21T17:56:11Z,ERX2604935,postnatal day 3,ovary,SAMEA4671909,wild type genotype,The University of Heidelberg,2018-12-30T17:01:51Z,2018-05-21T17:56:11Z,public,Illumina HiSeq 2500,1923sTS.Mouse.Ovary.3dpb.Female_s,SINGLE,PolyA,TRANSCRIPTOMIC,ovary,Mus musculus,ILLUMINA,2019-02-19T00:00:00Z,2022-07-26T05:56:00Z,2,SAMEA4671909,E-MTAB-6798:1923sTS.Mouse.Ovary.3dpb.Female,Mus musculus,female,ERP108893,CD-1,E-MTAB-6798:1923sTS.Mouse.Ovary.3dpb.Female
ERR2588660,3,RNA-Seq,101,3158615016,PRJEB26869,SAMEA4671910,ArrayExpress,1916153010,"Lausanne Genomics Technology Facility ",house mouse,public,"fastq,run.zq,sra","ena,gs,ncbi,s3","ena,gs.us-east1,ncbi.public,s3.us-east-1",postnatal,2019-02-18,2018-12-30T17:01:51Z,2018-11-16,2018-05-21T17:56:11Z,ERX2604936,postnatal day 3,ovary,SAMEA4671910,wild type genotype,The University of Heidelberg,2018-12-30T17:01:51Z,2018-05-21T17:56:11Z,public,Illumina HiSeq 2500,1935sTS.Mouse.Ovary.3dpb.Female_s,SINGLE,PolyA,TRANSCRIPTOMIC,ovary,Mus musculus,ILLUMINA,2019-02-19T00:00:00Z,2021-10-24T06:37:00Z,2,SAMEA4671910,E-MTAB-6798:1935sTS.Mouse.Ovary.3dpb.Female,Mus musculus,female,ERP108893,CD-1,E-MTAB-6798:1935sTS.Mouse.Ovary.3dpb.Female
ERR2588661,3,RNA-Seq,101,3144778319,PRJEB26869,SAMEA4671911,ArrayExpress,1902945044,"Lausanne Genomics Technology Facility ",house mouse,public,"fastq,run.zq,sra","ena,gs,ncbi,s3","ena,gs.us-east1,ncbi.public,s3.us-east-1",postnatal,2019-02-18,2018-12-30T17:01:51Z,2018-11-16,2018-05-21T17:56:11Z,ERX2604937,postnatal day 3,testis,SAMEA4671911,wild type genotype,The University of Heidelberg,2018-12-30T17:01:51Z,2018-05-21T17:56:11Z,public,Illumina HiSeq 2500,1929sTS.Mouse.Testis.3dpb.Male_s,SINGLE,PolyA,TRANSCRIPTOMIC,testis,Mus musculus,ILLUMINA,2019-02-19T00:00:00Z,2021-10-24T06:50:00Z,2,SAMEA4671911,E-MTAB-6798:1929sTS.Mouse.Testis.3dpb.Male,Mus musculus,male,ERP108893,CD-1,E-MTAB-6798:1929sTS.Mouse.Testis.3dpb.Male
ERR2588662,3,RNA-Seq,101,3461865092,PRJEB26869,SAMEA4671912,ArrayExpress,2360655133,"Lausanne Genomics Technology Facility ",house mouse,public,"fastq,run.zq,sra","ena,gs,ncbi,s3","ena,gs.us-east1,ncbi.public,s3.us-east-1",postnatal,2019-02-18,2018-12-30T17:01:51Z,2018-11-16,2018-05-21T17:56:11Z,ERX2604938,postnatal day 3,testis,SAMEA4671912,wild type genotype,The University of Heidelberg,2018-12-30T17:01:51Z,2018-05-21T17:56:11Z,public,Illumina HiSeq 2500,1967sTS.Mouse.Testis.3dpb.Male_s,SINGLE,PolyA,TRANSCRIPTOMIC,testis,Mus musculus,ILLUMINA,2019-02-19T00:00:00Z,2022-07-13T12:25:00Z,2,SAMEA4671912,E-MTAB-6798:1967sTS.Mouse.Testis.3dpb.Male,Mus musculus,male,ERP108893,CD-1,E-MTAB-6798:1967sTS.Mouse.Testis.3dpb.Male
ERR2588663,63,RNA-Seq,101,2062931666,PRJEB26869,SAMEA4671913,ArrayExpress,1269789520,"Lausanne Genomics Technology Facility ",house mouse,public,"fastq,run.zq,sra","ena,gs,ncbi,s3","ena,gs.us-east1,ncbi.public,s3.us-east-1",postnatal,2019-02-18,2018-12-30T17:01:51Z,2018-11-16,2018-05-21T17:56:11Z,ERX2604939,postnatal day 63,forebrain,SAMEA4671913,wild type genotype,The University of Heidelberg,2018-12-30T17:01:51Z,2018-05-21T17:56:11Z,public,Illumina HiSeq 2500,1944sTS.Mouse.Brain.9wpb.Male_s,SINGLE,PolyA,TRANSCRIPTOMIC,forebrain,Mus musculus,ILLUMINA,2019-02-19T00:00:00Z,2022-07-17T10:00:00Z,2,SAMEA4671913,E-MTAB-6798:1944sTS.Mouse.Brain.9wpb.Male,Mus musculus,male,ERP108893,CD-1,E-MTAB-6798:1944sTS.Mouse.Brain.9wpb.Male
ERR2588664,63,RNA-Seq,101,1971494043,PRJEB26869,SAMEA4671914,ArrayExpress,1222585017,"Lausanne Genomics Technology Facility ",house mouse,public,"fastq,run.zq,sra","ena,gs,ncbi,s3","ena,gs.us-east1,ncbi.public,s3.us-east-1",postnatal,2019-02-18,2018-12-30T17:01:51Z,2018-11-16,2018-05-21T17:56:11Z,ERX2604940,postnatal day 63,forebrain,SAMEA4671914,wild type genotype,The University of Heidelberg,2018-12-30T17:01:51Z,2018-05-21T17:56:11Z,public,Illumina HiSeq 2500,1948sTS.Mouse.Brain.9wpb.Female_s,SINGLE,PolyA,TRANSCRIPTOMIC,forebrain,Mus musculus,ILLUMINA,2019-02-19T00:00:00Z,2022-07-23T01:28:00Z,2,SAMEA4671914,E-MTAB-6798:1948sTS.Mouse.Brain.9wpb.Female,Mus musculus,female,ERP108893,CD-1,E-MTAB-6798:1948sTS.Mouse.Brain.9wpb.Female
ERR2588665,63,RNA-Seq,101,3410658496,PRJEB26869,SAMEA4671915,ArrayExpress,2105932638,"Lausanne Genomics Technology Facility ",house mouse,public,"fastq,run.zq,sra","ena,gs,ncbi,s3","ena,gs.us-east1,ncbi.public,s3.us-east-1",postnatal,2019-02-18,2018-12-30T17:01:51Z,2018-11-16,2018-05-21T17:56:11Z,ERX2604941,postnatal day 63,forebrain,SAMEA4671915,wild type genotype,The University of Heidelberg,2018-12-30T17:01:51Z,2018-05-21T17:56:11Z,public,Illumina HiSeq 2500,1954sTS.Mouse.Brain.9wpb.Male_s,SINGLE,PolyA,TRANSCRIPTOMIC,forebrain,Mus musculus,ILLUMINA,2019-02-19T00:00:00Z,2022-07-13T12:24:00Z,2,SAMEA4671915,E-MTAB-6798:1954sTS.Mouse.Brain.9wpb.Male,Mus musculus,male,ERP108893,CD-1,E-MTAB-6798:1954sTS.Mouse.Brain.9wpb.Male
ERR2588666,63,RNA-Seq,101,2674026510,PRJEB26869,SAMEA4671916,ArrayExpress,1650479997,"Lausanne Genomics Technology Facility ",house mouse,public,"fastq,run.zq,sra","ena,gs,ncbi,s3","ena,gs.us-east1,ncbi.public,s3.us-east-1",postnatal,2019-02-18,2018-12-30T17:01:51Z,2018-11-16,2018-05-21T17:56:11Z,ERX2604942,postnatal day 63,forebrain,SAMEA4671916,wild type genotype,The University of Heidelberg,2018-12-30T17:01:51Z,2018-05-21T17:56:11Z,public,Illumina HiSeq 2500,1960sTS.Mouse.Brain.9wpb.Female_s,SINGLE,PolyA,TRANSCRIPTOMIC,forebrain,Mus musculus,ILLUMINA,2019-02-19T00:00:00Z,2022-07-21T23:34:00Z,2,SAMEA4671916,E-MTAB-6798:1960sTS.Mouse.Brain.9wpb.Female,Mus musculus,female,ERP108893,CD-1,E-MTAB-6798:1960sTS.Mouse.Brain.9wpb.Female
ERR2588667,63,RNA-Seq,101,3356537141,PRJEB26869,SAMEA4671917,ArrayExpress,2260954388,"Lausanne Genomics Technology Facility ",house mouse,public,"fastq,run.zq,sra","ena,gs,ncbi,s3","ena,gs.us-east1,ncbi.public,s3.us-east-1",postnatal,2019-02-18,2018-12-30T17:01:51Z,2018-11-16,2018-05-21T17:56:11Z,ERX2604943,postnatal day 63,heart,SAMEA4671917,wild type genotype,The University of Heidelberg,2018-12-30T17:01:51Z,2018-05-21T17:56:11Z,public,Illumina HiSeq 2500,1950sTS.Mouse.Heart.9wpb.Female_s,SINGLE,PolyA,TRANSCRIPTOMIC,heart,Mus musculus,ILLUMINA,2019-02-19T00:00:00Z,2022-07-20T23:17:00Z,2,SAMEA4671917,E-MTAB-6798:1950sTS.Mouse.Heart.9wpb.Female,Mus musculus,female,ERP108893,CD-1,E-MTAB-6798:1950sTS.Mouse.Heart.9wpb.Female
ERR2588668,63,RNA-Seq,101,4146746294,PRJEB26869,SAMEA4671918,ArrayExpress,2865720918,"Lausanne Genomics Technology Facility ",house mouse,public,"fastq,run.zq,sra","ena,gs,ncbi,s3","ena,gs.us-east1,ncbi.public,s3.us-east-1",postnatal,2019-02-18,2018-12-30T17:01:51Z,2018-11-16,2018-05-21T17:56:12Z,ERX2604944,postnatal day 63,heart,SAMEA4671918,wild type genotype,The University of Heidelberg,2018-12-30T17:01:51Z,2018-05-21T17:56:12Z,public,Illumina HiSeq 2500,1956sTS.Mouse.Heart.9wpb.Male_s,SINGLE,PolyA,TRANSCRIPTOMIC,heart,Mus musculus,ILLUMINA,2019-02-19T00:00:00Z,2021-10-24T06:52:00Z,2,SAMEA4671918,E-MTAB-6798:1956sTS.Mouse.Heart.9wpb.Male,Mus musculus,male,ERP108893,CD-1,E-MTAB-6798:1956sTS.Mouse.Heart.9wpb.Male
ERR2588669,63,RNA-Seq,101,5864757102,PRJEB26869,SAMEA4671919,ArrayExpress,4044786370,"Lausanne Genomics Technology Facility ",house mouse,public,"fastq,run.zq,sra","ena,gs,ncbi,s3","ena,gs.us-east1,ncbi.public,s3.us-east-1",postnatal,2019-02-18,2018-12-30T17:01:51Z,2018-11-16,2018-05-21T17:56:12Z,ERX2604945,postnatal day 63,heart,SAMEA4671919,wild type genotype,The University of Heidelberg,2018-12-30T17:01:51Z,2018-05-21T17:56:12Z,public,Illumina HiSeq 2500,2663sTS.Mouse.Heart.9wpb.Male_s,SINGLE,PolyA,TRANSCRIPTOMIC,heart,Mus musculus,ILLUMINA,2019-02-19T00:00:00Z,2021-10-24T07:06:00Z,2,SAMEA4671919,E-MTAB-6798:2663sTS.Mouse.Heart.9wpb.Male,Mus musculus,male,ERP108893,CD-1,E-MTAB-6798:2663sTS.Mouse.Heart.9wpb.Male
ERR2588670,63,RNA-Seq,101,5672087583,PRJEB26869,SAMEA4671920,ArrayExpress,3953609866,"Lausanne Genomics Technology Facility ",house mouse,public,"fastq,run.zq,sra","ena,gs,ncbi,s3","ena,gs.us-east1,ncbi.public,s3.us-east-1",postnatal,2019-02-18,2018-12-30T17:01:51Z,2018-11-16,2018-05-21T17:56:12Z,ERX2604946,postnatal day 63,heart,SAMEA4671920,wild type genotype,The University of Heidelberg,2018-12-30T17:01:51Z,2018-05-21T17:56:12Z,public,Illumina HiSeq 2500,2669sTS.Mouse.Heart.9wpb.Female_s,SINGLE,PolyA,TRANSCRIPTOMIC,heart,Mus musculus,ILLUMINA,2019-02-19T00:00:00Z,2022-07-26T06:06:00Z,2,SAMEA4671920,E-MTAB-6798:2669sTS.Mouse.Heart.9wpb.Female,Mus musculus,female,ERP108893,CD-1,E-MTAB-6798:2669sTS.Mouse.Heart.9wpb.Female
ERR2588671,63,RNA-Seq,101,2784612319,PRJEB26869,SAMEA4671921,ArrayExpress,1700834147,"Lausanne Genomics Technology Facility ",house mouse,public,"fastq,run.zq,sra","ena,gs,ncbi,s3","ena,gs.us-east1,ncbi.public,s3.us-east-1",postnatal,2019-02-18,2018-12-30T17:01:51Z,2018-11-16,2018-05-21T17:56:12Z,ERX2604947,postnatal day 63,hindbrain,SAMEA4671921,wild type genotype,The University of Heidelberg,2018-12-30T17:01:51Z,2018-05-21T17:56:12Z,public,Illumina HiSeq 2500,1945sTS.Mouse.Cerebellum.9wpb.Male_s,SINGLE,PolyA,TRANSCRIPTOMIC,hindbrain,Mus musculus,ILLUMINA,2019-02-19T00:00:00Z,2022-07-13T12:21:00Z,2,SAMEA4671921,E-MTAB-6798:1945sTS.Mouse.Cerebellum.9wpb.Male,Mus musculus,male,ERP108893,CD-1,E-MTAB-6798:1945sTS.Mouse.Cerebellum.9wpb.Male
ERR2588672,63,RNA-Seq,101,2645909625,PRJEB26869,SAMEA4671922,ArrayExpress,1602464049,"Lausanne Genomics Technology Facility ",house mouse,public,"fastq,run.zq,sra","ena,gs,ncbi,s3","ena,gs.us-east1,ncbi.public,s3.us-east-1",postnatal,2019-02-18,2018-12-30T17:01:51Z,2018-11-16,2018-05-21T17:56:12Z,ERX2604948,postnatal day 63,hindbrain,SAMEA4671922,wild type genotype,The University of Heidelberg,2018-12-30T17:01:51Z,2018-05-21T17:56:12Z,public,Illumina HiSeq 2500,1949sTS.Mouse.Cerebellum.9wpb.Female_s,SINGLE,PolyA,TRANSCRIPTOMIC,hindbrain,Mus musculus,ILLUMINA,2019-02-19T00:00:00Z,2022-07-26T05:45:00Z,2,SAMEA4671922,E-MTAB-6798:1949sTS.Mouse.Cerebellum.9wpb.Female,Mus musculus,female,ERP108893,CD-1,E-MTAB-6798:1949sTS.Mouse.Cerebellum.9wpb.Female
ERR2588673,63,RNA-Seq,101,5050400869,PRJEB26869,SAMEA4671923,ArrayExpress,2634245075,"Lausanne Genomics Technology Facility ",house mouse,public,"fastq,run.zq,sra","ena,gs,ncbi,s3","ena,gs.us-east1,ncbi.public,s3.us-east-1",postnatal,2019-02-18,2018-12-30T17:01:51Z,2018-11-16,2018-05-21T17:56:12Z,ERX2604949,postnatal day 63,hindbrain,SAMEA4671923,wild type genotype,The University of Heidelberg,2018-12-30T17:01:51Z,2018-05-21T17:56:12Z,public,Illumina HiSeq 2500,1955sTS.Mouse.Cerebellum.9wpb.Male_s,SINGLE,PolyA,TRANSCRIPTOMIC,hindbrain,Mus musculus,ILLUMINA,2019-02-19T00:00:00Z,2022-07-26T06:05:00Z,2,SAMEA4671923,E-MTAB-6798:1955sTS.Mouse.Cerebellum.9wpb.Male,Mus musculus,male,ERP108893,CD-1,E-MTAB-6798:1955sTS.Mouse.Cerebellum.9wpb.Male
ERR2588674,63,RNA-Seq,101,4600054595,PRJEB26869,SAMEA4671924,ArrayExpress,2899983688,"Lausanne Genomics Technology Facility ",house mouse,public,"fastq,run.zq,sra","ena,gs,ncbi,s3","ena,gs.us-east1,ncbi.public,s3.us-east-1",postnatal,2019-02-18,2018-12-30T17:01:51Z,2018-11-16,2018-05-21T17:56:12Z,ERX2604950,postnatal day 63,hindbrain,SAMEA4671924,wild type genotype,The University of Heidelberg,2018-12-30T17:01:51Z,2018-05-21T17:56:12Z,public,Illumina HiSeq 2500,1961sTS.Mouse.Cerebellum.9wpb.Female_s,SINGLE,PolyA,TRANSCRIPTOMIC,hindbrain,Mus musculus,ILLUMINA,2019-02-19T00:00:00Z,2022-07-15T21:48:00Z,2,SAMEA4671924,E-MTAB-6798:1961sTS.Mouse.Cerebellum.9wpb.Female,Mus musculus,female,ERP108893,CD-1,E-MTAB-6798:1961sTS.Mouse.Cerebellum.9wpb.Female
ERR2588675,63,RNA-Seq,101,2807191071,PRJEB26869,SAMEA4671925,ArrayExpress,1879651158,"Lausanne Genomics Technology Facility ",house mouse,public,"fastq,run.zq,sra","ena,gs,ncbi,s3","ena,gs.us-east1,ncbi.public,s3.us-east-1",postnatal,2019-02-18,2018-12-30T17:01:51Z,2018-11-16,2018-05-21T17:56:12Z,ERX2604951,postnatal day 63,kidney,SAMEA4671925,wild type genotype,The University of Heidelberg,2018-12-30T17:01:51Z,2018-05-21T17:56:12Z,public,Illumina HiSeq 2500,1951sTS.Mouse.Kidney.9wpb.Female_s,SINGLE,PolyA,TRANSCRIPTOMIC,kidney,Mus musculus,ILLUMINA,2019-02-19T00:00:00Z,2021-10-24T06:36:00Z,2,SAMEA4671925,E-MTAB-6798:1951sTS.Mouse.Kidney.9wpb.Female,Mus musculus,female,ERP108893,CD-1,E-MTAB-6798:1951sTS.Mouse.Kidney.9wpb.Female
ERR2588676,63,RNA-Seq,101,7533202463,PRJEB26869,SAMEA4671926,ArrayExpress,5190623189,"Lausanne Genomics Technology Facility ",house mouse,public,"fastq,run.zq,sra","ena,gs,ncbi,s3","ena,gs.us-east1,ncbi.public,s3.us-east-1",postnatal,2019-02-18,2018-12-30T17:01:51Z,2018-11-16,2018-05-21T17:56:12Z,ERX2604952,postnatal day 63,kidney,SAMEA4671926,wild type genotype,The University of Heidelberg,2018-12-30T17:01:51Z,2018-05-21T17:56:12Z,public,Illumina HiSeq 2500,2664sTS.Mouse.Kidney.9wpb.Male_s,SINGLE,PolyA,TRANSCRIPTOMIC,kidney,Mus musculus,ILLUMINA,2019-02-19T00:00:00Z,2022-07-21T19:23:00Z,2,SAMEA4671926,E-MTAB-6798:2664sTS.Mouse.Kidney.9wpb.Male,Mus musculus,male,ERP108893,CD-1,E-MTAB-6798:2664sTS.Mouse.Kidney.9wpb.Male
ERR2588677,63,RNA-Seq,101,3482287696,PRJEB26869,SAMEA4671927,ArrayExpress,1449883661,"Lausanne Genomics Technology Facility ",house mouse,public,"fastq,run.zq,sra","ena,gs,ncbi,s3","ena,gs.us-east1,ncbi.public,s3.us-east-1",postnatal,2019-02-18,2018-12-30T17:01:51Z,2018-11-16,2018-05-21T17:56:12Z,ERX2604953,postnatal day 63,kidney,SAMEA4671927,wild type genotype,The University of Heidelberg,2018-12-30T17:01:51Z,2018-05-21T17:56:12Z,public,Illumina HiSeq 2500,2665sTS.Mouse.Kidney.9wpb.Female_s,SINGLE,PolyA,TRANSCRIPTOMIC,kidney,Mus musculus,ILLUMINA,2019-02-19T00:00:00Z,2021-10-24T06:39:00Z,2,SAMEA4671927,E-MTAB-6798:2665sTS.Mouse.Kidney.9wpb.Female,Mus musculus,female,ERP108893,CD-1,E-MTAB-6798:2665sTS.Mouse.Kidney.9wpb.Female
ERR2588678,63,RNA-Seq,101,984821609,PRJEB26869,SAMEA4671928,ArrayExpress,367087236,"Lausanne Genomics Technology Facility ",house mouse,public,"fastq,run.zq,sra","ena,gs,ncbi,s3","ena,gs.us-east1,ncbi.public,s3.us-east-1",postnatal,2019-02-18,2018-12-30T17:01:51Z,2018-11-16,2018-05-21T17:56:12Z,ERX2604954,postnatal day 63,kidney,SAMEA4671928,wild type genotype,The University of Heidelberg,2018-12-30T17:01:51Z,2018-05-21T17:56:12Z,public,Illumina HiSeq 2500,5360sTS.Mouse.Kidney.9wpb.Male_s,SINGLE,PolyA,TRANSCRIPTOMIC,kidney,Mus musculus,ILLUMINA,2019-02-19T00:00:00Z,2022-07-22T01:14:00Z,2,SAMEA4671928,E-MTAB-6798:5360sTS.Mouse.Kidney.9wpb.Male,Mus musculus,male,ERP108893,CD-1,E-MTAB-6798:5360sTS.Mouse.Kidney.9wpb.Male
ERR2588679,63,RNA-Seq,101,2976719470,PRJEB26869,SAMEA4671929,ArrayExpress,1808992558,"Lausanne Genomics Technology Facility ",house mouse,public,"fastq,run.zq,sra","ena,gs,ncbi,s3","ena,gs.us-east1,ncbi.public,s3.us-east-1",postnatal,2019-02-18,2018-12-30T17:01:51Z,2018-11-16,2018-05-21T17:56:12Z,ERX2604955,postnatal day 63,liver,SAMEA4671929,wild type genotype,The University of Heidelberg,2018-12-30T17:01:51Z,2018-05-21T17:56:12Z,public,Illumina HiSeq 2500,1946sTS.Mouse.Liver.9wpb.Male_s,SINGLE,PolyA,TRANSCRIPTOMIC,liver,Mus musculus,ILLUMINA,2019-02-19T00:00:00Z,2021-10-24T06:37:00Z,2,SAMEA4671929,E-MTAB-6798:1946sTS.Mouse.Liver.9wpb.Male,Mus musculus,male,ERP108893,CD-1,E-MTAB-6798:1946sTS.Mouse.Liver.9wpb.Male
ERR2588680,63,RNA-Seq,101,2436422697,PRJEB26869,SAMEA4671930,ArrayExpress,1479927992,"Lausanne Genomics Technology Facility ",house mouse,public,"fastq,run.zq,sra","ena,gs,ncbi,s3","ena,gs.us-east1,ncbi.public,s3.us-east-1",postnatal,2019-02-18,2018-12-30T17:01:51Z,2018-11-16,2018-05-21T17:56:12Z,ERX2604956,postnatal day 63,liver,SAMEA4671930,wild type genotype,The University of Heidelberg,2018-12-30T17:01:51Z,2018-05-21T17:56:12Z,public,Illumina HiSeq 2500,1952sTS.Mouse.Liver.9wpb.Female_s,SINGLE,PolyA,TRANSCRIPTOMIC,liver,Mus musculus,ILLUMINA,2019-02-19T00:00:00Z,2022-07-18T16:18:00Z,2,SAMEA4671930,E-MTAB-6798:1952sTS.Mouse.Liver.9wpb.Female,Mus musculus,female,ERP108893,CD-1,E-MTAB-6798:1952sTS.Mouse.Liver.9wpb.Female
ERR2588681,63,RNA-Seq,101,4693443033,PRJEB26869,SAMEA4671931,ArrayExpress,3109137410,"Lausanne Genomics Technology Facility ",house mouse,public,"fastq,run.zq,sra","ena,gs,ncbi,s3","ena,gs.us-east1,ncbi.public,s3.us-east-1",postnatal,2019-02-18,2018-12-30T17:01:51Z,2018-11-16,2018-05-21T17:56:12Z,ERX2604957,postnatal day 63,liver,SAMEA4671931,wild type genotype,The University of Heidelberg,2018-12-30T17:01:51Z,2018-05-21T17:56:12Z,public,Illumina HiSeq 2500,1958sTS.Mouse.Liver.9wpb.Male_s,SINGLE,PolyA,TRANSCRIPTOMIC,liver,Mus musculus,ILLUMINA,2019-02-19T00:00:00Z,2022-07-26T05:50:00Z,2,SAMEA4671931,E-MTAB-6798:1958sTS.Mouse.Liver.9wpb.Male,Mus musculus,male,ERP108893,CD-1,E-MTAB-6798:1958sTS.Mouse.Liver.9wpb.Male
ERR2588682,63,RNA-Seq,101,2011390356,PRJEB26869,SAMEA4671932,ArrayExpress,1193895946,"Lausanne Genomics Technology Facility ",house mouse,public,"fastq,run.zq,sra","ena,gs,ncbi,s3","ena,gs.us-east1,ncbi.public,s3.us-east-1",postnatal,2019-02-18,2018-12-30T17:01:51Z,2018-11-16,2018-05-21T17:56:12Z,ERX2604958,postnatal day 63,liver,SAMEA4671932,wild type genotype,The University of Heidelberg,2018-12-30T17:01:51Z,2018-05-21T17:56:12Z,public,Illumina HiSeq 2500,1962sTS.Mouse.Liver.9wpb.Female_s,SINGLE,PolyA,TRANSCRIPTOMIC,liver,Mus musculus,ILLUMINA,2019-02-19T00:00:00Z,2022-07-14T18:32:00Z,2,SAMEA4671932,E-MTAB-6798:1962sTS.Mouse.Liver.9wpb.Female,Mus musculus,female,ERP108893,CD-1,E-MTAB-6798:1962sTS.Mouse.Liver.9wpb.Female
ERR2588683,63,RNA-Seq,101,2393077739,PRJEB26869,SAMEA4671933,ArrayExpress,1450098669,"Lausanne Genomics Technology Facility ",house mouse,public,"fastq,run.zq,sra","ena,gs,ncbi,s3","ena,gs.us-east1,ncbi.public,s3.us-east-1",postnatal,2019-02-18,2018-12-30T17:01:51Z,2018-11-16,2018-05-21T17:56:12Z,ERX2604959,postnatal day 63,ovary,SAMEA4671933,wild type genotype,The University of Heidelberg,2018-12-30T17:01:51Z,2018-05-21T17:56:12Z,public,Illumina HiSeq 2500,1953sTS.Mouse.Ovary.9wpb.Female_s,SINGLE,PolyA,TRANSCRIPTOMIC,ovary,Mus musculus,ILLUMINA,2019-02-19T00:00:00Z,2021-10-24T06:32:00Z,2,SAMEA4671933,E-MTAB-6798:1953sTS.Mouse.Ovary.9wpb.Female,Mus musculus,female,ERP108893,CD-1,E-MTAB-6798:1953sTS.Mouse.Ovary.9wpb.Female
ERR2588684,63,RNA-Seq,101,2133538746,PRJEB26869,SAMEA4671934,ArrayExpress,1291992930,"Lausanne Genomics Technology Facility ",house mouse,public,"fastq,run.zq,sra","ena,gs,ncbi,s3","ena,gs.us-east1,ncbi.public,s3.us-east-1",postnatal,2019-02-18,2018-12-30T17:01:51Z,2018-11-16,2018-05-21T17:56:12Z,ERX2604960,postnatal day 63,ovary,SAMEA4671934,wild type genotype,The University of Heidelberg,2018-12-30T17:01:51Z,2018-05-21T17:56:12Z,public,Illumina HiSeq 2500,1963sTS.Mouse.Ovary.9wpb.Female_s,SINGLE,PolyA,TRANSCRIPTOMIC,ovary,Mus musculus,ILLUMINA,2019-02-19T00:00:00Z,2022-07-26T05:55:00Z,2,SAMEA4671934,E-MTAB-6798:1963sTS.Mouse.Ovary.9wpb.Female,Mus musculus,female,ERP108893,CD-1,E-MTAB-6798:1963sTS.Mouse.Ovary.9wpb.Female
ERR2588685,63,RNA-Seq,101,2063059431,PRJEB26869,SAMEA4671935,ArrayExpress,1243688843,"Lausanne Genomics Technology Facility ",house mouse,public,"fastq,run.zq,sra","ena,gs,ncbi,s3","ena,gs.us-east1,ncbi.public,s3.us-east-1",postnatal,2019-02-18,2018-12-30T17:01:51Z,2018-11-16,2018-05-21T17:56:12Z,ERX2604961,postnatal day 63,testis,SAMEA4671935,wild type genotype,The University of Heidelberg,2018-12-30T17:01:51Z,2018-05-21T17:56:12Z,public,Illumina HiSeq 2500,1947sTS.Mouse.Testis.9wpb.Male_s,SINGLE,PolyA,TRANSCRIPTOMIC,testis,Mus musculus,ILLUMINA,2019-02-19T00:00:00Z,2022-07-14T16:33:00Z,2,SAMEA4671935,E-MTAB-6798:1947sTS.Mouse.Testis.9wpb.Male,Mus musculus,male,ERP108893,CD-1,E-MTAB-6798:1947sTS.Mouse.Testis.9wpb.Male
ERR2588686,63,RNA-Seq,101,3572378686,PRJEB26869,SAMEA4671936,ArrayExpress,2157439201,"Lausanne Genomics Technology Facility ",house mouse,public,"fastq,run.zq,sra","ena,gs,ncbi,s3","ena,gs.us-east1,ncbi.public,s3.us-east-1",postnatal,2019-02-18,2018-12-30T17:01:51Z,2018-11-16,2018-05-21T17:56:12Z,ERX2604962,postnatal day 63,testis,SAMEA4671936,wild type genotype,The University of Heidelberg,2018-12-30T17:01:51Z,2018-05-21T17:56:12Z,public,Illumina HiSeq 2500,1959sTS.Mouse.Testis.9wpb.Male_s,SINGLE,PolyA,TRANSCRIPTOMIC,testis,Mus musculus,ILLUMINA,2019-02-19T00:00:00Z,2022-07-20T01:13:00Z,2,SAMEA4671936,E-MTAB-6798:1959sTS.Mouse.Testis.9wpb.Male,Mus musculus,male,ERP108893,CD-1,E-MTAB-6798:1959sTS.Mouse.Testis.9wpb.Male
