Run,AGE,Assay Type,AvgSpotLen,Bases,BioProject,BioSample,Broker_name,Bytes,Center Name,common_name,Consent,DATASTORE filetype,DATASTORE provider,DATASTORE region,Developmental_stage,ENA-FIRST-PUBLIC (run),ENA-FIRST-PUBLIC,ENA-LAST-UPDATE (run),ENA-LAST-UPDATE,Experiment,Experimental_Factor:_developmental_stage (exp),Experimental_Factor:_organism_part (exp),external_id,genotype,INSDC_center_name,INSDC_first_public,INSDC_last_update,INSDC_status,Instrument,Library Name,LibraryLayout,LibrarySelection,LibrarySource,Organism_part,Organism,Platform,ReleaseDate,create_date,version,Sample Name,Sample_name,Scientific_Name,sex,SRA Study,Submitter_Id
ERR2603641,13.5,RNA-Seq,101,3342792051,PRJEB27035,SAMEA4699346,ArrayExpress,1292307230,Lausanne Genomics Technology Facility,gray short-tailed opossum,public,"fastq,run.zq,sra","ena,gs,ncbi,s3","ena,gs.us-east1,ncbi.public,s3.us-east-1",embryo,2019-02-18,2018-12-31T17:02:27Z,2018-11-16,2018-05-30T14:20:59Z,ERX2620297,embryonic day 13.5,forebrain,SAMEA4699346,wild type genotype,University of Heidelberg,2018-12-31T17:02:27Z,2018-05-30T14:20:59Z,public,Illumina HiSeq 2500,5180sTS.Opossum.Brain.13.5.Female_s,SINGLE,PolyA,TRANSCRIPTOMIC,forebrain,Monodelphis domestica,ILLUMINA,2019-02-19T00:00:00Z,2022-07-17T10:05:00Z,2,SAMEA4699346,E-MTAB-6833:5180sTS.Opossum.Brain.13.5.Female,Monodelphis domestica,female,ERP109071,E-MTAB-6833:5180sTS.Opossum.Brain.13.5.Female
ERR2603642,13.5,RNA-Seq,101,4447280985,PRJEB27035,SAMEA4699347,ArrayExpress,1715620604,Lausanne Genomics Technology Facility,gray short-tailed opossum,public,"fastq,run.zq,sra","ena,gs,ncbi,s3","ena,gs.us-east1,ncbi.public,s3.us-east-1",embryo,2019-02-18,2018-12-31T17:02:27Z,2018-11-16,2018-05-30T14:20:59Z,ERX2620298,embryonic day 13.5,forebrain,SAMEA4699347,wild type genotype,University of Heidelberg,2018-12-31T17:02:27Z,2018-05-30T14:20:59Z,public,Illumina HiSeq 2500,5184sTS.Opossum.Brain.13.5.Male_s,SINGLE,PolyA,TRANSCRIPTOMIC,forebrain,Monodelphis domestica,ILLUMINA,2019-02-19T00:00:00Z,2022-07-26T06:10:00Z,2,SAMEA4699347,E-MTAB-6833:5184sTS.Opossum.Brain.13.5.Male,Monodelphis domestica,male,ERP109071,E-MTAB-6833:5184sTS.Opossum.Brain.13.5.Male
ERR2603643,13.5,RNA-Seq,101,2999962600,PRJEB27035,SAMEA4699348,ArrayExpress,1168484691,Lausanne Genomics Technology Facility,gray short-tailed opossum,public,"fastq,run.zq,sra","ena,gs,ncbi,s3","ena,gs.us-east1,ncbi.public,s3.us-east-1",embryo,2019-02-18,2018-12-31T17:02:27Z,2018-11-16,2018-05-30T14:20:59Z,ERX2620299,embryonic day 13.5,heart,SAMEA4699348,wild type genotype,University of Heidelberg,2018-12-31T17:02:27Z,2018-05-30T14:20:59Z,public,Illumina HiSeq 2500,5186sTS.Opossum.Heart.13.5.Male_s,SINGLE,PolyA,TRANSCRIPTOMIC,heart,Monodelphis domestica,ILLUMINA,2019-02-19T00:00:00Z,2022-07-13T12:22:00Z,2,SAMEA4699348,E-MTAB-6833:5186sTS.Opossum.Heart.13.5.Male,Monodelphis domestica,male,ERP109071,E-MTAB-6833:5186sTS.Opossum.Heart.13.5.Male
ERR2603644,13.5,RNA-Seq,101,1799487912,PRJEB27035,SAMEA4699349,ArrayExpress,709524527,Lausanne Genomics Technology Facility,gray short-tailed opossum,public,"fastq,run.zq,sra","ena,gs,ncbi,s3","ena,gs.us-east1,ncbi.public,s3.us-east-1",embryo,2019-02-18,2018-12-31T17:02:27Z,2018-11-16,2018-05-30T14:20:59Z,ERX2620300,embryonic day 13.5,heart,SAMEA4699349,wild type genotype,University of Heidelberg,2018-12-31T17:02:27Z,2018-05-30T14:20:59Z,public,Illumina HiSeq 2500,5191sTS.Opossum.Heart.13.5.Male_s,SINGLE,PolyA,TRANSCRIPTOMIC,heart,Monodelphis domestica,ILLUMINA,2019-02-19T00:00:00Z,2022-07-17T19:29:00Z,2,SAMEA4699349,E-MTAB-6833:5191sTS.Opossum.Heart.13.5.Male,Monodelphis domestica,male,ERP109071,E-MTAB-6833:5191sTS.Opossum.Heart.13.5.Male
ERR2603645,13.5,RNA-Seq,101,3972274450,PRJEB27035,SAMEA4699350,ArrayExpress,1559224818,Lausanne Genomics Technology Facility,gray short-tailed opossum,public,"fastq,run.zq,sra","ena,gs,ncbi,s3","ena,gs.us-east1,ncbi.public,s3.us-east-1",embryo,2019-02-18,2018-12-31T17:02:27Z,2018-11-16,2018-05-30T14:20:59Z,ERX2620301,embryonic day 13.5,heart,SAMEA4699350,wild type genotype,University of Heidelberg,2018-12-31T17:02:27Z,2018-05-30T14:20:59Z,public,Illumina HiSeq 2500,5219sTS.Opossum.Heart.13.5.Female_s,SINGLE,PolyA,TRANSCRIPTOMIC,heart,Monodelphis domestica,ILLUMINA,2019-02-19T00:00:00Z,2022-07-26T06:10:00Z,2,SAMEA4699350,E-MTAB-6833:5219sTS.Opossum.Heart.13.5.Female,Monodelphis domestica,female,ERP109071,E-MTAB-6833:5219sTS.Opossum.Heart.13.5.Female
ERR2603646,13.5,RNA-Seq,101,3604381748,PRJEB27035,SAMEA4699351,ArrayExpress,1389821925,Lausanne Genomics Technology Facility,gray short-tailed opossum,public,"fastq,run.zq,sra","ena,gs,ncbi,s3","ena,gs.us-east1,ncbi.public,s3.us-east-1",embryo,2019-02-18,2018-12-31T17:02:27Z,2018-11-16,2018-05-30T14:21:00Z,ERX2620302,embryonic day 13.5,hindbrain,SAMEA4699351,wild type genotype,University of Heidelberg,2018-12-31T17:02:27Z,2018-05-30T14:21:00Z,public,Illumina HiSeq 2500,5181sTS.Opossum.Cerebellum.13.5.Female_s,SINGLE,PolyA,TRANSCRIPTOMIC,hindbrain,Monodelphis domestica,ILLUMINA,2019-02-19T00:00:00Z,2022-07-13T12:23:00Z,2,SAMEA4699351,E-MTAB-6833:5181sTS.Opossum.Cerebellum.13.5.Female,Monodelphis domestica,female,ERP109071,E-MTAB-6833:5181sTS.Opossum.Cerebellum.13.5.Female
ERR2603647,13.5,RNA-Seq,101,4472686424,PRJEB27035,SAMEA4699352,ArrayExpress,1736596138,Lausanne Genomics Technology Facility,gray short-tailed opossum,public,"fastq,run.zq,sra","ena,gs,ncbi,s3","ena,gs.us-east1,ncbi.public,s3.us-east-1",embryo,2019-02-18,2018-12-31T17:02:27Z,2018-11-16,2018-05-30T14:21:00Z,ERX2620303,embryonic day 13.5,hindbrain,SAMEA4699352,wild type genotype,University of Heidelberg,2018-12-31T17:02:27Z,2018-05-30T14:21:00Z,public,Illumina HiSeq 2500,5185sTS.Opossum.Cerebellum.13.5.Male_s,SINGLE,PolyA,TRANSCRIPTOMIC,hindbrain,Monodelphis domestica,ILLUMINA,2019-02-19T00:00:00Z,2022-07-21T22:32:00Z,2,SAMEA4699352,E-MTAB-6833:5185sTS.Opossum.Cerebellum.13.5.Male,Monodelphis domestica,male,ERP109071,E-MTAB-6833:5185sTS.Opossum.Cerebellum.13.5.Male
ERR2603648,13.5,RNA-Seq,101,3141515817,PRJEB27035,SAMEA4699353,ArrayExpress,1111556196,Lausanne Genomics Technology Facility,gray short-tailed opossum,public,"fastq,run.zq,sra","ena,gs,ncbi,s3","ena,gs.us-east1,ncbi.public,s3.us-east-1",embryo,2019-02-18,2018-12-31T17:02:27Z,2018-11-16,2018-05-30T14:21:00Z,ERX2620304,embryonic day 13.5,hindbrain,SAMEA4699353,wild type genotype,University of Heidelberg,2018-12-31T17:02:27Z,2018-05-30T14:21:00Z,public,Illumina HiSeq 2500,5295sTS.Opossum.Cerebellum.13.5.Female_s,SINGLE,PolyA,TRANSCRIPTOMIC,hindbrain,Monodelphis domestica,ILLUMINA,2019-02-19T00:00:00Z,2022-07-23T01:29:00Z,2,SAMEA4699353,E-MTAB-6833:5295sTS.Opossum.Cerebellum.13.5.Female,Monodelphis domestica,female,ERP109071,E-MTAB-6833:5295sTS.Opossum.Cerebellum.13.5.Female
ERR2603649,13.5,RNA-Seq,101,3698041674,PRJEB27035,SAMEA4699354,ArrayExpress,1423933806,Lausanne Genomics Technology Facility,gray short-tailed opossum,public,"fastq,run.zq,sra","ena,gs,ncbi,s3","ena,gs.us-east1,ncbi.public,s3.us-east-1",embryo,2019-02-18,2018-12-31T17:02:27Z,2018-11-16,2018-05-30T14:21:00Z,ERX2620305,embryonic day 13.5,liver,SAMEA4699354,wild type genotype,University of Heidelberg,2018-12-31T17:02:27Z,2018-05-30T14:21:00Z,public,Illumina HiSeq 2500,5183sTS.Opossum.Liver.13.5.Female_s,SINGLE,PolyA,TRANSCRIPTOMIC,liver,Monodelphis domestica,ILLUMINA,2019-02-19T00:00:00Z,2022-07-15T18:16:00Z,2,SAMEA4699354,E-MTAB-6833:5183sTS.Opossum.Liver.13.5.Female,Monodelphis domestica,female,ERP109071,E-MTAB-6833:5183sTS.Opossum.Liver.13.5.Female
ERR2603650,13.5,RNA-Seq,101,3016528014,PRJEB27035,SAMEA4699355,ArrayExpress,1182560346,Lausanne Genomics Technology Facility,gray short-tailed opossum,public,"fastq,run.zq,sra","ena,gs,ncbi,s3","ena,gs.us-east1,ncbi.public,s3.us-east-1",embryo,2019-02-18,2018-12-31T17:02:27Z,2018-11-16,2018-05-30T14:21:00Z,ERX2620306,embryonic day 13.5,liver,SAMEA4699355,wild type genotype,University of Heidelberg,2018-12-31T17:02:27Z,2018-05-30T14:21:00Z,public,Illumina HiSeq 2500,5192sTS.Opossum.Liver.13.5.Male_s,SINGLE,PolyA,TRANSCRIPTOMIC,liver,Monodelphis domestica,ILLUMINA,2019-02-19T00:00:00Z,2022-07-22T01:19:00Z,2,SAMEA4699355,E-MTAB-6833:5192sTS.Opossum.Liver.13.5.Male,Monodelphis domestica,male,ERP109071,E-MTAB-6833:5192sTS.Opossum.Liver.13.5.Male
ERR2603651,13.5,RNA-Seq,101,3881261633,PRJEB27035,SAMEA4699356,ArrayExpress,1527747971,Lausanne Genomics Technology Facility,gray short-tailed opossum,public,"fastq,run.zq,sra","ena,gs,ncbi,s3","ena,gs.us-east1,ncbi.public,s3.us-east-1",embryo,2019-02-18,2018-12-31T17:02:27Z,2018-11-16,2018-05-30T14:21:00Z,ERX2620307,embryonic day 13.5,liver,SAMEA4699356,wild type genotype,University of Heidelberg,2018-12-31T17:02:27Z,2018-05-30T14:21:00Z,public,Illumina HiSeq 2500,5336sTS.Opossum.Liver.13.5.Female_s,SINGLE,PolyA,TRANSCRIPTOMIC,liver,Monodelphis domestica,ILLUMINA,2019-02-19T00:00:00Z,2022-07-22T16:07:00Z,2,SAMEA4699356,E-MTAB-6833:5336sTS.Opossum.Liver.13.5.Female,Monodelphis domestica,female,ERP109071,E-MTAB-6833:5336sTS.Opossum.Liver.13.5.Female
ERR2603652,0,RNA-Seq,101,3022533676,PRJEB27035,SAMEA4699357,ArrayExpress,1155017988,Lausanne Genomics Technology Facility,gray short-tailed opossum,public,"fastq,run.zq,sra","ena,gs,ncbi,s3","ena,gs.us-east1,ncbi.public,s3.us-east-1",postnatal,2019-02-18,2018-12-31T17:02:27Z,2018-11-16,2018-05-30T14:21:00Z,ERX2620308,postnatal day 0,forebrain,SAMEA4699357,wild type genotype,University of Heidelberg,2018-12-31T17:02:27Z,2018-05-30T14:21:00Z,public,Illumina HiSeq 2500,4805sTS.Opossum.Brain.0dpb.Male_s,SINGLE,PolyA,TRANSCRIPTOMIC,forebrain,Monodelphis domestica,ILLUMINA,2019-02-19T00:00:00Z,2022-07-15T18:15:00Z,2,SAMEA4699357,E-MTAB-6833:4805sTS.Opossum.Brain.0dpb.Male,Monodelphis domestica,male,ERP109071,E-MTAB-6833:4805sTS.Opossum.Brain.0dpb.Male
ERR2603653,0,RNA-Seq,101,6367000004,PRJEB27035,SAMEA4699358,ArrayExpress,2369263716,Lausanne Genomics Technology Facility,gray short-tailed opossum,public,"fastq,run.zq,sra","ena,gs,ncbi,s3","ena,gs.us-east1,ncbi.public,s3.us-east-1",postnatal,2019-02-18,2018-12-31T17:02:27Z,2018-11-16,2018-05-30T14:21:00Z,ERX2620309,postnatal day 0,forebrain,SAMEA4699358,wild type genotype,University of Heidelberg,2018-12-31T17:02:27Z,2018-05-30T14:21:00Z,public,Illumina HiSeq 2500,4807sTS.Opossum.Brain.0dpb.Male_s,SINGLE,PolyA,TRANSCRIPTOMIC,forebrain,Monodelphis domestica,ILLUMINA,2019-02-19T00:00:00Z,2022-07-19T15:45:00Z,2,SAMEA4699358,E-MTAB-6833:4807sTS.Opossum.Brain.0dpb.Male,Monodelphis domestica,male,ERP109071,E-MTAB-6833:4807sTS.Opossum.Brain.0dpb.Male
ERR2603654,0,RNA-Seq,101,4708415576,PRJEB27035,SAMEA4699359,ArrayExpress,1683074331,Lausanne Genomics Technology Facility,gray short-tailed opossum,public,"fastq,run.zq,sra","ena,gs,ncbi,s3","ena,gs.us-east1,ncbi.public,s3.us-east-1",postnatal,2019-02-18,2018-12-31T17:02:27Z,2018-11-16,2018-05-30T14:21:00Z,ERX2620310,postnatal day 0,forebrain,SAMEA4699359,wild type genotype,University of Heidelberg,2018-12-31T17:02:27Z,2018-05-30T14:21:00Z,public,Illumina HiSeq 2500,5293sTS.Opossum.Brain.0dpb.Female_s,SINGLE,PolyA,TRANSCRIPTOMIC,forebrain,Monodelphis domestica,ILLUMINA,2019-02-19T00:00:00Z,2022-07-26T06:12:00Z,2,SAMEA4699359,E-MTAB-6833:5293sTS.Opossum.Brain.0dpb.Female,Monodelphis domestica,female,ERP109071,E-MTAB-6833:5293sTS.Opossum.Brain.0dpb.Female
ERR2603655,0,RNA-Seq,101,2902492247,PRJEB27035,SAMEA4699360,ArrayExpress,1059522425,Lausanne Genomics Technology Facility,gray short-tailed opossum,public,"fastq,run.zq,sra","ena,gs,ncbi,s3","ena,gs.us-east1,ncbi.public,s3.us-east-1",postnatal,2019-02-18,2018-12-31T17:02:27Z,2018-11-16,2018-05-30T14:21:00Z,ERX2620311,postnatal day 0,heart,SAMEA4699360,wild type genotype,University of Heidelberg,2018-12-31T17:02:27Z,2018-05-30T14:21:00Z,public,Illumina HiSeq 2500,5039sTS.Opossum.Heart.0dpb.Male_s,SINGLE,PolyA,TRANSCRIPTOMIC,heart,Monodelphis domestica,ILLUMINA,2019-02-19T00:00:00Z,2022-07-13T12:21:00Z,2,SAMEA4699360,E-MTAB-6833:5039sTS.Opossum.Heart.0dpb.Male,Monodelphis domestica,male,ERP109071,E-MTAB-6833:5039sTS.Opossum.Heart.0dpb.Male
ERR2603656,0,RNA-Seq,101,4111647582,PRJEB27035,SAMEA4699361,ArrayExpress,1541642422,Lausanne Genomics Technology Facility,gray short-tailed opossum,public,"fastq,run.zq,sra","ena,gs,ncbi,s3","ena,gs.us-east1,ncbi.public,s3.us-east-1",postnatal,2019-02-18,2018-12-31T17:02:27Z,2018-11-16,2018-05-30T14:21:00Z,ERX2620312,postnatal day 0,heart,SAMEA4699361,wild type genotype,University of Heidelberg,2018-12-31T17:02:27Z,2018-05-30T14:21:00Z,public,Illumina HiSeq 2500,5139sTS.Opossum.Heart.0dpb.Male_s,SINGLE,PolyA,TRANSCRIPTOMIC,heart,Monodelphis domestica,ILLUMINA,2019-02-19T00:00:00Z,2022-07-22T13:51:00Z,2,SAMEA4699361,E-MTAB-6833:5139sTS.Opossum.Heart.0dpb.Male,Monodelphis domestica,male,ERP109071,E-MTAB-6833:5139sTS.Opossum.Heart.0dpb.Male
ERR2603657,0,RNA-Seq,101,4217192885,PRJEB27035,SAMEA4699362,ArrayExpress,1636098652,Lausanne Genomics Technology Facility,gray short-tailed opossum,public,"fastq,run.zq,sra","ena,gs,ncbi,s3","ena,gs.us-east1,ncbi.public,s3.us-east-1",postnatal,2019-02-18,2018-12-31T17:02:27Z,2018-11-16,2018-05-30T14:21:00Z,ERX2620313,postnatal day 0,heart,SAMEA4699362,wild type genotype,University of Heidelberg,2018-12-31T17:02:27Z,2018-05-30T14:21:00Z,public,Illumina HiSeq 2500,5214sTS.Opossum.Heart.0dpb.Female_s,SINGLE,PolyA,TRANSCRIPTOMIC,heart,Monodelphis domestica,ILLUMINA,2019-02-19T00:00:00Z,2022-07-26T06:11:00Z,2,SAMEA4699362,E-MTAB-6833:5214sTS.Opossum.Heart.0dpb.Female,Monodelphis domestica,female,ERP109071,E-MTAB-6833:5214sTS.Opossum.Heart.0dpb.Female
ERR2603658,0,RNA-Seq,101,3963448969,PRJEB27035,SAMEA4699363,ArrayExpress,1512302227,Lausanne Genomics Technology Facility,gray short-tailed opossum,public,"fastq,run.zq,sra","ena,gs,ncbi,s3","ena,gs.us-east1,ncbi.public,s3.us-east-1",postnatal,2019-02-18,2018-12-31T17:02:27Z,2018-11-16,2018-05-30T14:21:00Z,ERX2620314,postnatal day 0,hindbrain,SAMEA4699363,wild type genotype,University of Heidelberg,2018-12-31T17:02:27Z,2018-05-30T14:21:00Z,public,Illumina HiSeq 2500,4806sTS.Opossum.Cerebellum.0dpb.Male_s,SINGLE,PolyA,TRANSCRIPTOMIC,hindbrain,Monodelphis domestica,ILLUMINA,2019-02-19T00:00:00Z,2022-07-17T23:40:00Z,2,SAMEA4699363,E-MTAB-6833:4806sTS.Opossum.Cerebellum.0dpb.Male,Monodelphis domestica,male,ERP109071,E-MTAB-6833:4806sTS.Opossum.Cerebellum.0dpb.Male
ERR2603659,0,RNA-Seq,101,6018715543,PRJEB27035,SAMEA4699364,ArrayExpress,2137629740,Lausanne Genomics Technology Facility,gray short-tailed opossum,public,"fastq,run.zq,sra","ena,gs,ncbi,s3","ena,gs.us-east1,ncbi.public,s3.us-east-1",postnatal,2019-02-18,2018-12-31T17:02:27Z,2018-11-16,2018-05-30T14:21:00Z,ERX2620315,postnatal day 0,hindbrain,SAMEA4699364,wild type genotype,University of Heidelberg,2018-12-31T17:02:27Z,2018-05-30T14:21:00Z,public,Illumina HiSeq 2500,5294sTS.Opossum.Cerebellum.0dpb.Female_s,SINGLE,PolyA,TRANSCRIPTOMIC,hindbrain,Monodelphis domestica,ILLUMINA,2019-02-19T00:00:00Z,2022-07-31T23:48:00Z,2,SAMEA4699364,E-MTAB-6833:5294sTS.Opossum.Cerebellum.0dpb.Female,Monodelphis domestica,female,ERP109071,E-MTAB-6833:5294sTS.Opossum.Cerebellum.0dpb.Female
ERR2603660,0,RNA-Seq,101,2704263587,PRJEB27035,SAMEA4699365,ArrayExpress,982959495,Lausanne Genomics Technology Facility,gray short-tailed opossum,public,"fastq,run.zq,sra","ena,gs,ncbi,s3","ena,gs.us-east1,ncbi.public,s3.us-east-1",postnatal,2019-02-18,2018-12-31T17:02:27Z,2018-11-16,2018-05-30T14:21:00Z,ERX2620316,postnatal day 0,liver,SAMEA4699365,wild type genotype,University of Heidelberg,2018-12-31T17:02:27Z,2018-05-30T14:21:00Z,public,Illumina HiSeq 2500,5040sTS.Opossum.Liver.0dpb.Male_s,SINGLE,PolyA,TRANSCRIPTOMIC,liver,Monodelphis domestica,ILLUMINA,2019-02-19T00:00:00Z,2022-07-14T06:22:00Z,2,SAMEA4699365,E-MTAB-6833:5040sTS.Opossum.Liver.0dpb.Male,Monodelphis domestica,male,ERP109071,E-MTAB-6833:5040sTS.Opossum.Liver.0dpb.Male
ERR2603661,0,RNA-Seq,101,3286558180,PRJEB27035,SAMEA4699366,ArrayExpress,1269138365,Lausanne Genomics Technology Facility,gray short-tailed opossum,public,"fastq,run.zq,sra","ena,gs,ncbi,s3","ena,gs.us-east1,ncbi.public,s3.us-east-1",postnatal,2019-02-18,2018-12-31T17:02:27Z,2018-11-16,2018-05-30T14:21:00Z,ERX2620317,postnatal day 0,liver,SAMEA4699366,wild type genotype,University of Heidelberg,2018-12-31T17:02:27Z,2018-05-30T14:21:00Z,public,Illumina HiSeq 2500,5041sTS.Opossum.Liver.0dpb.Male_s,SINGLE,PolyA,TRANSCRIPTOMIC,liver,Monodelphis domestica,ILLUMINA,2019-02-19T00:00:00Z,2022-07-26T06:07:00Z,2,SAMEA4699366,E-MTAB-6833:5041sTS.Opossum.Liver.0dpb.Male,Monodelphis domestica,male,ERP109071,E-MTAB-6833:5041sTS.Opossum.Liver.0dpb.Male
ERR2603662,10,RNA-Seq,101,3847435016,PRJEB27035,SAMEA4699367,ArrayExpress,1471089250,Lausanne Genomics Technology Facility,gray short-tailed opossum,public,"fastq,run.zq,sra","ena,gs,ncbi,s3","ena,gs.us-east1,ncbi.public,s3.us-east-1",postnatal,2019-02-18,2018-12-31T17:02:27Z,2018-11-16,2018-05-30T14:21:00Z,ERX2620318,postnatal day 10,forebrain,SAMEA4699367,wild type genotype,University of Heidelberg,2018-12-31T17:02:27Z,2018-05-30T14:21:00Z,public,Illumina HiSeq 2500,4809sTS.Opossum.Brain.10dpb.Male_s,SINGLE,PolyA,TRANSCRIPTOMIC,forebrain,Monodelphis domestica,ILLUMINA,2019-02-19T00:00:00Z,2022-07-17T19:33:00Z,2,SAMEA4699367,E-MTAB-6833:4809sTS.Opossum.Brain.10dpb.Male,Monodelphis domestica,male,ERP109071,E-MTAB-6833:4809sTS.Opossum.Brain.10dpb.Male
ERR2603663,10,RNA-Seq,101,3160522300,PRJEB27035,SAMEA4699368,ArrayExpress,1149645225,Lausanne Genomics Technology Facility,gray short-tailed opossum,public,"fastq,run.zq,sra","ena,gs,ncbi,s3","ena,gs.us-east1,ncbi.public,s3.us-east-1",postnatal,2019-02-18,2018-12-31T17:02:27Z,2018-11-16,2018-05-30T14:21:00Z,ERX2620319,postnatal day 10,forebrain,SAMEA4699368,wild type genotype,University of Heidelberg,2018-12-31T17:02:27Z,2018-05-30T14:21:00Z,public,Illumina HiSeq 2500,4811sTS.Opossum.Brain.10dpb.Female_s,SINGLE,PolyA,TRANSCRIPTOMIC,forebrain,Monodelphis domestica,ILLUMINA,2019-02-19T00:00:00Z,2022-07-15T21:47:00Z,2,SAMEA4699368,E-MTAB-6833:4811sTS.Opossum.Brain.10dpb.Female,Monodelphis domestica,female,ERP109071,E-MTAB-6833:4811sTS.Opossum.Brain.10dpb.Female
ERR2603664,10,RNA-Seq,101,2200965336,PRJEB27035,SAMEA4699369,ArrayExpress,812665231,Lausanne Genomics Technology Facility,gray short-tailed opossum,public,"fastq,run.zq,sra","ena,gs,ncbi,s3","ena,gs.us-east1,ncbi.public,s3.us-east-1",postnatal,2019-02-18,2018-12-31T17:02:27Z,2018-11-16,2018-05-30T14:21:00Z,ERX2620320,postnatal day 10,forebrain,SAMEA4699369,wild type genotype,University of Heidelberg,2018-12-31T17:02:27Z,2018-05-30T14:21:00Z,public,Illumina HiSeq 2500,4813sTS.Opossum.Brain.10dpb.Male_s,SINGLE,PolyA,TRANSCRIPTOMIC,forebrain,Monodelphis domestica,ILLUMINA,2019-02-19T00:00:00Z,2022-07-17T19:31:00Z,2,SAMEA4699369,E-MTAB-6833:4813sTS.Opossum.Brain.10dpb.Male,Monodelphis domestica,male,ERP109071,E-MTAB-6833:4813sTS.Opossum.Brain.10dpb.Male
ERR2603665,10,RNA-Seq,101,1311338550,PRJEB27035,SAMEA4699370,ArrayExpress,486040916,Lausanne Genomics Technology Facility,gray short-tailed opossum,public,"fastq,run.zq,sra","ena,gs,ncbi,s3","ena,gs.us-east1,ncbi.public,s3.us-east-1",postnatal,2019-02-18,2018-12-31T17:02:27Z,2018-11-16,2018-05-30T14:21:00Z,ERX2620321,postnatal day 10,forebrain,SAMEA4699370,wild type genotype,University of Heidelberg,2018-12-31T17:02:27Z,2018-05-30T14:21:00Z,public,Illumina HiSeq 2500,5587sTS.Opossum.Brain.10dpb.Female_s,SINGLE,PolyA,TRANSCRIPTOMIC,forebrain,Monodelphis domestica,ILLUMINA,2019-02-19T00:00:00Z,2022-07-26T06:05:00Z,2,SAMEA4699370,E-MTAB-6833:5587sTS.Opossum.Brain.10dpb.Female,Monodelphis domestica,female,ERP109071,E-MTAB-6833:5587sTS.Opossum.Brain.10dpb.Female
ERR2603666,10,RNA-Seq,101,3309406905,PRJEB27035,SAMEA4699371,ArrayExpress,1227155954,Lausanne Genomics Technology Facility,gray short-tailed opossum,public,"fastq,run.zq,sra","ena,gs,ncbi,s3","ena,gs.us-east1,ncbi.public,s3.us-east-1",postnatal,2019-02-18,2018-12-31T17:02:27Z,2018-11-16,2018-05-30T14:21:00Z,ERX2620322,postnatal day 10,heart,SAMEA4699371,wild type genotype,University of Heidelberg,2018-12-31T17:02:27Z,2018-05-30T14:21:00Z,public,Illumina HiSeq 2500,5042sTS.Opossum.Heart.10dpb.Male_s,SINGLE,PolyA,TRANSCRIPTOMIC,heart,Monodelphis domestica,ILLUMINA,2019-02-19T00:00:00Z,2022-07-17T12:05:00Z,2,SAMEA4699371,E-MTAB-6833:5042sTS.Opossum.Heart.10dpb.Male,Monodelphis domestica,male,ERP109071,E-MTAB-6833:5042sTS.Opossum.Heart.10dpb.Male
ERR2603667,10,RNA-Seq,101,3118101492,PRJEB27035,SAMEA4699372,ArrayExpress,1204504194,Lausanne Genomics Technology Facility,gray short-tailed opossum,public,"fastq,run.zq,sra","ena,gs,ncbi,s3","ena,gs.us-east1,ncbi.public,s3.us-east-1",postnatal,2019-02-18,2018-12-31T17:02:27Z,2018-11-16,2018-05-30T14:21:00Z,ERX2620323,postnatal day 10,heart,SAMEA4699372,wild type genotype,University of Heidelberg,2018-12-31T17:02:27Z,2018-05-30T14:21:00Z,public,Illumina HiSeq 2500,5045sTS.Opossum.Heart.10dpb.Male_s,SINGLE,PolyA,TRANSCRIPTOMIC,heart,Monodelphis domestica,ILLUMINA,2019-02-19T00:00:00Z,2022-07-17T10:01:00Z,2,SAMEA4699372,E-MTAB-6833:5045sTS.Opossum.Heart.10dpb.Male,Monodelphis domestica,male,ERP109071,E-MTAB-6833:5045sTS.Opossum.Heart.10dpb.Male
ERR2603668,10,RNA-Seq,101,3189195594,PRJEB27035,SAMEA4699373,ArrayExpress,1175681007,Lausanne Genomics Technology Facility,gray short-tailed opossum,public,"fastq,run.zq,sra","ena,gs,ncbi,s3","ena,gs.us-east1,ncbi.public,s3.us-east-1",postnatal,2019-02-18,2018-12-31T17:02:27Z,2018-11-16,2018-05-30T14:21:00Z,ERX2620324,postnatal day 10,heart,SAMEA4699373,wild type genotype,University of Heidelberg,2018-12-31T17:02:27Z,2018-05-30T14:21:00Z,public,Illumina HiSeq 2500,5048sTS.Opossum.Heart.10dpb.Female_s,SINGLE,PolyA,TRANSCRIPTOMIC,heart,Monodelphis domestica,ILLUMINA,2019-02-19T00:00:00Z,2022-07-26T06:08:00Z,2,SAMEA4699373,E-MTAB-6833:5048sTS.Opossum.Heart.10dpb.Female,Monodelphis domestica,female,ERP109071,E-MTAB-6833:5048sTS.Opossum.Heart.10dpb.Female
ERR2603669,10,RNA-Seq,101,6086942356,PRJEB27035,SAMEA4699374,ArrayExpress,2252383218,Lausanne Genomics Technology Facility,gray short-tailed opossum,public,"fastq,run.zq,sra","ena,gs,ncbi,s3","ena,gs.us-east1,ncbi.public,s3.us-east-1",postnatal,2019-02-18,2018-12-31T17:02:27Z,2018-11-16,2018-05-30T14:21:01Z,ERX2620325,postnatal day 10,heart,SAMEA4699374,wild type genotype,University of Heidelberg,2018-12-31T17:02:27Z,2018-05-30T14:21:01Z,public,Illumina HiSeq 2500,5590sTS.Opossum.Heart.10dpb.Female_s,SINGLE,PolyA,TRANSCRIPTOMIC,heart,Monodelphis domestica,ILLUMINA,2019-02-19T00:00:00Z,2022-07-15T21:49:00Z,2,SAMEA4699374,E-MTAB-6833:5590sTS.Opossum.Heart.10dpb.Female,Monodelphis domestica,female,ERP109071,E-MTAB-6833:5590sTS.Opossum.Heart.10dpb.Female
ERR2603670,10,RNA-Seq,101,4236315114,PRJEB27035,SAMEA4699375,ArrayExpress,1612345214,Lausanne Genomics Technology Facility,gray short-tailed opossum,public,"fastq,run.zq,sra","ena,gs,ncbi,s3","ena,gs.us-east1,ncbi.public,s3.us-east-1",postnatal,2019-02-18,2018-12-31T17:02:27Z,2018-11-16,2018-05-30T14:21:01Z,ERX2620326,postnatal day 10,hindbrain,SAMEA4699375,wild type genotype,University of Heidelberg,2018-12-31T17:02:27Z,2018-05-30T14:21:01Z,public,Illumina HiSeq 2500,4810sTS.Opossum.Cerebellum.10dpb.Male_s,SINGLE,PolyA,TRANSCRIPTOMIC,hindbrain,Monodelphis domestica,ILLUMINA,2019-02-19T00:00:00Z,2022-07-26T06:11:00Z,2,SAMEA4699375,E-MTAB-6833:4810sTS.Opossum.Cerebellum.10dpb.Male,Monodelphis domestica,male,ERP109071,E-MTAB-6833:4810sTS.Opossum.Cerebellum.10dpb.Male
ERR2603671,10,RNA-Seq,101,3184917335,PRJEB27035,SAMEA4699376,ArrayExpress,1157271334,Lausanne Genomics Technology Facility,gray short-tailed opossum,public,"fastq,run.zq,sra","ena,gs,ncbi,s3","ena,gs.us-east1,ncbi.public,s3.us-east-1",postnatal,2019-02-18,2018-12-31T17:02:27Z,2018-11-16,2018-05-30T14:21:01Z,ERX2620327,postnatal day 10,hindbrain,SAMEA4699376,wild type genotype,University of Heidelberg,2018-12-31T17:02:27Z,2018-05-30T14:21:01Z,public,Illumina HiSeq 2500,4812sTS.Opossum.Cerebellum.10dpb.Female_s,SINGLE,PolyA,TRANSCRIPTOMIC,hindbrain,Monodelphis domestica,ILLUMINA,2019-02-19T00:00:00Z,2022-07-26T06:08:00Z,2,SAMEA4699376,E-MTAB-6833:4812sTS.Opossum.Cerebellum.10dpb.Female,Monodelphis domestica,female,ERP109071,E-MTAB-6833:4812sTS.Opossum.Cerebellum.10dpb.Female
ERR2603672,10,RNA-Seq,101,1652449890,PRJEB27035,SAMEA4699377,ArrayExpress,621103145,Lausanne Genomics Technology Facility,gray short-tailed opossum,public,"fastq,run.zq,sra","ena,gs,ncbi,s3","ena,gs.us-east1,ncbi.public,s3.us-east-1",postnatal,2019-02-18,2018-12-31T17:02:27Z,2018-11-16,2018-05-30T14:21:01Z,ERX2620328,postnatal day 10,hindbrain,SAMEA4699377,wild type genotype,University of Heidelberg,2018-12-31T17:02:27Z,2018-05-30T14:21:01Z,public,Illumina HiSeq 2500,5588sTS.Opossum.Cerebellum.10dpb.Female_s,SINGLE,PolyA,TRANSCRIPTOMIC,hindbrain,Monodelphis domestica,ILLUMINA,2019-02-19T00:00:00Z,2022-07-19T01:00:00Z,2,SAMEA4699377,E-MTAB-6833:5588sTS.Opossum.Cerebellum.10dpb.Female,Monodelphis domestica,female,ERP109071,E-MTAB-6833:5588sTS.Opossum.Cerebellum.10dpb.Female
ERR2603673,10,RNA-Seq,101,2596857965,PRJEB27035,SAMEA4699378,ArrayExpress,964364449,Lausanne Genomics Technology Facility,gray short-tailed opossum,public,"fastq,run.zq,sra","ena,gs,ncbi,s3","ena,gs.us-east1,ncbi.public,s3.us-east-1",postnatal,2019-02-18,2018-12-31T17:02:27Z,2018-11-16,2018-05-30T14:21:01Z,ERX2620329,postnatal day 10,kidney,SAMEA4699378,wild type genotype,University of Heidelberg,2018-12-31T17:02:27Z,2018-05-30T14:21:01Z,public,Illumina HiSeq 2500,5043sTS.Opossum.Kidney.10dpb.Male_s,SINGLE,PolyA,TRANSCRIPTOMIC,kidney,Monodelphis domestica,ILLUMINA,2019-02-19T00:00:00Z,2022-07-26T06:07:00Z,2,SAMEA4699378,E-MTAB-6833:5043sTS.Opossum.Kidney.10dpb.Male,Monodelphis domestica,male,ERP109071,E-MTAB-6833:5043sTS.Opossum.Kidney.10dpb.Male
ERR2603674,10,RNA-Seq,101,2675423643,PRJEB27035,SAMEA4699379,ArrayExpress,1038923429,Lausanne Genomics Technology Facility,gray short-tailed opossum,public,"fastq,run.zq,sra","ena,gs,ncbi,s3","ena,gs.us-east1,ncbi.public,s3.us-east-1",postnatal,2019-02-18,2018-12-31T17:02:27Z,2018-11-16,2018-05-30T14:21:01Z,ERX2620330,postnatal day 10,kidney,SAMEA4699379,wild type genotype,University of Heidelberg,2018-12-31T17:02:27Z,2018-05-30T14:21:01Z,public,Illumina HiSeq 2500,5046sTS.Opossum.Kidney.10dpb.Male_s,SINGLE,PolyA,TRANSCRIPTOMIC,kidney,Monodelphis domestica,ILLUMINA,2019-02-19T00:00:00Z,2021-10-24T07:34:00Z,2,SAMEA4699379,E-MTAB-6833:5046sTS.Opossum.Kidney.10dpb.Male,Monodelphis domestica,male,ERP109071,E-MTAB-6833:5046sTS.Opossum.Kidney.10dpb.Male
ERR2603675,10,RNA-Seq,101,3029039490,PRJEB27035,SAMEA4699380,ArrayExpress,1129587171,Lausanne Genomics Technology Facility,gray short-tailed opossum,public,"fastq,run.zq,sra","ena,gs,ncbi,s3","ena,gs.us-east1,ncbi.public,s3.us-east-1",postnatal,2019-02-18,2018-12-31T17:02:27Z,2018-11-16,2018-05-30T14:21:01Z,ERX2620331,postnatal day 10,kidney,SAMEA4699380,wild type genotype,University of Heidelberg,2018-12-31T17:02:27Z,2018-05-30T14:21:01Z,public,Illumina HiSeq 2500,5049sTS.Opossum.Kidney.10dpb.Female_s,SINGLE,PolyA,TRANSCRIPTOMIC,kidney,Monodelphis domestica,ILLUMINA,2019-02-19T00:00:00Z,2022-07-18T16:22:00Z,2,SAMEA4699380,E-MTAB-6833:5049sTS.Opossum.Kidney.10dpb.Female,Monodelphis domestica,female,ERP109071,E-MTAB-6833:5049sTS.Opossum.Kidney.10dpb.Female
ERR2603676,10,RNA-Seq,101,1831009002,PRJEB27035,SAMEA4699381,ArrayExpress,685201555,Lausanne Genomics Technology Facility,gray short-tailed opossum,public,"fastq,run.zq,sra","ena,gs,ncbi,s3","ena,gs.us-east1,ncbi.public,s3.us-east-1",postnatal,2019-02-18,2018-12-31T17:02:27Z,2018-11-16,2018-05-30T14:21:01Z,ERX2620332,postnatal day 10,kidney,SAMEA4699381,wild type genotype,University of Heidelberg,2018-12-31T17:02:27Z,2018-05-30T14:21:01Z,public,Illumina HiSeq 2500,5591sTS.Opossum.Kidney.10dpb.Female_s,SINGLE,PolyA,TRANSCRIPTOMIC,kidney,Monodelphis domestica,ILLUMINA,2019-02-19T00:00:00Z,2022-07-26T06:06:00Z,2,SAMEA4699381,E-MTAB-6833:5591sTS.Opossum.Kidney.10dpb.Female,Monodelphis domestica,female,ERP109071,E-MTAB-6833:5591sTS.Opossum.Kidney.10dpb.Female
ERR2603677,10,RNA-Seq,101,3356292216,PRJEB27035,SAMEA4699382,ArrayExpress,1242207095,Lausanne Genomics Technology Facility,gray short-tailed opossum,public,"fastq,run.zq,sra","ena,gs,ncbi,s3","ena,gs.us-east1,ncbi.public,s3.us-east-1",postnatal,2019-02-18,2018-12-31T17:02:27Z,2018-11-16,2018-05-30T14:21:01Z,ERX2620333,postnatal day 10,liver,SAMEA4699382,wild type genotype,University of Heidelberg,2018-12-31T17:02:27Z,2018-05-30T14:21:01Z,public,Illumina HiSeq 2500,5044sTS.Opossum.Liver.10dpb.Male_s,SINGLE,PolyA,TRANSCRIPTOMIC,liver,Monodelphis domestica,ILLUMINA,2019-02-19T00:00:00Z,2022-07-26T06:09:00Z,2,SAMEA4699382,E-MTAB-6833:5044sTS.Opossum.Liver.10dpb.Male,Monodelphis domestica,male,ERP109071,E-MTAB-6833:5044sTS.Opossum.Liver.10dpb.Male
ERR2603678,10,RNA-Seq,101,3310529823,PRJEB27035,SAMEA4699383,ArrayExpress,1278148034,Lausanne Genomics Technology Facility,gray short-tailed opossum,public,"fastq,run.zq,sra","ena,gs,ncbi,s3","ena,gs.us-east1,ncbi.public,s3.us-east-1",postnatal,2019-02-18,2018-12-31T17:02:27Z,2018-11-16,2018-05-30T14:21:01Z,ERX2620334,postnatal day 10,liver,SAMEA4699383,wild type genotype,University of Heidelberg,2018-12-31T17:02:27Z,2018-05-30T14:21:01Z,public,Illumina HiSeq 2500,5047sTS.Opossum.Liver.10dpb.Male_s,SINGLE,PolyA,TRANSCRIPTOMIC,liver,Monodelphis domestica,ILLUMINA,2019-02-19T00:00:00Z,2022-07-13T12:23:00Z,2,SAMEA4699383,E-MTAB-6833:5047sTS.Opossum.Liver.10dpb.Male,Monodelphis domestica,male,ERP109071,E-MTAB-6833:5047sTS.Opossum.Liver.10dpb.Male
ERR2603679,10,RNA-Seq,101,3462459578,PRJEB27035,SAMEA4699384,ArrayExpress,1294508822,Lausanne Genomics Technology Facility,gray short-tailed opossum,public,"fastq,run.zq,sra","ena,gs,ncbi,s3","ena,gs.us-east1,ncbi.public,s3.us-east-1",postnatal,2019-02-18,2018-12-31T17:02:27Z,2018-11-16,2018-05-30T14:21:01Z,ERX2620335,postnatal day 10,liver,SAMEA4699384,wild type genotype,University of Heidelberg,2018-12-31T17:02:27Z,2018-05-30T14:21:01Z,public,Illumina HiSeq 2500,5050sTS.Opossum.Liver.10dpb.Female_s,SINGLE,PolyA,TRANSCRIPTOMIC,liver,Monodelphis domestica,ILLUMINA,2019-02-19T00:00:00Z,2022-07-22T13:52:00Z,2,SAMEA4699384,E-MTAB-6833:5050sTS.Opossum.Liver.10dpb.Female,Monodelphis domestica,female,ERP109071,E-MTAB-6833:5050sTS.Opossum.Liver.10dpb.Female
ERR2603680,10,RNA-Seq,101,6858732745,PRJEB27035,SAMEA4699385,ArrayExpress,2497025143,Lausanne Genomics Technology Facility,gray short-tailed opossum,public,"fastq,run.zq,sra","ena,gs,ncbi,s3","ena,gs.us-east1,ncbi.public,s3.us-east-1",postnatal,2019-02-18,2018-12-31T17:02:27Z,2018-11-16,2018-05-30T14:21:01Z,ERX2620336,postnatal day 10,liver,SAMEA4699385,wild type genotype,University of Heidelberg,2018-12-31T17:02:27Z,2018-05-30T14:21:01Z,public,Illumina HiSeq 2500,5589sTS.Opossum.Liver.10dpb.Female_s,SINGLE,PolyA,TRANSCRIPTOMIC,liver,Monodelphis domestica,ILLUMINA,2019-02-19T00:00:00Z,2022-07-13T22:52:00Z,2,SAMEA4699385,E-MTAB-6833:5589sTS.Opossum.Liver.10dpb.Female,Monodelphis domestica,female,ERP109071,E-MTAB-6833:5589sTS.Opossum.Liver.10dpb.Female
ERR2603681,10,RNA-Seq,101,3871315860,PRJEB27035,SAMEA4699386,ArrayExpress,1482215459,Lausanne Genomics Technology Facility,gray short-tailed opossum,public,"fastq,run.zq,sra","ena,gs,ncbi,s3","ena,gs.us-east1,ncbi.public,s3.us-east-1",postnatal,2019-02-18,2018-12-31T17:02:27Z,2018-11-16,2018-05-30T14:21:01Z,ERX2620337,postnatal day 10,ovary,SAMEA4699386,wild type genotype,University of Heidelberg,2018-12-31T17:02:27Z,2018-05-30T14:21:01Z,public,Illumina HiSeq 2500,5324sTS.Opossum.Ovary.10dpb.Female_s,SINGLE,PolyA,TRANSCRIPTOMIC,ovary,Monodelphis domestica,ILLUMINA,2019-02-19T00:00:00Z,2022-07-26T06:10:00Z,2,SAMEA4699386,E-MTAB-6833:5324sTS.Opossum.Ovary.10dpb.Female,Monodelphis domestica,female,ERP109071,E-MTAB-6833:5324sTS.Opossum.Ovary.10dpb.Female
ERR2603682,10,RNA-Seq,101,2592785948,PRJEB27035,SAMEA4699387,ArrayExpress,1001336159,Lausanne Genomics Technology Facility,gray short-tailed opossum,public,"fastq,run.zq,sra","ena,gs,ncbi,s3","ena,gs.us-east1,ncbi.public,s3.us-east-1",postnatal,2019-02-18,2018-12-31T17:02:27Z,2018-11-16,2018-05-30T14:21:01Z,ERX2620338,postnatal day 10,ovary,SAMEA4699387,wild type genotype,University of Heidelberg,2018-12-31T17:02:27Z,2018-05-30T14:21:01Z,public,Illumina HiSeq 2500,5592sTS.Opossum.Ovary.10dpb.Female_s,SINGLE,PolyA,TRANSCRIPTOMIC,ovary,Monodelphis domestica,ILLUMINA,2019-02-19T00:00:00Z,2021-10-24T07:33:00Z,2,SAMEA4699387,E-MTAB-6833:5592sTS.Opossum.Ovary.10dpb.Female,Monodelphis domestica,female,ERP109071,E-MTAB-6833:5592sTS.Opossum.Ovary.10dpb.Female
ERR2603683,10,RNA-Seq,101,4397033283,PRJEB27035,SAMEA4699388,ArrayExpress,1686056459,Lausanne Genomics Technology Facility,gray short-tailed opossum,public,"fastq,run.zq,sra","ena,gs,ncbi,s3","ena,gs.us-east1,ncbi.public,s3.us-east-1",postnatal,2019-02-18,2018-12-31T17:02:27Z,2018-11-16,2018-05-30T14:21:01Z,ERX2620339,postnatal day 10,testis,SAMEA4699388,wild type genotype,University of Heidelberg,2018-12-31T17:02:27Z,2018-05-30T14:21:01Z,public,Illumina HiSeq 2500,5332sTS.Opossum.Testis.10dpb.Male_s,SINGLE,PolyA,TRANSCRIPTOMIC,testis,Monodelphis domestica,ILLUMINA,2019-02-19T00:00:00Z,2022-07-13T12:39:00Z,2,SAMEA4699388,E-MTAB-6833:5332sTS.Opossum.Testis.10dpb.Male,Monodelphis domestica,male,ERP109071,E-MTAB-6833:5332sTS.Opossum.Testis.10dpb.Male
ERR2603684,10,RNA-Seq,101,2726908696,PRJEB27035,SAMEA4699389,ArrayExpress,1078230717,Lausanne Genomics Technology Facility,gray short-tailed opossum,public,"fastq,run.zq,sra","ena,gs,ncbi,s3","ena,gs.us-east1,ncbi.public,s3.us-east-1",postnatal,2019-02-18,2018-12-31T17:02:27Z,2018-11-16,2018-05-30T14:21:01Z,ERX2620340,postnatal day 10,testis,SAMEA4699389,wild type genotype,University of Heidelberg,2018-12-31T17:02:27Z,2018-05-30T14:21:01Z,public,Illumina HiSeq 2500,5601sTS.Opossum.Testis.10dpb.Male_s,SINGLE,PolyA,TRANSCRIPTOMIC,testis,Monodelphis domestica,ILLUMINA,2019-02-19T00:00:00Z,2022-07-13T19:14:00Z,2,SAMEA4699389,E-MTAB-6833:5601sTS.Opossum.Testis.10dpb.Male,Monodelphis domestica,male,ERP109071,E-MTAB-6833:5601sTS.Opossum.Testis.10dpb.Male
ERR2603685,120,RNA-Seq,101,2953465735,PRJEB27035,SAMEA4699390,ArrayExpress,1152152209,Lausanne Genomics Technology Facility,gray short-tailed opossum,public,"fastq,run.zq,sra","ena,gs,ncbi,s3","ena,gs.us-east1,ncbi.public,s3.us-east-1",postnatal,2019-02-18,2018-12-31T17:02:27Z,2018-11-16,2018-05-30T14:21:01Z,ERX2620341,postnatal day 120,forebrain,SAMEA4699390,wild type genotype,University of Heidelberg,2018-12-31T17:02:27Z,2018-05-30T14:21:01Z,public,Illumina HiSeq 2500,4599sTS.Opossum.Brain.120dpb.Male_s,SINGLE,PolyA,TRANSCRIPTOMIC,forebrain,Monodelphis domestica,ILLUMINA,2019-02-19T00:00:00Z,2022-07-23T01:59:00Z,2,SAMEA4699390,E-MTAB-6833:4599sTS.Opossum.Brain.120dpb.Male,Monodelphis domestica,male,ERP109071,E-MTAB-6833:4599sTS.Opossum.Brain.120dpb.Male
ERR2603686,120,RNA-Seq,101,3011054319,PRJEB27035,SAMEA4699391,ArrayExpress,1125973987,Lausanne Genomics Technology Facility,gray short-tailed opossum,public,"fastq,run.zq,sra","ena,gs,ncbi,s3","ena,gs.us-east1,ncbi.public,s3.us-east-1",postnatal,2019-02-18,2018-12-31T17:02:27Z,2018-11-16,2018-05-30T14:21:01Z,ERX2620342,postnatal day 120,forebrain,SAMEA4699391,wild type genotype,University of Heidelberg,2018-12-31T17:02:27Z,2018-05-30T14:21:01Z,public,Illumina HiSeq 2500,4624sTS.Opossum.Brain.120dpb.Female_s,SINGLE,PolyA,TRANSCRIPTOMIC,forebrain,Monodelphis domestica,ILLUMINA,2019-02-19T00:00:00Z,2022-07-14T06:48:00Z,2,SAMEA4699391,E-MTAB-6833:4624sTS.Opossum.Brain.120dpb.Female,Monodelphis domestica,female,ERP109071,E-MTAB-6833:4624sTS.Opossum.Brain.120dpb.Female
ERR2603687,120,RNA-Seq,101,2868732189,PRJEB27035,SAMEA4699392,ArrayExpress,1068545362,Lausanne Genomics Technology Facility,gray short-tailed opossum,public,"fastq,run.zq,sra","ena,gs,ncbi,s3","ena,gs.us-east1,ncbi.public,s3.us-east-1",postnatal,2019-02-18,2018-12-31T17:02:27Z,2018-11-16,2018-05-30T14:21:01Z,ERX2620343,postnatal day 120,forebrain,SAMEA4699392,wild type genotype,University of Heidelberg,2018-12-31T17:02:27Z,2018-05-30T14:21:01Z,public,Illumina HiSeq 2500,5852sTS.Opossum.Brain.120dpb.Female_s,SINGLE,PolyA,TRANSCRIPTOMIC,forebrain,Monodelphis domestica,ILLUMINA,2019-02-19T00:00:00Z,2021-10-24T07:33:00Z,2,SAMEA4699392,E-MTAB-6833:5852sTS.Opossum.Brain.120dpb.Female,Monodelphis domestica,female,ERP109071,E-MTAB-6833:5852sTS.Opossum.Brain.120dpb.Female
ERR2603688,120,RNA-Seq,101,4558581268,PRJEB27035,SAMEA4699393,ArrayExpress,1742615170,Lausanne Genomics Technology Facility,gray short-tailed opossum,public,"fastq,run.zq,sra","ena,gs,ncbi,s3","ena,gs.us-east1,ncbi.public,s3.us-east-1",postnatal,2019-02-18,2018-12-31T17:02:27Z,2018-11-16,2018-05-30T14:21:01Z,ERX2620344,postnatal day 120,heart,SAMEA4699393,wild type genotype,University of Heidelberg,2018-12-31T17:02:27Z,2018-05-30T14:21:01Z,public,Illumina HiSeq 2500,4468sTS.Opossum.Heart.120dpb.Female_s,SINGLE,PolyA,TRANSCRIPTOMIC,heart,Monodelphis domestica,ILLUMINA,2019-02-19T00:00:00Z,2022-07-26T06:10:00Z,2,SAMEA4699393,E-MTAB-6833:4468sTS.Opossum.Heart.120dpb.Female,Monodelphis domestica,female,ERP109071,E-MTAB-6833:4468sTS.Opossum.Heart.120dpb.Female
ERR2603689,120,RNA-Seq,101,4579424739,PRJEB27035,SAMEA4699394,ArrayExpress,1638128470,Lausanne Genomics Technology Facility,gray short-tailed opossum,public,"fastq,run.zq,sra","ena,gs,ncbi,s3","ena,gs.us-east1,ncbi.public,s3.us-east-1",postnatal,2019-02-18,2018-12-31T17:02:27Z,2018-11-16,2018-05-30T14:21:01Z,ERX2620345,postnatal day 120,heart,SAMEA4699394,wild type genotype,University of Heidelberg,2018-12-31T17:02:27Z,2018-05-30T14:21:01Z,public,Illumina HiSeq 2500,4634sTS.Opossum.Heart.120dpb.Male_s,SINGLE,PolyA,TRANSCRIPTOMIC,heart,Monodelphis domestica,ILLUMINA,2019-02-19T00:00:00Z,2022-07-15T21:47:00Z,2,SAMEA4699394,E-MTAB-6833:4634sTS.Opossum.Heart.120dpb.Male,Monodelphis domestica,male,ERP109071,E-MTAB-6833:4634sTS.Opossum.Heart.120dpb.Male
ERR2603690,120,RNA-Seq,101,8045556273,PRJEB27035,SAMEA4699395,ArrayExpress,2827400216,Lausanne Genomics Technology Facility,gray short-tailed opossum,public,"fastq,run.zq,sra","ena,gs,ncbi,s3","ena,gs.us-east1,ncbi.public,s3.us-east-1",postnatal,2019-02-18,2018-12-31T17:02:27Z,2018-11-16,2018-05-30T14:21:01Z,ERX2620346,postnatal day 120,heart,SAMEA4699395,wild type genotype,University of Heidelberg,2018-12-31T17:02:27Z,2018-05-30T14:21:01Z,public,Illumina HiSeq 2500,5855sTS.Opossum.Heart.120dpb.Female_s,SINGLE,PolyA,TRANSCRIPTOMIC,heart,Monodelphis domestica,ILLUMINA,2019-02-19T00:00:00Z,2022-07-26T06:20:00Z,2,SAMEA4699395,E-MTAB-6833:5855sTS.Opossum.Heart.120dpb.Female,Monodelphis domestica,female,ERP109071,E-MTAB-6833:5855sTS.Opossum.Heart.120dpb.Female
ERR2603691,120,RNA-Seq,101,3970837018,PRJEB27035,SAMEA4699396,ArrayExpress,1476783329,Lausanne Genomics Technology Facility,gray short-tailed opossum,public,"fastq,run.zq,sra","ena,gs,ncbi,s3","ena,gs.us-east1,ncbi.public,s3.us-east-1",postnatal,2019-02-18,2018-12-31T17:02:27Z,2018-11-16,2018-05-30T14:21:01Z,ERX2620347,postnatal day 120,hindbrain,SAMEA4699396,wild type genotype,University of Heidelberg,2018-12-31T17:02:27Z,2018-05-30T14:21:01Z,public,Illumina HiSeq 2500,4626sTS.Opossum.Cerebellum.120dpb.Female_s,SINGLE,PolyA,TRANSCRIPTOMIC,hindbrain,Monodelphis domestica,ILLUMINA,2019-02-19T00:00:00Z,2021-10-24T07:42:00Z,2,SAMEA4699396,E-MTAB-6833:4626sTS.Opossum.Cerebellum.120dpb.Female,Monodelphis domestica,female,ERP109071,E-MTAB-6833:4626sTS.Opossum.Cerebellum.120dpb.Female
ERR2603692,120,RNA-Seq,101,2895009561,PRJEB27035,SAMEA4699397,ArrayExpress,1086160949,Lausanne Genomics Technology Facility,gray short-tailed opossum,public,"fastq,run.zq,sra","ena,gs,ncbi,s3","ena,gs.us-east1,ncbi.public,s3.us-east-1",postnatal,2019-02-18,2018-12-31T17:02:27Z,2018-11-16,2018-05-30T14:21:01Z,ERX2620348,postnatal day 120,hindbrain,SAMEA4699397,wild type genotype,University of Heidelberg,2018-12-31T17:02:27Z,2018-05-30T14:21:01Z,public,Illumina HiSeq 2500,4628sTS.Opossum.Cerebellum.120dpb.Male_s,SINGLE,PolyA,TRANSCRIPTOMIC,hindbrain,Monodelphis domestica,ILLUMINA,2019-02-19T00:00:00Z,2022-07-26T06:11:00Z,2,SAMEA4699397,E-MTAB-6833:4628sTS.Opossum.Cerebellum.120dpb.Male,Monodelphis domestica,male,ERP109071,E-MTAB-6833:4628sTS.Opossum.Cerebellum.120dpb.Male
ERR2603693,120,RNA-Seq,101,4997704422,PRJEB27035,SAMEA4699398,ArrayExpress,1857925000,Lausanne Genomics Technology Facility,gray short-tailed opossum,public,"fastq,run.zq,sra","ena,gs,ncbi,s3","ena,gs.us-east1,ncbi.public,s3.us-east-1",postnatal,2019-02-18,2018-12-31T17:02:27Z,2018-11-16,2018-05-30T14:21:01Z,ERX2620349,postnatal day 120,hindbrain,SAMEA4699398,wild type genotype,University of Heidelberg,2018-12-31T17:02:27Z,2018-05-30T14:21:01Z,public,Illumina HiSeq 2500,5857sTS.Opossum.Cerebellum.120dpb.Female_s,SINGLE,PolyA,TRANSCRIPTOMIC,hindbrain,Monodelphis domestica,ILLUMINA,2019-02-19T00:00:00Z,2022-07-26T06:16:00Z,2,SAMEA4699398,E-MTAB-6833:5857sTS.Opossum.Cerebellum.120dpb.Female,Monodelphis domestica,female,ERP109071,E-MTAB-6833:5857sTS.Opossum.Cerebellum.120dpb.Female
ERR2603694,120,RNA-Seq,101,2145682885,PRJEB27035,SAMEA4699399,ArrayExpress,853049553,Lausanne Genomics Technology Facility,gray short-tailed opossum,public,"fastq,run.zq,sra","ena,gs,ncbi,s3","ena,gs.us-east1,ncbi.public,s3.us-east-1",postnatal,2019-02-18,2018-12-31T17:02:27Z,2018-11-16,2018-05-30T14:21:01Z,ERX2620350,postnatal day 120,kidney,SAMEA4699399,wild type genotype,University of Heidelberg,2018-12-31T17:02:27Z,2018-05-30T14:21:01Z,public,Illumina HiSeq 2500,4600sTS.Opossum.Kidney.120dpb.Male_s,SINGLE,PolyA,TRANSCRIPTOMIC,kidney,Monodelphis domestica,ILLUMINA,2019-02-19T00:00:00Z,2022-07-15T17:02:00Z,2,SAMEA4699399,E-MTAB-6833:4600sTS.Opossum.Kidney.120dpb.Male,Monodelphis domestica,male,ERP109071,E-MTAB-6833:4600sTS.Opossum.Kidney.120dpb.Male
ERR2603695,120,RNA-Seq,101,3280503937,PRJEB27035,SAMEA4699400,ArrayExpress,1223794183,Lausanne Genomics Technology Facility,gray short-tailed opossum,public,"fastq,run.zq,sra","ena,gs,ncbi,s3","ena,gs.us-east1,ncbi.public,s3.us-east-1",postnatal,2019-02-18,2018-12-31T17:02:27Z,2018-11-16,2018-05-30T14:21:01Z,ERX2620351,postnatal day 120,kidney,SAMEA4699400,wild type genotype,University of Heidelberg,2018-12-31T17:02:27Z,2018-05-30T14:21:01Z,public,Illumina HiSeq 2500,4710sTS.Opossum.Kidney.120dpb.Female_s,SINGLE,PolyA,TRANSCRIPTOMIC,kidney,Monodelphis domestica,ILLUMINA,2019-02-19T00:00:00Z,2022-07-12T16:25:00Z,2,SAMEA4699400,E-MTAB-6833:4710sTS.Opossum.Kidney.120dpb.Female,Monodelphis domestica,female,ERP109071,E-MTAB-6833:4710sTS.Opossum.Kidney.120dpb.Female
ERR2603696,120,RNA-Seq,101,2225116456,PRJEB27035,SAMEA4699401,ArrayExpress,865048109,Lausanne Genomics Technology Facility,gray short-tailed opossum,public,"fastq,run.zq,sra","ena,gs,ncbi,s3","ena,gs.us-east1,ncbi.public,s3.us-east-1",postnatal,2019-02-18,2018-12-31T17:02:27Z,2018-11-16,2018-05-30T14:21:02Z,ERX2620352,postnatal day 120,liver,SAMEA4699401,wild type genotype,University of Heidelberg,2018-12-31T17:02:27Z,2018-05-30T14:21:02Z,public,Illumina HiSeq 2500,4469sTS.Opossum.Liver.120dpb.Female_s,SINGLE,PolyA,TRANSCRIPTOMIC,liver,Monodelphis domestica,ILLUMINA,2019-02-19T00:00:00Z,2021-10-24T07:33:00Z,2,SAMEA4699401,E-MTAB-6833:4469sTS.Opossum.Liver.120dpb.Female,Monodelphis domestica,female,ERP109071,E-MTAB-6833:4469sTS.Opossum.Liver.120dpb.Female
ERR2603697,120,RNA-Seq,101,3687462227,PRJEB27035,SAMEA4699402,ArrayExpress,1470689367,Lausanne Genomics Technology Facility,gray short-tailed opossum,public,"fastq,run.zq,sra","ena,gs,ncbi,s3","ena,gs.us-east1,ncbi.public,s3.us-east-1",postnatal,2019-02-18,2018-12-31T17:02:27Z,2018-11-16,2018-05-30T14:21:02Z,ERX2620353,postnatal day 120,liver,SAMEA4699402,wild type genotype,University of Heidelberg,2018-12-31T17:02:27Z,2018-05-30T14:21:02Z,public,Illumina HiSeq 2500,4601sTS.Opossum.Liver.120dpb.Male_s,SINGLE,PolyA,TRANSCRIPTOMIC,liver,Monodelphis domestica,ILLUMINA,2019-02-19T00:00:00Z,2021-10-24T07:36:00Z,2,SAMEA4699402,E-MTAB-6833:4601sTS.Opossum.Liver.120dpb.Male,Monodelphis domestica,male,ERP109071,E-MTAB-6833:4601sTS.Opossum.Liver.120dpb.Male
ERR2603698,120,RNA-Seq,101,11217119691,PRJEB27035,SAMEA4699403,ArrayExpress,4345121240,Lausanne Genomics Technology Facility,gray short-tailed opossum,public,"fastq,run.zq,sra","ena,gs,ncbi,s3","ena,gs.us-east1,ncbi.public,s3.us-east-1",postnatal,2019-02-18,2018-12-31T17:02:27Z,2018-11-16,2018-05-30T14:21:02Z,ERX2620354,postnatal day 120,liver,SAMEA4699403,wild type genotype,University of Heidelberg,2018-12-31T17:02:27Z,2018-05-30T14:21:02Z,public,Illumina HiSeq 2500,5856sTS.Opossum.Liver.120dpb.Female_s,SINGLE,PolyA,TRANSCRIPTOMIC,liver,Monodelphis domestica,ILLUMINA,2019-02-19T00:00:00Z,2022-07-26T06:39:00Z,2,SAMEA4699403,E-MTAB-6833:5856sTS.Opossum.Liver.120dpb.Female,Monodelphis domestica,female,ERP109071,E-MTAB-6833:5856sTS.Opossum.Liver.120dpb.Female
ERR2603699,120,RNA-Seq,101,2806842621,PRJEB27035,SAMEA4699404,ArrayExpress,1094139716,Lausanne Genomics Technology Facility,gray short-tailed opossum,public,"fastq,run.zq,sra","ena,gs,ncbi,s3","ena,gs.us-east1,ncbi.public,s3.us-east-1",postnatal,2019-02-18,2018-12-31T17:02:27Z,2018-11-16,2018-05-30T14:21:02Z,ERX2620355,postnatal day 120,ovary,SAMEA4699404,wild type genotype,University of Heidelberg,2018-12-31T17:02:27Z,2018-05-30T14:21:02Z,public,Illumina HiSeq 2500,4471sTS.Opossum.Ovary.120dpb.Female_s,SINGLE,PolyA,TRANSCRIPTOMIC,ovary,Monodelphis domestica,ILLUMINA,2019-02-19T00:00:00Z,2022-07-13T12:22:00Z,2,SAMEA4699404,E-MTAB-6833:4471sTS.Opossum.Ovary.120dpb.Female,Monodelphis domestica,female,ERP109071,E-MTAB-6833:4471sTS.Opossum.Ovary.120dpb.Female
ERR2603700,120,RNA-Seq,101,2674490100,PRJEB27035,SAMEA4699405,ArrayExpress,963079738,Lausanne Genomics Technology Facility,gray short-tailed opossum,public,"fastq,run.zq,sra","ena,gs,ncbi,s3","ena,gs.us-east1,ncbi.public,s3.us-east-1",postnatal,2019-02-18,2018-12-31T17:02:27Z,2018-11-16,2018-05-30T14:21:02Z,ERX2620356,postnatal day 120,ovary,SAMEA4699405,wild type genotype,University of Heidelberg,2018-12-31T17:02:27Z,2018-05-30T14:21:02Z,public,Illumina HiSeq 2500,5853sTS.Opossum.Ovary.120dpb.Female_s,SINGLE,PolyA,TRANSCRIPTOMIC,ovary,Monodelphis domestica,ILLUMINA,2019-02-19T00:00:00Z,2022-07-17T12:01:00Z,2,SAMEA4699405,E-MTAB-6833:5853sTS.Opossum.Ovary.120dpb.Female,Monodelphis domestica,female,ERP109071,E-MTAB-6833:5853sTS.Opossum.Ovary.120dpb.Female
ERR2603701,120,RNA-Seq,101,6121717464,PRJEB27035,SAMEA4699406,ArrayExpress,2269317097,Lausanne Genomics Technology Facility,gray short-tailed opossum,public,"fastq,run.zq,sra","ena,gs,ncbi,s3","ena,gs.us-east1,ncbi.public,s3.us-east-1",postnatal,2019-02-18,2018-12-31T17:02:27Z,2018-11-16,2018-05-30T14:21:02Z,ERX2620357,postnatal day 120,testis,SAMEA4699406,wild type genotype,University of Heidelberg,2018-12-31T17:02:27Z,2018-05-30T14:21:02Z,public,Illumina HiSeq 2500,5854sTS.Opossum.Testis.120dpb.Male_s,SINGLE,PolyA,TRANSCRIPTOMIC,testis,Monodelphis domestica,ILLUMINA,2019-02-19T00:00:00Z,2022-07-26T06:20:00Z,2,SAMEA4699406,E-MTAB-6833:5854sTS.Opossum.Testis.120dpb.Male,Monodelphis domestica,male,ERP109071,E-MTAB-6833:5854sTS.Opossum.Testis.120dpb.Male
ERR2603702,14,RNA-Seq,101,4875111127,PRJEB27035,SAMEA4699407,ArrayExpress,1824795022,Lausanne Genomics Technology Facility,gray short-tailed opossum,public,"fastq,run.zq,sra","ena,gs,ncbi,s3","ena,gs.us-east1,ncbi.public,s3.us-east-1",postnatal,2019-02-18,2018-12-31T17:02:27Z,2018-11-16,2018-05-30T14:21:02Z,ERX2620358,postnatal day 14,forebrain,SAMEA4699407,wild type genotype,University of Heidelberg,2018-12-31T17:02:27Z,2018-05-30T14:21:02Z,public,Illumina HiSeq 2500,4698sTS.Opossum.Brain.14dpb.Female_s,SINGLE,PolyA,TRANSCRIPTOMIC,forebrain,Monodelphis domestica,ILLUMINA,2019-02-19T00:00:00Z,2022-07-29T19:02:00Z,2,SAMEA4699407,E-MTAB-6833:4698sTS.Opossum.Brain.14dpb.Female,Monodelphis domestica,female,ERP109071,E-MTAB-6833:4698sTS.Opossum.Brain.14dpb.Female
ERR2603703,14,RNA-Seq,101,5133026242,PRJEB27035,SAMEA4699408,ArrayExpress,2047298969,Lausanne Genomics Technology Facility,gray short-tailed opossum,public,"fastq,run.zq,sra","ena,gs,ncbi,s3","ena,gs.us-east1,ncbi.public,s3.us-east-1",postnatal,2019-02-18,2018-12-31T17:02:27Z,2018-11-16,2018-05-30T14:21:02Z,ERX2620359,postnatal day 14,forebrain,SAMEA4699408,wild type genotype,University of Heidelberg,2018-12-31T17:02:27Z,2018-05-30T14:21:02Z,public,Illumina HiSeq 2500,4702sTS.Opossum.Brain.14dpb.Female_s,SINGLE,PolyA,TRANSCRIPTOMIC,forebrain,Monodelphis domestica,ILLUMINA,2019-02-19T00:00:00Z,2022-07-23T00:58:00Z,2,SAMEA4699408,E-MTAB-6833:4702sTS.Opossum.Brain.14dpb.Female,Monodelphis domestica,female,ERP109071,E-MTAB-6833:4702sTS.Opossum.Brain.14dpb.Female
ERR2603704,14,RNA-Seq,101,4950201294,PRJEB27035,SAMEA4699409,ArrayExpress,1836369085,Lausanne Genomics Technology Facility,gray short-tailed opossum,public,"fastq,run.zq,sra","ena,gs,ncbi,s3","ena,gs.us-east1,ncbi.public,s3.us-east-1",postnatal,2019-02-18,2018-12-31T17:02:27Z,2018-11-16,2018-05-30T14:21:02Z,ERX2620360,postnatal day 14,forebrain,SAMEA4699409,wild type genotype,University of Heidelberg,2018-12-31T17:02:27Z,2018-05-30T14:21:02Z,public,Illumina HiSeq 2500,5876sTS.Opossum.Brain.14dpb.Female_s,SINGLE,PolyA,TRANSCRIPTOMIC,forebrain,Monodelphis domestica,ILLUMINA,2019-02-19T00:00:00Z,2021-10-24T07:44:00Z,2,SAMEA4699409,E-MTAB-6833:5876sTS.Opossum.Brain.14dpb.Female,Monodelphis domestica,female,ERP109071,E-MTAB-6833:5876sTS.Opossum.Brain.14dpb.Female
ERR2603705,14,RNA-Seq,101,3607982499,PRJEB27035,SAMEA4699410,ArrayExpress,1447550506,Lausanne Genomics Technology Facility,gray short-tailed opossum,public,"fastq,run.zq,sra","ena,gs,ncbi,s3","ena,gs.us-east1,ncbi.public,s3.us-east-1",postnatal,2019-02-18,2018-12-31T17:02:27Z,2018-11-16,2018-05-30T14:21:02Z,ERX2620361,postnatal day 14,heart,SAMEA4699410,wild type genotype,University of Heidelberg,2018-12-31T17:02:27Z,2018-05-30T14:21:02Z,public,Illumina HiSeq 2500,4766sTS.Opossum.Heart.14dpb.Female_s,SINGLE,PolyA,TRANSCRIPTOMIC,heart,Monodelphis domestica,ILLUMINA,2019-02-19T00:00:00Z,2022-07-21T22:28:00Z,2,SAMEA4699410,E-MTAB-6833:4766sTS.Opossum.Heart.14dpb.Female,Monodelphis domestica,female,ERP109071,E-MTAB-6833:4766sTS.Opossum.Heart.14dpb.Female
ERR2603706,14,RNA-Seq,101,4680812377,PRJEB27035,SAMEA4699411,ArrayExpress,1885431988,Lausanne Genomics Technology Facility,gray short-tailed opossum,public,"fastq,run.zq,sra","ena,gs,ncbi,s3","ena,gs.us-east1,ncbi.public,s3.us-east-1",postnatal,2019-02-18,2018-12-31T17:02:27Z,2018-11-16,2018-05-30T14:21:02Z,ERX2620362,postnatal day 14,heart,SAMEA4699411,wild type genotype,University of Heidelberg,2018-12-31T17:02:27Z,2018-05-30T14:21:02Z,public,Illumina HiSeq 2500,4769sTS.Opossum.Heart.14dpb.Female_s,SINGLE,PolyA,TRANSCRIPTOMIC,heart,Monodelphis domestica,ILLUMINA,2019-02-19T00:00:00Z,2022-07-12T19:16:00Z,2,SAMEA4699411,E-MTAB-6833:4769sTS.Opossum.Heart.14dpb.Female,Monodelphis domestica,female,ERP109071,E-MTAB-6833:4769sTS.Opossum.Heart.14dpb.Female
ERR2603707,14,RNA-Seq,101,3934065948,PRJEB27035,SAMEA4699412,ArrayExpress,1496890265,Lausanne Genomics Technology Facility,gray short-tailed opossum,public,"fastq,run.zq,sra","ena,gs,ncbi,s3","ena,gs.us-east1,ncbi.public,s3.us-east-1",postnatal,2019-02-18,2018-12-31T17:02:27Z,2018-11-16,2018-05-30T14:21:02Z,ERX2620363,postnatal day 14,heart,SAMEA4699412,wild type genotype,University of Heidelberg,2018-12-31T17:02:27Z,2018-05-30T14:21:02Z,public,Illumina HiSeq 2500,4772sTS.Opossum.Heart.14dpb.Female_s,SINGLE,PolyA,TRANSCRIPTOMIC,heart,Monodelphis domestica,ILLUMINA,2019-02-19T00:00:00Z,2022-07-26T06:09:00Z,2,SAMEA4699412,E-MTAB-6833:4772sTS.Opossum.Heart.14dpb.Female,Monodelphis domestica,female,ERP109071,E-MTAB-6833:4772sTS.Opossum.Heart.14dpb.Female
ERR2603708,14,RNA-Seq,101,3597395578,PRJEB27035,SAMEA4699413,ArrayExpress,1450616923,Lausanne Genomics Technology Facility,gray short-tailed opossum,public,"fastq,run.zq,sra","ena,gs,ncbi,s3","ena,gs.us-east1,ncbi.public,s3.us-east-1",postnatal,2019-02-18,2018-12-31T17:02:27Z,2018-11-16,2018-05-30T14:21:02Z,ERX2620364,postnatal day 14,heart,SAMEA4699413,wild type genotype,University of Heidelberg,2018-12-31T17:02:27Z,2018-05-30T14:21:02Z,public,Illumina HiSeq 2500,4775sTS.Opossum.Heart.14dpb.Male_s,SINGLE,PolyA,TRANSCRIPTOMIC,heart,Monodelphis domestica,ILLUMINA,2019-02-19T00:00:00Z,2022-07-16T06:24:00Z,2,SAMEA4699413,E-MTAB-6833:4775sTS.Opossum.Heart.14dpb.Male,Monodelphis domestica,male,ERP109071,E-MTAB-6833:4775sTS.Opossum.Heart.14dpb.Male
ERR2603709,14,RNA-Seq,101,4976425843,PRJEB27035,SAMEA4699414,ArrayExpress,1988389754,Lausanne Genomics Technology Facility,gray short-tailed opossum,public,"fastq,run.zq,sra","ena,gs,ncbi,s3","ena,gs.us-east1,ncbi.public,s3.us-east-1",postnatal,2019-02-18,2018-12-31T17:02:27Z,2018-11-16,2018-05-30T14:21:02Z,ERX2620365,postnatal day 14,hindbrain,SAMEA4699414,wild type genotype,University of Heidelberg,2018-12-31T17:02:27Z,2018-05-30T14:21:02Z,public,Illumina HiSeq 2500,4699sTS.Opossum.Cerebellum.14dpb.Female_s,SINGLE,PolyA,TRANSCRIPTOMIC,hindbrain,Monodelphis domestica,ILLUMINA,2019-02-19T00:00:00Z,2021-10-24T07:45:00Z,2,SAMEA4699414,E-MTAB-6833:4699sTS.Opossum.Cerebellum.14dpb.Female,Monodelphis domestica,female,ERP109071,E-MTAB-6833:4699sTS.Opossum.Cerebellum.14dpb.Female
ERR2603710,14,RNA-Seq,101,5371012239,PRJEB27035,SAMEA4699415,ArrayExpress,1975829191,Lausanne Genomics Technology Facility,gray short-tailed opossum,public,"fastq,run.zq,sra","ena,gs,ncbi,s3","ena,gs.us-east1,ncbi.public,s3.us-east-1",postnatal,2019-02-18,2018-12-31T17:02:27Z,2018-11-16,2018-05-30T14:21:02Z,ERX2620366,postnatal day 14,hindbrain,SAMEA4699415,wild type genotype,University of Heidelberg,2018-12-31T17:02:27Z,2018-05-30T14:21:02Z,public,Illumina HiSeq 2500,4701sTS.Opossum.Cerebellum.14dpb.Female_s,SINGLE,PolyA,TRANSCRIPTOMIC,hindbrain,Monodelphis domestica,ILLUMINA,2019-02-19T00:00:00Z,2022-07-26T06:14:00Z,2,SAMEA4699415,E-MTAB-6833:4701sTS.Opossum.Cerebellum.14dpb.Female,Monodelphis domestica,female,ERP109071,E-MTAB-6833:4701sTS.Opossum.Cerebellum.14dpb.Female
ERR2603711,14,RNA-Seq,101,4218728287,PRJEB27035,SAMEA4699416,ArrayExpress,1682837130,Lausanne Genomics Technology Facility,gray short-tailed opossum,public,"fastq,run.zq,sra","ena,gs,ncbi,s3","ena,gs.us-east1,ncbi.public,s3.us-east-1",postnatal,2019-02-18,2018-12-31T17:02:27Z,2018-11-16,2018-05-30T14:21:02Z,ERX2620367,postnatal day 14,hindbrain,SAMEA4699416,wild type genotype,University of Heidelberg,2018-12-31T17:02:27Z,2018-05-30T14:21:02Z,public,Illumina HiSeq 2500,4703sTS.Opossum.Cerebellum.14dpb.Female_s,SINGLE,PolyA,TRANSCRIPTOMIC,hindbrain,Monodelphis domestica,ILLUMINA,2019-02-19T00:00:00Z,2022-07-29T21:01:00Z,2,SAMEA4699416,E-MTAB-6833:4703sTS.Opossum.Cerebellum.14dpb.Female,Monodelphis domestica,female,ERP109071,E-MTAB-6833:4703sTS.Opossum.Cerebellum.14dpb.Female
ERR2603712,14,RNA-Seq,101,4601295279,PRJEB27035,SAMEA4699417,ArrayExpress,1834374383,Lausanne Genomics Technology Facility,gray short-tailed opossum,public,"fastq,run.zq,sra","ena,gs,ncbi,s3","ena,gs.us-east1,ncbi.public,s3.us-east-1",postnatal,2019-02-18,2018-12-31T17:02:27Z,2018-11-16,2018-05-30T14:21:02Z,ERX2620368,postnatal day 14,kidney,SAMEA4699417,wild type genotype,University of Heidelberg,2018-12-31T17:02:27Z,2018-05-30T14:21:02Z,public,Illumina HiSeq 2500,4767sTS.Opossum.Kidney.14dpb.Female_s,SINGLE,PolyA,TRANSCRIPTOMIC,kidney,Monodelphis domestica,ILLUMINA,2019-02-19T00:00:00Z,2021-10-24T07:44:00Z,2,SAMEA4699417,E-MTAB-6833:4767sTS.Opossum.Kidney.14dpb.Female,Monodelphis domestica,female,ERP109071,E-MTAB-6833:4767sTS.Opossum.Kidney.14dpb.Female
ERR2603713,14,RNA-Seq,101,3944548031,PRJEB27035,SAMEA4699418,ArrayExpress,1592283025,Lausanne Genomics Technology Facility,gray short-tailed opossum,public,"fastq,run.zq,sra","ena,gs,ncbi,s3","ena,gs.us-east1,ncbi.public,s3.us-east-1",postnatal,2019-02-18,2018-12-31T17:02:27Z,2018-11-16,2018-05-30T14:21:02Z,ERX2620369,postnatal day 14,kidney,SAMEA4699418,wild type genotype,University of Heidelberg,2018-12-31T17:02:27Z,2018-05-30T14:21:02Z,public,Illumina HiSeq 2500,4770sTS.Opossum.Kidney.14dpb.Female_s,SINGLE,PolyA,TRANSCRIPTOMIC,kidney,Monodelphis domestica,ILLUMINA,2019-02-19T00:00:00Z,2021-10-24T07:41:00Z,2,SAMEA4699418,E-MTAB-6833:4770sTS.Opossum.Kidney.14dpb.Female,Monodelphis domestica,female,ERP109071,E-MTAB-6833:4770sTS.Opossum.Kidney.14dpb.Female
ERR2603714,14,RNA-Seq,101,3006992907,PRJEB27035,SAMEA4699419,ArrayExpress,1146151742,Lausanne Genomics Technology Facility,gray short-tailed opossum,public,"fastq,run.zq,sra","ena,gs,ncbi,s3","ena,gs.us-east1,ncbi.public,s3.us-east-1",postnatal,2019-02-18,2018-12-31T17:02:27Z,2018-11-16,2018-05-30T14:21:02Z,ERX2620370,postnatal day 14,kidney,SAMEA4699419,wild type genotype,University of Heidelberg,2018-12-31T17:02:27Z,2018-05-30T14:21:02Z,public,Illumina HiSeq 2500,4773sTS.Opossum.Kidney.14dpb.Female_s,SINGLE,PolyA,TRANSCRIPTOMIC,kidney,Monodelphis domestica,ILLUMINA,2019-02-19T00:00:00Z,2022-07-18T06:41:00Z,2,SAMEA4699419,E-MTAB-6833:4773sTS.Opossum.Kidney.14dpb.Female,Monodelphis domestica,female,ERP109071,E-MTAB-6833:4773sTS.Opossum.Kidney.14dpb.Female
ERR2603715,14,RNA-Seq,101,3047731257,PRJEB27035,SAMEA4699420,ArrayExpress,1182915885,Lausanne Genomics Technology Facility,gray short-tailed opossum,public,"fastq,run.zq,sra","ena,gs,ncbi,s3","ena,gs.us-east1,ncbi.public,s3.us-east-1",postnatal,2019-02-18,2018-12-31T17:02:27Z,2018-11-16,2018-05-30T14:21:02Z,ERX2620371,postnatal day 14,kidney,SAMEA4699420,wild type genotype,University of Heidelberg,2018-12-31T17:02:27Z,2018-05-30T14:21:02Z,public,Illumina HiSeq 2500,4776sTS.Opossum.Kidney.14dpb.Male_s,SINGLE,PolyA,TRANSCRIPTOMIC,kidney,Monodelphis domestica,ILLUMINA,2019-02-19T00:00:00Z,2022-07-19T14:35:00Z,2,SAMEA4699420,E-MTAB-6833:4776sTS.Opossum.Kidney.14dpb.Male,Monodelphis domestica,male,ERP109071,E-MTAB-6833:4776sTS.Opossum.Kidney.14dpb.Male
ERR2603716,14,RNA-Seq,101,3573896312,PRJEB27035,SAMEA4699421,ArrayExpress,1359097758,Lausanne Genomics Technology Facility,gray short-tailed opossum,public,"fastq,run.zq,sra","ena,gs,ncbi,s3","ena,gs.us-east1,ncbi.public,s3.us-east-1",postnatal,2019-02-18,2018-12-31T17:02:27Z,2018-11-16,2018-05-30T14:21:02Z,ERX2620372,postnatal day 14,liver,SAMEA4699421,wild type genotype,University of Heidelberg,2018-12-31T17:02:27Z,2018-05-30T14:21:02Z,public,Illumina HiSeq 2500,4768sTS.Opossum.Liver.14dpb.Female_s,SINGLE,PolyA,TRANSCRIPTOMIC,liver,Monodelphis domestica,ILLUMINA,2019-02-19T00:00:00Z,2022-07-26T06:09:00Z,2,SAMEA4699421,E-MTAB-6833:4768sTS.Opossum.Liver.14dpb.Female,Monodelphis domestica,female,ERP109071,E-MTAB-6833:4768sTS.Opossum.Liver.14dpb.Female
ERR2603717,14,RNA-Seq,101,3341192312,PRJEB27035,SAMEA4699422,ArrayExpress,1342953869,Lausanne Genomics Technology Facility,gray short-tailed opossum,public,"fastq,run.zq,sra","ena,gs,ncbi,s3","ena,gs.us-east1,ncbi.public,s3.us-east-1",postnatal,2019-02-18,2018-12-31T17:02:27Z,2018-11-16,2018-05-30T14:21:03Z,ERX2620373,postnatal day 14,liver,SAMEA4699422,wild type genotype,University of Heidelberg,2018-12-31T17:02:27Z,2018-05-30T14:21:03Z,public,Illumina HiSeq 2500,4771sTS.Opossum.Liver.14dpb.Female_s,SINGLE,PolyA,TRANSCRIPTOMIC,liver,Monodelphis domestica,ILLUMINA,2019-02-19T00:00:00Z,2022-07-17T10:02:00Z,2,SAMEA4699422,E-MTAB-6833:4771sTS.Opossum.Liver.14dpb.Female,Monodelphis domestica,female,ERP109071,E-MTAB-6833:4771sTS.Opossum.Liver.14dpb.Female
ERR2603718,14,RNA-Seq,101,3574251125,PRJEB27035,SAMEA4699423,ArrayExpress,1357328599,Lausanne Genomics Technology Facility,gray short-tailed opossum,public,"fastq,run.zq,sra","ena,gs,ncbi,s3","ena,gs.us-east1,ncbi.public,s3.us-east-1",postnatal,2019-02-18,2018-12-31T17:02:27Z,2018-11-16,2018-05-30T14:21:03Z,ERX2620374,postnatal day 14,liver,SAMEA4699423,wild type genotype,University of Heidelberg,2018-12-31T17:02:27Z,2018-05-30T14:21:03Z,public,Illumina HiSeq 2500,4774sTS.Opossum.Liver.14dpb.Female_s,SINGLE,PolyA,TRANSCRIPTOMIC,liver,Monodelphis domestica,ILLUMINA,2019-02-19T00:00:00Z,2022-07-26T06:11:00Z,2,SAMEA4699423,E-MTAB-6833:4774sTS.Opossum.Liver.14dpb.Female,Monodelphis domestica,female,ERP109071,E-MTAB-6833:4774sTS.Opossum.Liver.14dpb.Female
ERR2603719,14,RNA-Seq,101,5059857297,PRJEB27035,SAMEA4699424,ArrayExpress,1936897415,Lausanne Genomics Technology Facility,gray short-tailed opossum,public,"fastq,run.zq,sra","ena,gs,ncbi,s3","ena,gs.us-east1,ncbi.public,s3.us-east-1",postnatal,2019-02-18,2018-12-31T17:02:27Z,2018-11-16,2018-05-30T14:21:03Z,ERX2620375,postnatal day 14,liver,SAMEA4699424,wild type genotype,University of Heidelberg,2018-12-31T17:02:27Z,2018-05-30T14:21:03Z,public,Illumina HiSeq 2500,4777sTS.Opossum.Liver.14dpb.Male_s,SINGLE,PolyA,TRANSCRIPTOMIC,liver,Monodelphis domestica,ILLUMINA,2019-02-19T00:00:00Z,2022-07-26T06:15:00Z,2,SAMEA4699424,E-MTAB-6833:4777sTS.Opossum.Liver.14dpb.Male,Monodelphis domestica,male,ERP109071,E-MTAB-6833:4777sTS.Opossum.Liver.14dpb.Male
ERR2603720,14,RNA-Seq,101,3162697840,PRJEB27035,SAMEA4699425,ArrayExpress,1139292111,Lausanne Genomics Technology Facility,gray short-tailed opossum,public,"fastq,run.zq,sra","ena,gs,ncbi,s3","ena,gs.us-east1,ncbi.public,s3.us-east-1",postnatal,2019-02-18,2018-12-31T17:02:27Z,2018-11-16,2018-05-30T14:21:03Z,ERX2620376,postnatal day 14,ovary,SAMEA4699425,wild type genotype,University of Heidelberg,2018-12-31T17:02:27Z,2018-05-30T14:21:03Z,public,Illumina HiSeq 2500,4952sTS.Opossum.Ovary.14dpb.Female_s,SINGLE,PolyA,TRANSCRIPTOMIC,ovary,Monodelphis domestica,ILLUMINA,2019-02-19T00:00:00Z,2022-07-15T21:45:00Z,2,SAMEA4699425,E-MTAB-6833:4952sTS.Opossum.Ovary.14dpb.Female,Monodelphis domestica,female,ERP109071,E-MTAB-6833:4952sTS.Opossum.Ovary.14dpb.Female
ERR2603721,14,RNA-Seq,101,2510747284,PRJEB27035,SAMEA4699426,ArrayExpress,949472363,Lausanne Genomics Technology Facility,gray short-tailed opossum,public,"fastq,run.zq,sra","ena,gs,ncbi,s3","ena,gs.us-east1,ncbi.public,s3.us-east-1",postnatal,2019-02-18,2018-12-31T17:02:27Z,2018-11-16,2018-05-30T14:21:03Z,ERX2620377,postnatal day 14,ovary,SAMEA4699426,wild type genotype,University of Heidelberg,2018-12-31T17:02:27Z,2018-05-30T14:21:03Z,public,Illumina HiSeq 2500,4953sTS.Opossum.Ovary.14dpb.Female_s,SINGLE,PolyA,TRANSCRIPTOMIC,ovary,Monodelphis domestica,ILLUMINA,2019-02-19T00:00:00Z,2022-07-22T16:04:00Z,2,SAMEA4699426,E-MTAB-6833:4953sTS.Opossum.Ovary.14dpb.Female,Monodelphis domestica,female,ERP109071,E-MTAB-6833:4953sTS.Opossum.Ovary.14dpb.Female
ERR2603722,14,RNA-Seq,101,2646267973,PRJEB27035,SAMEA4699427,ArrayExpress,949823143,Lausanne Genomics Technology Facility,gray short-tailed opossum,public,"fastq,run.zq,sra","ena,gs,ncbi,s3","ena,gs.us-east1,ncbi.public,s3.us-east-1",postnatal,2019-02-18,2018-12-31T17:02:27Z,2018-11-16,2018-05-30T14:21:03Z,ERX2620378,postnatal day 14,testis,SAMEA4699427,wild type genotype,University of Heidelberg,2018-12-31T17:02:27Z,2018-05-30T14:21:03Z,public,Illumina HiSeq 2500,4954sTS.Opossum.Testis.14dpb.Male_s,SINGLE,PolyA,TRANSCRIPTOMIC,testis,Monodelphis domestica,ILLUMINA,2019-02-19T00:00:00Z,2021-10-24T07:34:00Z,2,SAMEA4699427,E-MTAB-6833:4954sTS.Opossum.Testis.14dpb.Male,Monodelphis domestica,male,ERP109071,E-MTAB-6833:4954sTS.Opossum.Testis.14dpb.Male
ERR2603723,14,RNA-Seq,101,2465262944,PRJEB27035,SAMEA4699428,ArrayExpress,897963409,Lausanne Genomics Technology Facility,gray short-tailed opossum,public,"fastq,run.zq,sra","ena,gs,ncbi,s3","ena,gs.us-east1,ncbi.public,s3.us-east-1",postnatal,2019-02-18,2018-12-31T17:02:27Z,2018-11-16,2018-05-30T14:21:03Z,ERX2620379,postnatal day 14,testis,SAMEA4699428,wild type genotype,University of Heidelberg,2018-12-31T17:02:27Z,2018-05-30T14:21:03Z,public,Illumina HiSeq 2500,5877sTS.Opossum.Testis.14dpb.Male_s,SINGLE,PolyA,TRANSCRIPTOMIC,testis,Monodelphis domestica,ILLUMINA,2019-02-19T00:00:00Z,2022-07-17T23:33:00Z,2,SAMEA4699428,E-MTAB-6833:5877sTS.Opossum.Testis.14dpb.Male,Monodelphis domestica,male,ERP109071,E-MTAB-6833:5877sTS.Opossum.Testis.14dpb.Male
ERR2603724,150,RNA-Seq,101,4099442338,PRJEB27035,SAMEA4699429,ArrayExpress,1514460403,Lausanne Genomics Technology Facility,gray short-tailed opossum,public,"fastq,run.zq,sra","ena,gs,ncbi,s3","ena,gs.us-east1,ncbi.public,s3.us-east-1",postnatal,2019-02-18,2018-12-31T17:02:27Z,2018-11-16,2018-05-30T14:21:03Z,ERX2620380,postnatal day 150,forebrain,SAMEA4699429,wild type genotype,University of Heidelberg,2018-12-31T17:02:27Z,2018-05-30T14:21:03Z,public,Illumina HiSeq 2500,4622sTS.Opossum.Brain.150dpb.Female_s,SINGLE,PolyA,TRANSCRIPTOMIC,forebrain,Monodelphis domestica,ILLUMINA,2019-02-19T00:00:00Z,2022-07-26T06:12:00Z,2,SAMEA4699429,E-MTAB-6833:4622sTS.Opossum.Brain.150dpb.Female,Monodelphis domestica,female,ERP109071,E-MTAB-6833:4622sTS.Opossum.Brain.150dpb.Female
ERR2603725,150,RNA-Seq,101,3770904387,PRJEB27035,SAMEA4699430,ArrayExpress,1404409144,Lausanne Genomics Technology Facility,gray short-tailed opossum,public,"fastq,run.zq,sra","ena,gs,ncbi,s3","ena,gs.us-east1,ncbi.public,s3.us-east-1",postnatal,2019-02-18,2018-12-31T17:02:27Z,2018-11-16,2018-05-30T14:21:03Z,ERX2620381,postnatal day 150,forebrain,SAMEA4699430,wild type genotype,University of Heidelberg,2018-12-31T17:02:27Z,2018-05-30T14:21:03Z,public,Illumina HiSeq 2500,4623sTS.Opossum.Brain.150dpb.Male_s,SINGLE,PolyA,TRANSCRIPTOMIC,forebrain,Monodelphis domestica,ILLUMINA,2019-02-19T00:00:00Z,2022-07-13T12:38:00Z,2,SAMEA4699430,E-MTAB-6833:4623sTS.Opossum.Brain.150dpb.Male,Monodelphis domestica,male,ERP109071,E-MTAB-6833:4623sTS.Opossum.Brain.150dpb.Male
ERR2603726,150,RNA-Seq,101,3738440967,PRJEB27035,SAMEA4699431,ArrayExpress,1396213868,Lausanne Genomics Technology Facility,gray short-tailed opossum,public,"fastq,run.zq,sra","ena,gs,ncbi,s3","ena,gs.us-east1,ncbi.public,s3.us-east-1",postnatal,2019-02-18,2018-12-31T17:02:27Z,2018-11-16,2018-05-30T14:21:03Z,ERX2620382,postnatal day 150,forebrain,SAMEA4699431,wild type genotype,University of Heidelberg,2018-12-31T17:02:27Z,2018-05-30T14:21:03Z,public,Illumina HiSeq 2500,5858sTS.Opossum.Brain.150dpb.Female_s,SINGLE,PolyA,TRANSCRIPTOMIC,forebrain,Monodelphis domestica,ILLUMINA,2019-02-19T00:00:00Z,2022-07-20T16:09:00Z,2,SAMEA4699431,E-MTAB-6833:5858sTS.Opossum.Brain.150dpb.Female,Monodelphis domestica,female,ERP109071,E-MTAB-6833:5858sTS.Opossum.Brain.150dpb.Female
ERR2603727,150,RNA-Seq,101,4504175194,PRJEB27035,SAMEA4699432,ArrayExpress,1690443559,Lausanne Genomics Technology Facility,gray short-tailed opossum,public,"fastq,run.zq,sra","ena,gs,ncbi,s3","ena,gs.us-east1,ncbi.public,s3.us-east-1",postnatal,2019-02-18,2018-12-31T17:02:27Z,2018-11-16,2018-05-30T14:21:03Z,ERX2620383,postnatal day 150,heart,SAMEA4699432,wild type genotype,University of Heidelberg,2018-12-31T17:02:27Z,2018-05-30T14:21:03Z,public,Illumina HiSeq 2500,4209sTS.Opossum.Heart.150dpb.Female_s,SINGLE,PolyA,TRANSCRIPTOMIC,heart,Monodelphis domestica,ILLUMINA,2019-02-19T00:00:00Z,2022-07-26T06:12:00Z,2,SAMEA4699432,E-MTAB-6833:4209sTS.Opossum.Heart.150dpb.Female,Monodelphis domestica,female,ERP109071,E-MTAB-6833:4209sTS.Opossum.Heart.150dpb.Female
ERR2603728,150,RNA-Seq,101,5422695353,PRJEB27035,SAMEA4699433,ArrayExpress,2079303662,Lausanne Genomics Technology Facility,gray short-tailed opossum,public,"fastq,run.zq,sra","ena,gs,ncbi,s3","ena,gs.us-east1,ncbi.public,s3.us-east-1",postnatal,2019-02-18,2018-12-31T17:02:27Z,2018-11-16,2018-05-30T14:21:03Z,ERX2620384,postnatal day 150,heart,SAMEA4699433,wild type genotype,University of Heidelberg,2018-12-31T17:02:27Z,2018-05-30T14:21:03Z,public,Illumina HiSeq 2500,4213sTS.Opossum.Heart.150dpb.Male_s,SINGLE,PolyA,TRANSCRIPTOMIC,heart,Monodelphis domestica,ILLUMINA,2019-02-19T00:00:00Z,2021-10-24T07:44:00Z,2,SAMEA4699433,E-MTAB-6833:4213sTS.Opossum.Heart.150dpb.Male,Monodelphis domestica,male,ERP109071,E-MTAB-6833:4213sTS.Opossum.Heart.150dpb.Male
ERR2603729,150,RNA-Seq,101,4225579218,PRJEB27035,SAMEA4699434,ArrayExpress,1510274724,Lausanne Genomics Technology Facility,gray short-tailed opossum,public,"fastq,run.zq,sra","ena,gs,ncbi,s3","ena,gs.us-east1,ncbi.public,s3.us-east-1",postnatal,2019-02-18,2018-12-31T17:02:27Z,2018-11-16,2018-05-30T14:21:03Z,ERX2620385,postnatal day 150,heart,SAMEA4699434,wild type genotype,University of Heidelberg,2018-12-31T17:02:27Z,2018-05-30T14:21:03Z,public,Illumina HiSeq 2500,5861sTS.Opossum.Heart.150dpb.Female_s,SINGLE,PolyA,TRANSCRIPTOMIC,heart,Monodelphis domestica,ILLUMINA,2019-02-19T00:00:00Z,2021-10-24T07:41:00Z,2,SAMEA4699434,E-MTAB-6833:5861sTS.Opossum.Heart.150dpb.Female,Monodelphis domestica,female,ERP109071,E-MTAB-6833:5861sTS.Opossum.Heart.150dpb.Female
ERR2603730,150,RNA-Seq,101,3663053153,PRJEB27035,SAMEA4699435,ArrayExpress,1373978863,Lausanne Genomics Technology Facility,gray short-tailed opossum,public,"fastq,run.zq,sra","ena,gs,ncbi,s3","ena,gs.us-east1,ncbi.public,s3.us-east-1",postnatal,2019-02-18,2018-12-31T17:02:27Z,2018-11-16,2018-05-30T14:21:03Z,ERX2620386,postnatal day 150,hindbrain,SAMEA4699435,wild type genotype,University of Heidelberg,2018-12-31T17:02:27Z,2018-05-30T14:21:03Z,public,Illumina HiSeq 2500,4682sTS.Opossum.Cerebellum.150dpb.Male_s,SINGLE,PolyA,TRANSCRIPTOMIC,hindbrain,Monodelphis domestica,ILLUMINA,2019-02-19T00:00:00Z,2022-07-26T06:10:00Z,2,SAMEA4699435,E-MTAB-6833:4682sTS.Opossum.Cerebellum.150dpb.Male,Monodelphis domestica,male,ERP109071,E-MTAB-6833:4682sTS.Opossum.Cerebellum.150dpb.Male
ERR2603731,150,RNA-Seq,101,5703577060,PRJEB27035,SAMEA4699436,ArrayExpress,2239874378,Lausanne Genomics Technology Facility,gray short-tailed opossum,public,"fastq,run.zq,sra","ena,gs,ncbi,s3","ena,gs.us-east1,ncbi.public,s3.us-east-1",postnatal,2019-02-18,2018-12-31T17:02:27Z,2018-11-16,2018-05-30T14:21:03Z,ERX2620387,postnatal day 150,hindbrain,SAMEA4699436,wild type genotype,University of Heidelberg,2018-12-31T17:02:27Z,2018-05-30T14:21:03Z,public,Illumina HiSeq 2500,5859sTS.Opossum.Cerebellum.150dpb.Female_s,SINGLE,PolyA,TRANSCRIPTOMIC,hindbrain,Monodelphis domestica,ILLUMINA,2019-02-19T00:00:00Z,2021-10-24T07:45:00Z,2,SAMEA4699436,E-MTAB-6833:5859sTS.Opossum.Cerebellum.150dpb.Female,Monodelphis domestica,female,ERP109071,E-MTAB-6833:5859sTS.Opossum.Cerebellum.150dpb.Female
ERR2603732,150,RNA-Seq,101,2355592094,PRJEB27035,SAMEA4699437,ArrayExpress,887305185,Lausanne Genomics Technology Facility,gray short-tailed opossum,public,"fastq,run.zq,sra","ena,gs,ncbi,s3","ena,gs.us-east1,ncbi.public,s3.us-east-1",postnatal,2019-02-18,2018-12-31T17:02:27Z,2018-11-16,2018-05-30T14:21:03Z,ERX2620388,postnatal day 150,kidney,SAMEA4699437,wild type genotype,University of Heidelberg,2018-12-31T17:02:27Z,2018-05-30T14:21:03Z,public,Illumina HiSeq 2500,4210sTS.Opossum.Kidney.150dpb.Female_s,SINGLE,PolyA,TRANSCRIPTOMIC,kidney,Monodelphis domestica,ILLUMINA,2019-02-19T00:00:00Z,2022-07-22T01:16:00Z,2,SAMEA4699437,E-MTAB-6833:4210sTS.Opossum.Kidney.150dpb.Female,Monodelphis domestica,female,ERP109071,E-MTAB-6833:4210sTS.Opossum.Kidney.150dpb.Female
ERR2603733,150,RNA-Seq,101,4676640976,PRJEB27035,SAMEA4699438,ArrayExpress,1803072321,Lausanne Genomics Technology Facility,gray short-tailed opossum,public,"fastq,run.zq,sra","ena,gs,ncbi,s3","ena,gs.us-east1,ncbi.public,s3.us-east-1",postnatal,2019-02-18,2018-12-31T17:02:27Z,2018-11-16,2018-05-30T14:21:03Z,ERX2620389,postnatal day 150,kidney,SAMEA4699438,wild type genotype,University of Heidelberg,2018-12-31T17:02:27Z,2018-05-30T14:21:03Z,public,Illumina HiSeq 2500,4214sTS.Opossum.Kidney.150dpb.Male_s,SINGLE,PolyA,TRANSCRIPTOMIC,kidney,Monodelphis domestica,ILLUMINA,2019-02-19T00:00:00Z,2021-10-24T07:44:00Z,2,SAMEA4699438,E-MTAB-6833:4214sTS.Opossum.Kidney.150dpb.Male,Monodelphis domestica,male,ERP109071,E-MTAB-6833:4214sTS.Opossum.Kidney.150dpb.Male
ERR2603734,150,RNA-Seq,101,5305398195,PRJEB27035,SAMEA4699439,ArrayExpress,2007363322,Lausanne Genomics Technology Facility,gray short-tailed opossum,public,"fastq,run.zq,sra","ena,gs,ncbi,s3","ena,gs.us-east1,ncbi.public,s3.us-east-1",postnatal,2019-02-18,2018-12-31T17:02:27Z,2018-11-16,2018-05-30T14:21:03Z,ERX2620390,postnatal day 150,kidney,SAMEA4699439,wild type genotype,University of Heidelberg,2018-12-31T17:02:27Z,2018-05-30T14:21:03Z,public,Illumina HiSeq 2500,5862sTS.Opossum.Kidney.150dpb.Female_s,SINGLE,PolyA,TRANSCRIPTOMIC,kidney,Monodelphis domestica,ILLUMINA,2019-02-19T00:00:00Z,2022-07-15T18:21:00Z,2,SAMEA4699439,E-MTAB-6833:5862sTS.Opossum.Kidney.150dpb.Female,Monodelphis domestica,female,ERP109071,E-MTAB-6833:5862sTS.Opossum.Kidney.150dpb.Female
ERR2603735,150,RNA-Seq,101,2652642487,PRJEB27035,SAMEA4699440,ArrayExpress,1032736781,Lausanne Genomics Technology Facility,gray short-tailed opossum,public,"fastq,run.zq,sra","ena,gs,ncbi,s3","ena,gs.us-east1,ncbi.public,s3.us-east-1",postnatal,2019-02-18,2018-12-31T17:02:27Z,2018-11-16,2018-05-30T14:21:03Z,ERX2620391,postnatal day 150,liver,SAMEA4699440,wild type genotype,University of Heidelberg,2018-12-31T17:02:27Z,2018-05-30T14:21:03Z,public,Illumina HiSeq 2500,4211sTS.Opossum.Liver.150dpb.Female_s,SINGLE,PolyA,TRANSCRIPTOMIC,liver,Monodelphis domestica,ILLUMINA,2019-02-19T00:00:00Z,2021-10-24T07:34:00Z,2,SAMEA4699440,E-MTAB-6833:4211sTS.Opossum.Liver.150dpb.Female,Monodelphis domestica,female,ERP109071,E-MTAB-6833:4211sTS.Opossum.Liver.150dpb.Female
ERR2603736,150,RNA-Seq,101,2932802145,PRJEB27035,SAMEA4699441,ArrayExpress,1132851358,Lausanne Genomics Technology Facility,gray short-tailed opossum,public,"fastq,run.zq,sra","ena,gs,ncbi,s3","ena,gs.us-east1,ncbi.public,s3.us-east-1",postnatal,2019-02-18,2018-12-31T17:02:27Z,2018-11-16,2018-05-30T14:21:03Z,ERX2620392,postnatal day 150,liver,SAMEA4699441,wild type genotype,University of Heidelberg,2018-12-31T17:02:27Z,2018-05-30T14:21:03Z,public,Illumina HiSeq 2500,4215sTS.Opossum.Liver.150dpb.Male_s,SINGLE,PolyA,TRANSCRIPTOMIC,liver,Monodelphis domestica,ILLUMINA,2019-02-19T00:00:00Z,2022-07-26T06:09:00Z,2,SAMEA4699441,E-MTAB-6833:4215sTS.Opossum.Liver.150dpb.Male,Monodelphis domestica,male,ERP109071,E-MTAB-6833:4215sTS.Opossum.Liver.150dpb.Male
ERR2603737,150,RNA-Seq,101,3739876379,PRJEB27035,SAMEA4699442,ArrayExpress,1396306040,Lausanne Genomics Technology Facility,gray short-tailed opossum,public,"fastq,run.zq,sra","ena,gs,ncbi,s3","ena,gs.us-east1,ncbi.public,s3.us-east-1",postnatal,2019-02-18,2018-12-31T17:02:27Z,2018-11-16,2018-05-30T14:21:03Z,ERX2620393,postnatal day 150,liver,SAMEA4699442,wild type genotype,University of Heidelberg,2018-12-31T17:02:27Z,2018-05-30T14:21:03Z,public,Illumina HiSeq 2500,5863sTS.Opossum.Liver.150dpb.Female_s,SINGLE,PolyA,TRANSCRIPTOMIC,liver,Monodelphis domestica,ILLUMINA,2019-02-19T00:00:00Z,2022-07-21T17:18:00Z,2,SAMEA4699442,E-MTAB-6833:5863sTS.Opossum.Liver.150dpb.Female,Monodelphis domestica,female,ERP109071,E-MTAB-6833:5863sTS.Opossum.Liver.150dpb.Female
ERR2603738,150,RNA-Seq,101,4675655418,PRJEB27035,SAMEA4699443,ArrayExpress,1746332145,Lausanne Genomics Technology Facility,gray short-tailed opossum,public,"fastq,run.zq,sra","ena,gs,ncbi,s3","ena,gs.us-east1,ncbi.public,s3.us-east-1",postnatal,2019-02-18,2018-12-31T17:02:27Z,2018-11-16,2018-05-30T14:21:03Z,ERX2620394,postnatal day 150,ovary,SAMEA4699443,wild type genotype,University of Heidelberg,2018-12-31T17:02:27Z,2018-05-30T14:21:03Z,public,Illumina HiSeq 2500,4208sTS.Opossum.Ovary.150dpb.Female_s,SINGLE,PolyA,TRANSCRIPTOMIC,ovary,Monodelphis domestica,ILLUMINA,2019-02-19T00:00:00Z,2022-07-19T01:12:00Z,2,SAMEA4699443,E-MTAB-6833:4208sTS.Opossum.Ovary.150dpb.Female,Monodelphis domestica,female,ERP109071,E-MTAB-6833:4208sTS.Opossum.Ovary.150dpb.Female
ERR2603739,150,RNA-Seq,101,3251051731,PRJEB27035,SAMEA4699444,ArrayExpress,1198280634,Lausanne Genomics Technology Facility,gray short-tailed opossum,public,"fastq,run.zq,sra","ena,gs,ncbi,s3","ena,gs.us-east1,ncbi.public,s3.us-east-1",postnatal,2019-02-18,2018-12-31T17:02:27Z,2018-11-16,2018-05-30T14:21:03Z,ERX2620395,postnatal day 150,ovary,SAMEA4699444,wild type genotype,University of Heidelberg,2018-12-31T17:02:27Z,2018-05-30T14:21:03Z,public,Illumina HiSeq 2500,5860sTS.Opossum.Ovary.150dpb.Female_s,SINGLE,PolyA,TRANSCRIPTOMIC,ovary,Monodelphis domestica,ILLUMINA,2019-02-19T00:00:00Z,2022-07-26T06:11:00Z,2,SAMEA4699444,E-MTAB-6833:5860sTS.Opossum.Ovary.150dpb.Female,Monodelphis domestica,female,ERP109071,E-MTAB-6833:5860sTS.Opossum.Ovary.150dpb.Female
ERR2603740,150,RNA-Seq,101,4848622564,PRJEB27035,SAMEA4699445,ArrayExpress,1824104061,Lausanne Genomics Technology Facility,gray short-tailed opossum,public,"fastq,run.zq,sra","ena,gs,ncbi,s3","ena,gs.us-east1,ncbi.public,s3.us-east-1",postnatal,2019-02-18,2018-12-31T17:02:27Z,2018-11-16,2018-05-30T14:21:03Z,ERX2620396,postnatal day 150,testis,SAMEA4699445,wild type genotype,University of Heidelberg,2018-12-31T17:02:27Z,2018-05-30T14:21:03Z,public,Illumina HiSeq 2500,4212sTS.Opossum.Testis.150dpb.Male_s,SINGLE,PolyA,TRANSCRIPTOMIC,testis,Monodelphis domestica,ILLUMINA,2019-02-19T00:00:00Z,2022-07-17T23:39:00Z,2,SAMEA4699445,E-MTAB-6833:4212sTS.Opossum.Testis.150dpb.Male,Monodelphis domestica,male,ERP109071,E-MTAB-6833:4212sTS.Opossum.Testis.150dpb.Male
ERR2603741,150,RNA-Seq,101,2298431043,PRJEB27035,SAMEA4699446,ArrayExpress,845479963,Lausanne Genomics Technology Facility,gray short-tailed opossum,public,"fastq,run.zq,sra","ena,gs,ncbi,s3","ena,gs.us-east1,ncbi.public,s3.us-east-1",postnatal,2019-02-18,2018-12-31T17:02:27Z,2018-11-16,2018-05-30T14:21:03Z,ERX2620397,postnatal day 150,testis,SAMEA4699446,wild type genotype,University of Heidelberg,2018-12-31T17:02:27Z,2018-05-30T14:21:03Z,public,Illumina HiSeq 2500,4320sTS.Opossum.Testis.150dpb.Male_s,SINGLE,PolyA,TRANSCRIPTOMIC,testis,Monodelphis domestica,ILLUMINA,2019-02-19T00:00:00Z,2022-07-22T17:51:00Z,2,SAMEA4699446,E-MTAB-6833:4320sTS.Opossum.Testis.150dpb.Male,Monodelphis domestica,male,ERP109071,E-MTAB-6833:4320sTS.Opossum.Testis.150dpb.Male
ERR2603742,180,RNA-Seq,101,4334407930,PRJEB27035,SAMEA4699447,ArrayExpress,2801470697,Lausanne Genomics Technology Facility,gray short-tailed opossum,public,"fastq,run.zq,sra","ena,gs,ncbi,s3","ena,gs.us-east1,ncbi.public,s3.us-east-1",postnatal,2019-02-18,2018-12-31T17:02:27Z,2018-11-16,2018-05-30T14:21:03Z,ERX2620398,postnatal day 180,forebrain,SAMEA4699447,wild type genotype,University of Heidelberg,2018-12-31T17:02:27Z,2018-05-30T14:21:03Z,public,Illumina HiSeq 2500,3951sTS.Opossum.Brain.180dpb.Male_s,SINGLE,PolyA,TRANSCRIPTOMIC,forebrain,Monodelphis domestica,ILLUMINA,2019-02-19T00:00:00Z,2022-07-14T14:53:00Z,2,SAMEA4699447,E-MTAB-6833:3951sTS.Opossum.Brain.180dpb.Male,Monodelphis domestica,male,ERP109071,E-MTAB-6833:3951sTS.Opossum.Brain.180dpb.Male
ERR2603743,180,RNA-Seq,101,4005873211,PRJEB27035,SAMEA4699448,ArrayExpress,1506525958,Lausanne Genomics Technology Facility,gray short-tailed opossum,public,"fastq,run.zq,sra","ena,gs,ncbi,s3","ena,gs.us-east1,ncbi.public,s3.us-east-1",postnatal,2019-02-18,2018-12-31T17:02:27Z,2018-11-16,2018-05-30T14:21:03Z,ERX2620399,postnatal day 180,forebrain,SAMEA4699448,wild type genotype,University of Heidelberg,2018-12-31T17:02:27Z,2018-05-30T14:21:03Z,public,Illumina HiSeq 2500,3957sTS.Opossum.Brain.180dpb.Female_s,SINGLE,PolyA,TRANSCRIPTOMIC,forebrain,Monodelphis domestica,ILLUMINA,2019-02-19T00:00:00Z,2022-07-19T15:40:00Z,2,SAMEA4699448,E-MTAB-6833:3957sTS.Opossum.Brain.180dpb.Female,Monodelphis domestica,female,ERP109071,E-MTAB-6833:3957sTS.Opossum.Brain.180dpb.Female
ERR2603744,180,RNA-Seq,101,3257095672,PRJEB27035,SAMEA4699449,ArrayExpress,1223929489,Lausanne Genomics Technology Facility,gray short-tailed opossum,public,"fastq,run.zq,sra","ena,gs,ncbi,s3","ena,gs.us-east1,ncbi.public,s3.us-east-1",postnatal,2019-02-18,2018-12-31T17:02:27Z,2018-11-16,2018-05-30T14:21:04Z,ERX2620400,postnatal day 180,forebrain,SAMEA4699449,wild type genotype,University of Heidelberg,2018-12-31T17:02:27Z,2018-05-30T14:21:04Z,public,Illumina HiSeq 2500,5972sTS.Opossum.Brain.14mpb.Male_s,SINGLE,PolyA,TRANSCRIPTOMIC,forebrain,Monodelphis domestica,ILLUMINA,2019-02-19T00:00:00Z,2022-07-26T06:11:00Z,2,SAMEA4699449,E-MTAB-6833:5972sTS.Opossum.Brain.14mpb.Male,Monodelphis domestica,male,ERP109071,E-MTAB-6833:5972sTS.Opossum.Brain.14mpb.Male
ERR2603745,180,RNA-Seq,101,4526554875,PRJEB27035,SAMEA4699450,ArrayExpress,1657645185,Lausanne Genomics Technology Facility,gray short-tailed opossum,public,"fastq,run.zq,sra","ena,gs,ncbi,s3","ena,gs.us-east1,ncbi.public,s3.us-east-1",postnatal,2019-02-18,2018-12-31T17:02:27Z,2018-11-16,2018-05-30T14:21:04Z,ERX2620401,postnatal day 180,forebrain,SAMEA4699450,wild type genotype,University of Heidelberg,2018-12-31T17:02:27Z,2018-05-30T14:21:04Z,public,Illumina HiSeq 2500,5974sTS.Opossum.Brain.14mpb.Male_s,SINGLE,PolyA,TRANSCRIPTOMIC,forebrain,Monodelphis domestica,ILLUMINA,2019-02-19T00:00:00Z,2022-07-13T20:37:00Z,2,SAMEA4699450,E-MTAB-6833:5974sTS.Opossum.Brain.14mpb.Male,Monodelphis domestica,male,ERP109071,E-MTAB-6833:5974sTS.Opossum.Brain.14mpb.Male
ERR2603746,180,RNA-Seq,101,3811324789,PRJEB27035,SAMEA4699451,ArrayExpress,2457021275,Lausanne Genomics Technology Facility,gray short-tailed opossum,public,"fastq,run.zq,sra","ena,gs,ncbi,s3","ena,gs.us-east1,ncbi.public,s3.us-east-1",postnatal,2019-02-18,2018-12-31T17:02:27Z,2018-11-16,2018-05-30T14:21:04Z,ERX2620402,postnatal day 180,heart,SAMEA4699451,wild type genotype,University of Heidelberg,2018-12-31T17:02:27Z,2018-05-30T14:21:04Z,public,Illumina HiSeq 2500,3953sTS.Opossum.Heart.180dpb.Male_s,SINGLE,PolyA,TRANSCRIPTOMIC,heart,Monodelphis domestica,ILLUMINA,2019-02-19T00:00:00Z,2021-10-24T07:44:00Z,2,SAMEA4699451,E-MTAB-6833:3953sTS.Opossum.Heart.180dpb.Male,Monodelphis domestica,male,ERP109071,E-MTAB-6833:3953sTS.Opossum.Heart.180dpb.Male
ERR2603747,180,RNA-Seq,101,4339016257,PRJEB27035,SAMEA4699452,ArrayExpress,2788508538,Lausanne Genomics Technology Facility,gray short-tailed opossum,public,"fastq,run.zq,sra","ena,gs,ncbi,s3","ena,gs.us-east1,ncbi.public,s3.us-east-1",postnatal,2019-02-18,2018-12-31T17:02:27Z,2018-11-16,2018-05-30T14:21:04Z,ERX2620403,postnatal day 180,heart,SAMEA4699452,wild type genotype,University of Heidelberg,2018-12-31T17:02:27Z,2018-05-30T14:21:04Z,public,Illumina HiSeq 2500,3959sTS.Opossum.Heart.180dpb.Female_s,SINGLE,PolyA,TRANSCRIPTOMIC,heart,Monodelphis domestica,ILLUMINA,2019-02-19T00:00:00Z,2022-07-26T06:13:00Z,2,SAMEA4699452,E-MTAB-6833:3959sTS.Opossum.Heart.180dpb.Female,Monodelphis domestica,female,ERP109071,E-MTAB-6833:3959sTS.Opossum.Heart.180dpb.Female
ERR2603748,180,RNA-Seq,101,5781603398,PRJEB27035,SAMEA4699453,ArrayExpress,2070280374,Lausanne Genomics Technology Facility,gray short-tailed opossum,public,"fastq,run.zq,sra","ena,gs,ncbi,s3","ena,gs.us-east1,ncbi.public,s3.us-east-1",postnatal,2019-02-18,2018-12-31T17:02:27Z,2018-11-16,2018-05-30T14:21:04Z,ERX2620404,postnatal day 180,heart,SAMEA4699453,wild type genotype,University of Heidelberg,2018-12-31T17:02:27Z,2018-05-30T14:21:04Z,public,Illumina HiSeq 2500,3990sTS.Opossum.Heart.180dpb.Male_s,SINGLE,PolyA,TRANSCRIPTOMIC,heart,Monodelphis domestica,ILLUMINA,2019-02-19T00:00:00Z,2022-07-13T12:25:00Z,2,SAMEA4699453,E-MTAB-6833:3990sTS.Opossum.Heart.180dpb.Male,Monodelphis domestica,male,ERP109071,E-MTAB-6833:3990sTS.Opossum.Heart.180dpb.Male
ERR2603749,180,RNA-Seq,101,4453880123,PRJEB27035,SAMEA4699454,ArrayExpress,1588672412,Lausanne Genomics Technology Facility,gray short-tailed opossum,public,"fastq,run.zq,sra","ena,gs,ncbi,s3","ena,gs.us-east1,ncbi.public,s3.us-east-1",postnatal,2019-02-18,2018-12-31T17:02:27Z,2018-11-16,2018-05-30T14:21:04Z,ERX2620405,postnatal day 180,heart,SAMEA4699454,wild type genotype,University of Heidelberg,2018-12-31T17:02:27Z,2018-05-30T14:21:04Z,public,Illumina HiSeq 2500,3996sTS.Opossum.Heart.180dpb.Female_s,SINGLE,PolyA,TRANSCRIPTOMIC,heart,Monodelphis domestica,ILLUMINA,2019-02-19T00:00:00Z,2021-10-24T07:42:00Z,2,SAMEA4699454,E-MTAB-6833:3996sTS.Opossum.Heart.180dpb.Female,Monodelphis domestica,female,ERP109071,E-MTAB-6833:3996sTS.Opossum.Heart.180dpb.Female
ERR2603750,180,RNA-Seq,101,3427941414,PRJEB27035,SAMEA4699455,ArrayExpress,1261204639,Lausanne Genomics Technology Facility,gray short-tailed opossum,public,"fastq,run.zq,sra","ena,gs,ncbi,s3","ena,gs.us-east1,ncbi.public,s3.us-east-1",postnatal,2019-02-18,2018-12-31T17:02:27Z,2018-11-16,2018-05-30T14:21:04Z,ERX2620406,postnatal day 180,hindbrain,SAMEA4699455,wild type genotype,University of Heidelberg,2018-12-31T17:02:27Z,2018-05-30T14:21:04Z,public,Illumina HiSeq 2500,5975sTS.Opossum.Cerebellum.4mpb.Male_s,SINGLE,PolyA,TRANSCRIPTOMIC,hindbrain,Monodelphis domestica,ILLUMINA,2019-02-19T00:00:00Z,2022-07-26T06:11:00Z,2,SAMEA4699455,E-MTAB-6833:5975sTS.Opossum.Cerebellum.4mpb.Male,Monodelphis domestica,male,ERP109071,E-MTAB-6833:5975sTS.Opossum.Cerebellum.4mpb.Male
ERR2603751,180,RNA-Seq,101,2124146655,PRJEB27035,SAMEA4699456,ArrayExpress,846925643,Lausanne Genomics Technology Facility,gray short-tailed opossum,public,"fastq,run.zq,sra","ena,gs,ncbi,s3","ena,gs.us-east1,ncbi.public,s3.us-east-1",postnatal,2019-02-18,2018-12-31T17:02:27Z,2018-11-16,2018-05-30T14:21:04Z,ERX2620407,postnatal day 180,hindbrain,SAMEA4699456,wild type genotype,University of Heidelberg,2018-12-31T17:02:27Z,2018-05-30T14:21:04Z,public,Illumina HiSeq 2500,5976sTS.Opossum.Cerebellum.6mpb.Male_s,SINGLE,PolyA,TRANSCRIPTOMIC,hindbrain,Monodelphis domestica,ILLUMINA,2019-02-19T00:00:00Z,2021-10-24T07:34:00Z,2,SAMEA4699456,E-MTAB-6833:5976sTS.Opossum.Cerebellum.6mpb.Male,Monodelphis domestica,male,ERP109071,E-MTAB-6833:5976sTS.Opossum.Cerebellum.6mpb.Male
ERR2603752,180,RNA-Seq,101,4398225386,PRJEB27035,SAMEA4699457,ArrayExpress,1633933186,Lausanne Genomics Technology Facility,gray short-tailed opossum,public,"fastq,run.zq,sra","ena,gs,ncbi,s3","ena,gs.us-east1,ncbi.public,s3.us-east-1",postnatal,2019-02-18,2018-12-31T17:02:27Z,2018-11-16,2018-05-30T14:21:04Z,ERX2620408,postnatal day 180,hindbrain,SAMEA4699457,wild type genotype,University of Heidelberg,2018-12-31T17:02:27Z,2018-05-30T14:21:04Z,public,Illumina HiSeq 2500,5977sTS.Opossum.Cerebellum.4mpb.Male_s,SINGLE,PolyA,TRANSCRIPTOMIC,hindbrain,Monodelphis domestica,ILLUMINA,2019-02-19T00:00:00Z,2022-07-17T12:12:00Z,2,SAMEA4699457,E-MTAB-6833:5977sTS.Opossum.Cerebellum.4mpb.Male,Monodelphis domestica,male,ERP109071,E-MTAB-6833:5977sTS.Opossum.Cerebellum.4mpb.Male
ERR2603753,180,RNA-Seq,101,3995632114,PRJEB27035,SAMEA4699458,ArrayExpress,2563314882,Lausanne Genomics Technology Facility,gray short-tailed opossum,public,"fastq,run.zq,sra","ena,gs,ncbi,s3","ena,gs.us-east1,ncbi.public,s3.us-east-1",postnatal,2019-02-18,2018-12-31T17:02:27Z,2018-11-16,2018-05-30T14:21:04Z,ERX2620409,postnatal day 180,kidney,SAMEA4699458,wild type genotype,University of Heidelberg,2018-12-31T17:02:27Z,2018-05-30T14:21:04Z,public,Illumina HiSeq 2500,3954sTS.Opossum.Kidney.180dpb.Male_s,SINGLE,PolyA,TRANSCRIPTOMIC,kidney,Monodelphis domestica,ILLUMINA,2019-02-19T00:00:00Z,2022-07-26T06:15:00Z,2,SAMEA4699458,E-MTAB-6833:3954sTS.Opossum.Kidney.180dpb.Male,Monodelphis domestica,male,ERP109071,E-MTAB-6833:3954sTS.Opossum.Kidney.180dpb.Male
ERR2603754,180,RNA-Seq,101,3863888421,PRJEB27035,SAMEA4699459,ArrayExpress,2477381669,Lausanne Genomics Technology Facility,gray short-tailed opossum,public,"fastq,run.zq,sra","ena,gs,ncbi,s3","ena,gs.us-east1,ncbi.public,s3.us-east-1",postnatal,2019-02-18,2018-12-31T17:02:27Z,2018-11-16,2018-05-30T14:21:04Z,ERX2620410,postnatal day 180,kidney,SAMEA4699459,wild type genotype,University of Heidelberg,2018-12-31T17:02:27Z,2018-05-30T14:21:04Z,public,Illumina HiSeq 2500,3960sTS.Opossum.Kidney.180dpb.Female_s,SINGLE,PolyA,TRANSCRIPTOMIC,kidney,Monodelphis domestica,ILLUMINA,2019-02-19T00:00:00Z,2021-10-24T07:44:00Z,2,SAMEA4699459,E-MTAB-6833:3960sTS.Opossum.Kidney.180dpb.Female,Monodelphis domestica,female,ERP109071,E-MTAB-6833:3960sTS.Opossum.Kidney.180dpb.Female
ERR2603755,180,RNA-Seq,101,2477747352,PRJEB27035,SAMEA4699460,ArrayExpress,867587640,Lausanne Genomics Technology Facility,gray short-tailed opossum,public,"fastq,run.zq,sra","ena,gs,ncbi,s3","ena,gs.us-east1,ncbi.public,s3.us-east-1",postnatal,2019-02-18,2018-12-31T17:02:27Z,2018-11-16,2018-05-30T14:21:04Z,ERX2620411,postnatal day 180,kidney,SAMEA4699460,wild type genotype,University of Heidelberg,2018-12-31T17:02:27Z,2018-05-30T14:21:04Z,public,Illumina HiSeq 2500,3998sTS.Opossum.Kidney.180dpb.Female_s,SINGLE,PolyA,TRANSCRIPTOMIC,kidney,Monodelphis domestica,ILLUMINA,2019-02-19T00:00:00Z,2022-07-26T06:09:00Z,2,SAMEA4699460,E-MTAB-6833:3998sTS.Opossum.Kidney.180dpb.Female,Monodelphis domestica,female,ERP109071,E-MTAB-6833:3998sTS.Opossum.Kidney.180dpb.Female
ERR2603756,180,RNA-Seq,101,3204516486,PRJEB27035,SAMEA4699461,ArrayExpress,2053472251,Lausanne Genomics Technology Facility,gray short-tailed opossum,public,"fastq,run.zq,sra","ena,gs,ncbi,s3","ena,gs.us-east1,ncbi.public,s3.us-east-1",postnatal,2019-02-18,2018-12-31T17:02:27Z,2018-11-16,2018-05-30T14:21:04Z,ERX2620412,postnatal day 180,liver,SAMEA4699461,wild type genotype,University of Heidelberg,2018-12-31T17:02:27Z,2018-05-30T14:21:04Z,public,Illumina HiSeq 2500,3955sTS.Opossum.Liver.180dpb.Male_s,SINGLE,PolyA,TRANSCRIPTOMIC,liver,Monodelphis domestica,ILLUMINA,2019-02-19T00:00:00Z,2022-07-26T06:11:00Z,2,SAMEA4699461,E-MTAB-6833:3955sTS.Opossum.Liver.180dpb.Male,Monodelphis domestica,male,ERP109071,E-MTAB-6833:3955sTS.Opossum.Liver.180dpb.Male
ERR2603757,180,RNA-Seq,101,1913164119,PRJEB27035,SAMEA4699462,ArrayExpress,1229920204,Lausanne Genomics Technology Facility,gray short-tailed opossum,public,"fastq,run.zq,sra","ena,gs,ncbi,s3","ena,gs.us-east1,ncbi.public,s3.us-east-1",postnatal,2019-02-18,2018-12-31T17:02:27Z,2018-11-16,2018-05-30T14:21:04Z,ERX2620413,postnatal day 180,liver,SAMEA4699462,wild type genotype,University of Heidelberg,2018-12-31T17:02:27Z,2018-05-30T14:21:04Z,public,Illumina HiSeq 2500,3961sTS.Opossum.Liver.180dpb.Female_s,SINGLE,PolyA,TRANSCRIPTOMIC,liver,Monodelphis domestica,ILLUMINA,2019-02-19T00:00:00Z,2022-07-18T16:20:00Z,2,SAMEA4699462,E-MTAB-6833:3961sTS.Opossum.Liver.180dpb.Female,Monodelphis domestica,female,ERP109071,E-MTAB-6833:3961sTS.Opossum.Liver.180dpb.Female
ERR2603758,180,RNA-Seq,101,4233008172,PRJEB27035,SAMEA4699463,ArrayExpress,1404517127,Lausanne Genomics Technology Facility,gray short-tailed opossum,public,"fastq,run.zq,sra","ena,gs,ncbi,s3","ena,gs.us-east1,ncbi.public,s3.us-east-1",postnatal,2019-02-18,2018-12-31T17:02:27Z,2018-11-16,2018-05-30T14:21:04Z,ERX2620414,postnatal day 180,liver,SAMEA4699463,wild type genotype,University of Heidelberg,2018-12-31T17:02:27Z,2018-05-30T14:21:04Z,public,Illumina HiSeq 2500,3991sTS.Opossum.Liver.180dpb.Male_s,SINGLE,PolyA,TRANSCRIPTOMIC,liver,Monodelphis domestica,ILLUMINA,2019-02-19T00:00:00Z,2022-07-21T18:12:00Z,2,SAMEA4699463,E-MTAB-6833:3991sTS.Opossum.Liver.180dpb.Male,Monodelphis domestica,male,ERP109071,E-MTAB-6833:3991sTS.Opossum.Liver.180dpb.Male
ERR2603759,180,RNA-Seq,101,4227955647,PRJEB27035,SAMEA4699464,ArrayExpress,1482607505,Lausanne Genomics Technology Facility,gray short-tailed opossum,public,"fastq,run.zq,sra","ena,gs,ncbi,s3","ena,gs.us-east1,ncbi.public,s3.us-east-1",postnatal,2019-02-18,2018-12-31T17:02:27Z,2018-11-16,2018-05-30T14:21:04Z,ERX2620415,postnatal day 180,liver,SAMEA4699464,wild type genotype,University of Heidelberg,2018-12-31T17:02:27Z,2018-05-30T14:21:04Z,public,Illumina HiSeq 2500,3997sTS.Opossum.Liver.180dpb.Female_s,SINGLE,PolyA,TRANSCRIPTOMIC,liver,Monodelphis domestica,ILLUMINA,2019-02-19T00:00:00Z,2022-07-26T06:13:00Z,2,SAMEA4699464,E-MTAB-6833:3997sTS.Opossum.Liver.180dpb.Female,Monodelphis domestica,female,ERP109071,E-MTAB-6833:3997sTS.Opossum.Liver.180dpb.Female
ERR2603760,180,RNA-Seq,101,1934721963,PRJEB27035,SAMEA4699465,ArrayExpress,682635017,Lausanne Genomics Technology Facility,gray short-tailed opossum,public,"fastq,run.zq,sra","ena,gs,ncbi,s3","ena,gs.us-east1,ncbi.public,s3.us-east-1",postnatal,2019-02-18,2018-12-31T17:02:27Z,2018-11-16,2018-05-30T14:21:04Z,ERX2620416,postnatal day 180,ovary,SAMEA4699465,wild type genotype,University of Heidelberg,2018-12-31T17:02:27Z,2018-05-30T14:21:04Z,public,Illumina HiSeq 2500,3999sTS.Opossum.Ovary.180dpb.Female_s,SINGLE,PolyA,TRANSCRIPTOMIC,ovary,Monodelphis domestica,ILLUMINA,2019-02-19T00:00:00Z,2021-10-24T07:32:00Z,2,SAMEA4699465,E-MTAB-6833:3999sTS.Opossum.Ovary.180dpb.Female,Monodelphis domestica,female,ERP109071,E-MTAB-6833:3999sTS.Opossum.Ovary.180dpb.Female
ERR2603761,180,RNA-Seq,101,4100852803,PRJEB27035,SAMEA4699466,ArrayExpress,1525509542,Lausanne Genomics Technology Facility,gray short-tailed opossum,public,"fastq,run.zq,sra","ena,gs,ncbi,s3","ena,gs.us-east1,ncbi.public,s3.us-east-1",postnatal,2019-02-18,2018-12-31T17:02:27Z,2018-11-16,2018-05-30T14:21:04Z,ERX2620417,postnatal day 180,ovary,SAMEA4699466,wild type genotype,University of Heidelberg,2018-12-31T17:02:27Z,2018-05-30T14:21:04Z,public,Illumina HiSeq 2500,5978sTS.Opossum.Ovary.20mpb.Female_s,SINGLE,PolyA,TRANSCRIPTOMIC,ovary,Monodelphis domestica,ILLUMINA,2019-02-19T00:00:00Z,2022-07-14T04:55:00Z,2,SAMEA4699466,E-MTAB-6833:5978sTS.Opossum.Ovary.20mpb.Female,Monodelphis domestica,female,ERP109071,E-MTAB-6833:5978sTS.Opossum.Ovary.20mpb.Female
ERR2603762,180,RNA-Seq,101,5262444410,PRJEB27035,SAMEA4699467,ArrayExpress,3385200527,Lausanne Genomics Technology Facility,gray short-tailed opossum,public,"fastq,run.zq,sra","ena,gs,ncbi,s3","ena,gs.us-east1,ncbi.public,s3.us-east-1",postnatal,2019-02-18,2018-12-31T17:02:27Z,2018-11-16,2018-05-30T14:21:04Z,ERX2620418,postnatal day 180,testis,SAMEA4699467,wild type genotype,University of Heidelberg,2018-12-31T17:02:27Z,2018-05-30T14:21:04Z,public,Illumina HiSeq 2500,3956sTS.Opossum.Testis.180dpb.Male_s,SINGLE,PolyA,TRANSCRIPTOMIC,testis,Monodelphis domestica,ILLUMINA,2019-02-19T00:00:00Z,2021-10-24T07:46:00Z,2,SAMEA4699467,E-MTAB-6833:3956sTS.Opossum.Testis.180dpb.Male,Monodelphis domestica,male,ERP109071,E-MTAB-6833:3956sTS.Opossum.Testis.180dpb.Male
ERR2603763,180,RNA-Seq,101,3405531938,PRJEB27035,SAMEA4699468,ArrayExpress,1215314090,Lausanne Genomics Technology Facility,gray short-tailed opossum,public,"fastq,run.zq,sra","ena,gs,ncbi,s3","ena,gs.us-east1,ncbi.public,s3.us-east-1",postnatal,2019-02-18,2018-12-31T17:02:27Z,2018-11-16,2018-05-30T14:21:04Z,ERX2620419,postnatal day 180,testis,SAMEA4699468,wild type genotype,University of Heidelberg,2018-12-31T17:02:27Z,2018-05-30T14:21:04Z,public,Illumina HiSeq 2500,3993sTS.Opossum.Testis.180dpb.Male_s,SINGLE,PolyA,TRANSCRIPTOMIC,testis,Monodelphis domestica,ILLUMINA,2019-02-19T00:00:00Z,2022-07-17T17:19:00Z,2,SAMEA4699468,E-MTAB-6833:3993sTS.Opossum.Testis.180dpb.Male,Monodelphis domestica,male,ERP109071,E-MTAB-6833:3993sTS.Opossum.Testis.180dpb.Male
ERR2603764,2,RNA-Seq,101,3544369871,PRJEB27035,SAMEA4699469,ArrayExpress,1368451795,Lausanne Genomics Technology Facility,gray short-tailed opossum,public,"fastq,run.zq,sra","ena,gs,ncbi,s3","ena,gs.us-east1,ncbi.public,s3.us-east-1",postnatal,2019-02-18,2018-12-31T17:02:27Z,2018-11-16,2018-05-30T14:21:04Z,ERX2620420,postnatal day 2,forebrain,SAMEA4699469,wild type genotype,University of Heidelberg,2018-12-31T17:02:27Z,2018-05-30T14:21:04Z,public,Illumina HiSeq 2500,5178sTS.Opossum.Brain.2dpb.Female_s,SINGLE,PolyA,TRANSCRIPTOMIC,forebrain,Monodelphis domestica,ILLUMINA,2019-02-19T00:00:00Z,2022-07-23T02:00:00Z,2,SAMEA4699469,E-MTAB-6833:5178sTS.Opossum.Brain.2dpb.Female,Monodelphis domestica,female,ERP109071,E-MTAB-6833:5178sTS.Opossum.Brain.2dpb.Female
ERR2603765,2,RNA-Seq,101,4387660988,PRJEB27035,SAMEA4699470,ArrayExpress,1565771044,Lausanne Genomics Technology Facility,gray short-tailed opossum,public,"fastq,run.zq,sra","ena,gs,ncbi,s3","ena,gs.us-east1,ncbi.public,s3.us-east-1",postnatal,2019-02-18,2018-12-31T17:02:27Z,2018-11-16,2018-05-30T14:21:04Z,ERX2620421,postnatal day 2,forebrain,SAMEA4699470,wild type genotype,University of Heidelberg,2018-12-31T17:02:27Z,2018-05-30T14:21:04Z,public,Illumina HiSeq 2500,5287sTS.Opossum.Brain.2dpb.Male_s,SINGLE,PolyA,TRANSCRIPTOMIC,forebrain,Monodelphis domestica,ILLUMINA,2019-02-19T00:00:00Z,2022-07-13T12:39:00Z,2,SAMEA4699470,E-MTAB-6833:5287sTS.Opossum.Brain.2dpb.Male,Monodelphis domestica,male,ERP109071,E-MTAB-6833:5287sTS.Opossum.Brain.2dpb.Male
ERR2603766,2,RNA-Seq,101,2588184489,PRJEB27035,SAMEA4699471,ArrayExpress,911165504,Lausanne Genomics Technology Facility,gray short-tailed opossum,public,"fastq,run.zq,sra","ena,gs,ncbi,s3","ena,gs.us-east1,ncbi.public,s3.us-east-1",postnatal,2019-02-18,2018-12-31T17:02:27Z,2018-11-16,2018-05-30T14:21:04Z,ERX2620422,postnatal day 2,forebrain,SAMEA4699471,wild type genotype,University of Heidelberg,2018-12-31T17:02:27Z,2018-05-30T14:21:04Z,public,Illumina HiSeq 2500,5289sTS.Opossum.Brain.2dpb.Female_s,SINGLE,PolyA,TRANSCRIPTOMIC,forebrain,Monodelphis domestica,ILLUMINA,2019-02-19T00:00:00Z,2021-10-24T07:33:00Z,2,SAMEA4699471,E-MTAB-6833:5289sTS.Opossum.Brain.2dpb.Female,Monodelphis domestica,female,ERP109071,E-MTAB-6833:5289sTS.Opossum.Brain.2dpb.Female
ERR2603767,2,RNA-Seq,101,1969284971,PRJEB27035,SAMEA4699472,ArrayExpress,693345625,Lausanne Genomics Technology Facility,gray short-tailed opossum,public,"fastq,run.zq,sra","ena,gs,ncbi,s3","ena,gs.us-east1,ncbi.public,s3.us-east-1",postnatal,2019-02-18,2018-12-31T17:02:27Z,2018-11-16,2018-05-30T14:21:05Z,ERX2620423,postnatal day 2,forebrain,SAMEA4699472,wild type genotype,University of Heidelberg,2018-12-31T17:02:27Z,2018-05-30T14:21:05Z,public,Illumina HiSeq 2500,5291sTS.Opossum.Brain.2dpb.Male_s,SINGLE,PolyA,TRANSCRIPTOMIC,forebrain,Monodelphis domestica,ILLUMINA,2019-02-19T00:00:00Z,2022-07-23T01:28:00Z,2,SAMEA4699472,E-MTAB-6833:5291sTS.Opossum.Brain.2dpb.Male,Monodelphis domestica,male,ERP109071,E-MTAB-6833:5291sTS.Opossum.Brain.2dpb.Male
ERR2603768,2,RNA-Seq,101,3819700214,PRJEB27035,SAMEA4699473,ArrayExpress,1492262912,Lausanne Genomics Technology Facility,gray short-tailed opossum,public,"fastq,run.zq,sra","ena,gs,ncbi,s3","ena,gs.us-east1,ncbi.public,s3.us-east-1",postnatal,2019-02-18,2018-12-31T17:02:27Z,2018-11-16,2018-05-30T14:21:05Z,ERX2620424,postnatal day 2,heart,SAMEA4699473,wild type genotype,University of Heidelberg,2018-12-31T17:02:27Z,2018-05-30T14:21:05Z,public,Illumina HiSeq 2500,5210sTS.Opossum.Heart.2dpb.Female_s,SINGLE,PolyA,TRANSCRIPTOMIC,heart,Monodelphis domestica,ILLUMINA,2019-02-19T00:00:00Z,2022-07-13T21:44:00Z,2,SAMEA4699473,E-MTAB-6833:5210sTS.Opossum.Heart.2dpb.Female,Monodelphis domestica,female,ERP109071,E-MTAB-6833:5210sTS.Opossum.Heart.2dpb.Female
ERR2603769,2,RNA-Seq,101,4330474889,PRJEB27035,SAMEA4699474,ArrayExpress,1675296328,Lausanne Genomics Technology Facility,gray short-tailed opossum,public,"fastq,run.zq,sra","ena,gs,ncbi,s3","ena,gs.us-east1,ncbi.public,s3.us-east-1",postnatal,2019-02-18,2018-12-31T17:02:27Z,2018-11-16,2018-05-30T14:21:05Z,ERX2620425,postnatal day 2,heart,SAMEA4699474,wild type genotype,University of Heidelberg,2018-12-31T17:02:27Z,2018-05-30T14:21:05Z,public,Illumina HiSeq 2500,5212sTS.Opossum.Heart.2dpb.Male_s,SINGLE,PolyA,TRANSCRIPTOMIC,heart,Monodelphis domestica,ILLUMINA,2019-02-19T00:00:00Z,2022-07-26T06:13:00Z,2,SAMEA4699474,E-MTAB-6833:5212sTS.Opossum.Heart.2dpb.Male,Monodelphis domestica,male,ERP109071,E-MTAB-6833:5212sTS.Opossum.Heart.2dpb.Male
ERR2603770,2,RNA-Seq,101,3297720296,PRJEB27035,SAMEA4699475,ArrayExpress,1296864827,Lausanne Genomics Technology Facility,gray short-tailed opossum,public,"fastq,run.zq,sra","ena,gs,ncbi,s3","ena,gs.us-east1,ncbi.public,s3.us-east-1",postnatal,2019-02-18,2018-12-31T17:02:27Z,2018-11-16,2018-05-30T14:21:05Z,ERX2620426,postnatal day 2,heart,SAMEA4699475,wild type genotype,University of Heidelberg,2018-12-31T17:02:27Z,2018-05-30T14:21:05Z,public,Illumina HiSeq 2500,5337sTS.Opossum.Heart.2dpb.Female_s,SINGLE,PolyA,TRANSCRIPTOMIC,heart,Monodelphis domestica,ILLUMINA,2019-02-19T00:00:00Z,2021-10-24T07:38:00Z,2,SAMEA4699475,E-MTAB-6833:5337sTS.Opossum.Heart.2dpb.Female,Monodelphis domestica,female,ERP109071,E-MTAB-6833:5337sTS.Opossum.Heart.2dpb.Female
ERR2603771,2,RNA-Seq,101,4262978205,PRJEB27035,SAMEA4699476,ArrayExpress,1680705500,Lausanne Genomics Technology Facility,gray short-tailed opossum,public,"fastq,run.zq,sra","ena,gs,ncbi,s3","ena,gs.us-east1,ncbi.public,s3.us-east-1",postnatal,2019-02-18,2018-12-31T17:02:27Z,2018-11-16,2018-05-30T14:21:05Z,ERX2620427,postnatal day 2,heart,SAMEA4699476,wild type genotype,University of Heidelberg,2018-12-31T17:02:27Z,2018-05-30T14:21:05Z,public,Illumina HiSeq 2500,5339sTS.Opossum.Heart.2dpb.Male_s,SINGLE,PolyA,TRANSCRIPTOMIC,heart,Monodelphis domestica,ILLUMINA,2019-02-19T00:00:00Z,2022-07-14T04:57:00Z,2,SAMEA4699476,E-MTAB-6833:5339sTS.Opossum.Heart.2dpb.Male,Monodelphis domestica,male,ERP109071,E-MTAB-6833:5339sTS.Opossum.Heart.2dpb.Male
ERR2603772,2,RNA-Seq,101,4481762789,PRJEB27035,SAMEA4699477,ArrayExpress,1728991960,Lausanne Genomics Technology Facility,gray short-tailed opossum,public,"fastq,run.zq,sra","ena,gs,ncbi,s3","ena,gs.us-east1,ncbi.public,s3.us-east-1",postnatal,2019-02-18,2018-12-31T17:02:27Z,2018-11-16,2018-05-30T14:21:05Z,ERX2620428,postnatal day 2,hindbrain,SAMEA4699477,wild type genotype,University of Heidelberg,2018-12-31T17:02:27Z,2018-05-30T14:21:05Z,public,Illumina HiSeq 2500,5179sTS.Opossum.Cerebellum.2dpb.Female_s,SINGLE,PolyA,TRANSCRIPTOMIC,hindbrain,Monodelphis domestica,ILLUMINA,2019-02-19T00:00:00Z,2021-10-24T07:44:00Z,2,SAMEA4699477,E-MTAB-6833:5179sTS.Opossum.Cerebellum.2dpb.Female,Monodelphis domestica,female,ERP109071,E-MTAB-6833:5179sTS.Opossum.Cerebellum.2dpb.Female
ERR2603773,2,RNA-Seq,101,1573332550,PRJEB27035,SAMEA4699478,ArrayExpress,552406581,Lausanne Genomics Technology Facility,gray short-tailed opossum,public,"fastq,run.zq,sra","ena,gs,ncbi,s3","ena,gs.us-east1,ncbi.public,s3.us-east-1",postnatal,2019-02-18,2018-12-31T17:02:27Z,2018-11-16,2018-05-30T14:21:05Z,ERX2620429,postnatal day 2,hindbrain,SAMEA4699478,wild type genotype,University of Heidelberg,2018-12-31T17:02:27Z,2018-05-30T14:21:05Z,public,Illumina HiSeq 2500,5286sTS.Opossum.Cerebellum.2dpb.Male_s,SINGLE,PolyA,TRANSCRIPTOMIC,hindbrain,Monodelphis domestica,ILLUMINA,2019-02-19T00:00:00Z,2022-07-26T06:07:00Z,2,SAMEA4699478,E-MTAB-6833:5286sTS.Opossum.Cerebellum.2dpb.Male,Monodelphis domestica,male,ERP109071,E-MTAB-6833:5286sTS.Opossum.Cerebellum.2dpb.Male
ERR2603774,2,RNA-Seq,101,5431727682,PRJEB27035,SAMEA4699479,ArrayExpress,1929238733,Lausanne Genomics Technology Facility,gray short-tailed opossum,public,"fastq,run.zq,sra","ena,gs,ncbi,s3","ena,gs.us-east1,ncbi.public,s3.us-east-1",postnatal,2019-02-18,2018-12-31T17:02:27Z,2018-11-16,2018-05-30T14:21:05Z,ERX2620430,postnatal day 2,hindbrain,SAMEA4699479,wild type genotype,University of Heidelberg,2018-12-31T17:02:27Z,2018-05-30T14:21:05Z,public,Illumina HiSeq 2500,5288sTS.Opossum.Cerebellum.2dpb.Male_s,SINGLE,PolyA,TRANSCRIPTOMIC,hindbrain,Monodelphis domestica,ILLUMINA,2019-02-19T00:00:00Z,2022-07-15T21:49:00Z,2,SAMEA4699479,E-MTAB-6833:5288sTS.Opossum.Cerebellum.2dpb.Male,Monodelphis domestica,male,ERP109071,E-MTAB-6833:5288sTS.Opossum.Cerebellum.2dpb.Male
ERR2603775,2,RNA-Seq,101,8502325440,PRJEB27035,SAMEA4699480,ArrayExpress,2944609486,Lausanne Genomics Technology Facility,gray short-tailed opossum,public,"fastq,run.zq,sra","ena,gs,ncbi,s3","ena,gs.us-east1,ncbi.public,s3.us-east-1",postnatal,2019-02-18,2018-12-31T17:02:27Z,2018-11-16,2018-05-30T14:21:05Z,ERX2620431,postnatal day 2,hindbrain,SAMEA4699480,wild type genotype,University of Heidelberg,2018-12-31T17:02:27Z,2018-05-30T14:21:05Z,public,Illumina HiSeq 2500,5290sTS.Opossum.Cerebellum.2dpb.Female_s,SINGLE,PolyA,TRANSCRIPTOMIC,hindbrain,Monodelphis domestica,ILLUMINA,2019-02-19T00:00:00Z,2022-07-21T14:11:00Z,2,SAMEA4699480,E-MTAB-6833:5290sTS.Opossum.Cerebellum.2dpb.Female,Monodelphis domestica,female,ERP109071,E-MTAB-6833:5290sTS.Opossum.Cerebellum.2dpb.Female
ERR2603776,2,RNA-Seq,101,2349968414,PRJEB27035,SAMEA4699481,ArrayExpress,829378722,Lausanne Genomics Technology Facility,gray short-tailed opossum,public,"fastq,run.zq,sra","ena,gs,ncbi,s3","ena,gs.us-east1,ncbi.public,s3.us-east-1",postnatal,2019-02-18,2018-12-31T17:02:27Z,2018-11-16,2018-05-30T14:21:05Z,ERX2620432,postnatal day 2,hindbrain,SAMEA4699481,wild type genotype,University of Heidelberg,2018-12-31T17:02:27Z,2018-05-30T14:21:05Z,public,Illumina HiSeq 2500,5292sTS.Opossum.Cerebellum.2dpb.Male_s,SINGLE,PolyA,TRANSCRIPTOMIC,hindbrain,Monodelphis domestica,ILLUMINA,2019-02-19T00:00:00Z,2022-07-26T06:08:00Z,2,SAMEA4699481,E-MTAB-6833:5292sTS.Opossum.Cerebellum.2dpb.Male,Monodelphis domestica,male,ERP109071,E-MTAB-6833:5292sTS.Opossum.Cerebellum.2dpb.Male
ERR2603777,2,RNA-Seq,101,3053590974,PRJEB27035,SAMEA4699482,ArrayExpress,1191060942,Lausanne Genomics Technology Facility,gray short-tailed opossum,public,"fastq,run.zq,sra","ena,gs,ncbi,s3","ena,gs.us-east1,ncbi.public,s3.us-east-1",postnatal,2019-02-18,2018-12-31T17:02:27Z,2018-11-16,2018-05-30T14:21:05Z,ERX2620433,postnatal day 2,liver,SAMEA4699482,wild type genotype,University of Heidelberg,2018-12-31T17:02:27Z,2018-05-30T14:21:05Z,public,Illumina HiSeq 2500,5211sTS.Opossum.Liver.2dpb.Female_s,SINGLE,PolyA,TRANSCRIPTOMIC,liver,Monodelphis domestica,ILLUMINA,2019-02-19T00:00:00Z,2022-07-17T17:17:00Z,2,SAMEA4699482,E-MTAB-6833:5211sTS.Opossum.Liver.2dpb.Female,Monodelphis domestica,female,ERP109071,E-MTAB-6833:5211sTS.Opossum.Liver.2dpb.Female
ERR2603778,2,RNA-Seq,101,4033809609,PRJEB27035,SAMEA4699483,ArrayExpress,1574395758,Lausanne Genomics Technology Facility,gray short-tailed opossum,public,"fastq,run.zq,sra","ena,gs,ncbi,s3","ena,gs.us-east1,ncbi.public,s3.us-east-1",postnatal,2019-02-18,2018-12-31T17:02:27Z,2018-11-16,2018-05-30T14:21:05Z,ERX2620434,postnatal day 2,liver,SAMEA4699483,wild type genotype,University of Heidelberg,2018-12-31T17:02:27Z,2018-05-30T14:21:05Z,public,Illumina HiSeq 2500,5213sTS.Opossum.Liver.2dpb.Male_s,SINGLE,PolyA,TRANSCRIPTOMIC,liver,Monodelphis domestica,ILLUMINA,2019-02-19T00:00:00Z,2021-10-24T07:36:00Z,2,SAMEA4699483,E-MTAB-6833:5213sTS.Opossum.Liver.2dpb.Male,Monodelphis domestica,male,ERP109071,E-MTAB-6833:5213sTS.Opossum.Liver.2dpb.Male
ERR2603779,2,RNA-Seq,101,3379198612,PRJEB27035,SAMEA4699484,ArrayExpress,1330200764,Lausanne Genomics Technology Facility,gray short-tailed opossum,public,"fastq,run.zq,sra","ena,gs,ncbi,s3","ena,gs.us-east1,ncbi.public,s3.us-east-1",postnatal,2019-02-18,2018-12-31T17:02:27Z,2018-11-16,2018-05-30T14:21:05Z,ERX2620435,postnatal day 2,liver,SAMEA4699484,wild type genotype,University of Heidelberg,2018-12-31T17:02:27Z,2018-05-30T14:21:05Z,public,Illumina HiSeq 2500,5338sTS.Opossum.Liver.2dpb.Female_s,SINGLE,PolyA,TRANSCRIPTOMIC,liver,Monodelphis domestica,ILLUMINA,2019-02-19T00:00:00Z,2022-07-26T06:11:00Z,2,SAMEA4699484,E-MTAB-6833:5338sTS.Opossum.Liver.2dpb.Female,Monodelphis domestica,female,ERP109071,E-MTAB-6833:5338sTS.Opossum.Liver.2dpb.Female
ERR2603780,2,RNA-Seq,101,2732964353,PRJEB27035,SAMEA4699485,ArrayExpress,1082119942,Lausanne Genomics Technology Facility,gray short-tailed opossum,public,"fastq,run.zq,sra","ena,gs,ncbi,s3","ena,gs.us-east1,ncbi.public,s3.us-east-1",postnatal,2019-02-18,2018-12-31T17:02:27Z,2018-11-16,2018-05-30T14:21:05Z,ERX2620436,postnatal day 2,liver,SAMEA4699485,wild type genotype,University of Heidelberg,2018-12-31T17:02:27Z,2018-05-30T14:21:05Z,public,Illumina HiSeq 2500,5340sTS.Opossum.Liver.2dpb.Male_s,SINGLE,PolyA,TRANSCRIPTOMIC,liver,Monodelphis domestica,ILLUMINA,2019-02-19T00:00:00Z,2021-10-24T07:34:00Z,2,SAMEA4699485,E-MTAB-6833:5340sTS.Opossum.Liver.2dpb.Male,Monodelphis domestica,male,ERP109071,E-MTAB-6833:5340sTS.Opossum.Liver.2dpb.Male
ERR2603781,2,RNA-Seq,101,3228454900,PRJEB27035,SAMEA4699486,ArrayExpress,1159465573,Lausanne Genomics Technology Facility,gray short-tailed opossum,public,"fastq,run.zq,sra","ena,gs,ncbi,s3","ena,gs.us-east1,ncbi.public,s3.us-east-1",postnatal,2019-02-18,2018-12-31T17:02:27Z,2018-11-16,2018-05-30T14:21:05Z,ERX2620437,postnatal day 2,ovary,SAMEA4699486,wild type genotype,University of Heidelberg,2018-12-31T17:02:27Z,2018-05-30T14:21:05Z,public,Illumina HiSeq 2500,4491sTS.Opossum.Ovary.2dpb.Female_s,SINGLE,PolyA,TRANSCRIPTOMIC,ovary,Monodelphis domestica,ILLUMINA,2019-02-19T00:00:00Z,2022-07-26T06:10:00Z,2,SAMEA4699486,E-MTAB-6833:4491sTS.Opossum.Ovary.2dpb.Female,Monodelphis domestica,female,ERP109071,E-MTAB-6833:4491sTS.Opossum.Ovary.2dpb.Female
ERR2603782,2,RNA-Seq,101,3004273482,PRJEB27035,SAMEA4699487,ArrayExpress,1070584568,Lausanne Genomics Technology Facility,gray short-tailed opossum,public,"fastq,run.zq,sra","ena,gs,ncbi,s3","ena,gs.us-east1,ncbi.public,s3.us-east-1",postnatal,2019-02-18,2018-12-31T17:02:27Z,2018-11-16,2018-05-30T14:21:05Z,ERX2620438,postnatal day 2,testis,SAMEA4699487,wild type genotype,University of Heidelberg,2018-12-31T17:02:27Z,2018-05-30T14:21:05Z,public,Illumina HiSeq 2500,4492sTS.Opossum.Testis.2dpb.Male_s,SINGLE,PolyA,TRANSCRIPTOMIC,testis,Monodelphis domestica,ILLUMINA,2019-02-19T00:00:00Z,2022-07-14T10:04:00Z,2,SAMEA4699487,E-MTAB-6833:4492sTS.Opossum.Testis.2dpb.Male,Monodelphis domestica,male,ERP109071,E-MTAB-6833:4492sTS.Opossum.Testis.2dpb.Male
ERR2603783,21,RNA-Seq,101,3308232578,PRJEB27035,SAMEA4699488,ArrayExpress,1239480020,Lausanne Genomics Technology Facility,gray short-tailed opossum,public,"fastq,run.zq,sra","ena,gs,ncbi,s3","ena,gs.us-east1,ncbi.public,s3.us-east-1",postnatal,2019-02-18,2018-12-31T17:02:27Z,2018-11-16,2018-05-30T14:21:05Z,ERX2620439,postnatal day 21,forebrain,SAMEA4699488,wild type genotype,University of Heidelberg,2018-12-31T17:02:27Z,2018-05-30T14:21:05Z,public,Illumina HiSeq 2500,4690sTS.Opossum.Brain.21dpb.Female_s,SINGLE,PolyA,TRANSCRIPTOMIC,forebrain,Monodelphis domestica,ILLUMINA,2019-02-19T00:00:00Z,2021-10-24T07:40:00Z,2,SAMEA4699488,E-MTAB-6833:4690sTS.Opossum.Brain.21dpb.Female,Monodelphis domestica,female,ERP109071,E-MTAB-6833:4690sTS.Opossum.Brain.21dpb.Female
ERR2603784,21,RNA-Seq,101,2710284601,PRJEB27035,SAMEA4699489,ArrayExpress,970950117,Lausanne Genomics Technology Facility,gray short-tailed opossum,public,"fastq,run.zq,sra","ena,gs,ncbi,s3","ena,gs.us-east1,ncbi.public,s3.us-east-1",postnatal,2019-02-18,2018-12-31T17:02:27Z,2018-11-16,2018-05-30T14:21:05Z,ERX2620440,postnatal day 21,forebrain,SAMEA4699489,wild type genotype,University of Heidelberg,2018-12-31T17:02:27Z,2018-05-30T14:21:05Z,public,Illumina HiSeq 2500,4692sTS.Opossum.Brain.21dpb.Female_s,SINGLE,PolyA,TRANSCRIPTOMIC,forebrain,Monodelphis domestica,ILLUMINA,2019-02-19T00:00:00Z,2022-07-26T06:10:00Z,2,SAMEA4699489,E-MTAB-6833:4692sTS.Opossum.Brain.21dpb.Female,Monodelphis domestica,female,ERP109071,E-MTAB-6833:4692sTS.Opossum.Brain.21dpb.Female
ERR2603785,21,RNA-Seq,101,3513827067,PRJEB27035,SAMEA4699490,ArrayExpress,1319750758,Lausanne Genomics Technology Facility,gray short-tailed opossum,public,"fastq,run.zq,sra","ena,gs,ncbi,s3","ena,gs.us-east1,ncbi.public,s3.us-east-1",postnatal,2019-02-18,2018-12-31T17:02:27Z,2018-11-16,2018-05-30T14:21:05Z,ERX2620441,postnatal day 21,forebrain,SAMEA4699490,wild type genotype,University of Heidelberg,2018-12-31T17:02:27Z,2018-05-30T14:21:05Z,public,Illumina HiSeq 2500,4694sTS.Opossum.Brain.21dpb.Male_s,SINGLE,PolyA,TRANSCRIPTOMIC,forebrain,Monodelphis domestica,ILLUMINA,2019-02-19T00:00:00Z,2022-07-18T06:39:00Z,2,SAMEA4699490,E-MTAB-6833:4694sTS.Opossum.Brain.21dpb.Male,Monodelphis domestica,male,ERP109071,E-MTAB-6833:4694sTS.Opossum.Brain.21dpb.Male
ERR2603786,21,RNA-Seq,101,3606824029,PRJEB27035,SAMEA4699491,ArrayExpress,1296790931,Lausanne Genomics Technology Facility,gray short-tailed opossum,public,"fastq,run.zq,sra","ena,gs,ncbi,s3","ena,gs.us-east1,ncbi.public,s3.us-east-1",postnatal,2019-02-18,2018-12-31T17:02:27Z,2018-11-16,2018-05-30T14:21:05Z,ERX2620442,postnatal day 21,forebrain,SAMEA4699491,wild type genotype,University of Heidelberg,2018-12-31T17:02:27Z,2018-05-30T14:21:05Z,public,Illumina HiSeq 2500,4696sTS.Opossum.Brain.21dpb.Male_s,SINGLE,PolyA,TRANSCRIPTOMIC,forebrain,Monodelphis domestica,ILLUMINA,2019-02-19T00:00:00Z,2022-07-17T20:17:00Z,2,SAMEA4699491,E-MTAB-6833:4696sTS.Opossum.Brain.21dpb.Male,Monodelphis domestica,male,ERP109071,E-MTAB-6833:4696sTS.Opossum.Brain.21dpb.Male
ERR2603787,21,RNA-Seq,101,2987440822,PRJEB27035,SAMEA4699492,ArrayExpress,1038948414,Lausanne Genomics Technology Facility,gray short-tailed opossum,public,"fastq,run.zq,sra","ena,gs,ncbi,s3","ena,gs.us-east1,ncbi.public,s3.us-east-1",postnatal,2019-02-18,2018-12-31T17:02:27Z,2018-11-16,2018-05-30T14:21:06Z,ERX2620443,postnatal day 21,heart,SAMEA4699492,wild type genotype,University of Heidelberg,2018-12-31T17:02:27Z,2018-05-30T14:21:06Z,public,Illumina HiSeq 2500,4679sTS.Opossum.Heart.21dpb.Female_s,SINGLE,PolyA,TRANSCRIPTOMIC,heart,Monodelphis domestica,ILLUMINA,2019-02-19T00:00:00Z,2022-07-26T06:11:00Z,2,SAMEA4699492,E-MTAB-6833:4679sTS.Opossum.Heart.21dpb.Female,Monodelphis domestica,female,ERP109071,E-MTAB-6833:4679sTS.Opossum.Heart.21dpb.Female
ERR2603788,21,RNA-Seq,101,3539864867,PRJEB27035,SAMEA4699493,ArrayExpress,1410608222,Lausanne Genomics Technology Facility,gray short-tailed opossum,public,"fastq,run.zq,sra","ena,gs,ncbi,s3","ena,gs.us-east1,ncbi.public,s3.us-east-1",postnatal,2019-02-18,2018-12-31T17:02:27Z,2018-11-16,2018-05-30T14:21:06Z,ERX2620444,postnatal day 21,heart,SAMEA4699493,wild type genotype,University of Heidelberg,2018-12-31T17:02:27Z,2018-05-30T14:21:06Z,public,Illumina HiSeq 2500,4760sTS.Opossum.Heart.21dpb.Male_s,SINGLE,PolyA,TRANSCRIPTOMIC,heart,Monodelphis domestica,ILLUMINA,2019-02-19T00:00:00Z,2022-07-14T16:44:00Z,2,SAMEA4699493,E-MTAB-6833:4760sTS.Opossum.Heart.21dpb.Male,Monodelphis domestica,male,ERP109071,E-MTAB-6833:4760sTS.Opossum.Heart.21dpb.Male
ERR2603789,21,RNA-Seq,101,3354203334,PRJEB27035,SAMEA4699494,ArrayExpress,1260576277,Lausanne Genomics Technology Facility,gray short-tailed opossum,public,"fastq,run.zq,sra","ena,gs,ncbi,s3","ena,gs.us-east1,ncbi.public,s3.us-east-1",postnatal,2019-02-18,2018-12-31T17:02:27Z,2018-11-16,2018-05-30T14:21:06Z,ERX2620445,postnatal day 21,hindbrain,SAMEA4699494,wild type genotype,University of Heidelberg,2018-12-31T17:02:27Z,2018-05-30T14:21:06Z,public,Illumina HiSeq 2500,4691sTS.Opossum.Cerebellum.21dpb.Female_s,SINGLE,PolyA,TRANSCRIPTOMIC,hindbrain,Monodelphis domestica,ILLUMINA,2019-02-19T00:00:00Z,2021-10-24T08:06:00Z,2,SAMEA4699494,E-MTAB-6833:4691sTS.Opossum.Cerebellum.21dpb.Female,Monodelphis domestica,female,ERP109071,E-MTAB-6833:4691sTS.Opossum.Cerebellum.21dpb.Female
ERR2603790,21,RNA-Seq,101,3727203000,PRJEB27035,SAMEA4699495,ArrayExpress,1402096997,Lausanne Genomics Technology Facility,gray short-tailed opossum,public,"fastq,run.zq,sra","ena,gs,ncbi,s3","ena,gs.us-east1,ncbi.public,s3.us-east-1",postnatal,2019-02-18,2018-12-31T17:02:27Z,2018-11-16,2018-05-30T14:21:06Z,ERX2620446,postnatal day 21,hindbrain,SAMEA4699495,wild type genotype,University of Heidelberg,2018-12-31T17:02:27Z,2018-05-30T14:21:06Z,public,Illumina HiSeq 2500,4695sTS.Opossum.Cerebellum.21dpb.Male_s,SINGLE,PolyA,TRANSCRIPTOMIC,hindbrain,Monodelphis domestica,ILLUMINA,2019-02-19T00:00:00Z,2022-07-26T06:12:00Z,2,SAMEA4699495,E-MTAB-6833:4695sTS.Opossum.Cerebellum.21dpb.Male,Monodelphis domestica,male,ERP109071,E-MTAB-6833:4695sTS.Opossum.Cerebellum.21dpb.Male
ERR2603791,21,RNA-Seq,101,3030405313,PRJEB27035,SAMEA4699496,ArrayExpress,1088343851,Lausanne Genomics Technology Facility,gray short-tailed opossum,public,"fastq,run.zq,sra","ena,gs,ncbi,s3","ena,gs.us-east1,ncbi.public,s3.us-east-1",postnatal,2019-02-18,2018-12-31T17:02:27Z,2018-11-16,2018-05-30T14:21:06Z,ERX2620447,postnatal day 21,hindbrain,SAMEA4699496,wild type genotype,University of Heidelberg,2018-12-31T17:02:27Z,2018-05-30T14:21:06Z,public,Illumina HiSeq 2500,4697sTS.Opossum.Cerebellum.21dpb.Male_s,SINGLE,PolyA,TRANSCRIPTOMIC,hindbrain,Monodelphis domestica,ILLUMINA,2019-02-19T00:00:00Z,2021-10-24T07:43:00Z,2,SAMEA4699496,E-MTAB-6833:4697sTS.Opossum.Cerebellum.21dpb.Male,Monodelphis domestica,male,ERP109071,E-MTAB-6833:4697sTS.Opossum.Cerebellum.21dpb.Male
ERR2603792,21,RNA-Seq,101,3195756857,PRJEB27035,SAMEA4699497,ArrayExpress,1110762586,Lausanne Genomics Technology Facility,gray short-tailed opossum,public,"fastq,run.zq,sra","ena,gs,ncbi,s3","ena,gs.us-east1,ncbi.public,s3.us-east-1",postnatal,2019-02-18,2018-12-31T17:02:27Z,2018-11-16,2018-05-30T14:21:06Z,ERX2620448,postnatal day 21,kidney,SAMEA4699497,wild type genotype,University of Heidelberg,2018-12-31T17:02:27Z,2018-05-30T14:21:06Z,public,Illumina HiSeq 2500,4680sTS.Opossum.Kidney.21dpb.Female_s,SINGLE,PolyA,TRANSCRIPTOMIC,kidney,Monodelphis domestica,ILLUMINA,2019-02-19T00:00:00Z,2022-07-20T11:16:00Z,2,SAMEA4699497,E-MTAB-6833:4680sTS.Opossum.Kidney.21dpb.Female,Monodelphis domestica,female,ERP109071,E-MTAB-6833:4680sTS.Opossum.Kidney.21dpb.Female
ERR2603793,21,RNA-Seq,101,5040296122,PRJEB27035,SAMEA4699498,ArrayExpress,1914550886,Lausanne Genomics Technology Facility,gray short-tailed opossum,public,"fastq,run.zq,sra","ena,gs,ncbi,s3","ena,gs.us-east1,ncbi.public,s3.us-east-1",postnatal,2019-02-18,2018-12-31T17:02:27Z,2018-11-16,2018-05-30T14:21:06Z,ERX2620449,postnatal day 21,kidney,SAMEA4699498,wild type genotype,University of Heidelberg,2018-12-31T17:02:27Z,2018-05-30T14:21:06Z,public,Illumina HiSeq 2500,4758sTS.Opossum.Kidney.21dpb.Female_s,SINGLE,PolyA,TRANSCRIPTOMIC,kidney,Monodelphis domestica,ILLUMINA,2019-02-19T00:00:00Z,2022-07-26T06:17:00Z,2,SAMEA4699498,E-MTAB-6833:4758sTS.Opossum.Kidney.21dpb.Female,Monodelphis domestica,female,ERP109071,E-MTAB-6833:4758sTS.Opossum.Kidney.21dpb.Female
ERR2603794,21,RNA-Seq,101,3302345894,PRJEB27035,SAMEA4699499,ArrayExpress,1315596419,Lausanne Genomics Technology Facility,gray short-tailed opossum,public,"fastq,run.zq,sra","ena,gs,ncbi,s3","ena,gs.us-east1,ncbi.public,s3.us-east-1",postnatal,2019-02-18,2018-12-31T17:02:27Z,2018-11-16,2018-05-30T14:21:06Z,ERX2620450,postnatal day 21,kidney,SAMEA4699499,wild type genotype,University of Heidelberg,2018-12-31T17:02:27Z,2018-05-30T14:21:06Z,public,Illumina HiSeq 2500,4761sTS.Opossum.Kidney.21dpb.Male_s,SINGLE,PolyA,TRANSCRIPTOMIC,kidney,Monodelphis domestica,ILLUMINA,2019-02-19T00:00:00Z,2021-10-24T07:36:00Z,2,SAMEA4699499,E-MTAB-6833:4761sTS.Opossum.Kidney.21dpb.Male,Monodelphis domestica,male,ERP109071,E-MTAB-6833:4761sTS.Opossum.Kidney.21dpb.Male
ERR2603795,21,RNA-Seq,101,3226152504,PRJEB27035,SAMEA4699500,ArrayExpress,1298488858,Lausanne Genomics Technology Facility,gray short-tailed opossum,public,"fastq,run.zq,sra","ena,gs,ncbi,s3","ena,gs.us-east1,ncbi.public,s3.us-east-1",postnatal,2019-02-18,2018-12-31T17:02:27Z,2018-11-16,2018-05-30T14:21:06Z,ERX2620451,postnatal day 21,kidney,SAMEA4699500,wild type genotype,University of Heidelberg,2018-12-31T17:02:27Z,2018-05-30T14:21:06Z,public,Illumina HiSeq 2500,4764sTS.Opossum.Kidney.21dpb.Male_s,SINGLE,PolyA,TRANSCRIPTOMIC,kidney,Monodelphis domestica,ILLUMINA,2019-02-19T00:00:00Z,2022-07-19T15:39:00Z,2,SAMEA4699500,E-MTAB-6833:4764sTS.Opossum.Kidney.21dpb.Male,Monodelphis domestica,male,ERP109071,E-MTAB-6833:4764sTS.Opossum.Kidney.21dpb.Male
ERR2603796,21,RNA-Seq,101,3656962853,PRJEB27035,SAMEA4699501,ArrayExpress,1263242938,Lausanne Genomics Technology Facility,gray short-tailed opossum,public,"fastq,run.zq,sra","ena,gs,ncbi,s3","ena,gs.us-east1,ncbi.public,s3.us-east-1",postnatal,2019-02-18,2018-12-31T17:02:27Z,2018-11-16,2018-05-30T14:21:06Z,ERX2620452,postnatal day 21,liver,SAMEA4699501,wild type genotype,University of Heidelberg,2018-12-31T17:02:27Z,2018-05-30T14:21:06Z,public,Illumina HiSeq 2500,4681sTS.Opossum.Liver.21dpb.Female_s,SINGLE,PolyA,TRANSCRIPTOMIC,liver,Monodelphis domestica,ILLUMINA,2019-02-19T00:00:00Z,2022-07-26T06:11:00Z,2,SAMEA4699501,E-MTAB-6833:4681sTS.Opossum.Liver.21dpb.Female,Monodelphis domestica,female,ERP109071,E-MTAB-6833:4681sTS.Opossum.Liver.21dpb.Female
ERR2603797,21,RNA-Seq,101,2997817966,PRJEB27035,SAMEA4699502,ArrayExpress,1218227310,Lausanne Genomics Technology Facility,gray short-tailed opossum,public,"fastq,run.zq,sra","ena,gs,ncbi,s3","ena,gs.us-east1,ncbi.public,s3.us-east-1",postnatal,2019-02-18,2018-12-31T17:02:27Z,2018-11-16,2018-05-30T14:21:06Z,ERX2620453,postnatal day 21,liver,SAMEA4699502,wild type genotype,University of Heidelberg,2018-12-31T17:02:27Z,2018-05-30T14:21:06Z,public,Illumina HiSeq 2500,4759sTS.Opossum.Liver.21dpb.Female_s,SINGLE,PolyA,TRANSCRIPTOMIC,liver,Monodelphis domestica,ILLUMINA,2019-02-19T00:00:00Z,2022-07-15T21:45:00Z,2,SAMEA4699502,E-MTAB-6833:4759sTS.Opossum.Liver.21dpb.Female,Monodelphis domestica,female,ERP109071,E-MTAB-6833:4759sTS.Opossum.Liver.21dpb.Female
ERR2603798,21,RNA-Seq,101,3894443042,PRJEB27035,SAMEA4699503,ArrayExpress,1564759932,Lausanne Genomics Technology Facility,gray short-tailed opossum,public,"fastq,run.zq,sra","ena,gs,ncbi,s3","ena,gs.us-east1,ncbi.public,s3.us-east-1",postnatal,2019-02-18,2018-12-31T17:02:27Z,2018-11-16,2018-05-30T14:21:06Z,ERX2620454,postnatal day 21,liver,SAMEA4699503,wild type genotype,University of Heidelberg,2018-12-31T17:02:27Z,2018-05-30T14:21:06Z,public,Illumina HiSeq 2500,4762sTS.Opossum.Liver.21dpb.Male_s,SINGLE,PolyA,TRANSCRIPTOMIC,liver,Monodelphis domestica,ILLUMINA,2019-02-19T00:00:00Z,2021-10-24T07:39:00Z,2,SAMEA4699503,E-MTAB-6833:4762sTS.Opossum.Liver.21dpb.Male,Monodelphis domestica,male,ERP109071,E-MTAB-6833:4762sTS.Opossum.Liver.21dpb.Male
ERR2603799,21,RNA-Seq,101,3860087993,PRJEB27035,SAMEA4699504,ArrayExpress,1553371035,Lausanne Genomics Technology Facility,gray short-tailed opossum,public,"fastq,run.zq,sra","ena,gs,ncbi,s3","ena,gs.us-east1,ncbi.public,s3.us-east-1",postnatal,2019-02-18,2018-12-31T17:02:27Z,2018-11-16,2018-05-30T14:21:06Z,ERX2620455,postnatal day 21,liver,SAMEA4699504,wild type genotype,University of Heidelberg,2018-12-31T17:02:27Z,2018-05-30T14:21:06Z,public,Illumina HiSeq 2500,4765sTS.Opossum.Liver.21dpb.Male_s,SINGLE,PolyA,TRANSCRIPTOMIC,liver,Monodelphis domestica,ILLUMINA,2019-02-19T00:00:00Z,2021-10-24T07:39:00Z,2,SAMEA4699504,E-MTAB-6833:4765sTS.Opossum.Liver.21dpb.Male,Monodelphis domestica,male,ERP109071,E-MTAB-6833:4765sTS.Opossum.Liver.21dpb.Male
ERR2603800,21,RNA-Seq,101,3083202255,PRJEB27035,SAMEA4699505,ArrayExpress,1119809068,Lausanne Genomics Technology Facility,gray short-tailed opossum,public,"fastq,run.zq,sra","ena,gs,ncbi,s3","ena,gs.us-east1,ncbi.public,s3.us-east-1",postnatal,2019-02-18,2018-12-31T17:02:27Z,2018-11-16,2018-05-30T14:21:06Z,ERX2620456,postnatal day 21,ovary,SAMEA4699505,wild type genotype,University of Heidelberg,2018-12-31T17:02:27Z,2018-05-30T14:21:06Z,public,Illumina HiSeq 2500,4956sTS.Opossum.Ovary.21dpb.Female_s,SINGLE,PolyA,TRANSCRIPTOMIC,ovary,Monodelphis domestica,ILLUMINA,2019-02-19T00:00:00Z,2022-07-17T10:01:00Z,2,SAMEA4699505,E-MTAB-6833:4956sTS.Opossum.Ovary.21dpb.Female,Monodelphis domestica,female,ERP109071,E-MTAB-6833:4956sTS.Opossum.Ovary.21dpb.Female
ERR2603801,21,RNA-Seq,101,3129863447,PRJEB27035,SAMEA4699506,ArrayExpress,1203055959,Lausanne Genomics Technology Facility,gray short-tailed opossum,public,"fastq,run.zq,sra","ena,gs,ncbi,s3","ena,gs.us-east1,ncbi.public,s3.us-east-1",postnatal,2019-02-18,2018-12-31T17:02:27Z,2018-11-16,2018-05-30T14:21:06Z,ERX2620457,postnatal day 21,ovary,SAMEA4699506,wild type genotype,University of Heidelberg,2018-12-31T17:02:27Z,2018-05-30T14:21:06Z,public,Illumina HiSeq 2500,4957sTS.Opossum.Ovary.21dpb.Female_s,SINGLE,PolyA,TRANSCRIPTOMIC,ovary,Monodelphis domestica,ILLUMINA,2019-02-19T00:00:00Z,2022-07-26T06:12:00Z,2,SAMEA4699506,E-MTAB-6833:4957sTS.Opossum.Ovary.21dpb.Female,Monodelphis domestica,female,ERP109071,E-MTAB-6833:4957sTS.Opossum.Ovary.21dpb.Female
ERR2603802,21,RNA-Seq,101,5200744823,PRJEB27035,SAMEA4699507,ArrayExpress,1998014865,Lausanne Genomics Technology Facility,gray short-tailed opossum,public,"fastq,run.zq,sra","ena,gs,ncbi,s3","ena,gs.us-east1,ncbi.public,s3.us-east-1",postnatal,2019-02-18,2018-12-31T17:02:27Z,2018-11-16,2018-05-30T14:21:06Z,ERX2620458,postnatal day 21,testis,SAMEA4699507,wild type genotype,University of Heidelberg,2018-12-31T17:02:27Z,2018-05-30T14:21:06Z,public,Illumina HiSeq 2500,5329sTS.Opossum.Testis.21dpb.Male_s,SINGLE,PolyA,TRANSCRIPTOMIC,testis,Monodelphis domestica,ILLUMINA,2019-02-19T00:00:00Z,2022-07-26T06:16:00Z,2,SAMEA4699507,E-MTAB-6833:5329sTS.Opossum.Testis.21dpb.Male,Monodelphis domestica,male,ERP109071,E-MTAB-6833:5329sTS.Opossum.Testis.21dpb.Male
ERR2603803,21,RNA-Seq,101,4328585179,PRJEB27035,SAMEA4699508,ArrayExpress,1706666723,Lausanne Genomics Technology Facility,gray short-tailed opossum,public,"fastq,run.zq,sra","ena,gs,ncbi,s3","ena,gs.us-east1,ncbi.public,s3.us-east-1",postnatal,2019-02-18,2018-12-31T17:02:27Z,2018-11-16,2018-05-30T14:21:06Z,ERX2620459,postnatal day 21,testis,SAMEA4699508,wild type genotype,University of Heidelberg,2018-12-31T17:02:27Z,2018-05-30T14:21:06Z,public,Illumina HiSeq 2500,5330sTS.Opossum.Testis.21dpb.Male_s,SINGLE,PolyA,TRANSCRIPTOMIC,testis,Monodelphis domestica,ILLUMINA,2019-02-19T00:00:00Z,2021-10-24T07:41:00Z,2,SAMEA4699508,E-MTAB-6833:5330sTS.Opossum.Testis.21dpb.Male,Monodelphis domestica,male,ERP109071,E-MTAB-6833:5330sTS.Opossum.Testis.21dpb.Male
ERR2603804,28,RNA-Seq,101,4222043814,PRJEB27035,SAMEA4699509,ArrayExpress,1661492919,Lausanne Genomics Technology Facility,gray short-tailed opossum,public,"fastq,run.zq,sra","ena,gs,ncbi,s3","ena,gs.us-east1,ncbi.public,s3.us-east-1",postnatal,2019-02-18,2018-12-31T17:02:27Z,2018-11-16,2018-05-30T14:21:06Z,ERX2620460,postnatal day 28,forebrain,SAMEA4699509,wild type genotype,University of Heidelberg,2018-12-31T17:02:27Z,2018-05-30T14:21:06Z,public,Illumina HiSeq 2500,4657sTS.Opossum.Brain.28dpb.Female_s,SINGLE,PolyA,TRANSCRIPTOMIC,forebrain,Monodelphis domestica,ILLUMINA,2019-02-19T00:00:00Z,2022-07-14T04:57:00Z,2,SAMEA4699509,E-MTAB-6833:4657sTS.Opossum.Brain.28dpb.Female,Monodelphis domestica,female,ERP109071,E-MTAB-6833:4657sTS.Opossum.Brain.28dpb.Female
ERR2603805,28,RNA-Seq,101,5037544579,PRJEB27035,SAMEA4699510,ArrayExpress,1991157579,Lausanne Genomics Technology Facility,gray short-tailed opossum,public,"fastq,run.zq,sra","ena,gs,ncbi,s3","ena,gs.us-east1,ncbi.public,s3.us-east-1",postnatal,2019-02-18,2018-12-31T17:02:27Z,2018-11-16,2018-05-30T14:21:06Z,ERX2620461,postnatal day 28,forebrain,SAMEA4699510,wild type genotype,University of Heidelberg,2018-12-31T17:02:27Z,2018-05-30T14:21:06Z,public,Illumina HiSeq 2500,4684sTS.Opossum.Brain.28dpb.Female_s,SINGLE,PolyA,TRANSCRIPTOMIC,forebrain,Monodelphis domestica,ILLUMINA,2019-02-19T00:00:00Z,2022-07-14T06:52:00Z,2,SAMEA4699510,E-MTAB-6833:4684sTS.Opossum.Brain.28dpb.Female,Monodelphis domestica,female,ERP109071,E-MTAB-6833:4684sTS.Opossum.Brain.28dpb.Female
ERR2603806,28,RNA-Seq,101,3517452462,PRJEB27035,SAMEA4699511,ArrayExpress,1327316912,Lausanne Genomics Technology Facility,gray short-tailed opossum,public,"fastq,run.zq,sra","ena,gs,ncbi,s3","ena,gs.us-east1,ncbi.public,s3.us-east-1",postnatal,2019-02-18,2018-12-31T17:02:27Z,2018-11-16,2018-05-30T14:21:06Z,ERX2620462,postnatal day 28,forebrain,SAMEA4699511,wild type genotype,University of Heidelberg,2018-12-31T17:02:27Z,2018-05-30T14:21:06Z,public,Illumina HiSeq 2500,4686sTS.Opossum.Brain.28dpb.Male_s,SINGLE,PolyA,TRANSCRIPTOMIC,forebrain,Monodelphis domestica,ILLUMINA,2019-02-19T00:00:00Z,2021-10-24T07:36:00Z,2,SAMEA4699511,E-MTAB-6833:4686sTS.Opossum.Brain.28dpb.Male,Monodelphis domestica,male,ERP109071,E-MTAB-6833:4686sTS.Opossum.Brain.28dpb.Male
ERR2603807,28,RNA-Seq,101,2383773518,PRJEB27035,SAMEA4699512,ArrayExpress,856638867,Lausanne Genomics Technology Facility,gray short-tailed opossum,public,"fastq,run.zq,sra","ena,gs,ncbi,s3","ena,gs.us-east1,ncbi.public,s3.us-east-1",postnatal,2019-02-18,2018-12-31T17:02:27Z,2018-11-16,2018-05-30T14:21:06Z,ERX2620463,postnatal day 28,forebrain,SAMEA4699512,wild type genotype,University of Heidelberg,2018-12-31T17:02:27Z,2018-05-30T14:21:06Z,public,Illumina HiSeq 2500,4688sTS.Opossum.Brain.28dpb.Male_s,SINGLE,PolyA,TRANSCRIPTOMIC,forebrain,Monodelphis domestica,ILLUMINA,2019-02-19T00:00:00Z,2022-07-26T06:10:00Z,2,SAMEA4699512,E-MTAB-6833:4688sTS.Opossum.Brain.28dpb.Male,Monodelphis domestica,male,ERP109071,E-MTAB-6833:4688sTS.Opossum.Brain.28dpb.Male
ERR2603808,28,RNA-Seq,101,3004219548,PRJEB27035,SAMEA4699513,ArrayExpress,1038926827,Lausanne Genomics Technology Facility,gray short-tailed opossum,public,"fastq,run.zq,sra","ena,gs,ncbi,s3","ena,gs.us-east1,ncbi.public,s3.us-east-1",postnatal,2019-02-18,2018-12-31T17:02:27Z,2018-11-16,2018-05-30T14:21:06Z,ERX2620464,postnatal day 28,heart,SAMEA4699513,wild type genotype,University of Heidelberg,2018-12-31T17:02:27Z,2018-05-30T14:21:06Z,public,Illumina HiSeq 2500,4662sTS.Opossum.Heart.28dpb.Female_s,SINGLE,PolyA,TRANSCRIPTOMIC,heart,Monodelphis domestica,ILLUMINA,2019-02-19T00:00:00Z,2022-07-16T06:22:00Z,2,SAMEA4699513,E-MTAB-6833:4662sTS.Opossum.Heart.28dpb.Female,Monodelphis domestica,female,ERP109071,E-MTAB-6833:4662sTS.Opossum.Heart.28dpb.Female
ERR2603809,28,RNA-Seq,101,7542753831,PRJEB27035,SAMEA4699514,ArrayExpress,2859599435,Lausanne Genomics Technology Facility,gray short-tailed opossum,public,"fastq,run.zq,sra","ena,gs,ncbi,s3","ena,gs.us-east1,ncbi.public,s3.us-east-1",postnatal,2019-02-18,2018-12-31T17:02:27Z,2018-11-16,2018-05-30T14:21:06Z,ERX2620465,postnatal day 28,heart,SAMEA4699514,wild type genotype,University of Heidelberg,2018-12-31T17:02:27Z,2018-05-30T14:21:06Z,public,Illumina HiSeq 2500,4666sTS.Opossum.Heart.28dpb.Female_s,SINGLE,PolyA,TRANSCRIPTOMIC,heart,Monodelphis domestica,ILLUMINA,2019-02-19T00:00:00Z,2022-07-19T14:44:00Z,2,SAMEA4699514,E-MTAB-6833:4666sTS.Opossum.Heart.28dpb.Female,Monodelphis domestica,female,ERP109071,E-MTAB-6833:4666sTS.Opossum.Heart.28dpb.Female
ERR2603810,28,RNA-Seq,101,4374448370,PRJEB27035,SAMEA4699515,ArrayExpress,1636374562,Lausanne Genomics Technology Facility,gray short-tailed opossum,public,"fastq,run.zq,sra","ena,gs,ncbi,s3","ena,gs.us-east1,ncbi.public,s3.us-east-1",postnatal,2019-02-18,2018-12-31T17:02:27Z,2018-11-16,2018-05-30T14:21:06Z,ERX2620466,postnatal day 28,hindbrain,SAMEA4699515,wild type genotype,University of Heidelberg,2018-12-31T17:02:27Z,2018-05-30T14:21:06Z,public,Illumina HiSeq 2500,4683sTS.Opossum.Cerebellum.28dpb.Female_s,SINGLE,PolyA,TRANSCRIPTOMIC,hindbrain,Monodelphis domestica,ILLUMINA,2019-02-19T00:00:00Z,2021-10-24T07:44:00Z,2,SAMEA4699515,E-MTAB-6833:4683sTS.Opossum.Cerebellum.28dpb.Female,Monodelphis domestica,female,ERP109071,E-MTAB-6833:4683sTS.Opossum.Cerebellum.28dpb.Female
ERR2603811,28,RNA-Seq,101,5240634672,PRJEB27035,SAMEA4699516,ArrayExpress,1885411659,Lausanne Genomics Technology Facility,gray short-tailed opossum,public,"fastq,run.zq,sra","ena,gs,ncbi,s3","ena,gs.us-east1,ncbi.public,s3.us-east-1",postnatal,2019-02-18,2018-12-31T17:02:27Z,2018-11-16,2018-05-30T14:21:06Z,ERX2620467,postnatal day 28,hindbrain,SAMEA4699516,wild type genotype,University of Heidelberg,2018-12-31T17:02:27Z,2018-05-30T14:21:06Z,public,Illumina HiSeq 2500,4685sTS.Opossum.Cerebellum.28dpb.Female_s,SINGLE,PolyA,TRANSCRIPTOMIC,hindbrain,Monodelphis domestica,ILLUMINA,2019-02-19T00:00:00Z,2022-07-15T21:49:00Z,2,SAMEA4699516,E-MTAB-6833:4685sTS.Opossum.Cerebellum.28dpb.Female,Monodelphis domestica,female,ERP109071,E-MTAB-6833:4685sTS.Opossum.Cerebellum.28dpb.Female
ERR2603812,28,RNA-Seq,101,3449746910,PRJEB27035,SAMEA4699517,ArrayExpress,1295836214,Lausanne Genomics Technology Facility,gray short-tailed opossum,public,"fastq,run.zq,sra","ena,gs,ncbi,s3","ena,gs.us-east1,ncbi.public,s3.us-east-1",postnatal,2019-02-18,2018-12-31T17:02:27Z,2018-11-16,2018-05-30T14:21:07Z,ERX2620468,postnatal day 28,hindbrain,SAMEA4699517,wild type genotype,University of Heidelberg,2018-12-31T17:02:27Z,2018-05-30T14:21:07Z,public,Illumina HiSeq 2500,4687sTS.Opossum.Cerebellum.28dpb.Male_s,SINGLE,PolyA,TRANSCRIPTOMIC,hindbrain,Monodelphis domestica,ILLUMINA,2019-02-19T00:00:00Z,2022-07-26T06:11:00Z,2,SAMEA4699517,E-MTAB-6833:4687sTS.Opossum.Cerebellum.28dpb.Male,Monodelphis domestica,male,ERP109071,E-MTAB-6833:4687sTS.Opossum.Cerebellum.28dpb.Male
ERR2603813,28,RNA-Seq,101,3932352382,PRJEB27035,SAMEA4699518,ArrayExpress,1549928038,Lausanne Genomics Technology Facility,gray short-tailed opossum,public,"fastq,run.zq,sra","ena,gs,ncbi,s3","ena,gs.us-east1,ncbi.public,s3.us-east-1",postnatal,2019-02-18,2018-12-31T17:02:27Z,2018-11-16,2018-05-30T14:21:07Z,ERX2620469,postnatal day 28,kidney,SAMEA4699518,wild type genotype,University of Heidelberg,2018-12-31T17:02:27Z,2018-05-30T14:21:07Z,public,Illumina HiSeq 2500,4667sTS.Opossum.Kidney.28dpb.Female_s,SINGLE,PolyA,TRANSCRIPTOMIC,kidney,Monodelphis domestica,ILLUMINA,2019-02-19T00:00:00Z,2022-07-26T06:13:00Z,2,SAMEA4699518,E-MTAB-6833:4667sTS.Opossum.Kidney.28dpb.Female,Monodelphis domestica,female,ERP109071,E-MTAB-6833:4667sTS.Opossum.Kidney.28dpb.Female
ERR2603814,28,RNA-Seq,101,3113664259,PRJEB27035,SAMEA4699519,ArrayExpress,1119140296,Lausanne Genomics Technology Facility,gray short-tailed opossum,public,"fastq,run.zq,sra","ena,gs,ncbi,s3","ena,gs.us-east1,ncbi.public,s3.us-east-1",postnatal,2019-02-18,2018-12-31T17:02:27Z,2018-11-16,2018-05-30T14:21:07Z,ERX2620470,postnatal day 28,kidney,SAMEA4699519,wild type genotype,University of Heidelberg,2018-12-31T17:02:27Z,2018-05-30T14:21:07Z,public,Illumina HiSeq 2500,5879sTS.Opossum.Kidney.28dpb.Female_s,SINGLE,PolyA,TRANSCRIPTOMIC,kidney,Monodelphis domestica,ILLUMINA,2019-02-19T00:00:00Z,2021-10-24T07:34:00Z,2,SAMEA4699519,E-MTAB-6833:5879sTS.Opossum.Kidney.28dpb.Female,Monodelphis domestica,female,ERP109071,E-MTAB-6833:5879sTS.Opossum.Kidney.28dpb.Female
ERR2603815,28,RNA-Seq,101,4947503887,PRJEB27035,SAMEA4699520,ArrayExpress,1739940530,Lausanne Genomics Technology Facility,gray short-tailed opossum,public,"fastq,run.zq,sra","ena,gs,ncbi,s3","ena,gs.us-east1,ncbi.public,s3.us-east-1",postnatal,2019-02-18,2018-12-31T17:02:27Z,2018-11-16,2018-05-30T14:21:07Z,ERX2620471,postnatal day 28,kidney,SAMEA4699520,wild type genotype,University of Heidelberg,2018-12-31T17:02:27Z,2018-05-30T14:21:07Z,public,Illumina HiSeq 2500,5880sTS.Opossum.Kidney.28dpb.Male_s,SINGLE,PolyA,TRANSCRIPTOMIC,kidney,Monodelphis domestica,ILLUMINA,2019-02-19T00:00:00Z,2022-07-22T01:05:00Z,2,SAMEA4699520,E-MTAB-6833:5880sTS.Opossum.Kidney.28dpb.Male,Monodelphis domestica,male,ERP109071,E-MTAB-6833:5880sTS.Opossum.Kidney.28dpb.Male
ERR2603816,28,RNA-Seq,101,2814343992,PRJEB27035,SAMEA4699521,ArrayExpress,980185754,Lausanne Genomics Technology Facility,gray short-tailed opossum,public,"fastq,run.zq,sra","ena,gs,ncbi,s3","ena,gs.us-east1,ncbi.public,s3.us-east-1",postnatal,2019-02-18,2018-12-31T17:02:27Z,2018-11-16,2018-05-30T14:21:07Z,ERX2620472,postnatal day 28,liver,SAMEA4699521,wild type genotype,University of Heidelberg,2018-12-31T17:02:27Z,2018-05-30T14:21:07Z,public,Illumina HiSeq 2500,4664sTS.Opossum.Liver.28dpb.Female_s,SINGLE,PolyA,TRANSCRIPTOMIC,liver,Monodelphis domestica,ILLUMINA,2019-02-19T00:00:00Z,2022-07-22T11:45:00Z,2,SAMEA4699521,E-MTAB-6833:4664sTS.Opossum.Liver.28dpb.Female,Monodelphis domestica,female,ERP109071,E-MTAB-6833:4664sTS.Opossum.Liver.28dpb.Female
ERR2603817,28,RNA-Seq,101,2995817156,PRJEB27035,SAMEA4699522,ArrayExpress,1035554565,Lausanne Genomics Technology Facility,gray short-tailed opossum,public,"fastq,run.zq,sra","ena,gs,ncbi,s3","ena,gs.us-east1,ncbi.public,s3.us-east-1",postnatal,2019-02-18,2018-12-31T17:02:27Z,2018-11-16,2018-05-30T14:21:07Z,ERX2620473,postnatal day 28,liver,SAMEA4699522,wild type genotype,University of Heidelberg,2018-12-31T17:02:27Z,2018-05-30T14:21:07Z,public,Illumina HiSeq 2500,4673sTS.Opossum.Liver.28dpb.Male_s,SINGLE,PolyA,TRANSCRIPTOMIC,liver,Monodelphis domestica,ILLUMINA,2019-02-19T00:00:00Z,2022-07-15T18:14:00Z,2,SAMEA4699522,E-MTAB-6833:4673sTS.Opossum.Liver.28dpb.Male,Monodelphis domestica,male,ERP109071,E-MTAB-6833:4673sTS.Opossum.Liver.28dpb.Male
ERR2603818,28,RNA-Seq,101,2720215224,PRJEB27035,SAMEA4699523,ArrayExpress,945900778,Lausanne Genomics Technology Facility,gray short-tailed opossum,public,"fastq,run.zq,sra","ena,gs,ncbi,s3","ena,gs.us-east1,ncbi.public,s3.us-east-1",postnatal,2019-02-18,2018-12-31T17:02:27Z,2018-11-16,2018-05-30T14:21:07Z,ERX2620474,postnatal day 28,ovary,SAMEA4699523,wild type genotype,University of Heidelberg,2018-12-31T17:02:27Z,2018-05-30T14:21:07Z,public,Illumina HiSeq 2500,4665sTS.Opossum.Ovary.28dpb.Female_s,SINGLE,PolyA,TRANSCRIPTOMIC,ovary,Monodelphis domestica,ILLUMINA,2019-02-19T00:00:00Z,2022-07-21T10:16:00Z,2,SAMEA4699523,E-MTAB-6833:4665sTS.Opossum.Ovary.28dpb.Female,Monodelphis domestica,female,ERP109071,E-MTAB-6833:4665sTS.Opossum.Ovary.28dpb.Female
ERR2603819,28,RNA-Seq,101,2405485589,PRJEB27035,SAMEA4699524,ArrayExpress,836257497,Lausanne Genomics Technology Facility,gray short-tailed opossum,public,"fastq,run.zq,sra","ena,gs,ncbi,s3","ena,gs.us-east1,ncbi.public,s3.us-east-1",postnatal,2019-02-18,2018-12-31T17:02:27Z,2018-11-16,2018-05-30T14:21:07Z,ERX2620475,postnatal day 28,testis,SAMEA4699524,wild type genotype,University of Heidelberg,2018-12-31T17:02:27Z,2018-05-30T14:21:07Z,public,Illumina HiSeq 2500,4677sTS.Opossum.Testis.28dpb.Male_s,SINGLE,PolyA,TRANSCRIPTOMIC,testis,Monodelphis domestica,ILLUMINA,2019-02-19T00:00:00Z,2021-10-24T07:32:00Z,2,SAMEA4699524,E-MTAB-6833:4677sTS.Opossum.Testis.28dpb.Male,Monodelphis domestica,male,ERP109071,E-MTAB-6833:4677sTS.Opossum.Testis.28dpb.Male
ERR2603820,28,RNA-Seq,101,5368039304,PRJEB27035,SAMEA4699525,ArrayExpress,2108394918,Lausanne Genomics Technology Facility,gray short-tailed opossum,public,"fastq,run.zq,sra","ena,gs,ncbi,s3","ena,gs.us-east1,ncbi.public,s3.us-east-1",postnatal,2019-02-18,2018-12-31T17:02:27Z,2018-11-16,2018-05-30T14:21:07Z,ERX2620476,postnatal day 28,testis,SAMEA4699525,wild type genotype,University of Heidelberg,2018-12-31T17:02:27Z,2018-05-30T14:21:07Z,public,Illumina HiSeq 2500,4678sTS.Opossum.Testis.28dpb.Male_s,SINGLE,PolyA,TRANSCRIPTOMIC,testis,Monodelphis domestica,ILLUMINA,2019-02-19T00:00:00Z,2022-07-29T21:05:00Z,2,SAMEA4699525,E-MTAB-6833:4678sTS.Opossum.Testis.28dpb.Male,Monodelphis domestica,male,ERP109071,E-MTAB-6833:4678sTS.Opossum.Testis.28dpb.Male
ERR2603821,4,RNA-Seq,101,4307025012,PRJEB27035,SAMEA4699526,ArrayExpress,1686683716,Lausanne Genomics Technology Facility,gray short-tailed opossum,public,"fastq,run.zq,sra","ena,gs,ncbi,s3","ena,gs.us-east1,ncbi.public,s3.us-east-1",postnatal,2019-02-18,2018-12-31T17:02:27Z,2018-11-16,2018-05-30T14:21:07Z,ERX2620477,postnatal day 4,forebrain,SAMEA4699526,wild type genotype,University of Heidelberg,2018-12-31T17:02:27Z,2018-05-30T14:21:07Z,public,Illumina HiSeq 2500,4543sTS.Opossum.Brain.4dpb.Female_s,SINGLE,PolyA,TRANSCRIPTOMIC,forebrain,Monodelphis domestica,ILLUMINA,2019-02-19T00:00:00Z,2021-10-24T07:43:00Z,2,SAMEA4699526,E-MTAB-6833:4543sTS.Opossum.Brain.4dpb.Female,Monodelphis domestica,female,ERP109071,E-MTAB-6833:4543sTS.Opossum.Brain.4dpb.Female
ERR2603822,4,RNA-Seq,101,4320990888,PRJEB27035,SAMEA4699527,ArrayExpress,1712808568,Lausanne Genomics Technology Facility,gray short-tailed opossum,public,"fastq,run.zq,sra","ena,gs,ncbi,s3","ena,gs.us-east1,ncbi.public,s3.us-east-1",postnatal,2019-02-18,2018-12-31T17:02:27Z,2018-11-16,2018-05-30T14:21:07Z,ERX2620478,postnatal day 4,forebrain,SAMEA4699527,wild type genotype,University of Heidelberg,2018-12-31T17:02:27Z,2018-05-30T14:21:07Z,public,Illumina HiSeq 2500,4547sTS.Opossum.Brain.4dpb.Male_s,SINGLE,PolyA,TRANSCRIPTOMIC,forebrain,Monodelphis domestica,ILLUMINA,2019-02-19T00:00:00Z,2022-07-26T06:13:00Z,2,SAMEA4699527,E-MTAB-6833:4547sTS.Opossum.Brain.4dpb.Male,Monodelphis domestica,male,ERP109071,E-MTAB-6833:4547sTS.Opossum.Brain.4dpb.Male
ERR2603823,4,RNA-Seq,101,2427508235,PRJEB27035,SAMEA4699528,ArrayExpress,918688888,Lausanne Genomics Technology Facility,gray short-tailed opossum,public,"fastq,run.zq,sra","ena,gs,ncbi,s3","ena,gs.us-east1,ncbi.public,s3.us-east-1",postnatal,2019-02-18,2018-12-31T17:02:27Z,2018-11-16,2018-05-30T14:21:07Z,ERX2620479,postnatal day 4,forebrain,SAMEA4699528,wild type genotype,University of Heidelberg,2018-12-31T17:02:27Z,2018-05-30T14:21:07Z,public,Illumina HiSeq 2500,5173sTS.Opossum.Brain.4dpb.Female_s,SINGLE,PolyA,TRANSCRIPTOMIC,forebrain,Monodelphis domestica,ILLUMINA,2019-02-19T00:00:00Z,2022-07-17T23:34:00Z,2,SAMEA4699528,E-MTAB-6833:5173sTS.Opossum.Brain.4dpb.Female,Monodelphis domestica,female,ERP109071,E-MTAB-6833:5173sTS.Opossum.Brain.4dpb.Female
ERR2603824,4,RNA-Seq,101,3291579193,PRJEB27035,SAMEA4699529,ArrayExpress,1242475413,Lausanne Genomics Technology Facility,gray short-tailed opossum,public,"fastq,run.zq,sra","ena,gs,ncbi,s3","ena,gs.us-east1,ncbi.public,s3.us-east-1",postnatal,2019-02-18,2018-12-31T17:02:27Z,2018-11-16,2018-05-30T14:21:07Z,ERX2620480,postnatal day 4,forebrain,SAMEA4699529,wild type genotype,University of Heidelberg,2018-12-31T17:02:27Z,2018-05-30T14:21:07Z,public,Illumina HiSeq 2500,5175sTS.Opossum.Brain.4dpb.Male_s,SINGLE,PolyA,TRANSCRIPTOMIC,forebrain,Monodelphis domestica,ILLUMINA,2019-02-19T00:00:00Z,2022-07-22T16:07:00Z,2,SAMEA4699529,E-MTAB-6833:5175sTS.Opossum.Brain.4dpb.Male,Monodelphis domestica,male,ERP109071,E-MTAB-6833:5175sTS.Opossum.Brain.4dpb.Male
ERR2603825,4,RNA-Seq,101,3157498764,PRJEB27035,SAMEA4699530,ArrayExpress,1234627152,Lausanne Genomics Technology Facility,gray short-tailed opossum,public,"fastq,run.zq,sra","ena,gs,ncbi,s3","ena,gs.us-east1,ncbi.public,s3.us-east-1",postnatal,2019-02-18,2018-12-31T17:02:27Z,2018-11-16,2018-05-30T14:21:07Z,ERX2620481,postnatal day 4,heart,SAMEA4699530,wild type genotype,University of Heidelberg,2018-12-31T17:02:27Z,2018-05-30T14:21:07Z,public,Illumina HiSeq 2500,4545sTS.Opossum.Heart.4dpb.Female_s,SINGLE,PolyA,TRANSCRIPTOMIC,heart,Monodelphis domestica,ILLUMINA,2019-02-19T00:00:00Z,2021-10-24T07:34:00Z,2,SAMEA4699530,E-MTAB-6833:4545sTS.Opossum.Heart.4dpb.Female,Monodelphis domestica,female,ERP109071,E-MTAB-6833:4545sTS.Opossum.Heart.4dpb.Female
ERR2603826,4,RNA-Seq,101,4026491755,PRJEB27035,SAMEA4699531,ArrayExpress,1488612797,Lausanne Genomics Technology Facility,gray short-tailed opossum,public,"fastq,run.zq,sra","ena,gs,ncbi,s3","ena,gs.us-east1,ncbi.public,s3.us-east-1",postnatal,2019-02-18,2018-12-31T17:02:27Z,2018-11-16,2018-05-30T14:21:07Z,ERX2620482,postnatal day 4,heart,SAMEA4699531,wild type genotype,University of Heidelberg,2018-12-31T17:02:27Z,2018-05-30T14:21:07Z,public,Illumina HiSeq 2500,5132sTS.Opossum.Heart.4dpb.Male_s,SINGLE,PolyA,TRANSCRIPTOMIC,heart,Monodelphis domestica,ILLUMINA,2019-02-19T00:00:00Z,2022-07-17T20:17:00Z,2,SAMEA4699531,E-MTAB-6833:5132sTS.Opossum.Heart.4dpb.Male,Monodelphis domestica,male,ERP109071,E-MTAB-6833:5132sTS.Opossum.Heart.4dpb.Male
ERR2603827,4,RNA-Seq,101,4684917522,PRJEB27035,SAMEA4699532,ArrayExpress,1845190565,Lausanne Genomics Technology Facility,gray short-tailed opossum,public,"fastq,run.zq,sra","ena,gs,ncbi,s3","ena,gs.us-east1,ncbi.public,s3.us-east-1",postnatal,2019-02-18,2018-12-31T17:02:27Z,2018-11-16,2018-05-30T14:21:07Z,ERX2620483,postnatal day 4,heart,SAMEA4699532,wild type genotype,University of Heidelberg,2018-12-31T17:02:27Z,2018-05-30T14:21:07Z,public,Illumina HiSeq 2500,5198sTS.Opossum.Heart.4dpb.Female_s,SINGLE,PolyA,TRANSCRIPTOMIC,heart,Monodelphis domestica,ILLUMINA,2019-02-19T00:00:00Z,2022-07-14T04:55:00Z,2,SAMEA4699532,E-MTAB-6833:5198sTS.Opossum.Heart.4dpb.Female,Monodelphis domestica,female,ERP109071,E-MTAB-6833:5198sTS.Opossum.Heart.4dpb.Female
ERR2603828,4,RNA-Seq,101,4886849953,PRJEB27035,SAMEA4699533,ArrayExpress,1906632618,Lausanne Genomics Technology Facility,gray short-tailed opossum,public,"fastq,run.zq,sra","ena,gs,ncbi,s3","ena,gs.us-east1,ncbi.public,s3.us-east-1",postnatal,2019-02-18,2018-12-31T17:02:27Z,2018-11-16,2018-05-30T14:21:07Z,ERX2620484,postnatal day 4,heart,SAMEA4699533,wild type genotype,University of Heidelberg,2018-12-31T17:02:27Z,2018-05-30T14:21:07Z,public,Illumina HiSeq 2500,5200sTS.Opossum.Heart.4dpb.Male_s,SINGLE,PolyA,TRANSCRIPTOMIC,heart,Monodelphis domestica,ILLUMINA,2019-02-19T00:00:00Z,2022-07-15T06:52:00Z,2,SAMEA4699533,E-MTAB-6833:5200sTS.Opossum.Heart.4dpb.Male,Monodelphis domestica,male,ERP109071,E-MTAB-6833:5200sTS.Opossum.Heart.4dpb.Male
ERR2603829,4,RNA-Seq,101,3895524247,PRJEB27035,SAMEA4699534,ArrayExpress,1524797730,Lausanne Genomics Technology Facility,gray short-tailed opossum,public,"fastq,run.zq,sra","ena,gs,ncbi,s3","ena,gs.us-east1,ncbi.public,s3.us-east-1",postnatal,2019-02-18,2018-12-31T17:02:27Z,2018-11-16,2018-05-30T14:21:07Z,ERX2620485,postnatal day 4,hindbrain,SAMEA4699534,wild type genotype,University of Heidelberg,2018-12-31T17:02:27Z,2018-05-30T14:21:07Z,public,Illumina HiSeq 2500,4544sTS.Opossum.Cerebellum.4dpb.Female_s,SINGLE,PolyA,TRANSCRIPTOMIC,hindbrain,Monodelphis domestica,ILLUMINA,2019-02-19T00:00:00Z,2021-10-24T07:41:00Z,2,SAMEA4699534,E-MTAB-6833:4544sTS.Opossum.Cerebellum.4dpb.Female,Monodelphis domestica,female,ERP109071,E-MTAB-6833:4544sTS.Opossum.Cerebellum.4dpb.Female
ERR2603830,4,RNA-Seq,101,2607643856,PRJEB27035,SAMEA4699535,ArrayExpress,985583114,Lausanne Genomics Technology Facility,gray short-tailed opossum,public,"fastq,run.zq,sra","ena,gs,ncbi,s3","ena,gs.us-east1,ncbi.public,s3.us-east-1",postnatal,2019-02-18,2018-12-31T17:02:27Z,2018-11-16,2018-05-30T14:21:07Z,ERX2620486,postnatal day 4,hindbrain,SAMEA4699535,wild type genotype,University of Heidelberg,2018-12-31T17:02:27Z,2018-05-30T14:21:07Z,public,Illumina HiSeq 2500,5174sTS.Opossum.Cerebellum.4dpb.Female_s,SINGLE,PolyA,TRANSCRIPTOMIC,hindbrain,Monodelphis domestica,ILLUMINA,2019-02-19T00:00:00Z,2022-07-26T06:11:00Z,2,SAMEA4699535,E-MTAB-6833:5174sTS.Opossum.Cerebellum.4dpb.Female,Monodelphis domestica,female,ERP109071,E-MTAB-6833:5174sTS.Opossum.Cerebellum.4dpb.Female
ERR2603831,4,RNA-Seq,101,2680430314,PRJEB27035,SAMEA4699536,ArrayExpress,1015945684,Lausanne Genomics Technology Facility,gray short-tailed opossum,public,"fastq,run.zq,sra","ena,gs,ncbi,s3","ena,gs.us-east1,ncbi.public,s3.us-east-1",postnatal,2019-02-18,2018-12-31T17:02:27Z,2018-11-16,2018-05-30T14:21:08Z,ERX2620487,postnatal day 4,hindbrain,SAMEA4699536,wild type genotype,University of Heidelberg,2018-12-31T17:02:27Z,2018-05-30T14:21:08Z,public,Illumina HiSeq 2500,5176sTS.Opossum.Cerebellum.4dpb.Male_s,SINGLE,PolyA,TRANSCRIPTOMIC,hindbrain,Monodelphis domestica,ILLUMINA,2019-02-19T00:00:00Z,2021-10-24T07:33:00Z,2,SAMEA4699536,E-MTAB-6833:5176sTS.Opossum.Cerebellum.4dpb.Male,Monodelphis domestica,male,ERP109071,E-MTAB-6833:5176sTS.Opossum.Cerebellum.4dpb.Male
ERR2603832,4,RNA-Seq,101,3776625532,PRJEB27035,SAMEA4699537,ArrayExpress,1459415035,Lausanne Genomics Technology Facility,gray short-tailed opossum,public,"fastq,run.zq,sra","ena,gs,ncbi,s3","ena,gs.us-east1,ncbi.public,s3.us-east-1",postnatal,2019-02-18,2018-12-31T17:02:27Z,2018-11-16,2018-05-30T14:21:08Z,ERX2620488,postnatal day 4,hindbrain,SAMEA4699537,wild type genotype,University of Heidelberg,2018-12-31T17:02:27Z,2018-05-30T14:21:08Z,public,Illumina HiSeq 2500,5177sTS.Opossum.Cerebellum.4dpb.Male_s,SINGLE,PolyA,TRANSCRIPTOMIC,hindbrain,Monodelphis domestica,ILLUMINA,2019-02-19T00:00:00Z,2021-10-24T07:39:00Z,2,SAMEA4699537,E-MTAB-6833:5177sTS.Opossum.Cerebellum.4dpb.Male,Monodelphis domestica,male,ERP109071,E-MTAB-6833:5177sTS.Opossum.Cerebellum.4dpb.Male
ERR2603833,4,RNA-Seq,101,3969109716,PRJEB27035,SAMEA4699538,ArrayExpress,1549380221,Lausanne Genomics Technology Facility,gray short-tailed opossum,public,"fastq,run.zq,sra","ena,gs,ncbi,s3","ena,gs.us-east1,ncbi.public,s3.us-east-1",postnatal,2019-02-18,2018-12-31T17:02:27Z,2018-11-16,2018-05-30T14:21:08Z,ERX2620489,postnatal day 4,liver,SAMEA4699538,wild type genotype,University of Heidelberg,2018-12-31T17:02:27Z,2018-05-30T14:21:08Z,public,Illumina HiSeq 2500,4546sTS.Opossum.Liver.4dpb.Female_s,SINGLE,PolyA,TRANSCRIPTOMIC,liver,Monodelphis domestica,ILLUMINA,2019-02-19T00:00:00Z,2022-07-26T06:13:00Z,2,SAMEA4699538,E-MTAB-6833:4546sTS.Opossum.Liver.4dpb.Female,Monodelphis domestica,female,ERP109071,E-MTAB-6833:4546sTS.Opossum.Liver.4dpb.Female
ERR2603834,4,RNA-Seq,101,3084636051,PRJEB27035,SAMEA4699539,ArrayExpress,1148864905,Lausanne Genomics Technology Facility,gray short-tailed opossum,public,"fastq,run.zq,sra","ena,gs,ncbi,s3","ena,gs.us-east1,ncbi.public,s3.us-east-1",postnatal,2019-02-18,2018-12-31T17:02:27Z,2018-11-16,2018-05-30T14:21:08Z,ERX2620490,postnatal day 4,liver,SAMEA4699539,wild type genotype,University of Heidelberg,2018-12-31T17:02:27Z,2018-05-30T14:21:08Z,public,Illumina HiSeq 2500,5133sTS.Opossum.Liver.4dpb.Male_s,SINGLE,PolyA,TRANSCRIPTOMIC,liver,Monodelphis domestica,ILLUMINA,2019-02-19T00:00:00Z,2022-07-15T18:15:00Z,2,SAMEA4699539,E-MTAB-6833:5133sTS.Opossum.Liver.4dpb.Male,Monodelphis domestica,male,ERP109071,E-MTAB-6833:5133sTS.Opossum.Liver.4dpb.Male
ERR2603835,4,RNA-Seq,101,3718051390,PRJEB27035,SAMEA4699540,ArrayExpress,1462363502,Lausanne Genomics Technology Facility,gray short-tailed opossum,public,"fastq,run.zq,sra","ena,gs,ncbi,s3","ena,gs.us-east1,ncbi.public,s3.us-east-1",postnatal,2019-02-18,2018-12-31T17:02:27Z,2018-11-16,2018-05-30T14:21:08Z,ERX2620491,postnatal day 4,liver,SAMEA4699540,wild type genotype,University of Heidelberg,2018-12-31T17:02:27Z,2018-05-30T14:21:08Z,public,Illumina HiSeq 2500,5199sTS.Opossum.Liver.4dpb.Female_s,SINGLE,PolyA,TRANSCRIPTOMIC,liver,Monodelphis domestica,ILLUMINA,2019-02-19T00:00:00Z,2022-07-26T06:11:00Z,2,SAMEA4699540,E-MTAB-6833:5199sTS.Opossum.Liver.4dpb.Female,Monodelphis domestica,female,ERP109071,E-MTAB-6833:5199sTS.Opossum.Liver.4dpb.Female
ERR2603836,4,RNA-Seq,101,4048663780,PRJEB27035,SAMEA4699541,ArrayExpress,1589303802,Lausanne Genomics Technology Facility,gray short-tailed opossum,public,"fastq,run.zq,sra","ena,gs,ncbi,s3","ena,gs.us-east1,ncbi.public,s3.us-east-1",postnatal,2019-02-18,2018-12-31T17:02:27Z,2018-11-16,2018-05-30T14:21:08Z,ERX2620492,postnatal day 4,liver,SAMEA4699541,wild type genotype,University of Heidelberg,2018-12-31T17:02:27Z,2018-05-30T14:21:08Z,public,Illumina HiSeq 2500,5201sTS.Opossum.Liver.4dpb.Male_s,SINGLE,PolyA,TRANSCRIPTOMIC,liver,Monodelphis domestica,ILLUMINA,2019-02-19T00:00:00Z,2022-07-21T04:33:00Z,2,SAMEA4699541,E-MTAB-6833:5201sTS.Opossum.Liver.4dpb.Male,Monodelphis domestica,male,ERP109071,E-MTAB-6833:5201sTS.Opossum.Liver.4dpb.Male
ERR2603837,4,RNA-Seq,101,3441895069,PRJEB27035,SAMEA4699542,ArrayExpress,1345276749,Lausanne Genomics Technology Facility,gray short-tailed opossum,public,"fastq,run.zq,sra","ena,gs,ncbi,s3","ena,gs.us-east1,ncbi.public,s3.us-east-1",postnatal,2019-02-18,2018-12-31T17:02:27Z,2018-11-16,2018-05-30T14:21:08Z,ERX2620493,postnatal day 4,ovary,SAMEA4699542,wild type genotype,University of Heidelberg,2018-12-31T17:02:27Z,2018-05-30T14:21:08Z,public,Illumina HiSeq 2500,4541sTS.Opossum.Ovary.4dpb.Female_s,SINGLE,PolyA,TRANSCRIPTOMIC,ovary,Monodelphis domestica,ILLUMINA,2019-02-19T00:00:00Z,2022-07-20T15:34:00Z,2,SAMEA4699542,E-MTAB-6833:4541sTS.Opossum.Ovary.4dpb.Female,Monodelphis domestica,female,ERP109071,E-MTAB-6833:4541sTS.Opossum.Ovary.4dpb.Female
ERR2603838,4,RNA-Seq,101,1646349288,PRJEB27035,SAMEA4699543,ArrayExpress,606463713,Lausanne Genomics Technology Facility,gray short-tailed opossum,public,"fastq,run.zq,sra","ena,gs,ncbi,s3","ena,gs.us-east1,ncbi.public,s3.us-east-1",postnatal,2019-02-18,2018-12-31T17:02:27Z,2018-11-16,2018-05-30T14:21:08Z,ERX2620494,postnatal day 4,ovary,SAMEA4699543,wild type genotype,University of Heidelberg,2018-12-31T17:02:27Z,2018-05-30T14:21:08Z,public,Illumina HiSeq 2500,5325sTS.Opossum.Ovary.4dpb.Female_s,SINGLE,PolyA,TRANSCRIPTOMIC,ovary,Monodelphis domestica,ILLUMINA,2019-02-19T00:00:00Z,2022-07-19T01:00:00Z,2,SAMEA4699543,E-MTAB-6833:5325sTS.Opossum.Ovary.4dpb.Female,Monodelphis domestica,female,ERP109071,E-MTAB-6833:5325sTS.Opossum.Ovary.4dpb.Female
ERR2603839,4,RNA-Seq,101,3433824159,PRJEB27035,SAMEA4699544,ArrayExpress,1344534421,Lausanne Genomics Technology Facility,gray short-tailed opossum,public,"fastq,run.zq,sra","ena,gs,ncbi,s3","ena,gs.us-east1,ncbi.public,s3.us-east-1",postnatal,2019-02-18,2018-12-31T17:02:27Z,2018-11-16,2018-05-30T14:21:08Z,ERX2620495,postnatal day 4,testis,SAMEA4699544,wild type genotype,University of Heidelberg,2018-12-31T17:02:27Z,2018-05-30T14:21:08Z,public,Illumina HiSeq 2500,4542sTS.Opossum.Testis.4dpb.Male_s,SINGLE,PolyA,TRANSCRIPTOMIC,testis,Monodelphis domestica,ILLUMINA,2019-02-19T00:00:00Z,2021-10-24T07:36:00Z,2,SAMEA4699544,E-MTAB-6833:4542sTS.Opossum.Testis.4dpb.Male,Monodelphis domestica,male,ERP109071,E-MTAB-6833:4542sTS.Opossum.Testis.4dpb.Male
ERR2603840,4,RNA-Seq,101,9738809052,PRJEB27035,SAMEA4699545,ArrayExpress,3656297524,Lausanne Genomics Technology Facility,gray short-tailed opossum,public,"fastq,run.zq,sra","ena,gs,ncbi,s3","ena,gs.us-east1,ncbi.public,s3.us-east-1",postnatal,2019-02-18,2018-12-31T17:02:27Z,2018-11-16,2018-05-30T14:21:08Z,ERX2620496,postnatal day 4,testis,SAMEA4699545,wild type genotype,University of Heidelberg,2018-12-31T17:02:27Z,2018-05-30T14:21:08Z,public,Illumina HiSeq 2500,5331sTS.Opossum.Testis.4dpb.Male_s,SINGLE,PolyA,TRANSCRIPTOMIC,testis,Monodelphis domestica,ILLUMINA,2019-02-19T00:00:00Z,2022-07-17T23:55:00Z,2,SAMEA4699545,E-MTAB-6833:5331sTS.Opossum.Testis.4dpb.Male,Monodelphis domestica,male,ERP109071,E-MTAB-6833:5331sTS.Opossum.Testis.4dpb.Male
ERR2603841,42,RNA-Seq,101,9219295958,PRJEB27035,SAMEA4699546,ArrayExpress,3523450313,Lausanne Genomics Technology Facility,gray short-tailed opossum,public,"fastq,run.zq,sra","ena,gs,ncbi,s3","ena,gs.us-east1,ncbi.public,s3.us-east-1",postnatal,2019-02-18,2018-12-31T17:02:27Z,2018-11-16,2018-05-30T14:21:08Z,ERX2620497,postnatal day 42,forebrain,SAMEA4699546,wild type genotype,University of Heidelberg,2018-12-31T17:02:27Z,2018-05-30T14:21:08Z,public,Illumina HiSeq 2500,4655sTS2.Opossum.Brain.42dpb.Male_s,SINGLE,PolyA,TRANSCRIPTOMIC,forebrain,Monodelphis domestica,ILLUMINA,2019-02-19T00:00:00Z,2022-07-21T18:33:00Z,2,SAMEA4699546,E-MTAB-6833:4655sTS2.Opossum.Brain.42dpb.Male,Monodelphis domestica,male,ERP109071,E-MTAB-6833:4655sTS2.Opossum.Brain.42dpb.Male
ERR2603842,42,RNA-Seq,101,3655841753,PRJEB27035,SAMEA4699547,ArrayExpress,1333170017,Lausanne Genomics Technology Facility,gray short-tailed opossum,public,"fastq,run.zq,sra","ena,gs,ncbi,s3","ena,gs.us-east1,ncbi.public,s3.us-east-1",postnatal,2019-02-18,2018-12-31T17:02:27Z,2018-11-16,2018-05-30T14:21:08Z,ERX2620498,postnatal day 42,forebrain,SAMEA4699547,wild type genotype,University of Heidelberg,2018-12-31T17:02:27Z,2018-05-30T14:21:08Z,public,Illumina HiSeq 2500,5885sTS.Opossum.Brain.42dpb.Female_s,SINGLE,PolyA,TRANSCRIPTOMIC,forebrain,Monodelphis domestica,ILLUMINA,2019-02-19T00:00:00Z,2021-10-24T07:36:00Z,2,SAMEA4699547,E-MTAB-6833:5885sTS.Opossum.Brain.42dpb.Female,Monodelphis domestica,female,ERP109071,E-MTAB-6833:5885sTS.Opossum.Brain.42dpb.Female
ERR2603843,42,RNA-Seq,101,3904476079,PRJEB27035,SAMEA4699548,ArrayExpress,1434092860,Lausanne Genomics Technology Facility,gray short-tailed opossum,public,"fastq,run.zq,sra","ena,gs,ncbi,s3","ena,gs.us-east1,ncbi.public,s3.us-east-1",postnatal,2019-02-18,2018-12-31T17:02:27Z,2018-11-16,2018-05-30T14:21:08Z,ERX2620499,postnatal day 42,forebrain,SAMEA4699548,wild type genotype,University of Heidelberg,2018-12-31T17:02:27Z,2018-05-30T14:21:08Z,public,Illumina HiSeq 2500,5887sTS.Opossum.Brain.42dpb.Male_s,SINGLE,PolyA,TRANSCRIPTOMIC,forebrain,Monodelphis domestica,ILLUMINA,2019-02-19T00:00:00Z,2022-07-17T23:36:00Z,2,SAMEA4699548,E-MTAB-6833:5887sTS.Opossum.Brain.42dpb.Male,Monodelphis domestica,male,ERP109071,E-MTAB-6833:5887sTS.Opossum.Brain.42dpb.Male
ERR2603844,42,RNA-Seq,101,2864158303,PRJEB27035,SAMEA4699549,ArrayExpress,1068614489,Lausanne Genomics Technology Facility,gray short-tailed opossum,public,"fastq,run.zq,sra","ena,gs,ncbi,s3","ena,gs.us-east1,ncbi.public,s3.us-east-1",postnatal,2019-02-18,2018-12-31T17:02:27Z,2018-11-16,2018-05-30T14:21:08Z,ERX2620500,postnatal day 42,heart,SAMEA4699549,wild type genotype,University of Heidelberg,2018-12-31T17:02:27Z,2018-05-30T14:21:08Z,public,Illumina HiSeq 2500,5882sTS.Opossum.Heart.42dpb.Female_s,SINGLE,PolyA,TRANSCRIPTOMIC,heart,Monodelphis domestica,ILLUMINA,2019-02-19T00:00:00Z,2021-10-24T07:34:00Z,2,SAMEA4699549,E-MTAB-6833:5882sTS.Opossum.Heart.42dpb.Female,Monodelphis domestica,female,ERP109071,E-MTAB-6833:5882sTS.Opossum.Heart.42dpb.Female
ERR2603845,42,RNA-Seq,101,3254226565,PRJEB27035,SAMEA4699550,ArrayExpress,1178927905,Lausanne Genomics Technology Facility,gray short-tailed opossum,public,"fastq,run.zq,sra","ena,gs,ncbi,s3","ena,gs.us-east1,ncbi.public,s3.us-east-1",postnatal,2019-02-18,2018-12-31T17:02:27Z,2018-11-16,2018-05-30T14:21:08Z,ERX2620501,postnatal day 42,hindbrain,SAMEA4699550,wild type genotype,University of Heidelberg,2018-12-31T17:02:27Z,2018-05-30T14:21:08Z,public,Illumina HiSeq 2500,5886sTS.Opossum.Cerebellum.42dpb.Female_s,SINGLE,PolyA,TRANSCRIPTOMIC,hindbrain,Monodelphis domestica,ILLUMINA,2019-02-19T00:00:00Z,2022-07-14T16:41:00Z,2,SAMEA4699550,E-MTAB-6833:5886sTS.Opossum.Cerebellum.42dpb.Female,Monodelphis domestica,female,ERP109071,E-MTAB-6833:5886sTS.Opossum.Cerebellum.42dpb.Female
ERR2603846,42,RNA-Seq,101,4640120386,PRJEB27035,SAMEA4699551,ArrayExpress,1717962983,Lausanne Genomics Technology Facility,gray short-tailed opossum,public,"fastq,run.zq,sra","ena,gs,ncbi,s3","ena,gs.us-east1,ncbi.public,s3.us-east-1",postnatal,2019-02-18,2018-12-31T17:02:27Z,2018-11-16,2018-05-30T14:21:08Z,ERX2620502,postnatal day 42,hindbrain,SAMEA4699551,wild type genotype,University of Heidelberg,2018-12-31T17:02:27Z,2018-05-30T14:21:08Z,public,Illumina HiSeq 2500,5888sTS.Opossum.Cerebellum.42dpb.Male_s,SINGLE,PolyA,TRANSCRIPTOMIC,hindbrain,Monodelphis domestica,ILLUMINA,2019-02-19T00:00:00Z,2022-07-26T06:15:00Z,2,SAMEA4699551,E-MTAB-6833:5888sTS.Opossum.Cerebellum.42dpb.Male,Monodelphis domestica,male,ERP109071,E-MTAB-6833:5888sTS.Opossum.Cerebellum.42dpb.Male
ERR2603847,42,RNA-Seq,101,3678145482,PRJEB27035,SAMEA4699552,ArrayExpress,1413635820,Lausanne Genomics Technology Facility,gray short-tailed opossum,public,"fastq,run.zq,sra","ena,gs,ncbi,s3","ena,gs.us-east1,ncbi.public,s3.us-east-1",postnatal,2019-02-18,2018-12-31T17:02:27Z,2018-11-16,2018-05-30T14:21:09Z,ERX2620503,postnatal day 42,kidney,SAMEA4699552,wild type genotype,University of Heidelberg,2018-12-31T17:02:27Z,2018-05-30T14:21:09Z,public,Illumina HiSeq 2500,4718sTS.Opossum.Kidney.42dpb.Female_s,SINGLE,PolyA,TRANSCRIPTOMIC,kidney,Monodelphis domestica,ILLUMINA,2019-02-19T00:00:00Z,2021-10-24T07:39:00Z,2,SAMEA4699552,E-MTAB-6833:4718sTS.Opossum.Kidney.42dpb.Female,Monodelphis domestica,female,ERP109071,E-MTAB-6833:4718sTS.Opossum.Kidney.42dpb.Female
ERR2603848,42,RNA-Seq,101,2471252042,PRJEB27035,SAMEA4699553,ArrayExpress,956538794,Lausanne Genomics Technology Facility,gray short-tailed opossum,public,"fastq,run.zq,sra","ena,gs,ncbi,s3","ena,gs.us-east1,ncbi.public,s3.us-east-1",postnatal,2019-02-18,2018-12-31T17:02:27Z,2018-11-16,2018-05-30T14:21:09Z,ERX2620504,postnatal day 42,kidney,SAMEA4699553,wild type genotype,University of Heidelberg,2018-12-31T17:02:27Z,2018-05-30T14:21:09Z,public,Illumina HiSeq 2500,4725sTS.Opossum.Kidney.42dpb.Male_s,SINGLE,PolyA,TRANSCRIPTOMIC,kidney,Monodelphis domestica,ILLUMINA,2019-02-19T00:00:00Z,2022-07-13T12:21:00Z,2,SAMEA4699553,E-MTAB-6833:4725sTS.Opossum.Kidney.42dpb.Male,Monodelphis domestica,male,ERP109071,E-MTAB-6833:4725sTS.Opossum.Kidney.42dpb.Male
ERR2603849,42,RNA-Seq,101,3369218398,PRJEB27035,SAMEA4699554,ArrayExpress,1280735064,Lausanne Genomics Technology Facility,gray short-tailed opossum,public,"fastq,run.zq,sra","ena,gs,ncbi,s3","ena,gs.us-east1,ncbi.public,s3.us-east-1",postnatal,2019-02-18,2018-12-31T17:02:27Z,2018-11-16,2018-05-30T14:21:09Z,ERX2620505,postnatal day 42,kidney,SAMEA4699554,wild type genotype,University of Heidelberg,2018-12-31T17:02:27Z,2018-05-30T14:21:09Z,public,Illumina HiSeq 2500,5883sTS.Opossum.Kidney.42dpb.Female_s,SINGLE,PolyA,TRANSCRIPTOMIC,kidney,Monodelphis domestica,ILLUMINA,2019-02-19T00:00:00Z,2022-07-12T19:15:00Z,2,SAMEA4699554,E-MTAB-6833:5883sTS.Opossum.Kidney.42dpb.Female,Monodelphis domestica,female,ERP109071,E-MTAB-6833:5883sTS.Opossum.Kidney.42dpb.Female
ERR2603850,42,RNA-Seq,101,3716111887,PRJEB27035,SAMEA4699555,ArrayExpress,1378707835,Lausanne Genomics Technology Facility,gray short-tailed opossum,public,"fastq,run.zq,sra","ena,gs,ncbi,s3","ena,gs.us-east1,ncbi.public,s3.us-east-1",postnatal,2019-02-18,2018-12-31T17:02:27Z,2018-11-16,2018-05-30T14:21:09Z,ERX2620506,postnatal day 42,liver,SAMEA4699555,wild type genotype,University of Heidelberg,2018-12-31T17:02:27Z,2018-05-30T14:21:09Z,public,Illumina HiSeq 2500,5884sTS.Opossum.Liver.42dpb.Female_s,SINGLE,PolyA,TRANSCRIPTOMIC,liver,Monodelphis domestica,ILLUMINA,2019-02-19T00:00:00Z,2021-10-24T07:38:00Z,2,SAMEA4699555,E-MTAB-6833:5884sTS.Opossum.Liver.42dpb.Female,Monodelphis domestica,female,ERP109071,E-MTAB-6833:5884sTS.Opossum.Liver.42dpb.Female
ERR2603851,42,RNA-Seq,101,3547428858,PRJEB27035,SAMEA4699556,ArrayExpress,1273397084,Lausanne Genomics Technology Facility,gray short-tailed opossum,public,"fastq,run.zq,sra","ena,gs,ncbi,s3","ena,gs.us-east1,ncbi.public,s3.us-east-1",postnatal,2019-02-18,2018-12-31T17:02:27Z,2018-11-16,2018-05-30T14:21:09Z,ERX2620507,postnatal day 42,ovary,SAMEA4699556,wild type genotype,University of Heidelberg,2018-12-31T17:02:27Z,2018-05-30T14:21:09Z,public,Illumina HiSeq 2500,5881sTS.Opossum.Ovary.42dpb.Female_s,SINGLE,PolyA,TRANSCRIPTOMIC,ovary,Monodelphis domestica,ILLUMINA,2019-02-19T00:00:00Z,2022-07-14T16:35:00Z,2,SAMEA4699556,E-MTAB-6833:5881sTS.Opossum.Ovary.42dpb.Female,Monodelphis domestica,female,ERP109071,E-MTAB-6833:5881sTS.Opossum.Ovary.42dpb.Female
ERR2603852,42,RNA-Seq,101,2153309294,PRJEB27035,SAMEA4699557,ArrayExpress,802089834,Lausanne Genomics Technology Facility,gray short-tailed opossum,public,"fastq,run.zq,sra","ena,gs,ncbi,s3","ena,gs.us-east1,ncbi.public,s3.us-east-1",postnatal,2019-02-18,2018-12-31T17:02:27Z,2018-11-16,2018-05-30T14:21:09Z,ERX2620508,postnatal day 42,testis,SAMEA4699557,wild type genotype,University of Heidelberg,2018-12-31T17:02:27Z,2018-05-30T14:21:09Z,public,Illumina HiSeq 2500,4723sTS.Opossum.Testis.42dpb.Male_s,SINGLE,PolyA,TRANSCRIPTOMIC,testis,Monodelphis domestica,ILLUMINA,2019-02-19T00:00:00Z,2022-07-17T19:29:00Z,2,SAMEA4699557,E-MTAB-6833:4723sTS.Opossum.Testis.42dpb.Male,Monodelphis domestica,male,ERP109071,E-MTAB-6833:4723sTS.Opossum.Testis.42dpb.Male
ERR2603853,42,RNA-Seq,101,3297046424,PRJEB27035,SAMEA4699558,ArrayExpress,1266151609,Lausanne Genomics Technology Facility,gray short-tailed opossum,public,"fastq,run.zq,sra","ena,gs,ncbi,s3","ena,gs.us-east1,ncbi.public,s3.us-east-1",postnatal,2019-02-18,2018-12-31T17:02:27Z,2018-11-16,2018-05-30T14:21:09Z,ERX2620509,postnatal day 42,testis,SAMEA4699558,wild type genotype,University of Heidelberg,2018-12-31T17:02:27Z,2018-05-30T14:21:09Z,public,Illumina HiSeq 2500,4727sTS.Opossum.Testis.42dpb.Male_s,SINGLE,PolyA,TRANSCRIPTOMIC,testis,Monodelphis domestica,ILLUMINA,2019-02-19T00:00:00Z,2022-07-26T06:13:00Z,2,SAMEA4699558,E-MTAB-6833:4727sTS.Opossum.Testis.42dpb.Male,Monodelphis domestica,male,ERP109071,E-MTAB-6833:4727sTS.Opossum.Testis.42dpb.Male
ERR2603854,6,RNA-Seq,101,2973418588,PRJEB27035,SAMEA4699559,ArrayExpress,1152366375,Lausanne Genomics Technology Facility,gray short-tailed opossum,public,"fastq,run.zq,sra","ena,gs,ncbi,s3","ena,gs.us-east1,ncbi.public,s3.us-east-1",postnatal,2019-02-18,2018-12-31T17:02:27Z,2018-11-16,2018-05-30T14:21:09Z,ERX2620510,postnatal day 6,forebrain,SAMEA4699559,wild type genotype,University of Heidelberg,2018-12-31T17:02:27Z,2018-05-30T14:21:09Z,public,Illumina HiSeq 2500,5167sTS.Opossum.Brain.6dpb.Female_s,SINGLE,PolyA,TRANSCRIPTOMIC,forebrain,Monodelphis domestica,ILLUMINA,2019-02-19T00:00:00Z,2021-10-24T07:34:00Z,2,SAMEA4699559,E-MTAB-6833:5167sTS.Opossum.Brain.6dpb.Female,Monodelphis domestica,female,ERP109071,E-MTAB-6833:5167sTS.Opossum.Brain.6dpb.Female
ERR2603855,6,RNA-Seq,101,1894319842,PRJEB27035,SAMEA4699560,ArrayExpress,715579080,Lausanne Genomics Technology Facility,gray short-tailed opossum,public,"fastq,run.zq,sra","ena,gs,ncbi,s3","ena,gs.us-east1,ncbi.public,s3.us-east-1",postnatal,2019-02-18,2018-12-31T17:02:27Z,2018-11-16,2018-05-30T14:21:09Z,ERX2620511,postnatal day 6,forebrain,SAMEA4699560,wild type genotype,University of Heidelberg,2018-12-31T17:02:27Z,2018-05-30T14:21:09Z,public,Illumina HiSeq 2500,5169sTS.Opossum.Brain.6dpb.Female_s,SINGLE,PolyA,TRANSCRIPTOMIC,forebrain,Monodelphis domestica,ILLUMINA,2019-02-19T00:00:00Z,2021-10-24T07:32:00Z,2,SAMEA4699560,E-MTAB-6833:5169sTS.Opossum.Brain.6dpb.Female,Monodelphis domestica,female,ERP109071,E-MTAB-6833:5169sTS.Opossum.Brain.6dpb.Female
ERR2603856,6,RNA-Seq,101,3956514511,PRJEB27035,SAMEA4699561,ArrayExpress,1527790036,Lausanne Genomics Technology Facility,gray short-tailed opossum,public,"fastq,run.zq,sra","ena,gs,ncbi,s3","ena,gs.us-east1,ncbi.public,s3.us-east-1",postnatal,2019-02-18,2018-12-31T17:02:27Z,2018-11-16,2018-05-30T14:21:09Z,ERX2620512,postnatal day 6,forebrain,SAMEA4699561,wild type genotype,University of Heidelberg,2018-12-31T17:02:27Z,2018-05-30T14:21:09Z,public,Illumina HiSeq 2500,5171sTS.Opossum.Brain.6dpb.Male_s,SINGLE,PolyA,TRANSCRIPTOMIC,forebrain,Monodelphis domestica,ILLUMINA,2019-02-19T00:00:00Z,2022-07-26T06:13:00Z,2,SAMEA4699561,E-MTAB-6833:5171sTS.Opossum.Brain.6dpb.Male,Monodelphis domestica,male,ERP109071,E-MTAB-6833:5171sTS.Opossum.Brain.6dpb.Male
ERR2603857,6,RNA-Seq,101,1577722010,PRJEB27035,SAMEA4699562,ArrayExpress,558585498,Lausanne Genomics Technology Facility,gray short-tailed opossum,public,"fastq,run.zq,sra","ena,gs,ncbi,s3","ena,gs.us-east1,ncbi.public,s3.us-east-1",postnatal,2019-02-18,2018-12-31T17:02:27Z,2018-11-16,2018-05-30T14:21:09Z,ERX2620513,postnatal day 6,forebrain,SAMEA4699562,wild type genotype,University of Heidelberg,2018-12-31T17:02:27Z,2018-05-30T14:21:09Z,public,Illumina HiSeq 2500,5285sTS.Opossum.Brain.6dpb.Male_s,SINGLE,PolyA,TRANSCRIPTOMIC,forebrain,Monodelphis domestica,ILLUMINA,2019-02-19T00:00:00Z,2022-07-21T17:14:00Z,2,SAMEA4699562,E-MTAB-6833:5285sTS.Opossum.Brain.6dpb.Male,Monodelphis domestica,male,ERP109071,E-MTAB-6833:5285sTS.Opossum.Brain.6dpb.Male
ERR2603858,6,RNA-Seq,101,4569100923,PRJEB27035,SAMEA4699563,ArrayExpress,1763322800,Lausanne Genomics Technology Facility,gray short-tailed opossum,public,"fastq,run.zq,sra","ena,gs,ncbi,s3","ena,gs.us-east1,ncbi.public,s3.us-east-1",postnatal,2019-02-18,2018-12-31T17:02:27Z,2018-11-16,2018-05-30T14:21:09Z,ERX2620514,postnatal day 6,heart,SAMEA4699563,wild type genotype,University of Heidelberg,2018-12-31T17:02:27Z,2018-05-30T14:21:09Z,public,Illumina HiSeq 2500,5134sTS.Opossum.Heart.6dpb.Female_s,SINGLE,PolyA,TRANSCRIPTOMIC,heart,Monodelphis domestica,ILLUMINA,2019-02-19T00:00:00Z,2022-07-19T01:10:00Z,2,SAMEA4699563,E-MTAB-6833:5134sTS.Opossum.Heart.6dpb.Female,Monodelphis domestica,female,ERP109071,E-MTAB-6833:5134sTS.Opossum.Heart.6dpb.Female
ERR2603859,6,RNA-Seq,101,3772446657,PRJEB27035,SAMEA4699564,ArrayExpress,1450942125,Lausanne Genomics Technology Facility,gray short-tailed opossum,public,"fastq,run.zq,sra","ena,gs,ncbi,s3","ena,gs.us-east1,ncbi.public,s3.us-east-1",postnatal,2019-02-18,2018-12-31T17:02:27Z,2018-11-16,2018-05-30T14:21:09Z,ERX2620515,postnatal day 6,heart,SAMEA4699564,wild type genotype,University of Heidelberg,2018-12-31T17:02:27Z,2018-05-30T14:21:09Z,public,Illumina HiSeq 2500,5137sTS.Opossum.Heart.6dpb.Female_s,SINGLE,PolyA,TRANSCRIPTOMIC,heart,Monodelphis domestica,ILLUMINA,2019-02-19T00:00:00Z,2021-10-24T07:41:00Z,2,SAMEA4699564,E-MTAB-6833:5137sTS.Opossum.Heart.6dpb.Female,Monodelphis domestica,female,ERP109071,E-MTAB-6833:5137sTS.Opossum.Heart.6dpb.Female
ERR2603860,6,RNA-Seq,101,3624696585,PRJEB27035,SAMEA4699565,ArrayExpress,1392710810,Lausanne Genomics Technology Facility,gray short-tailed opossum,public,"fastq,run.zq,sra","ena,gs,ncbi,s3","ena,gs.us-east1,ncbi.public,s3.us-east-1",postnatal,2019-02-18,2018-12-31T17:02:27Z,2018-11-16,2018-05-30T14:21:09Z,ERX2620516,postnatal day 6,heart,SAMEA4699565,wild type genotype,University of Heidelberg,2018-12-31T17:02:27Z,2018-05-30T14:21:09Z,public,Illumina HiSeq 2500,5142sTS.Opossum.Heart.6dpb.Male_s,SINGLE,PolyA,TRANSCRIPTOMIC,heart,Monodelphis domestica,ILLUMINA,2019-02-19T00:00:00Z,2022-07-26T06:13:00Z,2,SAMEA4699565,E-MTAB-6833:5142sTS.Opossum.Heart.6dpb.Male,Monodelphis domestica,male,ERP109071,E-MTAB-6833:5142sTS.Opossum.Heart.6dpb.Male
ERR2603861,6,RNA-Seq,101,4021949078,PRJEB27035,SAMEA4699566,ArrayExpress,1574122671,Lausanne Genomics Technology Facility,gray short-tailed opossum,public,"fastq,run.zq,sra","ena,gs,ncbi,s3","ena,gs.us-east1,ncbi.public,s3.us-east-1",postnatal,2019-02-18,2018-12-31T17:02:27Z,2018-11-16,2018-05-30T14:21:09Z,ERX2620517,postnatal day 6,heart,SAMEA4699566,wild type genotype,University of Heidelberg,2018-12-31T17:02:27Z,2018-05-30T14:21:09Z,public,Illumina HiSeq 2500,5206sTS.Opossum.Heart.6dpb.Male_s,SINGLE,PolyA,TRANSCRIPTOMIC,heart,Monodelphis domestica,ILLUMINA,2019-02-19T00:00:00Z,2022-07-19T08:14:00Z,2,SAMEA4699566,E-MTAB-6833:5206sTS.Opossum.Heart.6dpb.Male,Monodelphis domestica,male,ERP109071,E-MTAB-6833:5206sTS.Opossum.Heart.6dpb.Male
ERR2603862,6,RNA-Seq,101,4785864396,PRJEB27035,SAMEA4699567,ArrayExpress,1852112337,Lausanne Genomics Technology Facility,gray short-tailed opossum,public,"fastq,run.zq,sra","ena,gs,ncbi,s3","ena,gs.us-east1,ncbi.public,s3.us-east-1",postnatal,2019-02-18,2018-12-31T17:02:27Z,2018-11-16,2018-05-30T14:21:09Z,ERX2620518,postnatal day 6,hindbrain,SAMEA4699567,wild type genotype,University of Heidelberg,2018-12-31T17:02:27Z,2018-05-30T14:21:09Z,public,Illumina HiSeq 2500,5168sTS.Opossum.Cerebellum.6dpb.Female_s,SINGLE,PolyA,TRANSCRIPTOMIC,hindbrain,Monodelphis domestica,ILLUMINA,2019-02-19T00:00:00Z,2022-07-26T06:16:00Z,2,SAMEA4699567,E-MTAB-6833:5168sTS.Opossum.Cerebellum.6dpb.Female,Monodelphis domestica,female,ERP109071,E-MTAB-6833:5168sTS.Opossum.Cerebellum.6dpb.Female
ERR2603863,6,RNA-Seq,101,2519607812,PRJEB27035,SAMEA4699568,ArrayExpress,958315813,Lausanne Genomics Technology Facility,gray short-tailed opossum,public,"fastq,run.zq,sra","ena,gs,ncbi,s3","ena,gs.us-east1,ncbi.public,s3.us-east-1",postnatal,2019-02-18,2018-12-31T17:02:27Z,2018-11-16,2018-05-30T14:21:10Z,ERX2620519,postnatal day 6,hindbrain,SAMEA4699568,wild type genotype,University of Heidelberg,2018-12-31T17:02:27Z,2018-05-30T14:21:10Z,public,Illumina HiSeq 2500,5170sTS.Opossum.Cerebellum.6dpb.Female_s,SINGLE,PolyA,TRANSCRIPTOMIC,hindbrain,Monodelphis domestica,ILLUMINA,2019-02-19T00:00:00Z,2022-07-26T06:12:00Z,2,SAMEA4699568,E-MTAB-6833:5170sTS.Opossum.Cerebellum.6dpb.Female,Monodelphis domestica,female,ERP109071,E-MTAB-6833:5170sTS.Opossum.Cerebellum.6dpb.Female
ERR2603864,6,RNA-Seq,101,4453586112,PRJEB27035,SAMEA4699569,ArrayExpress,1723349477,Lausanne Genomics Technology Facility,gray short-tailed opossum,public,"fastq,run.zq,sra","ena,gs,ncbi,s3","ena,gs.us-east1,ncbi.public,s3.us-east-1",postnatal,2019-02-18,2018-12-31T17:02:27Z,2018-11-16,2018-05-30T14:21:10Z,ERX2620520,postnatal day 6,hindbrain,SAMEA4699569,wild type genotype,University of Heidelberg,2018-12-31T17:02:27Z,2018-05-30T14:21:10Z,public,Illumina HiSeq 2500,5172sTS.Opossum.Cerebellum.6dpb.Male_s,SINGLE,PolyA,TRANSCRIPTOMIC,hindbrain,Monodelphis domestica,ILLUMINA,2019-02-19T00:00:00Z,2022-07-26T06:16:00Z,2,SAMEA4699569,E-MTAB-6833:5172sTS.Opossum.Cerebellum.6dpb.Male,Monodelphis domestica,male,ERP109071,E-MTAB-6833:5172sTS.Opossum.Cerebellum.6dpb.Male
ERR2603865,6,RNA-Seq,101,3528127758,PRJEB27035,SAMEA4699570,ArrayExpress,1382689718,Lausanne Genomics Technology Facility,gray short-tailed opossum,public,"fastq,run.zq,sra","ena,gs,ncbi,s3","ena,gs.us-east1,ncbi.public,s3.us-east-1",postnatal,2019-02-18,2018-12-31T17:02:27Z,2018-11-16,2018-05-30T14:21:10Z,ERX2620521,postnatal day 6,liver,SAMEA4699570,wild type genotype,University of Heidelberg,2018-12-31T17:02:27Z,2018-05-30T14:21:10Z,public,Illumina HiSeq 2500,5135sTS.Opossum.Liver.6dpb.Female_s,SINGLE,PolyA,TRANSCRIPTOMIC,liver,Monodelphis domestica,ILLUMINA,2019-02-19T00:00:00Z,2021-10-24T07:36:00Z,2,SAMEA4699570,E-MTAB-6833:5135sTS.Opossum.Liver.6dpb.Female,Monodelphis domestica,female,ERP109071,E-MTAB-6833:5135sTS.Opossum.Liver.6dpb.Female
ERR2603866,6,RNA-Seq,101,3149752468,PRJEB27035,SAMEA4699571,ArrayExpress,1210103633,Lausanne Genomics Technology Facility,gray short-tailed opossum,public,"fastq,run.zq,sra","ena,gs,ncbi,s3","ena,gs.us-east1,ncbi.public,s3.us-east-1",postnatal,2019-02-18,2018-12-31T17:02:27Z,2018-11-16,2018-05-30T14:21:10Z,ERX2620522,postnatal day 6,liver,SAMEA4699571,wild type genotype,University of Heidelberg,2018-12-31T17:02:27Z,2018-05-30T14:21:10Z,public,Illumina HiSeq 2500,5138sTS.Opossum.Liver.6dpb.Female_s,SINGLE,PolyA,TRANSCRIPTOMIC,liver,Monodelphis domestica,ILLUMINA,2019-02-19T00:00:00Z,2022-07-26T06:12:00Z,2,SAMEA4699571,E-MTAB-6833:5138sTS.Opossum.Liver.6dpb.Female,Monodelphis domestica,female,ERP109071,E-MTAB-6833:5138sTS.Opossum.Liver.6dpb.Female
ERR2603867,6,RNA-Seq,101,3115938880,PRJEB27035,SAMEA4699572,ArrayExpress,1201713911,Lausanne Genomics Technology Facility,gray short-tailed opossum,public,"fastq,run.zq,sra","ena,gs,ncbi,s3","ena,gs.us-east1,ncbi.public,s3.us-east-1",postnatal,2019-02-18,2018-12-31T17:02:27Z,2018-11-16,2018-05-30T14:21:10Z,ERX2620523,postnatal day 6,liver,SAMEA4699572,wild type genotype,University of Heidelberg,2018-12-31T17:02:27Z,2018-05-30T14:21:10Z,public,Illumina HiSeq 2500,5143sTS.Opossum.Liver.6dpb.Male_s,SINGLE,PolyA,TRANSCRIPTOMIC,liver,Monodelphis domestica,ILLUMINA,2019-02-19T00:00:00Z,2021-10-24T07:34:00Z,2,SAMEA4699572,E-MTAB-6833:5143sTS.Opossum.Liver.6dpb.Male,Monodelphis domestica,male,ERP109071,E-MTAB-6833:5143sTS.Opossum.Liver.6dpb.Male
ERR2603868,6,RNA-Seq,101,3990328503,PRJEB27035,SAMEA4699573,ArrayExpress,1564700051,Lausanne Genomics Technology Facility,gray short-tailed opossum,public,"fastq,run.zq,sra","ena,gs,ncbi,s3","ena,gs.us-east1,ncbi.public,s3.us-east-1",postnatal,2019-02-18,2018-12-31T17:02:27Z,2018-11-16,2018-05-30T14:21:10Z,ERX2620524,postnatal day 6,liver,SAMEA4699573,wild type genotype,University of Heidelberg,2018-12-31T17:02:27Z,2018-05-30T14:21:10Z,public,Illumina HiSeq 2500,5209sTS.Opossum.Liver.6dpb.Male_s,SINGLE,PolyA,TRANSCRIPTOMIC,liver,Monodelphis domestica,ILLUMINA,2019-02-19T00:00:00Z,2022-07-17T23:36:00Z,2,SAMEA4699573,E-MTAB-6833:5209sTS.Opossum.Liver.6dpb.Male,Monodelphis domestica,male,ERP109071,E-MTAB-6833:5209sTS.Opossum.Liver.6dpb.Male
ERR2603869,6,RNA-Seq,101,2643275242,PRJEB27035,SAMEA4699574,ArrayExpress,946732941,Lausanne Genomics Technology Facility,gray short-tailed opossum,public,"fastq,run.zq,sra","ena,gs,ncbi,s3","ena,gs.us-east1,ncbi.public,s3.us-east-1",postnatal,2019-02-18,2018-12-31T17:02:27Z,2018-11-16,2018-05-30T14:21:10Z,ERX2620525,postnatal day 6,ovary,SAMEA4699574,wild type genotype,University of Heidelberg,2018-12-31T17:02:27Z,2018-05-30T14:21:10Z,public,Illumina HiSeq 2500,4951sTS.Opossum.Ovary.6dpb.Female_s,SINGLE,PolyA,TRANSCRIPTOMIC,ovary,Monodelphis domestica,ILLUMINA,2019-02-19T00:00:00Z,2021-10-24T07:35:00Z,2,SAMEA4699574,E-MTAB-6833:4951sTS.Opossum.Ovary.6dpb.Female,Monodelphis domestica,female,ERP109071,E-MTAB-6833:4951sTS.Opossum.Ovary.6dpb.Female
ERR2603870,6,RNA-Seq,101,1749245765,PRJEB27035,SAMEA4699575,ArrayExpress,646920663,Lausanne Genomics Technology Facility,gray short-tailed opossum,public,"fastq,run.zq,sra","ena,gs,ncbi,s3","ena,gs.us-east1,ncbi.public,s3.us-east-1",postnatal,2019-02-18,2018-12-31T17:02:27Z,2018-11-16,2018-05-30T14:21:10Z,ERX2620526,postnatal day 6,ovary,SAMEA4699575,wild type genotype,University of Heidelberg,2018-12-31T17:02:27Z,2018-05-30T14:21:10Z,public,Illumina HiSeq 2500,5326sTS.Opossum.Ovary.6dpb.Female_s,SINGLE,PolyA,TRANSCRIPTOMIC,ovary,Monodelphis domestica,ILLUMINA,2019-02-19T00:00:00Z,2022-07-26T06:10:00Z,2,SAMEA4699575,E-MTAB-6833:5326sTS.Opossum.Ovary.6dpb.Female,Monodelphis domestica,female,ERP109071,E-MTAB-6833:5326sTS.Opossum.Ovary.6dpb.Female
ERR2603871,6,RNA-Seq,101,3326423890,PRJEB27035,SAMEA4699576,ArrayExpress,1272952030,Lausanne Genomics Technology Facility,gray short-tailed opossum,public,"fastq,run.zq,sra","ena,gs,ncbi,s3","ena,gs.us-east1,ncbi.public,s3.us-east-1",postnatal,2019-02-18,2018-12-31T17:02:27Z,2018-11-16,2018-05-30T14:21:10Z,ERX2620527,postnatal day 6,testis,SAMEA4699576,wild type genotype,University of Heidelberg,2018-12-31T17:02:27Z,2018-05-30T14:21:10Z,public,Illumina HiSeq 2500,5327sTS.Opossum.Testis.6dpb.Male_s,SINGLE,PolyA,TRANSCRIPTOMIC,testis,Monodelphis domestica,ILLUMINA,2019-02-19T00:00:00Z,2021-10-24T07:36:00Z,2,SAMEA4699576,E-MTAB-6833:5327sTS.Opossum.Testis.6dpb.Male,Monodelphis domestica,male,ERP109071,E-MTAB-6833:5327sTS.Opossum.Testis.6dpb.Male
ERR2603872,6,RNA-Seq,101,2382945621,PRJEB27035,SAMEA4699577,ArrayExpress,881216260,Lausanne Genomics Technology Facility,gray short-tailed opossum,public,"fastq,run.zq,sra","ena,gs,ncbi,s3","ena,gs.us-east1,ncbi.public,s3.us-east-1",postnatal,2019-02-18,2018-12-31T17:02:27Z,2018-11-16,2018-05-30T14:21:10Z,ERX2620528,postnatal day 6,testis,SAMEA4699577,wild type genotype,University of Heidelberg,2018-12-31T17:02:27Z,2018-05-30T14:21:10Z,public,Illumina HiSeq 2500,5328sTS.Opossum.Testis.6dpb.Male_s,SINGLE,PolyA,TRANSCRIPTOMIC,testis,Monodelphis domestica,ILLUMINA,2019-02-19T00:00:00Z,2022-07-26T06:10:00Z,2,SAMEA4699577,E-MTAB-6833:5328sTS.Opossum.Testis.6dpb.Male,Monodelphis domestica,male,ERP109071,E-MTAB-6833:5328sTS.Opossum.Testis.6dpb.Male
ERR2603873,60,RNA-Seq,101,2209942014,PRJEB27035,SAMEA4699578,ArrayExpress,714689374,Lausanne Genomics Technology Facility,gray short-tailed opossum,public,"fastq,run.zq,sra","ena,gs,ncbi,s3","ena,gs.us-east1,ncbi.public,s3.us-east-1",postnatal,2019-02-18,2018-12-31T17:02:27Z,2018-11-16,2018-05-30T14:21:11Z,ERX2620529,postnatal day 60,forebrain,SAMEA4699578,wild type genotype,University of Heidelberg,2018-12-31T17:02:27Z,2018-05-30T14:21:11Z,public,Illumina HiSeq 2500,4647sTS.Opossum.Brain.60dpb.Male_s,SINGLE,PolyA,TRANSCRIPTOMIC,forebrain,Monodelphis domestica,ILLUMINA,2019-02-19T00:00:00Z,2022-07-14T14:45:00Z,2,SAMEA4699578,E-MTAB-6833:4647sTS.Opossum.Brain.60dpb.Male,Monodelphis domestica,male,ERP109071,E-MTAB-6833:4647sTS.Opossum.Brain.60dpb.Male
ERR2603874,60,RNA-Seq,101,3638534999,PRJEB27035,SAMEA4699579,ArrayExpress,1300213985,Lausanne Genomics Technology Facility,gray short-tailed opossum,public,"fastq,run.zq,sra","ena,gs,ncbi,s3","ena,gs.us-east1,ncbi.public,s3.us-east-1",postnatal,2019-02-18,2018-12-31T17:02:27Z,2018-11-16,2018-05-30T14:21:11Z,ERX2620530,postnatal day 60,heart,SAMEA4699579,wild type genotype,University of Heidelberg,2018-12-31T17:02:27Z,2018-05-30T14:21:11Z,public,Illumina HiSeq 2500,4643sTS.Opossum.Heart.60dpb.Female_s,SINGLE,PolyA,TRANSCRIPTOMIC,heart,Monodelphis domestica,ILLUMINA,2019-02-19T00:00:00Z,2022-07-13T20:32:00Z,2,SAMEA4699579,E-MTAB-6833:4643sTS.Opossum.Heart.60dpb.Female,Monodelphis domestica,female,ERP109071,E-MTAB-6833:4643sTS.Opossum.Heart.60dpb.Female
ERR2603875,60,RNA-Seq,101,5928671316,PRJEB27035,SAMEA4699580,ArrayExpress,2110947621,Lausanne Genomics Technology Facility,gray short-tailed opossum,public,"fastq,run.zq,sra","ena,gs,ncbi,s3","ena,gs.us-east1,ncbi.public,s3.us-east-1",postnatal,2019-02-18,2018-12-31T17:02:27Z,2018-11-16,2018-05-30T14:21:11Z,ERX2620531,postnatal day 60,heart,SAMEA4699580,wild type genotype,University of Heidelberg,2018-12-31T17:02:27Z,2018-05-30T14:21:11Z,public,Illumina HiSeq 2500,5871sTS.Opossum.Heart.60dpb.Female_s,SINGLE,PolyA,TRANSCRIPTOMIC,heart,Monodelphis domestica,ILLUMINA,2019-02-19T00:00:00Z,2022-07-15T18:22:00Z,2,SAMEA4699580,E-MTAB-6833:5871sTS.Opossum.Heart.60dpb.Female,Monodelphis domestica,female,ERP109071,E-MTAB-6833:5871sTS.Opossum.Heart.60dpb.Female
ERR2603876,60,RNA-Seq,101,5228580524,PRJEB27035,SAMEA4699581,ArrayExpress,1980933142,Lausanne Genomics Technology Facility,gray short-tailed opossum,public,"fastq,run.zq,sra","ena,gs,ncbi,s3","ena,gs.us-east1,ncbi.public,s3.us-east-1",postnatal,2019-02-18,2018-12-31T17:02:27Z,2018-11-16,2018-05-30T14:21:11Z,ERX2620532,postnatal day 60,heart,SAMEA4699581,wild type genotype,University of Heidelberg,2018-12-31T17:02:27Z,2018-05-30T14:21:11Z,public,Illumina HiSeq 2500,5873sTS.Opossum.Heart.60dpb.Male_s,SINGLE,PolyA,TRANSCRIPTOMIC,heart,Monodelphis domestica,ILLUMINA,2019-02-19T00:00:00Z,2022-07-23T00:59:00Z,2,SAMEA4699581,E-MTAB-6833:5873sTS.Opossum.Heart.60dpb.Male,Monodelphis domestica,male,ERP109071,E-MTAB-6833:5873sTS.Opossum.Heart.60dpb.Male
ERR2603877,60,RNA-Seq,101,9134081046,PRJEB27035,SAMEA4699582,ArrayExpress,3529906618,Lausanne Genomics Technology Facility,gray short-tailed opossum,public,"fastq,run.zq,sra","ena,gs,ncbi,s3","ena,gs.us-east1,ncbi.public,s3.us-east-1",postnatal,2019-02-18,2018-12-31T17:02:27Z,2018-11-16,2018-05-30T14:21:11Z,ERX2620533,postnatal day 60,hindbrain,SAMEA4699582,wild type genotype,University of Heidelberg,2018-12-31T17:02:27Z,2018-05-30T14:21:11Z,public,Illumina HiSeq 2500,4648sTS2.Opossum.Cerebellum.60dpb.Male_s,SINGLE,PolyA,TRANSCRIPTOMIC,hindbrain,Monodelphis domestica,ILLUMINA,2019-02-19T00:00:00Z,2022-07-18T06:51:00Z,2,SAMEA4699582,E-MTAB-6833:4648sTS2.Opossum.Cerebellum.60dpb.Male,Monodelphis domestica,male,ERP109071,E-MTAB-6833:4648sTS2.Opossum.Cerebellum.60dpb.Male
ERR2603878,60,RNA-Seq,101,4868182426,PRJEB27035,SAMEA4699583,ArrayExpress,1808576693,Lausanne Genomics Technology Facility,gray short-tailed opossum,public,"fastq,run.zq,sra","ena,gs,ncbi,s3","ena,gs.us-east1,ncbi.public,s3.us-east-1",postnatal,2019-02-18,2018-12-31T17:02:27Z,2018-11-16,2018-05-30T14:21:11Z,ERX2620534,postnatal day 60,hindbrain,SAMEA4699583,wild type genotype,University of Heidelberg,2018-12-31T17:02:27Z,2018-05-30T14:21:11Z,public,Illumina HiSeq 2500,5869sTS.Opossum.Cerebellum.60dpb.Female_s,SINGLE,PolyA,TRANSCRIPTOMIC,hindbrain,Monodelphis domestica,ILLUMINA,2019-02-19T00:00:00Z,2021-10-24T07:43:00Z,2,SAMEA4699583,E-MTAB-6833:5869sTS.Opossum.Cerebellum.60dpb.Female,Monodelphis domestica,female,ERP109071,E-MTAB-6833:5869sTS.Opossum.Cerebellum.60dpb.Female
ERR2603879,60,RNA-Seq,101,5388165170,PRJEB27035,SAMEA4699584,ArrayExpress,2007291716,Lausanne Genomics Technology Facility,gray short-tailed opossum,public,"fastq,run.zq,sra","ena,gs,ncbi,s3","ena,gs.us-east1,ncbi.public,s3.us-east-1",postnatal,2019-02-18,2018-12-31T17:02:27Z,2018-11-16,2018-05-30T14:21:11Z,ERX2620535,postnatal day 60,hindbrain,SAMEA4699584,wild type genotype,University of Heidelberg,2018-12-31T17:02:27Z,2018-05-30T14:21:11Z,public,Illumina HiSeq 2500,5874sTS.Opossum.Cerebellum.60dpb.Male_s,SINGLE,PolyA,TRANSCRIPTOMIC,hindbrain,Monodelphis domestica,ILLUMINA,2019-02-19T00:00:00Z,2022-07-26T06:17:00Z,2,SAMEA4699584,E-MTAB-6833:5874sTS.Opossum.Cerebellum.60dpb.Male,Monodelphis domestica,male,ERP109071,E-MTAB-6833:5874sTS.Opossum.Cerebellum.60dpb.Male
ERR2603880,60,RNA-Seq,101,2216022416,PRJEB27035,SAMEA4699585,ArrayExpress,806291856,Lausanne Genomics Technology Facility,gray short-tailed opossum,public,"fastq,run.zq,sra","ena,gs,ncbi,s3","ena,gs.us-east1,ncbi.public,s3.us-east-1",postnatal,2019-02-18,2018-12-31T17:02:27Z,2018-11-16,2018-05-30T14:21:11Z,ERX2620536,postnatal day 60,kidney,SAMEA4699585,wild type genotype,University of Heidelberg,2018-12-31T17:02:27Z,2018-05-30T14:21:11Z,public,Illumina HiSeq 2500,4644sTS.Opossum.Kidney.60dpb.Female_s,SINGLE,PolyA,TRANSCRIPTOMIC,kidney,Monodelphis domestica,ILLUMINA,2019-02-19T00:00:00Z,2022-07-15T21:43:00Z,2,SAMEA4699585,E-MTAB-6833:4644sTS.Opossum.Kidney.60dpb.Female,Monodelphis domestica,female,ERP109071,E-MTAB-6833:4644sTS.Opossum.Kidney.60dpb.Female
ERR2603881,60,RNA-Seq,101,2201574669,PRJEB27035,SAMEA4699586,ArrayExpress,796293379,Lausanne Genomics Technology Facility,gray short-tailed opossum,public,"fastq,run.zq,sra","ena,gs,ncbi,s3","ena,gs.us-east1,ncbi.public,s3.us-east-1",postnatal,2019-02-18,2018-12-31T17:02:27Z,2018-11-16,2018-05-30T14:21:12Z,ERX2620537,postnatal day 60,kidney,SAMEA4699586,wild type genotype,University of Heidelberg,2018-12-31T17:02:27Z,2018-05-30T14:21:12Z,public,Illumina HiSeq 2500,4659sTS.Opossum.Kidney.60dpb.Male_s,SINGLE,PolyA,TRANSCRIPTOMIC,kidney,Monodelphis domestica,ILLUMINA,2019-02-19T00:00:00Z,2021-10-24T07:32:00Z,2,SAMEA4699586,E-MTAB-6833:4659sTS.Opossum.Kidney.60dpb.Male,Monodelphis domestica,male,ERP109071,E-MTAB-6833:4659sTS.Opossum.Kidney.60dpb.Male
ERR2603882,60,RNA-Seq,101,4774010228,PRJEB27035,SAMEA4699587,ArrayExpress,1644340176,Lausanne Genomics Technology Facility,gray short-tailed opossum,public,"fastq,run.zq,sra","ena,gs,ncbi,s3","ena,gs.us-east1,ncbi.public,s3.us-east-1",postnatal,2019-02-18,2018-12-31T17:02:27Z,2018-11-16,2018-05-30T14:21:12Z,ERX2620538,postnatal day 60,kidney,SAMEA4699587,wild type genotype,University of Heidelberg,2018-12-31T17:02:27Z,2018-05-30T14:21:12Z,public,Illumina HiSeq 2500,4729sTSm.Opossum.Kidney.60dpb.Male_s,SINGLE,PolyA,TRANSCRIPTOMIC,kidney,Monodelphis domestica,ILLUMINA,2019-02-19T00:00:00Z,2022-07-26T06:17:00Z,2,SAMEA4699587,E-MTAB-6833:4729sTSm.Opossum.Kidney.60dpb.Male,Monodelphis domestica,male,ERP109071,E-MTAB-6833:4729sTSm.Opossum.Kidney.60dpb.Male
ERR2603883,60,RNA-Seq,101,3617501042,PRJEB27035,SAMEA4699588,ArrayExpress,1361492342,Lausanne Genomics Technology Facility,gray short-tailed opossum,public,"fastq,run.zq,sra","ena,gs,ncbi,s3","ena,gs.us-east1,ncbi.public,s3.us-east-1",postnatal,2019-02-18,2018-12-31T17:02:27Z,2018-11-16,2018-05-30T14:21:12Z,ERX2620539,postnatal day 60,liver,SAMEA4699588,wild type genotype,University of Heidelberg,2018-12-31T17:02:27Z,2018-05-30T14:21:12Z,public,Illumina HiSeq 2500,4660sTS.Opossum.Liver.60dpb.Male_s,SINGLE,PolyA,TRANSCRIPTOMIC,liver,Monodelphis domestica,ILLUMINA,2019-02-19T00:00:00Z,2021-10-24T07:40:00Z,2,SAMEA4699588,E-MTAB-6833:4660sTS.Opossum.Liver.60dpb.Male,Monodelphis domestica,male,ERP109071,E-MTAB-6833:4660sTS.Opossum.Liver.60dpb.Male
ERR2603884,60,RNA-Seq,101,2835824369,PRJEB27035,SAMEA4699589,ArrayExpress,1055924391,Lausanne Genomics Technology Facility,gray short-tailed opossum,public,"fastq,run.zq,sra","ena,gs,ncbi,s3","ena,gs.us-east1,ncbi.public,s3.us-east-1",postnatal,2019-02-18,2018-12-31T17:02:27Z,2018-11-16,2018-05-30T14:21:12Z,ERX2620540,postnatal day 60,liver,SAMEA4699589,wild type genotype,University of Heidelberg,2018-12-31T17:02:27Z,2018-05-30T14:21:12Z,public,Illumina HiSeq 2500,5851sTS.Opossum.Liver.60dpb.Female_s,SINGLE,PolyA,TRANSCRIPTOMIC,liver,Monodelphis domestica,ILLUMINA,2019-02-19T00:00:00Z,2021-10-24T07:34:00Z,2,SAMEA4699589,E-MTAB-6833:5851sTS.Opossum.Liver.60dpb.Female,Monodelphis domestica,female,ERP109071,E-MTAB-6833:5851sTS.Opossum.Liver.60dpb.Female
ERR2603885,60,RNA-Seq,101,3117157647,PRJEB27035,SAMEA4699590,ArrayExpress,1074702943,Lausanne Genomics Technology Facility,gray short-tailed opossum,public,"fastq,run.zq,sra","ena,gs,ncbi,s3","ena,gs.us-east1,ncbi.public,s3.us-east-1",postnatal,2019-02-18,2018-12-31T17:02:27Z,2018-11-16,2018-05-30T14:21:12Z,ERX2620541,postnatal day 60,liver,SAMEA4699590,wild type genotype,University of Heidelberg,2018-12-31T17:02:27Z,2018-05-30T14:21:12Z,public,Illumina HiSeq 2500,5872sTS.Opossum.Liver.60dpb.Female_s,SINGLE,PolyA,TRANSCRIPTOMIC,liver,Monodelphis domestica,ILLUMINA,2019-02-19T00:00:00Z,2022-07-26T06:13:00Z,2,SAMEA4699590,E-MTAB-6833:5872sTS.Opossum.Liver.60dpb.Female,Monodelphis domestica,female,ERP109071,E-MTAB-6833:5872sTS.Opossum.Liver.60dpb.Female
ERR2603886,60,RNA-Seq,101,4403312857,PRJEB27035,SAMEA4699591,ArrayExpress,1628168187,Lausanne Genomics Technology Facility,gray short-tailed opossum,public,"fastq,run.zq,sra","ena,gs,ncbi,s3","ena,gs.us-east1,ncbi.public,s3.us-east-1",postnatal,2019-02-18,2018-12-31T17:02:27Z,2018-11-16,2018-05-30T14:21:12Z,ERX2620542,postnatal day 60,liver,SAMEA4699591,wild type genotype,University of Heidelberg,2018-12-31T17:02:27Z,2018-05-30T14:21:12Z,public,Illumina HiSeq 2500,5875sTS.Opossum.Liver.60dpb.Male_s,SINGLE,PolyA,TRANSCRIPTOMIC,liver,Monodelphis domestica,ILLUMINA,2019-02-19T00:00:00Z,2022-07-17T23:38:00Z,2,SAMEA4699591,E-MTAB-6833:5875sTS.Opossum.Liver.60dpb.Male,Monodelphis domestica,male,ERP109071,E-MTAB-6833:5875sTS.Opossum.Liver.60dpb.Male
ERR2603887,60,RNA-Seq,101,8466854947,PRJEB27035,SAMEA4699592,ArrayExpress,3180287475,Lausanne Genomics Technology Facility,gray short-tailed opossum,public,"fastq,run.zq,sra","ena,gs,ncbi,s3","ena,gs.us-east1,ncbi.public,s3.us-east-1",postnatal,2019-02-18,2018-12-31T17:02:27Z,2018-11-16,2018-05-30T14:21:12Z,ERX2620543,postnatal day 60,ovary,SAMEA4699592,wild type genotype,University of Heidelberg,2018-12-31T17:02:27Z,2018-05-30T14:21:12Z,public,Illumina HiSeq 2500,4658sTS.Opossum.Ovary.60dpb.Female_s,SINGLE,PolyA,TRANSCRIPTOMIC,ovary,Monodelphis domestica,ILLUMINA,2019-02-19T00:00:00Z,2021-10-24T07:47:00Z,2,SAMEA4699592,E-MTAB-6833:4658sTS.Opossum.Ovary.60dpb.Female,Monodelphis domestica,female,ERP109071,E-MTAB-6833:4658sTS.Opossum.Ovary.60dpb.Female
ERR2603888,60,RNA-Seq,101,3795674132,PRJEB27035,SAMEA4699593,ArrayExpress,1410714295,Lausanne Genomics Technology Facility,gray short-tailed opossum,public,"fastq,run.zq,sra","ena,gs,ncbi,s3","ena,gs.us-east1,ncbi.public,s3.us-east-1",postnatal,2019-02-18,2018-12-31T17:02:27Z,2018-11-16,2018-05-30T14:21:12Z,ERX2620544,postnatal day 60,ovary,SAMEA4699593,wild type genotype,University of Heidelberg,2018-12-31T17:02:27Z,2018-05-30T14:21:12Z,public,Illumina HiSeq 2500,5870sTS.Opossum.Ovary.60dpb.Female_s,SINGLE,PolyA,TRANSCRIPTOMIC,ovary,Monodelphis domestica,ILLUMINA,2019-02-19T00:00:00Z,2022-07-18T06:40:00Z,2,SAMEA4699593,E-MTAB-6833:5870sTS.Opossum.Ovary.60dpb.Female,Monodelphis domestica,female,ERP109071,E-MTAB-6833:5870sTS.Opossum.Ovary.60dpb.Female
ERR2603889,60,RNA-Seq,101,5560215337,PRJEB27035,SAMEA4699594,ArrayExpress,2103992974,Lausanne Genomics Technology Facility,gray short-tailed opossum,public,"fastq,run.zq,sra","ena,gs,ncbi,s3","ena,gs.us-east1,ncbi.public,s3.us-east-1",postnatal,2019-02-18,2018-12-31T17:02:27Z,2018-11-16,2018-05-30T14:21:12Z,ERX2620545,postnatal day 60,testis,SAMEA4699594,wild type genotype,University of Heidelberg,2018-12-31T17:02:27Z,2018-05-30T14:21:12Z,public,Illumina HiSeq 2500,4661sTS.Opossum.Testis.60dpb.Male_s,SINGLE,PolyA,TRANSCRIPTOMIC,testis,Monodelphis domestica,ILLUMINA,2019-02-19T00:00:00Z,2022-07-19T15:42:00Z,2,SAMEA4699594,E-MTAB-6833:4661sTS.Opossum.Testis.60dpb.Male,Monodelphis domestica,male,ERP109071,E-MTAB-6833:4661sTS.Opossum.Testis.60dpb.Male
ERR2603890,60,RNA-Seq,101,2297674351,PRJEB27035,SAMEA4699595,ArrayExpress,858403681,Lausanne Genomics Technology Facility,gray short-tailed opossum,public,"fastq,run.zq,sra","ena,gs,ncbi,s3","ena,gs.us-east1,ncbi.public,s3.us-east-1",postnatal,2019-02-18,2018-12-31T17:02:27Z,2018-11-16,2018-05-30T14:21:12Z,ERX2620546,postnatal day 60,testis,SAMEA4699595,wild type genotype,University of Heidelberg,2018-12-31T17:02:27Z,2018-05-30T14:21:12Z,public,Illumina HiSeq 2500,4731sTS.Opossum.Testis.60dpb.Male_s,SINGLE,PolyA,TRANSCRIPTOMIC,testis,Monodelphis domestica,ILLUMINA,2019-02-19T00:00:00Z,2022-07-26T06:11:00Z,2,SAMEA4699595,E-MTAB-6833:4731sTS.Opossum.Testis.60dpb.Male,Monodelphis domestica,male,ERP109071,E-MTAB-6833:4731sTS.Opossum.Testis.60dpb.Male
ERR2603891,90,RNA-Seq,101,4091669782,PRJEB27035,SAMEA4699596,ArrayExpress,1629506852,Lausanne Genomics Technology Facility,gray short-tailed opossum,public,"fastq,run.zq,sra","ena,gs,ncbi,s3","ena,gs.us-east1,ncbi.public,s3.us-east-1",postnatal,2019-02-18,2018-12-31T17:02:27Z,2018-11-16,2018-05-30T14:21:12Z,ERX2620547,postnatal day 90,forebrain,SAMEA4699596,wild type genotype,University of Heidelberg,2018-12-31T17:02:27Z,2018-05-30T14:21:12Z,public,Illumina HiSeq 2500,4607sTS.Opossum.Brain.90dpb.Female_s,SINGLE,PolyA,TRANSCRIPTOMIC,forebrain,Monodelphis domestica,ILLUMINA,2019-02-19T00:00:00Z,2022-07-14T10:07:00Z,2,SAMEA4699596,E-MTAB-6833:4607sTS.Opossum.Brain.90dpb.Female,Monodelphis domestica,female,ERP109071,E-MTAB-6833:4607sTS.Opossum.Brain.90dpb.Female
ERR2603892,90,RNA-Seq,101,2726093121,PRJEB27035,SAMEA4699597,ArrayExpress,1018918615,Lausanne Genomics Technology Facility,gray short-tailed opossum,public,"fastq,run.zq,sra","ena,gs,ncbi,s3","ena,gs.us-east1,ncbi.public,s3.us-east-1",postnatal,2019-02-18,2018-12-31T17:02:27Z,2018-11-16,2018-05-30T14:21:13Z,ERX2620548,postnatal day 90,forebrain,SAMEA4699597,wild type genotype,University of Heidelberg,2018-12-31T17:02:27Z,2018-05-30T14:21:13Z,public,Illumina HiSeq 2500,4620sTS.Opossum.Brain.90dpb.Male_s,SINGLE,PolyA,TRANSCRIPTOMIC,forebrain,Monodelphis domestica,ILLUMINA,2019-02-19T00:00:00Z,2021-10-24T07:34:00Z,2,SAMEA4699597,E-MTAB-6833:4620sTS.Opossum.Brain.90dpb.Male,Monodelphis domestica,male,ERP109071,E-MTAB-6833:4620sTS.Opossum.Brain.90dpb.Male
ERR2603893,90,RNA-Seq,101,3232129482,PRJEB27035,SAMEA4699598,ArrayExpress,1171911464,Lausanne Genomics Technology Facility,gray short-tailed opossum,public,"fastq,run.zq,sra","ena,gs,ncbi,s3","ena,gs.us-east1,ncbi.public,s3.us-east-1",postnatal,2019-02-18,2018-12-31T17:02:27Z,2018-11-16,2018-05-30T14:21:13Z,ERX2620549,postnatal day 90,forebrain,SAMEA4699598,wild type genotype,University of Heidelberg,2018-12-31T17:02:27Z,2018-05-30T14:21:13Z,public,Illumina HiSeq 2500,5864sTS.Opossum.Brain.90dpb.Female_s,SINGLE,PolyA,TRANSCRIPTOMIC,forebrain,Monodelphis domestica,ILLUMINA,2019-02-19T00:00:00Z,2022-07-26T06:13:00Z,2,SAMEA4699598,E-MTAB-6833:5864sTS.Opossum.Brain.90dpb.Female,Monodelphis domestica,female,ERP109071,E-MTAB-6833:5864sTS.Opossum.Brain.90dpb.Female
ERR2603894,90,RNA-Seq,101,4128402573,PRJEB27035,SAMEA4699599,ArrayExpress,1622085807,Lausanne Genomics Technology Facility,gray short-tailed opossum,public,"fastq,run.zq,sra","ena,gs,ncbi,s3","ena,gs.us-east1,ncbi.public,s3.us-east-1",postnatal,2019-02-18,2018-12-31T17:02:27Z,2018-11-16,2018-05-30T14:21:13Z,ERX2620550,postnatal day 90,heart,SAMEA4699599,wild type genotype,University of Heidelberg,2018-12-31T17:02:27Z,2018-05-30T14:21:13Z,public,Illumina HiSeq 2500,4612sTS.Opossum.Heart.90dpb.Female_s,SINGLE,PolyA,TRANSCRIPTOMIC,heart,Monodelphis domestica,ILLUMINA,2019-02-19T00:00:00Z,2022-07-14T06:51:00Z,2,SAMEA4699599,E-MTAB-6833:4612sTS.Opossum.Heart.90dpb.Female,Monodelphis domestica,female,ERP109071,E-MTAB-6833:4612sTS.Opossum.Heart.90dpb.Female
ERR2603895,90,RNA-Seq,101,3663389079,PRJEB27035,SAMEA4699600,ArrayExpress,1320928443,Lausanne Genomics Technology Facility,gray short-tailed opossum,public,"fastq,run.zq,sra","ena,gs,ncbi,s3","ena,gs.us-east1,ncbi.public,s3.us-east-1",postnatal,2019-02-18,2018-12-31T17:02:27Z,2018-11-16,2018-05-30T14:21:13Z,ERX2620551,postnatal day 90,heart,SAMEA4699600,wild type genotype,University of Heidelberg,2018-12-31T17:02:27Z,2018-05-30T14:21:13Z,public,Illumina HiSeq 2500,4635sTS.Opossum.Heart.90dpb.Male_s,SINGLE,PolyA,TRANSCRIPTOMIC,heart,Monodelphis domestica,ILLUMINA,2019-02-19T00:00:00Z,2022-07-13T19:16:00Z,2,SAMEA4699600,E-MTAB-6833:4635sTS.Opossum.Heart.90dpb.Male,Monodelphis domestica,male,ERP109071,E-MTAB-6833:4635sTS.Opossum.Heart.90dpb.Male
ERR2603896,90,RNA-Seq,101,4532123813,PRJEB27035,SAMEA4699601,ArrayExpress,1677984463,Lausanne Genomics Technology Facility,gray short-tailed opossum,public,"fastq,run.zq,sra","ena,gs,ncbi,s3","ena,gs.us-east1,ncbi.public,s3.us-east-1",postnatal,2019-02-18,2018-12-31T17:02:27Z,2018-11-16,2018-05-30T14:21:13Z,ERX2620552,postnatal day 90,heart,SAMEA4699601,wild type genotype,University of Heidelberg,2018-12-31T17:02:27Z,2018-05-30T14:21:13Z,public,Illumina HiSeq 2500,5866sTS.Opossum.Heart.90dpb.Female_s,SINGLE,PolyA,TRANSCRIPTOMIC,heart,Monodelphis domestica,ILLUMINA,2019-02-19T00:00:00Z,2022-07-26T06:17:00Z,2,SAMEA4699601,E-MTAB-6833:5866sTS.Opossum.Heart.90dpb.Female,Monodelphis domestica,female,ERP109071,E-MTAB-6833:5866sTS.Opossum.Heart.90dpb.Female
ERR2603897,90,RNA-Seq,101,5293418686,PRJEB27035,SAMEA4699602,ArrayExpress,2083848111,Lausanne Genomics Technology Facility,gray short-tailed opossum,public,"fastq,run.zq,sra","ena,gs,ncbi,s3","ena,gs.us-east1,ncbi.public,s3.us-east-1",postnatal,2019-02-18,2018-12-31T17:02:27Z,2018-11-16,2018-05-30T14:21:13Z,ERX2620553,postnatal day 90,hindbrain,SAMEA4699602,wild type genotype,University of Heidelberg,2018-12-31T17:02:27Z,2018-05-30T14:21:13Z,public,Illumina HiSeq 2500,4608sTS.Opossum.Cerebellum.90dpb.Female_s,SINGLE,PolyA,TRANSCRIPTOMIC,hindbrain,Monodelphis domestica,ILLUMINA,2019-02-19T00:00:00Z,2021-10-24T07:47:00Z,2,SAMEA4699602,E-MTAB-6833:4608sTS.Opossum.Cerebellum.90dpb.Female,Monodelphis domestica,female,ERP109071,E-MTAB-6833:4608sTS.Opossum.Cerebellum.90dpb.Female
ERR2603898,90,RNA-Seq,101,5381373930,PRJEB27035,SAMEA4699603,ArrayExpress,1988525132,Lausanne Genomics Technology Facility,gray short-tailed opossum,public,"fastq,run.zq,sra","ena,gs,ncbi,s3","ena,gs.us-east1,ncbi.public,s3.us-east-1",postnatal,2019-02-18,2018-12-31T17:02:27Z,2018-11-16,2018-05-30T14:21:13Z,ERX2620554,postnatal day 90,hindbrain,SAMEA4699603,wild type genotype,University of Heidelberg,2018-12-31T17:02:27Z,2018-05-30T14:21:13Z,public,Illumina HiSeq 2500,4621sTS.Opossum.Cerebellum.90dpb.Male_s,SINGLE,PolyA,TRANSCRIPTOMIC,hindbrain,Monodelphis domestica,ILLUMINA,2019-02-19T00:00:00Z,2022-07-19T15:42:00Z,2,SAMEA4699603,E-MTAB-6833:4621sTS.Opossum.Cerebellum.90dpb.Male,Monodelphis domestica,male,ERP109071,E-MTAB-6833:4621sTS.Opossum.Cerebellum.90dpb.Male
ERR2603899,90,RNA-Seq,101,4720825648,PRJEB27035,SAMEA4699604,ArrayExpress,1749806078,Lausanne Genomics Technology Facility,gray short-tailed opossum,public,"fastq,run.zq,sra","ena,gs,ncbi,s3","ena,gs.us-east1,ncbi.public,s3.us-east-1",postnatal,2019-02-18,2018-12-31T17:02:27Z,2018-11-16,2018-05-30T14:21:13Z,ERX2620555,postnatal day 90,hindbrain,SAMEA4699604,wild type genotype,University of Heidelberg,2018-12-31T17:02:27Z,2018-05-30T14:21:13Z,public,Illumina HiSeq 2500,5865sTS.Opossum.Cerebellum.90dpb.Female_s,SINGLE,PolyA,TRANSCRIPTOMIC,hindbrain,Monodelphis domestica,ILLUMINA,2019-02-19T00:00:00Z,2021-10-24T07:42:00Z,2,SAMEA4699604,E-MTAB-6833:5865sTS.Opossum.Cerebellum.90dpb.Female,Monodelphis domestica,female,ERP109071,E-MTAB-6833:5865sTS.Opossum.Cerebellum.90dpb.Female
ERR2603900,90,RNA-Seq,101,3049589455,PRJEB27035,SAMEA4699605,ArrayExpress,1202672174,Lausanne Genomics Technology Facility,gray short-tailed opossum,public,"fastq,run.zq,sra","ena,gs,ncbi,s3","ena,gs.us-east1,ncbi.public,s3.us-east-1",postnatal,2019-02-18,2018-12-31T17:02:27Z,2018-11-16,2018-05-30T14:21:13Z,ERX2620556,postnatal day 90,kidney,SAMEA4699605,wild type genotype,University of Heidelberg,2018-12-31T17:02:27Z,2018-05-30T14:21:13Z,public,Illumina HiSeq 2500,4609sTS.Opossum.Kidney.90dpb.Female_s,SINGLE,PolyA,TRANSCRIPTOMIC,kidney,Monodelphis domestica,ILLUMINA,2019-02-19T00:00:00Z,2022-07-21T14:02:00Z,2,SAMEA4699605,E-MTAB-6833:4609sTS.Opossum.Kidney.90dpb.Female,Monodelphis domestica,female,ERP109071,E-MTAB-6833:4609sTS.Opossum.Kidney.90dpb.Female
ERR2603901,90,RNA-Seq,101,4130715170,PRJEB27035,SAMEA4699606,ArrayExpress,1485997759,Lausanne Genomics Technology Facility,gray short-tailed opossum,public,"fastq,run.zq,sra","ena,gs,ncbi,s3","ena,gs.us-east1,ncbi.public,s3.us-east-1",postnatal,2019-02-18,2018-12-31T17:02:27Z,2018-11-16,2018-05-30T14:21:13Z,ERX2620557,postnatal day 90,kidney,SAMEA4699606,wild type genotype,University of Heidelberg,2018-12-31T17:02:27Z,2018-05-30T14:21:13Z,public,Illumina HiSeq 2500,4636sTS.Opossum.Kidney.90dpb.Male_s,SINGLE,PolyA,TRANSCRIPTOMIC,kidney,Monodelphis domestica,ILLUMINA,2019-02-19T00:00:00Z,2022-07-22T08:37:00Z,2,SAMEA4699606,E-MTAB-6833:4636sTS.Opossum.Kidney.90dpb.Male,Monodelphis domestica,male,ERP109071,E-MTAB-6833:4636sTS.Opossum.Kidney.90dpb.Male
ERR2603902,90,RNA-Seq,101,3037391584,PRJEB27035,SAMEA4699607,ArrayExpress,1125524543,Lausanne Genomics Technology Facility,gray short-tailed opossum,public,"fastq,run.zq,sra","ena,gs,ncbi,s3","ena,gs.us-east1,ncbi.public,s3.us-east-1",postnatal,2019-02-18,2018-12-31T17:02:27Z,2018-11-16,2018-05-30T14:21:13Z,ERX2620558,postnatal day 90,kidney,SAMEA4699607,wild type genotype,University of Heidelberg,2018-12-31T17:02:27Z,2018-05-30T14:21:13Z,public,Illumina HiSeq 2500,5867sTS.Opossum.Kidney.90dpb.Female_s,SINGLE,PolyA,TRANSCRIPTOMIC,kidney,Monodelphis domestica,ILLUMINA,2019-02-19T00:00:00Z,2021-10-24T07:38:00Z,2,SAMEA4699607,E-MTAB-6833:5867sTS.Opossum.Kidney.90dpb.Female,Monodelphis domestica,female,ERP109071,E-MTAB-6833:5867sTS.Opossum.Kidney.90dpb.Female
ERR2603903,90,RNA-Seq,101,4199226702,PRJEB27035,SAMEA4699608,ArrayExpress,1660083879,Lausanne Genomics Technology Facility,gray short-tailed opossum,public,"fastq,run.zq,sra","ena,gs,ncbi,s3","ena,gs.us-east1,ncbi.public,s3.us-east-1",postnatal,2019-02-18,2018-12-31T17:02:27Z,2018-11-16,2018-05-30T14:21:13Z,ERX2620559,postnatal day 90,liver,SAMEA4699608,wild type genotype,University of Heidelberg,2018-12-31T17:02:27Z,2018-05-30T14:21:13Z,public,Illumina HiSeq 2500,4610sTS.Opossum.Liver.90dpb.Female_s,SINGLE,PolyA,TRANSCRIPTOMIC,liver,Monodelphis domestica,ILLUMINA,2019-02-19T00:00:00Z,2022-07-26T06:16:00Z,2,SAMEA4699608,E-MTAB-6833:4610sTS.Opossum.Liver.90dpb.Female,Monodelphis domestica,female,ERP109071,E-MTAB-6833:4610sTS.Opossum.Liver.90dpb.Female
ERR2603904,90,RNA-Seq,101,3263215868,PRJEB27035,SAMEA4699609,ArrayExpress,1164981202,Lausanne Genomics Technology Facility,gray short-tailed opossum,public,"fastq,run.zq,sra","ena,gs,ncbi,s3","ena,gs.us-east1,ncbi.public,s3.us-east-1",postnatal,2019-02-18,2018-12-31T17:02:27Z,2018-11-16,2018-05-30T14:21:14Z,ERX2620560,postnatal day 90,liver,SAMEA4699609,wild type genotype,University of Heidelberg,2018-12-31T17:02:27Z,2018-05-30T14:21:14Z,public,Illumina HiSeq 2500,4637sTS.Opossum.Liver.90dpb.Male_s,SINGLE,PolyA,TRANSCRIPTOMIC,liver,Monodelphis domestica,ILLUMINA,2019-02-19T00:00:00Z,2022-07-26T06:15:00Z,2,SAMEA4699609,E-MTAB-6833:4637sTS.Opossum.Liver.90dpb.Male,Monodelphis domestica,male,ERP109071,E-MTAB-6833:4637sTS.Opossum.Liver.90dpb.Male
ERR2603905,90,RNA-Seq,101,3652574403,PRJEB27035,SAMEA4699610,ArrayExpress,1389289515,Lausanne Genomics Technology Facility,gray short-tailed opossum,public,"fastq,run.zq,sra","ena,gs,ncbi,s3","ena,gs.us-east1,ncbi.public,s3.us-east-1",postnatal,2019-02-18,2018-12-31T17:02:27Z,2018-11-16,2018-05-30T14:21:14Z,ERX2620561,postnatal day 90,liver,SAMEA4699610,wild type genotype,University of Heidelberg,2018-12-31T17:02:27Z,2018-05-30T14:21:14Z,public,Illumina HiSeq 2500,5868sTS.Opossum.Liver.90dpb.Female_s,SINGLE,PolyA,TRANSCRIPTOMIC,liver,Monodelphis domestica,ILLUMINA,2019-02-19T00:00:00Z,2022-07-13T12:23:00Z,2,SAMEA4699610,E-MTAB-6833:5868sTS.Opossum.Liver.90dpb.Female,Monodelphis domestica,female,ERP109071,E-MTAB-6833:5868sTS.Opossum.Liver.90dpb.Female
ERR2603906,90,RNA-Seq,101,4508568189,PRJEB27035,SAMEA4699611,ArrayExpress,1645636056,Lausanne Genomics Technology Facility,gray short-tailed opossum,public,"fastq,run.zq,sra","ena,gs,ncbi,s3","ena,gs.us-east1,ncbi.public,s3.us-east-1",postnatal,2019-02-18,2018-12-31T17:02:27Z,2018-11-16,2018-05-30T14:21:14Z,ERX2620562,postnatal day 90,ovary,SAMEA4699611,wild type genotype,University of Heidelberg,2018-12-31T17:02:27Z,2018-05-30T14:21:14Z,public,Illumina HiSeq 2500,4606sTS.Opossum.Ovary.90dpb.Female_s,SINGLE,PolyA,TRANSCRIPTOMIC,ovary,Monodelphis domestica,ILLUMINA,2019-02-19T00:00:00Z,2022-07-26T06:16:00Z,2,SAMEA4699611,E-MTAB-6833:4606sTS.Opossum.Ovary.90dpb.Female,Monodelphis domestica,female,ERP109071,E-MTAB-6833:4606sTS.Opossum.Ovary.90dpb.Female
ERR2603907,90,RNA-Seq,101,2779420111,PRJEB27035,SAMEA4699612,ArrayExpress,1112393579,Lausanne Genomics Technology Facility,gray short-tailed opossum,public,"fastq,run.zq,sra","ena,gs,ncbi,s3","ena,gs.us-east1,ncbi.public,s3.us-east-1",postnatal,2019-02-18,2018-12-31T17:02:27Z,2018-11-16,2018-05-30T14:21:14Z,ERX2620563,postnatal day 90,ovary,SAMEA4699612,wild type genotype,University of Heidelberg,2018-12-31T17:02:27Z,2018-05-30T14:21:14Z,public,Illumina HiSeq 2500,4613sTS.Opossum.Ovary.90dpb.Female_s,SINGLE,PolyA,TRANSCRIPTOMIC,ovary,Monodelphis domestica,ILLUMINA,2019-02-19T00:00:00Z,2022-07-26T06:13:00Z,2,SAMEA4699612,E-MTAB-6833:4613sTS.Opossum.Ovary.90dpb.Female,Monodelphis domestica,female,ERP109071,E-MTAB-6833:4613sTS.Opossum.Ovary.90dpb.Female
ERR2603908,90,RNA-Seq,101,3533053124,PRJEB27035,SAMEA4699613,ArrayExpress,1328958685,Lausanne Genomics Technology Facility,gray short-tailed opossum,public,"fastq,run.zq,sra","ena,gs,ncbi,s3","ena,gs.us-east1,ncbi.public,s3.us-east-1",postnatal,2019-02-18,2018-12-31T17:02:27Z,2018-11-16,2018-05-30T14:21:14Z,ERX2620564,postnatal day 90,testis,SAMEA4699613,wild type genotype,University of Heidelberg,2018-12-31T17:02:27Z,2018-05-30T14:21:14Z,public,Illumina HiSeq 2500,4619sTS.Opossum.Testis.90dpb.Male_s,SINGLE,PolyA,TRANSCRIPTOMIC,testis,Monodelphis domestica,ILLUMINA,2019-02-19T00:00:00Z,2021-10-24T07:36:00Z,2,SAMEA4699613,E-MTAB-6833:4619sTS.Opossum.Testis.90dpb.Male,Monodelphis domestica,male,ERP109071,E-MTAB-6833:4619sTS.Opossum.Testis.90dpb.Male
ERR2603909,90,RNA-Seq,101,4033261179,PRJEB27035,SAMEA4699614,ArrayExpress,1461943160,Lausanne Genomics Technology Facility,gray short-tailed opossum,public,"fastq,run.zq,sra","ena,gs,ncbi,s3","ena,gs.us-east1,ncbi.public,s3.us-east-1",postnatal,2019-02-18,2018-12-31T17:02:27Z,2018-11-16,2018-05-30T14:21:14Z,ERX2620565,postnatal day 90,testis,SAMEA4699614,wild type genotype,University of Heidelberg,2018-12-31T17:02:27Z,2018-05-30T14:21:14Z,public,Illumina HiSeq 2500,4638sTS.Opossum.Testis.90dpb.Male_s,SINGLE,PolyA,TRANSCRIPTOMIC,testis,Monodelphis domestica,ILLUMINA,2019-02-19T00:00:00Z,2022-07-20T11:17:00Z,2,SAMEA4699614,E-MTAB-6833:4638sTS.Opossum.Testis.90dpb.Male,Monodelphis domestica,male,ERP109071,E-MTAB-6833:4638sTS.Opossum.Testis.90dpb.Male
