Run,AGE,Assay Type,AvgSpotLen,Bases,BioProject,BioSample,Broker_name,Bytes,Center Name,common_name,Consent,DATASTORE filetype,DATASTORE provider,DATASTORE region,Developmental_Stage,ENA-FIRST-PUBLIC (run),ENA_first_public,ENA-LAST-UPDATE (run),ENA_last_update,Experiment,Experimental_Factor:_developmental_stage (exp),Experimental_Factor:_organism_part (exp),external_id,genotype,INSDC_center_name,INSDC_first_public,INSDC_last_update,INSDC_status,Instrument,Library Name,LibraryLayout,LibrarySelection,LibrarySource,Organism_part,Organism,Platform,ReleaseDate,create_date,version,Sample Name,Sample_name,Scientific_Name,sex,SRA Study,strain,Submitter_Id
ERR2592345,11,RNA-Seq,101,2515328240,PRJEB26889,SAMEA4680554,ArrayExpress,939582754,"Lausanne Genomics Technology Facility ",Norway rat,public,"fastq,run.zq,sra","ena,gs,ncbi,s3","ena,gs.us-east1,ncbi.public,s3.us-east-1",embryo,2019-02-18,2018-12-30T17:01:51Z,2018-11-16,2018-05-23T11:12:22Z,ERX2608621,embryonic day 11,brain,SAMEA4680554,wild type genotype,The University of Heidelberg,2018-12-30T17:01:51Z,2018-05-23T11:12:22Z,public,Illumina HiSeq 2500,4322sTS.Rat.Brain.11.Female_s,SINGLE,PolyA,TRANSCRIPTOMIC,brain,Rattus norvegicus,ILLUMINA,2019-02-19T00:00:00Z,2022-07-26T05:55:00Z,2,SAMEA4680554,E-MTAB-6811:4322sTS.Rat.Brain.11.Female,Rattus norvegicus,female,ERP108920,Holtzman SD,E-MTAB-6811:4322sTS.Rat.Brain.11.Female
ERR2592346,11,RNA-Seq,101,5979637128,PRJEB26889,SAMEA4680555,ArrayExpress,2220668221,"Lausanne Genomics Technology Facility ",Norway rat,public,"fastq,run.zq,sra","ena,gs,ncbi,s3","ena,gs.us-east1,ncbi.public,s3.us-east-1",embryo,2019-02-18,2018-12-30T17:01:51Z,2018-11-16,2018-05-23T11:12:22Z,ERX2608622,embryonic day 11,heart,SAMEA4680555,wild type genotype,The University of Heidelberg,2018-12-30T17:01:51Z,2018-05-23T11:12:22Z,public,Illumina HiSeq 2500,4323sTS.Rat.Heart.11.Female_s,SINGLE,PolyA,TRANSCRIPTOMIC,heart,Rattus norvegicus,ILLUMINA,2019-02-19T00:00:00Z,2022-07-14T10:09:00Z,2,SAMEA4680555,E-MTAB-6811:4323sTS.Rat.Heart.11.Female,Rattus norvegicus,female,ERP108920,Holtzman SD,E-MTAB-6811:4323sTS.Rat.Heart.11.Female
ERR2592347,11,RNA-Seq,101,2645674497,PRJEB26889,SAMEA4680556,ArrayExpress,990247058,"Lausanne Genomics Technology Facility ",Norway rat,public,"fastq,run.zq,sra","ena,gs,ncbi,s3","ena,gs.us-east1,ncbi.public,s3.us-east-1",embryo,2019-02-18,2018-12-30T17:01:51Z,2018-11-16,2018-05-23T11:12:22Z,ERX2608623,embryonic day 11,brain,SAMEA4680556,wild type genotype,The University of Heidelberg,2018-12-30T17:01:51Z,2018-05-23T11:12:22Z,public,Illumina HiSeq 2500,4324sTS.Rat.Brain.11.Female_s,SINGLE,PolyA,TRANSCRIPTOMIC,brain,Rattus norvegicus,ILLUMINA,2019-02-19T00:00:00Z,2022-07-14T04:51:00Z,2,SAMEA4680556,E-MTAB-6811:4324sTS.Rat.Brain.11.Female,Rattus norvegicus,female,ERP108920,Holtzman SD,E-MTAB-6811:4324sTS.Rat.Brain.11.Female
ERR2592348,11,RNA-Seq,101,2999944117,PRJEB26889,SAMEA4680557,ArrayExpress,1048568000,"Lausanne Genomics Technology Facility ",Norway rat,public,"fastq,run.zq,sra","ena,gs,ncbi,s3","ena,gs.us-east1,ncbi.public,s3.us-east-1",embryo,2019-02-18,2018-12-30T17:01:51Z,2018-11-16,2018-05-23T11:12:22Z,ERX2608624,embryonic day 11,heart,SAMEA4680557,wild type genotype,The University of Heidelberg,2018-12-30T17:01:51Z,2018-05-23T11:12:22Z,public,Illumina HiSeq 2500,4325sTS.Rat.Heart.11.Female_s,SINGLE,PolyA,TRANSCRIPTOMIC,heart,Rattus norvegicus,ILLUMINA,2019-02-19T00:00:00Z,2022-07-21T04:28:00Z,2,SAMEA4680557,E-MTAB-6811:4325sTS.Rat.Heart.11.Female,Rattus norvegicus,female,ERP108920,Holtzman SD,E-MTAB-6811:4325sTS.Rat.Heart.11.Female
ERR2592349,11,RNA-Seq,101,2771618467,PRJEB26889,SAMEA4680558,ArrayExpress,1033234449,"Lausanne Genomics Technology Facility ",Norway rat,public,"fastq,run.zq,sra","ena,gs,ncbi,s3","ena,gs.us-east1,ncbi.public,s3.us-east-1",embryo,2019-02-18,2018-12-30T17:01:51Z,2018-11-16,2018-05-23T11:12:22Z,ERX2608625,embryonic day 11,brain,SAMEA4680558,wild type genotype,The University of Heidelberg,2018-12-30T17:01:51Z,2018-05-23T11:12:22Z,public,Illumina HiSeq 2500,4326sTS.Rat.Brain.11.Male_s,SINGLE,PolyA,TRANSCRIPTOMIC,brain,Rattus norvegicus,ILLUMINA,2019-02-19T00:00:00Z,2022-07-18T16:17:00Z,2,SAMEA4680558,E-MTAB-6811:4326sTS.Rat.Brain.11.Male,Rattus norvegicus,male,ERP108920,Holtzman SD,E-MTAB-6811:4326sTS.Rat.Brain.11.Male
ERR2592350,11,RNA-Seq,101,3966973364,PRJEB26889,SAMEA4680559,ArrayExpress,1493564374,"Lausanne Genomics Technology Facility ",Norway rat,public,"fastq,run.zq,sra","ena,gs,ncbi,s3","ena,gs.us-east1,ncbi.public,s3.us-east-1",embryo,2019-02-18,2018-12-30T17:01:51Z,2018-11-16,2018-05-23T11:12:22Z,ERX2608626,embryonic day 11,heart,SAMEA4680559,wild type genotype,The University of Heidelberg,2018-12-30T17:01:51Z,2018-05-23T11:12:22Z,public,Illumina HiSeq 2500,4327sTS.Rat.Heart.11.Male_s,SINGLE,PolyA,TRANSCRIPTOMIC,heart,Rattus norvegicus,ILLUMINA,2019-02-19T00:00:00Z,2022-07-17T19:32:00Z,2,SAMEA4680559,E-MTAB-6811:4327sTS.Rat.Heart.11.Male,Rattus norvegicus,male,ERP108920,Holtzman SD,E-MTAB-6811:4327sTS.Rat.Heart.11.Male
ERR2592351,11,RNA-Seq,101,4222807273,PRJEB26889,SAMEA4680560,ArrayExpress,1566578534,"Lausanne Genomics Technology Facility ",Norway rat,public,"fastq,run.zq,sra","ena,gs,ncbi,s3","ena,gs.us-east1,ncbi.public,s3.us-east-1",embryo,2019-02-18,2018-12-30T17:01:51Z,2018-11-16,2018-05-23T11:12:22Z,ERX2608627,embryonic day 11,brain,SAMEA4680560,wild type genotype,The University of Heidelberg,2018-12-30T17:01:51Z,2018-05-23T11:12:22Z,public,Illumina HiSeq 2500,4328sTS.Rat.Brain.11.Male_s,SINGLE,PolyA,TRANSCRIPTOMIC,brain,Rattus norvegicus,ILLUMINA,2019-02-19T00:00:00Z,2022-07-26T05:56:00Z,2,SAMEA4680560,E-MTAB-6811:4328sTS.Rat.Brain.11.Male,Rattus norvegicus,male,ERP108920,Holtzman SD,E-MTAB-6811:4328sTS.Rat.Brain.11.Male
ERR2592352,11,RNA-Seq,101,2369896219,PRJEB26889,SAMEA4680561,ArrayExpress,828409714,"Lausanne Genomics Technology Facility ",Norway rat,public,"fastq,run.zq,sra","ena,gs,ncbi,s3","ena,gs.us-east1,ncbi.public,s3.us-east-1",embryo,2019-02-18,2018-12-30T17:01:51Z,2018-11-16,2018-05-23T11:12:22Z,ERX2608628,embryonic day 11,heart,SAMEA4680561,wild type genotype,The University of Heidelberg,2018-12-30T17:01:51Z,2018-05-23T11:12:22Z,public,Illumina HiSeq 2500,4329sTS.Rat.Heart.11.Male_s,SINGLE,PolyA,TRANSCRIPTOMIC,heart,Rattus norvegicus,ILLUMINA,2019-02-19T00:00:00Z,2022-07-17T23:32:00Z,2,SAMEA4680561,E-MTAB-6811:4329sTS.Rat.Heart.11.Male,Rattus norvegicus,male,ERP108920,Holtzman SD,E-MTAB-6811:4329sTS.Rat.Heart.11.Male
ERR2592353,12,RNA-Seq,101,4539999086,PRJEB26889,SAMEA4680562,ArrayExpress,1526561822,"Lausanne Genomics Technology Facility ",Norway rat,public,"fastq,run.zq,sra","ena,gs,ncbi,s3","ena,gs.us-east1,ncbi.public,s3.us-east-1",embryo,2019-02-18,2018-12-30T17:01:51Z,2018-11-16,2018-05-23T11:12:22Z,ERX2608629,embryonic day 12,brain,SAMEA4680562,wild type genotype,The University of Heidelberg,2018-12-30T17:01:51Z,2018-05-23T11:12:22Z,public,Illumina HiSeq 2500,4175sTS.Rat.Brain.12.Male_s,SINGLE,PolyA,TRANSCRIPTOMIC,brain,Rattus norvegicus,ILLUMINA,2019-02-19T00:00:00Z,2022-07-21T04:32:00Z,2,SAMEA4680562,E-MTAB-6811:4175sTS.Rat.Brain.12.Male,Rattus norvegicus,male,ERP108920,Holtzman SD,E-MTAB-6811:4175sTS.Rat.Brain.12.Male
ERR2592354,12,RNA-Seq,101,5339630125,PRJEB26889,SAMEA4680563,ArrayExpress,1785214816,"Lausanne Genomics Technology Facility ",Norway rat,public,"fastq,run.zq,sra","ena,gs,ncbi,s3","ena,gs.us-east1,ncbi.public,s3.us-east-1",embryo,2019-02-18,2018-12-30T17:01:51Z,2018-11-16,2018-05-23T11:12:22Z,ERX2608630,embryonic day 12,testis,SAMEA4680563,wild type genotype,The University of Heidelberg,2018-12-30T17:01:51Z,2018-05-23T11:12:22Z,public,Illumina HiSeq 2500,4176sTS.Rat.Testis.12.Male_s,SINGLE,PolyA,TRANSCRIPTOMIC,testis,Rattus norvegicus,ILLUMINA,2019-02-19T00:00:00Z,2022-07-26T05:59:00Z,2,SAMEA4680563,E-MTAB-6811:4176sTS.Rat.Testis.12.Male,Rattus norvegicus,male,ERP108920,Holtzman SD,E-MTAB-6811:4176sTS.Rat.Testis.12.Male
ERR2592355,12,RNA-Seq,101,4526894336,PRJEB26889,SAMEA4680564,ArrayExpress,1525229264,"Lausanne Genomics Technology Facility ",Norway rat,public,"fastq,run.zq,sra","ena,gs,ncbi,s3","ena,gs.us-east1,ncbi.public,s3.us-east-1",embryo,2019-02-18,2018-12-30T17:01:51Z,2018-11-16,2018-05-23T11:12:22Z,ERX2608631,embryonic day 12,brain,SAMEA4680564,wild type genotype,The University of Heidelberg,2018-12-30T17:01:51Z,2018-05-23T11:12:22Z,public,Illumina HiSeq 2500,4179sTS.Rat.Brain.12.Male_s,SINGLE,PolyA,TRANSCRIPTOMIC,brain,Rattus norvegicus,ILLUMINA,2019-02-19T00:00:00Z,2021-10-24T06:39:00Z,2,SAMEA4680564,E-MTAB-6811:4179sTS.Rat.Brain.12.Male,Rattus norvegicus,male,ERP108920,Holtzman SD,E-MTAB-6811:4179sTS.Rat.Brain.12.Male
ERR2592356,12,RNA-Seq,101,3179827945,PRJEB26889,SAMEA4680565,ArrayExpress,1137396831,"Lausanne Genomics Technology Facility ",Norway rat,public,"fastq,run.zq,sra","ena,gs,ncbi,s3","ena,gs.us-east1,ncbi.public,s3.us-east-1",embryo,2019-02-18,2018-12-30T17:01:51Z,2018-11-16,2018-05-23T11:12:22Z,ERX2608632,embryonic day 12,testis,SAMEA4680565,wild type genotype,The University of Heidelberg,2018-12-30T17:01:51Z,2018-05-23T11:12:22Z,public,Illumina HiSeq 2500,4180sTS.Rat.Testis.12.Male_s,SINGLE,PolyA,TRANSCRIPTOMIC,testis,Rattus norvegicus,ILLUMINA,2019-02-19T00:00:00Z,2021-10-24T06:35:00Z,2,SAMEA4680565,E-MTAB-6811:4180sTS.Rat.Testis.12.Male,Rattus norvegicus,male,ERP108920,Holtzman SD,E-MTAB-6811:4180sTS.Rat.Testis.12.Male
ERR2592357,12,RNA-Seq,101,3080490910,PRJEB26889,SAMEA4680566,ArrayExpress,1098332304,"Lausanne Genomics Technology Facility ",Norway rat,public,"fastq,run.zq,sra","ena,gs,ncbi,s3","ena,gs.us-east1,ncbi.public,s3.us-east-1",embryo,2019-02-18,2018-12-30T17:01:51Z,2018-11-16,2018-05-23T11:12:23Z,ERX2608633,embryonic day 12,liver,SAMEA4680566,wild type genotype,The University of Heidelberg,2018-12-30T17:01:51Z,2018-05-23T11:12:23Z,public,Illumina HiSeq 2500,4193sTS.Rat.Liver.12.Male_s,SINGLE,PolyA,TRANSCRIPTOMIC,liver,Rattus norvegicus,ILLUMINA,2019-02-19T00:00:00Z,2022-07-26T05:48:00Z,2,SAMEA4680566,E-MTAB-6811:4193sTS.Rat.Liver.12.Male,Rattus norvegicus,male,ERP108920,Holtzman SD,E-MTAB-6811:4193sTS.Rat.Liver.12.Male
ERR2592358,12,RNA-Seq,101,2600052595,PRJEB26889,SAMEA4680567,ArrayExpress,906178802,"Lausanne Genomics Technology Facility ",Norway rat,public,"fastq,run.zq,sra","ena,gs,ncbi,s3","ena,gs.us-east1,ncbi.public,s3.us-east-1",embryo,2019-02-18,2018-12-30T17:01:51Z,2018-11-16,2018-05-23T11:12:23Z,ERX2608634,embryonic day 12,heart,SAMEA4680567,wild type genotype,The University of Heidelberg,2018-12-30T17:01:51Z,2018-05-23T11:12:23Z,public,Illumina HiSeq 2500,4194sTS.Rat.Heart.12.Male_s,SINGLE,PolyA,TRANSCRIPTOMIC,heart,Rattus norvegicus,ILLUMINA,2019-02-19T00:00:00Z,2022-07-26T05:54:00Z,2,SAMEA4680567,E-MTAB-6811:4194sTS.Rat.Heart.12.Male,Rattus norvegicus,male,ERP108920,Holtzman SD,E-MTAB-6811:4194sTS.Rat.Heart.12.Male
ERR2592359,12,RNA-Seq,101,3091365277,PRJEB26889,SAMEA4680568,ArrayExpress,1098096780,"Lausanne Genomics Technology Facility ",Norway rat,public,"fastq,run.zq,sra","ena,gs,ncbi,s3","ena,gs.us-east1,ncbi.public,s3.us-east-1",embryo,2019-02-18,2018-12-30T17:01:51Z,2018-11-16,2018-05-23T11:12:23Z,ERX2608635,embryonic day 12,liver,SAMEA4680568,wild type genotype,The University of Heidelberg,2018-12-30T17:01:51Z,2018-05-23T11:12:23Z,public,Illumina HiSeq 2500,4195sTS.Rat.Liver.12.Male_s,SINGLE,PolyA,TRANSCRIPTOMIC,liver,Rattus norvegicus,ILLUMINA,2019-02-19T00:00:00Z,2022-07-14T04:51:00Z,2,SAMEA4680568,E-MTAB-6811:4195sTS.Rat.Liver.12.Male,Rattus norvegicus,male,ERP108920,Holtzman SD,E-MTAB-6811:4195sTS.Rat.Liver.12.Male
ERR2592360,12,RNA-Seq,101,2202684962,PRJEB26889,SAMEA4680569,ArrayExpress,775606714,"Lausanne Genomics Technology Facility ",Norway rat,public,"fastq,run.zq,sra","ena,gs,ncbi,s3","ena,gs.us-east1,ncbi.public,s3.us-east-1",embryo,2019-02-18,2018-12-30T17:01:51Z,2018-11-16,2018-05-23T11:12:23Z,ERX2608636,embryonic day 12,heart,SAMEA4680569,wild type genotype,The University of Heidelberg,2018-12-30T17:01:51Z,2018-05-23T11:12:23Z,public,Illumina HiSeq 2500,4196sTS.Rat.Heart.12.Male_s,SINGLE,PolyA,TRANSCRIPTOMIC,heart,Rattus norvegicus,ILLUMINA,2019-02-19T00:00:00Z,2022-07-26T05:54:00Z,2,SAMEA4680569,E-MTAB-6811:4196sTS.Rat.Heart.12.Male,Rattus norvegicus,male,ERP108920,Holtzman SD,E-MTAB-6811:4196sTS.Rat.Heart.12.Male
ERR2592361,12,RNA-Seq,101,2766770467,PRJEB26889,SAMEA4680570,ArrayExpress,982426640,"Lausanne Genomics Technology Facility ",Norway rat,public,"fastq,run.zq,sra","ena,gs,ncbi,s3","ena,gs.us-east1,ncbi.public,s3.us-east-1",embryo,2019-02-18,2018-12-30T17:01:51Z,2018-11-16,2018-05-23T11:12:23Z,ERX2608637,embryonic day 12,brain,SAMEA4680570,wild type genotype,The University of Heidelberg,2018-12-30T17:01:51Z,2018-05-23T11:12:23Z,public,Illumina HiSeq 2500,4199sTS.Rat.Brain.12.Female_s,SINGLE,PolyA,TRANSCRIPTOMIC,brain,Rattus norvegicus,ILLUMINA,2019-02-19T00:00:00Z,2021-10-24T06:31:00Z,2,SAMEA4680570,E-MTAB-6811:4199sTS.Rat.Brain.12.Female,Rattus norvegicus,female,ERP108920,Holtzman SD,E-MTAB-6811:4199sTS.Rat.Brain.12.Female
ERR2592362,12,RNA-Seq,101,3615329845,PRJEB26889,SAMEA4680571,ArrayExpress,1282195587,"Lausanne Genomics Technology Facility ",Norway rat,public,"fastq,run.zq,sra","ena,gs,ncbi,s3","ena,gs.us-east1,ncbi.public,s3.us-east-1",embryo,2019-02-18,2018-12-30T17:01:51Z,2018-11-16,2018-05-23T11:12:23Z,ERX2608638,embryonic day 12,ovary,SAMEA4680571,wild type genotype,The University of Heidelberg,2018-12-30T17:01:51Z,2018-05-23T11:12:23Z,public,Illumina HiSeq 2500,4200sTS.Rat.Ovary.12.Female_s,SINGLE,PolyA,TRANSCRIPTOMIC,ovary,Rattus norvegicus,ILLUMINA,2019-02-19T00:00:00Z,2022-07-21T21:07:00Z,2,SAMEA4680571,E-MTAB-6811:4200sTS.Rat.Ovary.12.Female,Rattus norvegicus,female,ERP108920,Holtzman SD,E-MTAB-6811:4200sTS.Rat.Ovary.12.Female
ERR2592363,12,RNA-Seq,101,3406249038,PRJEB26889,SAMEA4680572,ArrayExpress,1207724903,"Lausanne Genomics Technology Facility ",Norway rat,public,"fastq,run.zq,sra","ena,gs,ncbi,s3","ena,gs.us-east1,ncbi.public,s3.us-east-1",embryo,2019-02-18,2018-12-30T17:01:51Z,2018-11-16,2018-05-23T11:12:23Z,ERX2608639,embryonic day 12,heart,SAMEA4680572,wild type genotype,The University of Heidelberg,2018-12-30T17:01:51Z,2018-05-23T11:12:23Z,public,Illumina HiSeq 2500,4201sTS.Rat.Heart.12.Female_s,SINGLE,PolyA,TRANSCRIPTOMIC,heart,Rattus norvegicus,ILLUMINA,2019-02-19T00:00:00Z,2022-07-14T06:24:00Z,2,SAMEA4680572,E-MTAB-6811:4201sTS.Rat.Heart.12.Female,Rattus norvegicus,female,ERP108920,Holtzman SD,E-MTAB-6811:4201sTS.Rat.Heart.12.Female
ERR2592364,12,RNA-Seq,101,6109266386,PRJEB26889,SAMEA4680573,ArrayExpress,2307029680,"Lausanne Genomics Technology Facility ",Norway rat,public,"fastq,run.zq,sra","ena,gs,ncbi,s3","ena,gs.us-east1,ncbi.public,s3.us-east-1",embryo,2019-02-18,2018-12-30T17:01:51Z,2018-11-16,2018-05-23T11:12:23Z,ERX2608640,embryonic day 12,liver,SAMEA4680573,wild type genotype,The University of Heidelberg,2018-12-30T17:01:51Z,2018-05-23T11:12:23Z,public,Illumina HiSeq 2500,4202sTS.Rat.Liver.12.Female_s,SINGLE,PolyA,TRANSCRIPTOMIC,liver,Rattus norvegicus,ILLUMINA,2019-02-19T00:00:00Z,2022-07-17T10:08:00Z,2,SAMEA4680573,E-MTAB-6811:4202sTS.Rat.Liver.12.Female,Rattus norvegicus,female,ERP108920,Holtzman SD,E-MTAB-6811:4202sTS.Rat.Liver.12.Female
ERR2592365,12,RNA-Seq,101,2649227980,PRJEB26889,SAMEA4680574,ArrayExpress,943896189,"Lausanne Genomics Technology Facility ",Norway rat,public,"fastq,run.zq,sra","ena,gs,ncbi,s3","ena,gs.us-east1,ncbi.public,s3.us-east-1",embryo,2019-02-18,2018-12-30T17:01:51Z,2018-11-16,2018-05-23T11:12:23Z,ERX2608641,embryonic day 12,brain,SAMEA4680574,wild type genotype,The University of Heidelberg,2018-12-30T17:01:51Z,2018-05-23T11:12:23Z,public,Illumina HiSeq 2500,4205sTS.Rat.Brain.12.Female_s,SINGLE,PolyA,TRANSCRIPTOMIC,brain,Rattus norvegicus,ILLUMINA,2019-02-19T00:00:00Z,2022-07-26T05:55:00Z,2,SAMEA4680574,E-MTAB-6811:4205sTS.Rat.Brain.12.Female,Rattus norvegicus,female,ERP108920,Holtzman SD,E-MTAB-6811:4205sTS.Rat.Brain.12.Female
ERR2592366,12,RNA-Seq,101,5388836921,PRJEB26889,SAMEA4680575,ArrayExpress,1906709855,"Lausanne Genomics Technology Facility ",Norway rat,public,"fastq,run.zq,sra","ena,gs,ncbi,s3","ena,gs.us-east1,ncbi.public,s3.us-east-1",embryo,2019-02-18,2018-12-30T17:01:51Z,2018-11-16,2018-05-23T11:12:23Z,ERX2608642,embryonic day 12,ovary,SAMEA4680575,wild type genotype,The University of Heidelberg,2018-12-30T17:01:51Z,2018-05-23T11:12:23Z,public,Illumina HiSeq 2500,4206sTS.Rat.Ovary.12.Female_s,SINGLE,PolyA,TRANSCRIPTOMIC,ovary,Rattus norvegicus,ILLUMINA,2019-02-19T00:00:00Z,2021-10-24T06:48:00Z,2,SAMEA4680575,E-MTAB-6811:4206sTS.Rat.Ovary.12.Female,Rattus norvegicus,female,ERP108920,Holtzman SD,E-MTAB-6811:4206sTS.Rat.Ovary.12.Female
ERR2592367,12,RNA-Seq,101,3026973535,PRJEB26889,SAMEA4680576,ArrayExpress,1128081036,"Lausanne Genomics Technology Facility ",Norway rat,public,"fastq,run.zq,sra","ena,gs,ncbi,s3","ena,gs.us-east1,ncbi.public,s3.us-east-1",embryo,2019-02-18,2018-12-30T17:01:51Z,2018-11-16,2018-05-23T11:12:23Z,ERX2608643,embryonic day 12,heart,SAMEA4680576,wild type genotype,The University of Heidelberg,2018-12-30T17:01:51Z,2018-05-23T11:12:23Z,public,Illumina HiSeq 2500,4259sTS.Rat.Heart.12.Female_s,SINGLE,PolyA,TRANSCRIPTOMIC,heart,Rattus norvegicus,ILLUMINA,2019-02-19T00:00:00Z,2021-10-24T06:34:00Z,2,SAMEA4680576,E-MTAB-6811:4259sTS.Rat.Heart.12.Female,Rattus norvegicus,female,ERP108920,Holtzman SD,E-MTAB-6811:4259sTS.Rat.Heart.12.Female
ERR2592368,12,RNA-Seq,101,2818501859,PRJEB26889,SAMEA4680577,ArrayExpress,983436054,"Lausanne Genomics Technology Facility ",Norway rat,public,"fastq,run.zq,sra","ena,gs,ncbi,s3","ena,gs.us-east1,ncbi.public,s3.us-east-1",embryo,2019-02-18,2018-12-30T17:01:51Z,2018-11-16,2018-05-23T11:12:23Z,ERX2608644,embryonic day 12,liver,SAMEA4680577,wild type genotype,The University of Heidelberg,2018-12-30T17:01:51Z,2018-05-23T11:12:23Z,public,Illumina HiSeq 2500,4260sTS.Rat.Liver.12.Female_s,SINGLE,PolyA,TRANSCRIPTOMIC,liver,Rattus norvegicus,ILLUMINA,2019-02-19T00:00:00Z,2022-07-26T05:56:00Z,2,SAMEA4680577,E-MTAB-6811:4260sTS.Rat.Liver.12.Female,Rattus norvegicus,female,ERP108920,Holtzman SD,E-MTAB-6811:4260sTS.Rat.Liver.12.Female
ERR2592369,13,RNA-Seq,101,5098247296,PRJEB26889,SAMEA4680578,ArrayExpress,3340145165,"Lausanne Genomics Technology Facility ",Norway rat,public,"fastq,run.zq,sra","ena,gs,ncbi,s3","ena,gs.us-east1,ncbi.public,s3.us-east-1",embryo,2019-02-18,2018-12-30T17:01:51Z,2018-11-16,2018-05-23T11:12:23Z,ERX2608645,embryonic day 13,brain,SAMEA4680578,wild type genotype,The University of Heidelberg,2018-12-30T17:01:51Z,2018-05-23T11:12:23Z,public,Illumina HiSeq 2500,3513sTS.Rat.Brain.13.Female_s,SINGLE,PolyA,TRANSCRIPTOMIC,brain,Rattus norvegicus,ILLUMINA,2019-02-19T00:00:00Z,2022-07-15T18:20:00Z,2,SAMEA4680578,E-MTAB-6811:3513sTS.Rat.Brain.13.Female,Rattus norvegicus,female,ERP108920,Holtzman SD,E-MTAB-6811:3513sTS.Rat.Brain.13.Female
ERR2592370,13,RNA-Seq,101,3242575912,PRJEB26889,SAMEA4680579,ArrayExpress,1236888969,"Lausanne Genomics Technology Facility ",Norway rat,public,"fastq,run.zq,sra","ena,gs,ncbi,s3","ena,gs.us-east1,ncbi.public,s3.us-east-1",embryo,2019-02-18,2018-12-30T17:01:52Z,2018-11-16,2018-05-23T11:12:23Z,ERX2608646,embryonic day 13,heart,SAMEA4680579,wild type genotype,The University of Heidelberg,2018-12-30T17:01:52Z,2018-05-23T11:12:23Z,public,Illumina HiSeq 2500,3514sTS.Rat.Heart.13.Female_s,SINGLE,PolyA,TRANSCRIPTOMIC,heart,Rattus norvegicus,ILLUMINA,2019-02-19T00:00:00Z,2021-10-24T06:32:00Z,2,SAMEA4680579,E-MTAB-6811:3514sTS.Rat.Heart.13.Female,Rattus norvegicus,female,ERP108920,Holtzman SD,E-MTAB-6811:3514sTS.Rat.Heart.13.Female
ERR2592371,13,RNA-Seq,101,2902834940,PRJEB26889,SAMEA4680580,ArrayExpress,1895698339,"Lausanne Genomics Technology Facility ",Norway rat,public,"fastq,run.zq,sra","ena,gs,ncbi,s3","ena,gs.us-east1,ncbi.public,s3.us-east-1",embryo,2019-02-18,2018-12-30T17:01:52Z,2018-11-16,2018-05-23T11:12:23Z,ERX2608647,embryonic day 13,liver,SAMEA4680580,wild type genotype,The University of Heidelberg,2018-12-30T17:01:52Z,2018-05-23T11:12:23Z,public,Illumina HiSeq 2500,3515sTS.Rat.Liver.13.Female_s,SINGLE,PolyA,TRANSCRIPTOMIC,liver,Rattus norvegicus,ILLUMINA,2019-02-19T00:00:00Z,2022-07-26T05:57:00Z,2,SAMEA4680580,E-MTAB-6811:3515sTS.Rat.Liver.13.Female,Rattus norvegicus,female,ERP108920,Holtzman SD,E-MTAB-6811:3515sTS.Rat.Liver.13.Female
ERR2592372,13,RNA-Seq,101,3063538464,PRJEB26889,SAMEA4680581,ArrayExpress,2011040374,"Lausanne Genomics Technology Facility ",Norway rat,public,"fastq,run.zq,sra","ena,gs,ncbi,s3","ena,gs.us-east1,ncbi.public,s3.us-east-1",embryo,2019-02-18,2018-12-30T17:01:52Z,2018-11-16,2018-05-23T11:12:23Z,ERX2608648,embryonic day 13,ovary,SAMEA4680581,wild type genotype,The University of Heidelberg,2018-12-30T17:01:52Z,2018-05-23T11:12:23Z,public,Illumina HiSeq 2500,3516sTS.Rat.Ovary.13.Female_s,SINGLE,PolyA,TRANSCRIPTOMIC,ovary,Rattus norvegicus,ILLUMINA,2019-02-19T00:00:00Z,2022-07-17T12:05:00Z,2,SAMEA4680581,E-MTAB-6811:3516sTS.Rat.Ovary.13.Female,Rattus norvegicus,female,ERP108920,Holtzman SD,E-MTAB-6811:3516sTS.Rat.Ovary.13.Female
ERR2592373,13,RNA-Seq,101,4574864286,PRJEB26889,SAMEA4680582,ArrayExpress,2909499414,"Lausanne Genomics Technology Facility ",Norway rat,public,"fastq,run.zq,sra","ena,gs,ncbi,s3","ena,gs.us-east1,ncbi.public,s3.us-east-1",embryo,2019-02-18,2018-12-30T17:01:52Z,2018-11-16,2018-05-23T11:12:23Z,ERX2608649,embryonic day 13,brain,SAMEA4680582,wild type genotype,The University of Heidelberg,2018-12-30T17:01:52Z,2018-05-23T11:12:23Z,public,Illumina HiSeq 2500,3520sTS.Rat.Brain.13.Male_s,SINGLE,PolyA,TRANSCRIPTOMIC,brain,Rattus norvegicus,ILLUMINA,2019-02-19T00:00:00Z,2022-07-19T15:43:00Z,2,SAMEA4680582,E-MTAB-6811:3520sTS.Rat.Brain.13.Male,Rattus norvegicus,male,ERP108920,Holtzman SD,E-MTAB-6811:3520sTS.Rat.Brain.13.Male
ERR2592374,13,RNA-Seq,101,2759580176,PRJEB26889,SAMEA4680583,ArrayExpress,972619636,"Lausanne Genomics Technology Facility ",Norway rat,public,"fastq,run.zq,sra","ena,gs,ncbi,s3","ena,gs.us-east1,ncbi.public,s3.us-east-1",embryo,2019-02-18,2018-12-30T17:01:52Z,2018-11-16,2018-05-23T11:12:23Z,ERX2608650,embryonic day 13,heart,SAMEA4680583,wild type genotype,The University of Heidelberg,2018-12-30T17:01:52Z,2018-05-23T11:12:23Z,public,Illumina HiSeq 2500,3521sTS.Rat.Heart.13.Male_s,SINGLE,PolyA,TRANSCRIPTOMIC,heart,Rattus norvegicus,ILLUMINA,2019-02-19T00:00:00Z,2021-10-24T06:32:00Z,2,SAMEA4680583,E-MTAB-6811:3521sTS.Rat.Heart.13.Male,Rattus norvegicus,male,ERP108920,Holtzman SD,E-MTAB-6811:3521sTS.Rat.Heart.13.Male
ERR2592375,13,RNA-Seq,100,2236194900,PRJEB26889,SAMEA4680584,ArrayExpress,1316652845,"Lausanne Genomics Technology Facility ",Norway rat,public,"fastq,run.zq,sra","ena,gs,ncbi,s3","ena,gs.us-east1,ncbi.public,s3.us-east-1",embryo,2019-02-18,2018-12-30T17:01:52Z,2018-11-16,2018-05-23T11:12:24Z,ERX2608651,embryonic day 13,liver,SAMEA4680584,wild type genotype,The University of Heidelberg,2018-12-30T17:01:52Z,2018-05-23T11:12:24Z,public,Illumina HiSeq 2500,3522sTS.Rat.Liver.13.Male_s,SINGLE,PolyA,TRANSCRIPTOMIC,liver,Rattus norvegicus,ILLUMINA,2019-02-19T00:00:00Z,2022-07-15T21:45:00Z,2,SAMEA4680584,E-MTAB-6811:3522sTS.Rat.Liver.13.Male,Rattus norvegicus,male,ERP108920,Holtzman SD,E-MTAB-6811:3522sTS.Rat.Liver.13.Male
ERR2592376,13,RNA-Seq,101,4315405487,PRJEB26889,SAMEA4680585,ArrayExpress,2761524774,"Lausanne Genomics Technology Facility ",Norway rat,public,"fastq,run.zq,sra","ena,gs,ncbi,s3","ena,gs.us-east1,ncbi.public,s3.us-east-1",embryo,2019-02-18,2018-12-30T17:01:52Z,2018-11-16,2018-05-23T11:12:24Z,ERX2608652,embryonic day 13,testis,SAMEA4680585,wild type genotype,The University of Heidelberg,2018-12-30T17:01:52Z,2018-05-23T11:12:24Z,public,Illumina HiSeq 2500,3523sTS.Rat.Testis.13.Male_s,SINGLE,PolyA,TRANSCRIPTOMIC,testis,Rattus norvegicus,ILLUMINA,2019-02-19T00:00:00Z,2022-07-26T05:58:00Z,2,SAMEA4680585,E-MTAB-6811:3523sTS.Rat.Testis.13.Male,Rattus norvegicus,male,ERP108920,Holtzman SD,E-MTAB-6811:3523sTS.Rat.Testis.13.Male
ERR2592377,13,RNA-Seq,101,3980170933,PRJEB26889,SAMEA4680586,ArrayExpress,1395188809,"Lausanne Genomics Technology Facility ",Norway rat,public,"fastq,run.zq,sra","ena,gs,ncbi,s3","ena,gs.us-east1,ncbi.public,s3.us-east-1",embryo,2019-02-18,2018-12-30T17:01:52Z,2018-11-16,2018-05-23T11:12:24Z,ERX2608653,embryonic day 13,heart,SAMEA4680586,wild type genotype,The University of Heidelberg,2018-12-30T17:01:52Z,2018-05-23T11:12:24Z,public,Illumina HiSeq 2500,3528sTS.Rat.Heart.13.Female_s,SINGLE,PolyA,TRANSCRIPTOMIC,heart,Rattus norvegicus,ILLUMINA,2019-02-19T00:00:00Z,2022-07-26T05:57:00Z,2,SAMEA4680586,E-MTAB-6811:3528sTS.Rat.Heart.13.Female,Rattus norvegicus,female,ERP108920,Holtzman SD,E-MTAB-6811:3528sTS.Rat.Heart.13.Female
ERR2592378,13,RNA-Seq,101,4063344332,PRJEB26889,SAMEA4680587,ArrayExpress,2606398352,"Lausanne Genomics Technology Facility ",Norway rat,public,"fastq,run.zq,sra","ena,gs,ncbi,s3","ena,gs.us-east1,ncbi.public,s3.us-east-1",embryo,2019-02-18,2018-12-30T17:01:52Z,2018-11-16,2018-05-23T11:12:24Z,ERX2608654,embryonic day 13,ovary,SAMEA4680587,wild type genotype,The University of Heidelberg,2018-12-30T17:01:52Z,2018-05-23T11:12:24Z,public,Illumina HiSeq 2500,3529sTS.Rat.Ovary.13.Female_s,SINGLE,PolyA,TRANSCRIPTOMIC,ovary,Rattus norvegicus,ILLUMINA,2019-02-19T00:00:00Z,2022-07-17T23:41:00Z,2,SAMEA4680587,E-MTAB-6811:3529sTS.Rat.Ovary.13.Female,Rattus norvegicus,female,ERP108920,Holtzman SD,E-MTAB-6811:3529sTS.Rat.Ovary.13.Female
ERR2592379,13,RNA-Seq,101,3998439914,PRJEB26889,SAMEA4680588,ArrayExpress,2584245524,"Lausanne Genomics Technology Facility ",Norway rat,public,"fastq,run.zq,sra","ena,gs,ncbi,s3","ena,gs.us-east1,ncbi.public,s3.us-east-1",embryo,2019-02-18,2018-12-30T17:01:52Z,2018-11-16,2018-05-23T11:12:24Z,ERX2608655,embryonic day 13,brain,SAMEA4680588,wild type genotype,The University of Heidelberg,2018-12-30T17:01:52Z,2018-05-23T11:12:24Z,public,Illumina HiSeq 2500,3545sTS.Rat.Brain.13.Female_s,SINGLE,PolyA,TRANSCRIPTOMIC,brain,Rattus norvegicus,ILLUMINA,2019-02-19T00:00:00Z,2022-07-26T05:50:00Z,2,SAMEA4680588,E-MTAB-6811:3545sTS.Rat.Brain.13.Female,Rattus norvegicus,female,ERP108920,Holtzman SD,E-MTAB-6811:3545sTS.Rat.Brain.13.Female
ERR2592380,13,RNA-Seq,101,2788506273,PRJEB26889,SAMEA4680589,ArrayExpress,1811173447,"Lausanne Genomics Technology Facility ",Norway rat,public,"fastq,run.zq,sra","ena,gs,ncbi,s3","ena,gs.us-east1,ncbi.public,s3.us-east-1",embryo,2019-02-18,2018-12-30T17:01:52Z,2018-11-16,2018-05-23T11:12:24Z,ERX2608656,embryonic day 13,liver,SAMEA4680589,wild type genotype,The University of Heidelberg,2018-12-30T17:01:52Z,2018-05-23T11:12:24Z,public,Illumina HiSeq 2500,3546sTS.Rat.Liver.13.Female_s,SINGLE,PolyA,TRANSCRIPTOMIC,liver,Rattus norvegicus,ILLUMINA,2019-02-19T00:00:00Z,2022-07-26T05:56:00Z,2,SAMEA4680589,E-MTAB-6811:3546sTS.Rat.Liver.13.Female,Rattus norvegicus,female,ERP108920,Holtzman SD,E-MTAB-6811:3546sTS.Rat.Liver.13.Female
ERR2592381,13,RNA-Seq,100,2431208400,PRJEB26889,SAMEA4680590,ArrayExpress,1411214053,"Lausanne Genomics Technology Facility ",Norway rat,public,"fastq,run.zq,sra","ena,gs,ncbi,s3","ena,gs.us-east1,ncbi.public,s3.us-east-1",embryo,2019-02-18,2018-12-30T17:01:52Z,2018-11-16,2018-05-23T11:12:24Z,ERX2608657,embryonic day 13,liver,SAMEA4680590,wild type genotype,The University of Heidelberg,2018-12-30T17:01:52Z,2018-05-23T11:12:24Z,public,Illumina HiSeq 2500,3580sTS.Rat.Liver.13.Male_s,SINGLE,PolyA,TRANSCRIPTOMIC,liver,Rattus norvegicus,ILLUMINA,2019-02-19T00:00:00Z,2022-07-26T05:55:00Z,2,SAMEA4680590,E-MTAB-6811:3580sTS.Rat.Liver.13.Male,Rattus norvegicus,male,ERP108920,Holtzman SD,E-MTAB-6811:3580sTS.Rat.Liver.13.Male
ERR2592382,13,RNA-Seq,100,2313251600,PRJEB26889,SAMEA4680591,ArrayExpress,1350023882,"Lausanne Genomics Technology Facility ",Norway rat,public,"fastq,run.zq,sra","ena,gs,ncbi,s3","ena,gs.us-east1,ncbi.public,s3.us-east-1",embryo,2019-02-18,2018-12-30T17:01:52Z,2018-11-16,2018-05-23T11:12:24Z,ERX2608658,embryonic day 13,testis,SAMEA4680591,wild type genotype,The University of Heidelberg,2018-12-30T17:01:52Z,2018-05-23T11:12:24Z,public,Illumina HiSeq 2500,3581sTS.Rat.Testis.13.Male_s,SINGLE,PolyA,TRANSCRIPTOMIC,testis,Rattus norvegicus,ILLUMINA,2019-02-19T00:00:00Z,2021-10-24T06:32:00Z,2,SAMEA4680591,E-MTAB-6811:3581sTS.Rat.Testis.13.Male,Rattus norvegicus,male,ERP108920,Holtzman SD,E-MTAB-6811:3581sTS.Rat.Testis.13.Male
ERR2592383,13,RNA-Seq,100,2599050300,PRJEB26889,SAMEA4680592,ArrayExpress,1510840668,"Lausanne Genomics Technology Facility ",Norway rat,public,"fastq,run.zq,sra","ena,gs,ncbi,s3","ena,gs.us-east1,ncbi.public,s3.us-east-1",embryo,2019-02-18,2018-12-30T17:01:52Z,2018-11-16,2018-05-23T11:12:24Z,ERX2608659,embryonic day 13,brain,SAMEA4680592,wild type genotype,The University of Heidelberg,2018-12-30T17:01:52Z,2018-05-23T11:12:24Z,public,Illumina HiSeq 2500,3649sTS.Rat.Brain.13.Male_s,SINGLE,PolyA,TRANSCRIPTOMIC,brain,Rattus norvegicus,ILLUMINA,2019-02-19T00:00:00Z,2021-10-24T06:35:00Z,2,SAMEA4680592,E-MTAB-6811:3649sTS.Rat.Brain.13.Male,Rattus norvegicus,male,ERP108920,Holtzman SD,E-MTAB-6811:3649sTS.Rat.Brain.13.Male
ERR2592384,13,RNA-Seq,101,3612425994,PRJEB26889,SAMEA4680593,ArrayExpress,1279374737,"Lausanne Genomics Technology Facility ",Norway rat,public,"fastq,run.zq,sra","ena,gs,ncbi,s3","ena,gs.us-east1,ncbi.public,s3.us-east-1",embryo,2019-02-18,2018-12-30T17:01:52Z,2018-11-16,2018-05-23T11:12:24Z,ERX2608660,embryonic day 13,heart,SAMEA4680593,wild type genotype,The University of Heidelberg,2018-12-30T17:01:52Z,2018-05-23T11:12:24Z,public,Illumina HiSeq 2500,3650sTS.Rat.Heart.13.Male_s,SINGLE,PolyA,TRANSCRIPTOMIC,heart,Rattus norvegicus,ILLUMINA,2019-02-19T00:00:00Z,2022-07-15T18:15:00Z,2,SAMEA4680593,E-MTAB-6811:3650sTS.Rat.Heart.13.Male,Rattus norvegicus,male,ERP108920,Holtzman SD,E-MTAB-6811:3650sTS.Rat.Heart.13.Male
ERR2592385,14,RNA-Seq,101,3390800987,PRJEB26889,SAMEA4680594,ArrayExpress,2155694148,"Lausanne Genomics Technology Facility ",Norway rat,public,"fastq,run.zq,sra","ena,gs,ncbi,s3","ena,gs.us-east1,ncbi.public,s3.us-east-1",embryo,2019-02-18,2018-12-30T17:01:52Z,2018-11-16,2018-05-23T11:12:24Z,ERX2608661,embryonic day 14,brain,SAMEA4680594,wild type genotype,The University of Heidelberg,2018-12-30T17:01:52Z,2018-05-23T11:12:24Z,public,Illumina HiSeq 2500,3538sTS.Rat.WholeBrain.14.Female_s,SINGLE,PolyA,TRANSCRIPTOMIC,brain,Rattus norvegicus,ILLUMINA,2019-02-19T00:00:00Z,2022-07-26T05:58:00Z,2,SAMEA4680594,E-MTAB-6811:3538sTS.Rat.WholeBrain.14.Female,Rattus norvegicus,female,ERP108920,Holtzman SD,E-MTAB-6811:3538sTS.Rat.WholeBrain.14.Female
ERR2592386,14,RNA-Seq,101,2403185920,PRJEB26889,SAMEA4680595,ArrayExpress,848968661,"Lausanne Genomics Technology Facility ",Norway rat,public,"fastq,run.zq,sra","ena,gs,ncbi,s3","ena,gs.us-east1,ncbi.public,s3.us-east-1",embryo,2019-02-18,2018-12-30T17:01:51Z,2018-11-16,2018-05-23T11:12:24Z,ERX2608662,embryonic day 14,heart,SAMEA4680595,wild type genotype,The University of Heidelberg,2018-12-30T17:01:51Z,2018-05-23T11:12:24Z,public,Illumina HiSeq 2500,3539sTS.Rat.Heart.14.Female_s,SINGLE,PolyA,TRANSCRIPTOMIC,heart,Rattus norvegicus,ILLUMINA,2019-02-19T00:00:00Z,2021-10-24T06:31:00Z,2,SAMEA4680595,E-MTAB-6811:3539sTS.Rat.Heart.14.Female,Rattus norvegicus,female,ERP108920,Holtzman SD,E-MTAB-6811:3539sTS.Rat.Heart.14.Female
ERR2592387,14,RNA-Seq,101,3566677741,PRJEB26889,SAMEA4680596,ArrayExpress,2304697465,"Lausanne Genomics Technology Facility ",Norway rat,public,"fastq,run.zq,sra","ena,gs,ncbi,s3","ena,gs.us-east1,ncbi.public,s3.us-east-1",embryo,2019-02-18,2018-12-30T17:01:51Z,2018-11-16,2018-05-23T11:12:24Z,ERX2608663,embryonic day 14,liver,SAMEA4680596,wild type genotype,The University of Heidelberg,2018-12-30T17:01:51Z,2018-05-23T11:12:24Z,public,Illumina HiSeq 2500,3540sTS.Rat.Liver.14.Female_s,SINGLE,PolyA,TRANSCRIPTOMIC,liver,Rattus norvegicus,ILLUMINA,2019-02-19T00:00:00Z,2022-07-13T19:16:00Z,2,SAMEA4680596,E-MTAB-6811:3540sTS.Rat.Liver.14.Female,Rattus norvegicus,female,ERP108920,Holtzman SD,E-MTAB-6811:3540sTS.Rat.Liver.14.Female
ERR2592388,14,RNA-Seq,100,4025195189,PRJEB26889,SAMEA4680597,ArrayExpress,2509789061,"Lausanne Genomics Technology Facility ",Norway rat,public,"fastq,run.zq,sra","ena,gs,ncbi,s3","ena,gs.us-east1,ncbi.public,s3.us-east-1",embryo,2019-02-18,2018-12-30T17:01:51Z,2018-11-16,2018-05-23T11:12:24Z,ERX2608664,embryonic day 14,ovary,SAMEA4680597,wild type genotype,The University of Heidelberg,2018-12-30T17:01:51Z,2018-05-23T11:12:24Z,public,Illumina HiSeq 2500,3541sTS.Rat.Ovary.14.Female_s,SINGLE,PolyA,TRANSCRIPTOMIC,ovary,Rattus norvegicus,ILLUMINA,2019-02-19T00:00:00Z,2022-07-26T06:07:00Z,2,SAMEA4680597,E-MTAB-6811:3541sTS.Rat.Ovary.14.Female,Rattus norvegicus,female,ERP108920,Holtzman SD,E-MTAB-6811:3541sTS.Rat.Ovary.14.Female
ERR2592389,14,RNA-Seq,101,3924171281,PRJEB26889,SAMEA4680598,ArrayExpress,2547339361,"Lausanne Genomics Technology Facility ",Norway rat,public,"fastq,run.zq,sra","ena,gs,ncbi,s3","ena,gs.us-east1,ncbi.public,s3.us-east-1",embryo,2019-02-18,2018-12-30T17:01:51Z,2018-11-16,2018-05-23T11:12:24Z,ERX2608665,embryonic day 14,brain,SAMEA4680598,wild type genotype,The University of Heidelberg,2018-12-30T17:01:51Z,2018-05-23T11:12:24Z,public,Illumina HiSeq 2500,3547sTS.Rat.WholeBrain.14.Female_s,SINGLE,PolyA,TRANSCRIPTOMIC,brain,Rattus norvegicus,ILLUMINA,2019-02-19T00:00:00Z,2022-07-13T12:25:00Z,2,SAMEA4680598,E-MTAB-6811:3547sTS.Rat.WholeBrain.14.Female,Rattus norvegicus,female,ERP108920,Holtzman SD,E-MTAB-6811:3547sTS.Rat.WholeBrain.14.Female
ERR2592390,14,RNA-Seq,101,2494243682,PRJEB26889,SAMEA4680599,ArrayExpress,945632767,"Lausanne Genomics Technology Facility ",Norway rat,public,"fastq,run.zq,sra","ena,gs,ncbi,s3","ena,gs.us-east1,ncbi.public,s3.us-east-1",embryo,2019-02-18,2018-12-30T17:01:51Z,2018-11-16,2018-05-23T11:12:24Z,ERX2608666,embryonic day 14,heart,SAMEA4680599,wild type genotype,The University of Heidelberg,2018-12-30T17:01:51Z,2018-05-23T11:12:24Z,public,Illumina HiSeq 2500,3548sTS.Rat.Heart.14.Female_s,SINGLE,PolyA,TRANSCRIPTOMIC,heart,Rattus norvegicus,ILLUMINA,2019-02-19T00:00:00Z,2022-07-26T05:54:00Z,2,SAMEA4680599,E-MTAB-6811:3548sTS.Rat.Heart.14.Female,Rattus norvegicus,female,ERP108920,Holtzman SD,E-MTAB-6811:3548sTS.Rat.Heart.14.Female
ERR2592391,14,RNA-Seq,101,3472390908,PRJEB26889,SAMEA4680600,ArrayExpress,2242700505,"Lausanne Genomics Technology Facility ",Norway rat,public,"fastq,run.zq,sra","ena,gs,ncbi,s3","ena,gs.us-east1,ncbi.public,s3.us-east-1",embryo,2019-02-18,2018-12-30T17:01:51Z,2018-11-16,2018-05-23T11:12:25Z,ERX2608667,embryonic day 14,liver,SAMEA4680600,wild type genotype,The University of Heidelberg,2018-12-30T17:01:51Z,2018-05-23T11:12:25Z,public,Illumina HiSeq 2500,3549sTS.Rat.Liver.14.Female_s,SINGLE,PolyA,TRANSCRIPTOMIC,liver,Rattus norvegicus,ILLUMINA,2019-02-19T00:00:00Z,2022-07-26T05:58:00Z,2,SAMEA4680600,E-MTAB-6811:3549sTS.Rat.Liver.14.Female,Rattus norvegicus,female,ERP108920,Holtzman SD,E-MTAB-6811:3549sTS.Rat.Liver.14.Female
ERR2592392,14,RNA-Seq,101,3841797095,PRJEB26889,SAMEA4680601,ArrayExpress,2483455264,"Lausanne Genomics Technology Facility ",Norway rat,public,"fastq,run.zq,sra","ena,gs,ncbi,s3","ena,gs.us-east1,ncbi.public,s3.us-east-1",embryo,2019-02-18,2018-12-30T17:01:51Z,2018-11-16,2018-05-23T11:12:25Z,ERX2608668,embryonic day 14,ovary,SAMEA4680601,wild type genotype,The University of Heidelberg,2018-12-30T17:01:51Z,2018-05-23T11:12:25Z,public,Illumina HiSeq 2500,3550sTS.Rat.Ovary.14.Female_s,SINGLE,PolyA,TRANSCRIPTOMIC,ovary,Rattus norvegicus,ILLUMINA,2019-02-19T00:00:00Z,2022-07-19T01:18:00Z,2,SAMEA4680601,E-MTAB-6811:3550sTS.Rat.Ovary.14.Female,Rattus norvegicus,female,ERP108920,Holtzman SD,E-MTAB-6811:3550sTS.Rat.Ovary.14.Female
ERR2592393,14,RNA-Seq,101,4166429780,PRJEB26889,SAMEA4680602,ArrayExpress,2654801768,"Lausanne Genomics Technology Facility ",Norway rat,public,"fastq,run.zq,sra","ena,gs,ncbi,s3","ena,gs.us-east1,ncbi.public,s3.us-east-1",embryo,2019-02-18,2018-12-30T17:01:51Z,2018-11-16,2018-05-23T11:12:25Z,ERX2608669,embryonic day 14,brain,SAMEA4680602,wild type genotype,The University of Heidelberg,2018-12-30T17:01:51Z,2018-05-23T11:12:25Z,public,Illumina HiSeq 2500,3551sTS.Rat.WholeBrain.14.Male_s,SINGLE,PolyA,TRANSCRIPTOMIC,brain,Rattus norvegicus,ILLUMINA,2019-02-19T00:00:00Z,2022-07-17T12:13:00Z,2,SAMEA4680602,E-MTAB-6811:3551sTS.Rat.WholeBrain.14.Male,Rattus norvegicus,male,ERP108920,Holtzman SD,E-MTAB-6811:3551sTS.Rat.WholeBrain.14.Male
ERR2592394,14,RNA-Seq,101,3096342456,PRJEB26889,SAMEA4680603,ArrayExpress,1083619357,"Lausanne Genomics Technology Facility ",Norway rat,public,"fastq,run.zq,sra","ena,gs,ncbi,s3","ena,gs.us-east1,ncbi.public,s3.us-east-1",embryo,2019-02-18,2018-12-30T17:01:51Z,2018-11-16,2018-05-23T11:12:25Z,ERX2608670,embryonic day 14,heart,SAMEA4680603,wild type genotype,The University of Heidelberg,2018-12-30T17:01:51Z,2018-05-23T11:12:25Z,public,Illumina HiSeq 2500,3552sTS.Rat.Heart.14.Male_s,SINGLE,PolyA,TRANSCRIPTOMIC,heart,Rattus norvegicus,ILLUMINA,2019-02-19T00:00:00Z,2022-07-26T05:56:00Z,2,SAMEA4680603,E-MTAB-6811:3552sTS.Rat.Heart.14.Male,Rattus norvegicus,male,ERP108920,Holtzman SD,E-MTAB-6811:3552sTS.Rat.Heart.14.Male
ERR2592395,14,RNA-Seq,101,3916497200,PRJEB26889,SAMEA4680604,ArrayExpress,2542684924,"Lausanne Genomics Technology Facility ",Norway rat,public,"fastq,run.zq,sra","ena,gs,ncbi,s3","ena,gs.us-east1,ncbi.public,s3.us-east-1",embryo,2019-02-18,2018-12-30T17:01:51Z,2018-11-16,2018-05-23T11:12:25Z,ERX2608671,embryonic day 14,liver,SAMEA4680604,wild type genotype,The University of Heidelberg,2018-12-30T17:01:51Z,2018-05-23T11:12:25Z,public,Illumina HiSeq 2500,3553sTS.Rat.Liver.14.Male_s,SINGLE,PolyA,TRANSCRIPTOMIC,liver,Rattus norvegicus,ILLUMINA,2019-02-19T00:00:00Z,2021-10-24T06:40:00Z,2,SAMEA4680604,E-MTAB-6811:3553sTS.Rat.Liver.14.Male,Rattus norvegicus,male,ERP108920,Holtzman SD,E-MTAB-6811:3553sTS.Rat.Liver.14.Male
ERR2592396,14,RNA-Seq,100,3780137652,PRJEB26889,SAMEA4680605,ArrayExpress,2362393580,"Lausanne Genomics Technology Facility ",Norway rat,public,"fastq,run.zq,sra","ena,gs,ncbi,s3","ena,gs.us-east1,ncbi.public,s3.us-east-1",embryo,2019-02-18,2018-12-30T17:01:51Z,2018-11-16,2018-05-23T11:12:25Z,ERX2608672,embryonic day 14,testis,SAMEA4680605,wild type genotype,The University of Heidelberg,2018-12-30T17:01:51Z,2018-05-23T11:12:25Z,public,Illumina HiSeq 2500,3554sTS.Rat.Testis.14.Male_s,SINGLE,PolyA,TRANSCRIPTOMIC,testis,Rattus norvegicus,ILLUMINA,2019-02-19T00:00:00Z,2022-07-26T05:58:00Z,2,SAMEA4680605,E-MTAB-6811:3554sTS.Rat.Testis.14.Male,Rattus norvegicus,male,ERP108920,Holtzman SD,E-MTAB-6811:3554sTS.Rat.Testis.14.Male
ERR2592397,14,RNA-Seq,101,4051332099,PRJEB26889,SAMEA4680606,ArrayExpress,2613155070,"Lausanne Genomics Technology Facility ",Norway rat,public,"fastq,run.zq,sra","ena,gs,ncbi,s3","ena,gs.us-east1,ncbi.public,s3.us-east-1",embryo,2019-02-18,2018-12-30T17:01:51Z,2018-11-16,2018-05-23T11:12:25Z,ERX2608673,embryonic day 14,brain,SAMEA4680606,wild type genotype,The University of Heidelberg,2018-12-30T17:01:51Z,2018-05-23T11:12:25Z,public,Illumina HiSeq 2500,3555sTS.Rat.WholeBrain.14.Male_s,SINGLE,PolyA,TRANSCRIPTOMIC,brain,Rattus norvegicus,ILLUMINA,2019-02-19T00:00:00Z,2021-10-24T06:39:00Z,2,SAMEA4680606,E-MTAB-6811:3555sTS.Rat.WholeBrain.14.Male,Rattus norvegicus,male,ERP108920,Holtzman SD,E-MTAB-6811:3555sTS.Rat.WholeBrain.14.Male
ERR2592398,14,RNA-Seq,101,4195307498,PRJEB26889,SAMEA4680607,ArrayExpress,1468228260,"Lausanne Genomics Technology Facility ",Norway rat,public,"fastq,run.zq,sra","ena,gs,ncbi,s3","ena,gs.us-east1,ncbi.public,s3.us-east-1",embryo,2019-02-18,2018-12-30T17:01:51Z,2018-11-16,2018-05-23T11:12:25Z,ERX2608674,embryonic day 14,heart,SAMEA4680607,wild type genotype,The University of Heidelberg,2018-12-30T17:01:51Z,2018-05-23T11:12:25Z,public,Illumina HiSeq 2500,3556sTS.Rat.Heart.14.Male_s,SINGLE,PolyA,TRANSCRIPTOMIC,heart,Rattus norvegicus,ILLUMINA,2019-02-19T00:00:00Z,2022-07-19T15:40:00Z,2,SAMEA4680607,E-MTAB-6811:3556sTS.Rat.Heart.14.Male,Rattus norvegicus,male,ERP108920,Holtzman SD,E-MTAB-6811:3556sTS.Rat.Heart.14.Male
ERR2592399,14,RNA-Seq,100,3167813900,PRJEB26889,SAMEA4680608,ArrayExpress,1858812484,"Lausanne Genomics Technology Facility ",Norway rat,public,"fastq,run.zq,sra","ena,gs,ncbi,s3","ena,gs.us-east1,ncbi.public,s3.us-east-1",embryo,2019-02-18,2018-12-30T17:01:51Z,2018-11-16,2018-05-23T11:12:25Z,ERX2608675,embryonic day 14,liver,SAMEA4680608,wild type genotype,The University of Heidelberg,2018-12-30T17:01:51Z,2018-05-23T11:12:25Z,public,Illumina HiSeq 2500,3557sTS.Rat.Liver.14.Male_s,SINGLE,PolyA,TRANSCRIPTOMIC,liver,Rattus norvegicus,ILLUMINA,2019-02-19T00:00:00Z,2021-10-24T06:34:00Z,2,SAMEA4680608,E-MTAB-6811:3557sTS.Rat.Liver.14.Male,Rattus norvegicus,male,ERP108920,Holtzman SD,E-MTAB-6811:3557sTS.Rat.Liver.14.Male
ERR2592400,14,RNA-Seq,101,3733523075,PRJEB26889,SAMEA4680609,ArrayExpress,2407642881,"Lausanne Genomics Technology Facility ",Norway rat,public,"fastq,run.zq,sra","ena,gs,ncbi,s3","ena,gs.us-east1,ncbi.public,s3.us-east-1",embryo,2019-02-18,2018-12-30T17:01:51Z,2018-11-16,2018-05-23T11:12:25Z,ERX2608676,embryonic day 14,testis,SAMEA4680609,wild type genotype,The University of Heidelberg,2018-12-30T17:01:51Z,2018-05-23T11:12:25Z,public,Illumina HiSeq 2500,3558sTS.Rat.Testis.14.Male_s,SINGLE,PolyA,TRANSCRIPTOMIC,testis,Rattus norvegicus,ILLUMINA,2019-02-19T00:00:00Z,2022-07-26T05:58:00Z,2,SAMEA4680609,E-MTAB-6811:3558sTS.Rat.Testis.14.Male,Rattus norvegicus,male,ERP108920,Holtzman SD,E-MTAB-6811:3558sTS.Rat.Testis.14.Male
ERR2592401,14,RNA-Seq,101,2795775546,PRJEB26889,SAMEA4680610,ArrayExpress,945927721,"Lausanne Genomics Technology Facility ",Norway rat,public,"fastq,run.zq,sra","ena,gs,ncbi,s3","ena,gs.us-east1,ncbi.public,s3.us-east-1",embryo,2019-02-18,2018-12-30T17:01:51Z,2018-11-16,2018-05-23T11:12:25Z,ERX2608677,embryonic day 14,forebrain,SAMEA4680610,wild type genotype,The University of Heidelberg,2018-12-30T17:01:51Z,2018-05-23T11:12:25Z,public,Illumina HiSeq 2500,4003sTS.Rat.Brain.14.Male_s,SINGLE,PolyA,TRANSCRIPTOMIC,forebrain,Rattus norvegicus,ILLUMINA,2019-02-19T00:00:00Z,2022-07-18T16:17:00Z,2,SAMEA4680610,E-MTAB-6811:4003sTS.Rat.Brain.14.Male,Rattus norvegicus,male,ERP108920,Holtzman SD,E-MTAB-6811:4003sTS.Rat.Brain.14.Male
ERR2592402,14,RNA-Seq,101,2873429598,PRJEB26889,SAMEA4680611,ArrayExpress,968428859,"Lausanne Genomics Technology Facility ",Norway rat,public,"fastq,run.zq,sra","ena,gs,ncbi,s3","ena,gs.us-east1,ncbi.public,s3.us-east-1",embryo,2019-02-18,2018-12-30T17:01:51Z,2018-11-16,2018-05-23T11:12:25Z,ERX2608678,embryonic day 14,hindbrain,SAMEA4680611,wild type genotype,The University of Heidelberg,2018-12-30T17:01:51Z,2018-05-23T11:12:25Z,public,Illumina HiSeq 2500,4004sTS.Rat.Cerebellum.14.Male_s,SINGLE,PolyA,TRANSCRIPTOMIC,hindbrain,Rattus norvegicus,ILLUMINA,2019-02-19T00:00:00Z,2022-07-26T05:55:00Z,2,SAMEA4680611,E-MTAB-6811:4004sTS.Rat.Cerebellum.14.Male,Rattus norvegicus,male,ERP108920,Holtzman SD,E-MTAB-6811:4004sTS.Rat.Cerebellum.14.Male
ERR2592403,14,RNA-Seq,101,3192493951,PRJEB26889,SAMEA4680612,ArrayExpress,1086168297,"Lausanne Genomics Technology Facility ",Norway rat,public,"fastq,run.zq,sra","ena,gs,ncbi,s3","ena,gs.us-east1,ncbi.public,s3.us-east-1",embryo,2019-02-18,2018-12-30T17:01:51Z,2018-11-16,2018-05-23T11:12:25Z,ERX2608679,embryonic day 14,hindbrain,SAMEA4680612,wild type genotype,The University of Heidelberg,2018-12-30T17:01:51Z,2018-05-23T11:12:25Z,public,Illumina HiSeq 2500,4007sTS.Rat.Cerebellum.14.Female_s,SINGLE,PolyA,TRANSCRIPTOMIC,hindbrain,Rattus norvegicus,ILLUMINA,2019-02-19T00:00:00Z,2022-07-29T21:01:00Z,2,SAMEA4680612,E-MTAB-6811:4007sTS.Rat.Cerebellum.14.Female,Rattus norvegicus,female,ERP108920,Holtzman SD,E-MTAB-6811:4007sTS.Rat.Cerebellum.14.Female
ERR2592404,14,RNA-Seq,101,2866956205,PRJEB26889,SAMEA4680613,ArrayExpress,1004903601,"Lausanne Genomics Technology Facility ",Norway rat,public,"fastq,run.zq,sra","ena,gs,ncbi,s3","ena,gs.us-east1,ncbi.public,s3.us-east-1",embryo,2019-02-18,2018-12-30T17:01:51Z,2018-11-16,2018-05-23T11:12:26Z,ERX2608680,embryonic day 14,forebrain,SAMEA4680613,wild type genotype,The University of Heidelberg,2018-12-30T17:01:51Z,2018-05-23T11:12:26Z,public,Illumina HiSeq 2500,4092sTS.Rat.Brain.14.Male_s,SINGLE,PolyA,TRANSCRIPTOMIC,forebrain,Rattus norvegicus,ILLUMINA,2019-02-19T00:00:00Z,2021-10-24T06:33:00Z,2,SAMEA4680613,E-MTAB-6811:4092sTS.Rat.Brain.14.Male,Rattus norvegicus,male,ERP108920,Holtzman SD,E-MTAB-6811:4092sTS.Rat.Brain.14.Male
ERR2592405,14,RNA-Seq,101,2685573537,PRJEB26889,SAMEA4680614,ArrayExpress,924854108,"Lausanne Genomics Technology Facility ",Norway rat,public,"fastq,run.zq,sra","ena,gs,ncbi,s3","ena,gs.us-east1,ncbi.public,s3.us-east-1",embryo,2019-02-18,2018-12-30T17:01:51Z,2018-11-16,2018-05-23T11:12:26Z,ERX2608681,embryonic day 14,hindbrain,SAMEA4680614,wild type genotype,The University of Heidelberg,2018-12-30T17:01:51Z,2018-05-23T11:12:26Z,public,Illumina HiSeq 2500,4093sTS.Rat.Cerebellum.14.Male_s,SINGLE,PolyA,TRANSCRIPTOMIC,hindbrain,Rattus norvegicus,ILLUMINA,2019-02-19T00:00:00Z,2022-07-23T00:54:00Z,2,SAMEA4680614,E-MTAB-6811:4093sTS.Rat.Cerebellum.14.Male,Rattus norvegicus,male,ERP108920,Holtzman SD,E-MTAB-6811:4093sTS.Rat.Cerebellum.14.Male
ERR2592406,14,RNA-Seq,101,3791754221,PRJEB26889,SAMEA4680615,ArrayExpress,1294308335,"Lausanne Genomics Technology Facility ",Norway rat,public,"fastq,run.zq,sra","ena,gs,ncbi,s3","ena,gs.us-east1,ncbi.public,s3.us-east-1",embryo,2019-02-18,2018-12-30T17:01:51Z,2018-11-16,2018-05-23T11:12:26Z,ERX2608682,embryonic day 14,forebrain,SAMEA4680615,wild type genotype,The University of Heidelberg,2018-12-30T17:01:51Z,2018-05-23T11:12:26Z,public,Illumina HiSeq 2500,4235sTS.Rat.Brain.14.Female_s,SINGLE,PolyA,TRANSCRIPTOMIC,forebrain,Rattus norvegicus,ILLUMINA,2019-02-19T00:00:00Z,2021-10-24T06:39:00Z,2,SAMEA4680615,E-MTAB-6811:4235sTS.Rat.Brain.14.Female,Rattus norvegicus,female,ERP108920,Holtzman SD,E-MTAB-6811:4235sTS.Rat.Brain.14.Female
ERR2592407,14,RNA-Seq,101,2767553823,PRJEB26889,SAMEA4680616,ArrayExpress,986118403,"Lausanne Genomics Technology Facility ",Norway rat,public,"fastq,run.zq,sra","ena,gs,ncbi,s3","ena,gs.us-east1,ncbi.public,s3.us-east-1",embryo,2019-02-18,2018-12-30T17:01:51Z,2018-11-16,2018-05-23T11:12:26Z,ERX2608683,embryonic day 14,hindbrain,SAMEA4680616,wild type genotype,The University of Heidelberg,2018-12-30T17:01:51Z,2018-05-23T11:12:26Z,public,Illumina HiSeq 2500,4250sTS.Rat.Cerebellum.14.Female_s,SINGLE,PolyA,TRANSCRIPTOMIC,hindbrain,Rattus norvegicus,ILLUMINA,2019-02-19T00:00:00Z,2022-07-19T15:39:00Z,2,SAMEA4680616,E-MTAB-6811:4250sTS.Rat.Cerebellum.14.Female,Rattus norvegicus,female,ERP108920,Holtzman SD,E-MTAB-6811:4250sTS.Rat.Cerebellum.14.Female
ERR2592408,15,RNA-Seq,101,2181494253,PRJEB26889,SAMEA4680617,ArrayExpress,1439836193,"Lausanne Genomics Technology Facility ",Norway rat,public,"fastq,run.zq,sra","ena,gs,ncbi,s3","ena,gs.us-east1,ncbi.public,s3.us-east-1",embryo,2019-02-18,2018-12-30T17:01:51Z,2018-11-16,2018-05-23T11:12:26Z,ERX2608684,embryonic day 15,testis,SAMEA4680617,wild type genotype,The University of Heidelberg,2018-12-30T17:01:51Z,2018-05-23T11:12:26Z,public,Illumina HiSeq 2500,2395sTS.Rat.Testis.15.Male_s,SINGLE,PolyA,TRANSCRIPTOMIC,testis,Rattus norvegicus,ILLUMINA,2019-02-19T00:00:00Z,2022-07-26T05:56:00Z,2,SAMEA4680617,E-MTAB-6811:2395sTS.Rat.Testis.15.Male,Rattus norvegicus,male,ERP108920,Holtzman SD,E-MTAB-6811:2395sTS.Rat.Testis.15.Male
ERR2592409,15,RNA-Seq,101,4544033127,PRJEB26889,SAMEA4680618,ArrayExpress,2944451986,"Lausanne Genomics Technology Facility ",Norway rat,public,"fastq,run.zq,sra","ena,gs,ncbi,s3","ena,gs.us-east1,ncbi.public,s3.us-east-1",embryo,2019-02-18,2018-12-30T17:01:51Z,2018-11-16,2018-05-23T11:12:26Z,ERX2608685,embryonic day 15,liver,SAMEA4680618,wild type genotype,The University of Heidelberg,2018-12-30T17:01:51Z,2018-05-23T11:12:26Z,public,Illumina HiSeq 2500,2492sTS.Rat.Liver.15.Female_s,SINGLE,PolyA,TRANSCRIPTOMIC,liver,Rattus norvegicus,ILLUMINA,2019-02-19T00:00:00Z,2022-07-13T21:37:00Z,2,SAMEA4680618,E-MTAB-6811:2492sTS.Rat.Liver.15.Female,Rattus norvegicus,female,ERP108920,Holtzman SD,E-MTAB-6811:2492sTS.Rat.Liver.15.Female
ERR2592410,15,RNA-Seq,101,4047015864,PRJEB26889,SAMEA4680619,ArrayExpress,2782898810,"Lausanne Genomics Technology Facility ",Norway rat,public,"fastq,run.zq,sra","ena,gs,ncbi,s3","ena,gs.us-east1,ncbi.public,s3.us-east-1",embryo,2019-02-18,2018-12-30T17:01:51Z,2018-11-16,2018-05-23T11:12:26Z,ERX2608686,embryonic day 15,liver,SAMEA4680619,wild type genotype,The University of Heidelberg,2018-12-30T17:01:51Z,2018-05-23T11:12:26Z,public,Illumina HiSeq 2500,2493sTS.Rat.Liver.15.Female_s,SINGLE,PolyA,TRANSCRIPTOMIC,liver,Rattus norvegicus,ILLUMINA,2019-02-19T00:00:00Z,2022-07-23T01:11:00Z,2,SAMEA4680619,E-MTAB-6811:2493sTS.Rat.Liver.15.Female,Rattus norvegicus,female,ERP108920,Holtzman SD,E-MTAB-6811:2493sTS.Rat.Liver.15.Female
ERR2592411,15,RNA-Seq,101,3787450611,PRJEB26889,SAMEA4680620,ArrayExpress,2446274677,"Lausanne Genomics Technology Facility ",Norway rat,public,"fastq,run.zq,sra","ena,gs,ncbi,s3","ena,gs.us-east1,ncbi.public,s3.us-east-1",embryo,2019-02-18,2018-12-30T17:01:51Z,2018-11-16,2018-05-23T11:12:26Z,ERX2608687,embryonic day 15,liver,SAMEA4680620,wild type genotype,The University of Heidelberg,2018-12-30T17:01:51Z,2018-05-23T11:12:26Z,public,Illumina HiSeq 2500,2550sTS.Rat.Liver.15.Male_s,SINGLE,PolyA,TRANSCRIPTOMIC,liver,Rattus norvegicus,ILLUMINA,2019-02-19T00:00:00Z,2022-07-26T05:57:00Z,2,SAMEA4680620,E-MTAB-6811:2550sTS.Rat.Liver.15.Male,Rattus norvegicus,male,ERP108920,Holtzman SD,E-MTAB-6811:2550sTS.Rat.Liver.15.Male
ERR2592412,15,RNA-Seq,101,3835935358,PRJEB26889,SAMEA4680621,ArrayExpress,2528849411,"Lausanne Genomics Technology Facility ",Norway rat,public,"fastq,run.zq,sra","ena,gs,ncbi,s3","ena,gs.us-east1,ncbi.public,s3.us-east-1",embryo,2019-02-18,2018-12-30T17:01:51Z,2018-11-16,2018-05-23T11:12:26Z,ERX2608688,embryonic day 15,liver,SAMEA4680621,wild type genotype,The University of Heidelberg,2018-12-30T17:01:51Z,2018-05-23T11:12:26Z,public,Illumina HiSeq 2500,2551sTS.Rat.Liver.15.Male_s,SINGLE,PolyA,TRANSCRIPTOMIC,liver,Rattus norvegicus,ILLUMINA,2019-02-19T00:00:00Z,2022-07-13T12:24:00Z,2,SAMEA4680621,E-MTAB-6811:2551sTS.Rat.Liver.15.Male,Rattus norvegicus,male,ERP108920,Holtzman SD,E-MTAB-6811:2551sTS.Rat.Liver.15.Male
ERR2592413,15,RNA-Seq,101,4900723313,PRJEB26889,SAMEA4680622,ArrayExpress,3200915338,"Lausanne Genomics Technology Facility ",Norway rat,public,"fastq,run.zq,sra","ena,gs,ncbi,s3","ena,gs.us-east1,ncbi.public,s3.us-east-1",embryo,2019-02-18,2018-12-30T17:01:51Z,2018-11-16,2018-05-23T11:12:26Z,ERX2608689,embryonic day 15,brain,SAMEA4680622,wild type genotype,The University of Heidelberg,2018-12-30T17:01:51Z,2018-05-23T11:12:26Z,public,Illumina HiSeq 2500,3559sTS.Rat.WholeBrain.15.Male_s,SINGLE,PolyA,TRANSCRIPTOMIC,brain,Rattus norvegicus,ILLUMINA,2019-02-19T00:00:00Z,2021-10-24T07:04:00Z,2,SAMEA4680622,E-MTAB-6811:3559sTS.Rat.WholeBrain.15.Male,Rattus norvegicus,male,ERP108920,Holtzman SD,E-MTAB-6811:3559sTS.Rat.WholeBrain.15.Male
ERR2592414,15,RNA-Seq,101,4066399885,PRJEB26889,SAMEA4680623,ArrayExpress,1441991107,"Lausanne Genomics Technology Facility ",Norway rat,public,"fastq,run.zq,sra","ena,gs,ncbi,s3","ena,gs.us-east1,ncbi.public,s3.us-east-1",embryo,2019-02-18,2018-12-30T17:01:51Z,2018-11-16,2018-05-23T11:12:26Z,ERX2608690,embryonic day 15,heart,SAMEA4680623,wild type genotype,The University of Heidelberg,2018-12-30T17:01:51Z,2018-05-23T11:12:26Z,public,Illumina HiSeq 2500,3560sTS.Rat.Heart.15.Male_s,SINGLE,PolyA,TRANSCRIPTOMIC,heart,Rattus norvegicus,ILLUMINA,2019-02-19T00:00:00Z,2022-07-26T05:58:00Z,2,SAMEA4680623,E-MTAB-6811:3560sTS.Rat.Heart.15.Male,Rattus norvegicus,male,ERP108920,Holtzman SD,E-MTAB-6811:3560sTS.Rat.Heart.15.Male
ERR2592415,15,RNA-Seq,101,2831509144,PRJEB26889,SAMEA4680624,ArrayExpress,1873672433,"Lausanne Genomics Technology Facility ",Norway rat,public,"sra,fastq,run.zq","ena,gs,ncbi,s3","ena,gs.us-east1,ncbi.public,s3.us-east-1",embryo,2019-02-18,2018-12-30T17:01:51Z,2018-11-16,2018-05-23T11:12:26Z,ERX2608691,embryonic day 15,brain,SAMEA4680624,wild type genotype,The University of Heidelberg,2018-12-30T17:01:51Z,2018-05-23T11:12:26Z,public,Illumina HiSeq 2500,3561sTS.Rat.WholeBrain.15.Female_s,SINGLE,PolyA,TRANSCRIPTOMIC,brain,Rattus norvegicus,ILLUMINA,2019-02-19T00:00:00Z,2022-07-12T19:12:00Z,2,SAMEA4680624,E-MTAB-6811:3561sTS.Rat.WholeBrain.15.Female,Rattus norvegicus,female,ERP108920,Holtzman SD,E-MTAB-6811:3561sTS.Rat.WholeBrain.15.Female
ERR2592416,15,RNA-Seq,101,3036920419,PRJEB26889,SAMEA4680625,ArrayExpress,1149192947,"Lausanne Genomics Technology Facility ",Norway rat,public,"fastq,run.zq,sra","ena,gs,ncbi,s3","ena,gs.us-east1,ncbi.public,s3.us-east-1",embryo,2019-02-18,2018-12-30T17:01:51Z,2018-11-16,2018-05-23T11:12:26Z,ERX2608692,embryonic day 15,heart,SAMEA4680625,wild type genotype,The University of Heidelberg,2018-12-30T17:01:51Z,2018-05-23T11:12:26Z,public,Illumina HiSeq 2500,3562sTS.Rat.Heart.15.Female_s,SINGLE,PolyA,TRANSCRIPTOMIC,heart,Rattus norvegicus,ILLUMINA,2019-02-19T00:00:00Z,2022-07-17T12:09:00Z,2,SAMEA4680625,E-MTAB-6811:3562sTS.Rat.Heart.15.Female,Rattus norvegicus,female,ERP108920,Holtzman SD,E-MTAB-6811:3562sTS.Rat.Heart.15.Female
ERR2592417,15,RNA-Seq,100,2150217600,PRJEB26889,SAMEA4680626,ArrayExpress,1260411577,"Lausanne Genomics Technology Facility ",Norway rat,public,"fastq,run.zq,sra","ena,gs,ncbi,s3","ena,gs.us-east1,ncbi.public,s3.us-east-1",embryo,2019-02-18,2018-12-30T17:01:51Z,2018-11-16,2018-05-23T11:12:26Z,ERX2608693,embryonic day 15,brain,SAMEA4680626,wild type genotype,The University of Heidelberg,2018-12-30T17:01:51Z,2018-05-23T11:12:26Z,public,Illumina HiSeq 2500,3564sTS.Rat.WholeBrain.15.Male_s,SINGLE,PolyA,TRANSCRIPTOMIC,brain,Rattus norvegicus,ILLUMINA,2019-02-19T00:00:00Z,2021-10-24T06:33:00Z,2,SAMEA4680626,E-MTAB-6811:3564sTS.Rat.WholeBrain.15.Male,Rattus norvegicus,male,ERP108920,Holtzman SD,E-MTAB-6811:3564sTS.Rat.WholeBrain.15.Male
ERR2592418,15,RNA-Seq,101,3582628065,PRJEB26889,SAMEA4680627,ArrayExpress,1261134638,"Lausanne Genomics Technology Facility ",Norway rat,public,"fastq,run.zq,sra","ena,gs,ncbi,s3","ena,gs.us-east1,ncbi.public,s3.us-east-1",embryo,2019-02-18,2018-12-30T17:01:51Z,2018-11-16,2018-05-23T11:12:26Z,ERX2608694,embryonic day 15,heart,SAMEA4680627,wild type genotype,The University of Heidelberg,2018-12-30T17:01:51Z,2018-05-23T11:12:26Z,public,Illumina HiSeq 2500,3565sTS.Rat.Heart.15.Male_s,SINGLE,PolyA,TRANSCRIPTOMIC,heart,Rattus norvegicus,ILLUMINA,2019-02-19T00:00:00Z,2021-10-24T06:36:00Z,2,SAMEA4680627,E-MTAB-6811:3565sTS.Rat.Heart.15.Male,Rattus norvegicus,male,ERP108920,Holtzman SD,E-MTAB-6811:3565sTS.Rat.Heart.15.Male
ERR2592419,15,RNA-Seq,100,2365854500,PRJEB26889,SAMEA4680628,ArrayExpress,1378457762,"Lausanne Genomics Technology Facility ",Norway rat,public,"fastq,run.zq,sra","ena,gs,ncbi,s3","ena,gs.us-east1,ncbi.public,s3.us-east-1",embryo,2019-02-18,2018-12-30T17:01:51Z,2018-11-16,2018-05-23T11:12:26Z,ERX2608695,embryonic day 15,testis,SAMEA4680628,wild type genotype,The University of Heidelberg,2018-12-30T17:01:51Z,2018-05-23T11:12:26Z,public,Illumina HiSeq 2500,3566sTS.Rat.Testis.15.Male_s,SINGLE,PolyA,TRANSCRIPTOMIC,testis,Rattus norvegicus,ILLUMINA,2019-02-19T00:00:00Z,2022-07-21T10:17:00Z,2,SAMEA4680628,E-MTAB-6811:3566sTS.Rat.Testis.15.Male,Rattus norvegicus,male,ERP108920,Holtzman SD,E-MTAB-6811:3566sTS.Rat.Testis.15.Male
ERR2592420,15,RNA-Seq,100,2199621800,PRJEB26889,SAMEA4680629,ArrayExpress,1285434423,"Lausanne Genomics Technology Facility ",Norway rat,public,"fastq,run.zq,sra","ena,gs,ncbi,s3","ena,gs.us-east1,ncbi.public,s3.us-east-1",embryo,2019-02-18,2018-12-30T17:01:51Z,2018-11-16,2018-05-23T11:12:27Z,ERX2608696,embryonic day 15,brain,SAMEA4680629,wild type genotype,The University of Heidelberg,2018-12-30T17:01:51Z,2018-05-23T11:12:27Z,public,Illumina HiSeq 2500,3569sTS.Rat.WholeBrain.15.Female_s,SINGLE,PolyA,TRANSCRIPTOMIC,brain,Rattus norvegicus,ILLUMINA,2019-02-19T00:00:00Z,2022-07-26T05:55:00Z,2,SAMEA4680629,E-MTAB-6811:3569sTS.Rat.WholeBrain.15.Female,Rattus norvegicus,female,ERP108920,Holtzman SD,E-MTAB-6811:3569sTS.Rat.WholeBrain.15.Female
ERR2592421,15,RNA-Seq,101,2824283099,PRJEB26889,SAMEA4680630,ArrayExpress,995590252,"Lausanne Genomics Technology Facility ",Norway rat,public,"fastq,run.zq,sra","ena,gs,ncbi,s3","ena,gs.us-east1,ncbi.public,s3.us-east-1",embryo,2019-02-18,2018-12-30T17:01:51Z,2018-11-16,2018-05-23T11:12:27Z,ERX2608697,embryonic day 15,heart,SAMEA4680630,wild type genotype,The University of Heidelberg,2018-12-30T17:01:51Z,2018-05-23T11:12:27Z,public,Illumina HiSeq 2500,3570sTS.Rat.Heart.15.Female_s,SINGLE,PolyA,TRANSCRIPTOMIC,heart,Rattus norvegicus,ILLUMINA,2019-02-19T00:00:00Z,2022-07-18T06:35:00Z,2,SAMEA4680630,E-MTAB-6811:3570sTS.Rat.Heart.15.Female,Rattus norvegicus,female,ERP108920,Holtzman SD,E-MTAB-6811:3570sTS.Rat.Heart.15.Female
ERR2592422,15,RNA-Seq,100,2497959300,PRJEB26889,SAMEA4680631,ArrayExpress,1562206804,"Lausanne Genomics Technology Facility ",Norway rat,public,"fastq,run.zq,sra","ena,gs,ncbi,s3","ena,gs.us-east1,ncbi.public,s3.us-east-1",embryo,2019-02-18,2018-12-30T17:01:51Z,2018-11-16,2018-05-23T11:12:27Z,ERX2608698,embryonic day 15,ovary,SAMEA4680631,wild type genotype,The University of Heidelberg,2018-12-30T17:01:51Z,2018-05-23T11:12:27Z,public,Illumina HiSeq 2500,3591sTS.Rat.Ovary.15.Female_s,SINGLE,PolyA,TRANSCRIPTOMIC,ovary,Rattus norvegicus,ILLUMINA,2019-02-19T00:00:00Z,2022-07-26T05:56:00Z,2,SAMEA4680631,E-MTAB-6811:3591sTS.Rat.Ovary.15.Female,Rattus norvegicus,female,ERP108920,Holtzman SD,E-MTAB-6811:3591sTS.Rat.Ovary.15.Female
ERR2592423,15,RNA-Seq,101,3066213550,PRJEB26889,SAMEA4680632,ArrayExpress,1155836184,"Lausanne Genomics Technology Facility ",Norway rat,public,"fastq,run.zq,sra","ena,gs,ncbi,s3","ena,gs.us-east1,ncbi.public,s3.us-east-1",embryo,2019-02-18,2018-12-30T17:01:51Z,2018-11-16,2018-05-23T11:12:27Z,ERX2608699,embryonic day 15,kidney,SAMEA4680632,wild type genotype,The University of Heidelberg,2018-12-30T17:01:51Z,2018-05-23T11:12:27Z,public,Illumina HiSeq 2500,4008sTS.Rat.Kidney.15.Male_s,SINGLE,PolyA,TRANSCRIPTOMIC,kidney,Rattus norvegicus,ILLUMINA,2019-02-19T00:00:00Z,2021-10-24T06:36:00Z,2,SAMEA4680632,E-MTAB-6811:4008sTS.Rat.Kidney.15.Male,Rattus norvegicus,male,ERP108920,Holtzman SD,E-MTAB-6811:4008sTS.Rat.Kidney.15.Male
ERR2592424,15,RNA-Seq,101,3532584383,PRJEB26889,SAMEA4680633,ArrayExpress,1325455782,"Lausanne Genomics Technology Facility ",Norway rat,public,"fastq,run.zq,sra","ena,gs,ncbi,s3","ena,gs.us-east1,ncbi.public,s3.us-east-1",embryo,2019-02-18,2018-12-30T17:01:51Z,2018-11-16,2018-05-23T11:12:27Z,ERX2608700,embryonic day 15,kidney,SAMEA4680633,wild type genotype,The University of Heidelberg,2018-12-30T17:01:51Z,2018-05-23T11:12:27Z,public,Illumina HiSeq 2500,4009sTS.Rat.Kidney.15.Male_s,SINGLE,PolyA,TRANSCRIPTOMIC,kidney,Rattus norvegicus,ILLUMINA,2019-02-19T00:00:00Z,2022-07-18T16:33:00Z,2,SAMEA4680633,E-MTAB-6811:4009sTS.Rat.Kidney.15.Male,Rattus norvegicus,male,ERP108920,Holtzman SD,E-MTAB-6811:4009sTS.Rat.Kidney.15.Male
ERR2592425,15,RNA-Seq,101,2526848502,PRJEB26889,SAMEA4680634,ArrayExpress,860838177,"Lausanne Genomics Technology Facility ",Norway rat,public,"fastq,run.zq,sra","ena,gs,ncbi,s3","ena,gs.us-east1,ncbi.public,s3.us-east-1",embryo,2019-02-18,2018-12-30T17:01:51Z,2018-11-16,2018-05-23T11:12:27Z,ERX2608701,embryonic day 15,forebrain,SAMEA4680634,wild type genotype,The University of Heidelberg,2018-12-30T17:01:51Z,2018-05-23T11:12:27Z,public,Illumina HiSeq 2500,4010sTS.Rat.Brain.15.Male_s,SINGLE,PolyA,TRANSCRIPTOMIC,forebrain,Rattus norvegicus,ILLUMINA,2019-02-19T00:00:00Z,2022-07-26T05:55:00Z,2,SAMEA4680634,E-MTAB-6811:4010sTS.Rat.Brain.15.Male,Rattus norvegicus,male,ERP108920,Holtzman SD,E-MTAB-6811:4010sTS.Rat.Brain.15.Male
ERR2592426,15,RNA-Seq,101,2693019661,PRJEB26889,SAMEA4680635,ArrayExpress,916161222,"Lausanne Genomics Technology Facility ",Norway rat,public,"fastq,run.zq,sra","ena,gs,ncbi,s3","ena,gs.us-east1,ncbi.public,s3.us-east-1",embryo,2019-02-18,2018-12-30T17:01:51Z,2018-11-16,2018-05-23T11:12:27Z,ERX2608702,embryonic day 15,hindbrain,SAMEA4680635,wild type genotype,The University of Heidelberg,2018-12-30T17:01:51Z,2018-05-23T11:12:27Z,public,Illumina HiSeq 2500,4011sTS.Rat.Cerebellum.15.Male_s,SINGLE,PolyA,TRANSCRIPTOMIC,hindbrain,Rattus norvegicus,ILLUMINA,2019-02-19T00:00:00Z,2022-07-18T06:35:00Z,2,SAMEA4680635,E-MTAB-6811:4011sTS.Rat.Cerebellum.15.Male,Rattus norvegicus,male,ERP108920,Holtzman SD,E-MTAB-6811:4011sTS.Rat.Cerebellum.15.Male
ERR2592427,15,RNA-Seq,101,2728155844,PRJEB26889,SAMEA4680636,ArrayExpress,930608357,"Lausanne Genomics Technology Facility ",Norway rat,public,"fastq,run.zq,sra","ena,gs,ncbi,s3","ena,gs.us-east1,ncbi.public,s3.us-east-1",embryo,2019-02-18,2018-12-30T17:01:51Z,2018-11-16,2018-05-23T11:12:27Z,ERX2608703,embryonic day 15,forebrain,SAMEA4680636,wild type genotype,The University of Heidelberg,2018-12-30T17:01:51Z,2018-05-23T11:12:27Z,public,Illumina HiSeq 2500,4032sTS.Rat.Brain.15.Male_s,SINGLE,PolyA,TRANSCRIPTOMIC,forebrain,Rattus norvegicus,ILLUMINA,2019-02-19T00:00:00Z,2022-07-19T16:23:00Z,2,SAMEA4680636,E-MTAB-6811:4032sTS.Rat.Brain.15.Male,Rattus norvegicus,male,ERP108920,Holtzman SD,E-MTAB-6811:4032sTS.Rat.Brain.15.Male
ERR2592428,15,RNA-Seq,101,3434476417,PRJEB26889,SAMEA4680637,ArrayExpress,1166309764,"Lausanne Genomics Technology Facility ",Norway rat,public,"fastq,run.zq,sra","ena,gs,ncbi,s3","ena,gs.us-east1,ncbi.public,s3.us-east-1",embryo,2019-02-18,2018-12-30T17:01:51Z,2018-11-16,2018-05-23T11:12:27Z,ERX2608704,embryonic day 15,hindbrain,SAMEA4680637,wild type genotype,The University of Heidelberg,2018-12-30T17:01:51Z,2018-05-23T11:12:27Z,public,Illumina HiSeq 2500,4033sTS.Rat.Cerebellum.15.Male_s,SINGLE,PolyA,TRANSCRIPTOMIC,hindbrain,Rattus norvegicus,ILLUMINA,2019-02-19T00:00:00Z,2022-07-22T08:35:00Z,2,SAMEA4680637,E-MTAB-6811:4033sTS.Rat.Cerebellum.15.Male,Rattus norvegicus,male,ERP108920,Holtzman SD,E-MTAB-6811:4033sTS.Rat.Cerebellum.15.Male
ERR2592429,15,RNA-Seq,101,4633596392,PRJEB26889,SAMEA4680638,ArrayExpress,1584420301,"Lausanne Genomics Technology Facility ",Norway rat,public,"fastq,run.zq,sra","ena,gs,ncbi,s3","ena,gs.us-east1,ncbi.public,s3.us-east-1",embryo,2019-02-18,2018-12-30T17:01:51Z,2018-11-16,2018-05-23T11:12:27Z,ERX2608705,embryonic day 15,forebrain,SAMEA4680638,wild type genotype,The University of Heidelberg,2018-12-30T17:01:51Z,2018-05-23T11:12:27Z,public,Illumina HiSeq 2500,4228sTS.Rat.Brain.15.Female_s,SINGLE,PolyA,TRANSCRIPTOMIC,forebrain,Rattus norvegicus,ILLUMINA,2019-02-19T00:00:00Z,2022-07-14T10:07:00Z,2,SAMEA4680638,E-MTAB-6811:4228sTS.Rat.Brain.15.Female,Rattus norvegicus,female,ERP108920,Holtzman SD,E-MTAB-6811:4228sTS.Rat.Brain.15.Female
ERR2592430,15,RNA-Seq,101,4535990699,PRJEB26889,SAMEA4680639,ArrayExpress,1552997174,"Lausanne Genomics Technology Facility ",Norway rat,public,"fastq,run.zq,sra","ena,gs,ncbi,s3","ena,gs.us-east1,ncbi.public,s3.us-east-1",embryo,2019-02-18,2018-12-30T17:01:51Z,2018-11-16,2018-05-23T11:12:27Z,ERX2608706,embryonic day 15,hindbrain,SAMEA4680639,wild type genotype,The University of Heidelberg,2018-12-30T17:01:51Z,2018-05-23T11:12:27Z,public,Illumina HiSeq 2500,4229sTS.Rat.Cerebellum.15.Female_s,SINGLE,PolyA,TRANSCRIPTOMIC,hindbrain,Rattus norvegicus,ILLUMINA,2019-02-19T00:00:00Z,2021-10-24T06:42:00Z,2,SAMEA4680639,E-MTAB-6811:4229sTS.Rat.Cerebellum.15.Female,Rattus norvegicus,female,ERP108920,Holtzman SD,E-MTAB-6811:4229sTS.Rat.Cerebellum.15.Female
ERR2592431,15,RNA-Seq,101,2831705791,PRJEB26889,SAMEA4680640,ArrayExpress,992309819,"Lausanne Genomics Technology Facility ",Norway rat,public,"fastq,run.zq,sra","ena,gs,ncbi,s3","ena,gs.us-east1,ncbi.public,s3.us-east-1",embryo,2019-02-18,2018-12-30T17:01:51Z,2018-11-16,2018-05-23T11:12:27Z,ERX2608707,embryonic day 15,kidney,SAMEA4680640,wild type genotype,The University of Heidelberg,2018-12-30T17:01:51Z,2018-05-23T11:12:27Z,public,Illumina HiSeq 2500,4230sTS.Rat.Kidney.15.Female_s,SINGLE,PolyA,TRANSCRIPTOMIC,kidney,Rattus norvegicus,ILLUMINA,2019-02-19T00:00:00Z,2022-07-26T05:56:00Z,2,SAMEA4680640,E-MTAB-6811:4230sTS.Rat.Kidney.15.Female,Rattus norvegicus,female,ERP108920,Holtzman SD,E-MTAB-6811:4230sTS.Rat.Kidney.15.Female
ERR2592432,15,RNA-Seq,101,3418121487,PRJEB26889,SAMEA4680641,ArrayExpress,1178752740,"Lausanne Genomics Technology Facility ",Norway rat,public,"fastq,run.zq,sra","ena,gs,ncbi,s3","ena,gs.us-east1,ncbi.public,s3.us-east-1",embryo,2019-02-18,2018-12-30T17:01:51Z,2018-11-16,2018-05-23T11:12:27Z,ERX2608708,embryonic day 15,forebrain,SAMEA4680641,wild type genotype,The University of Heidelberg,2018-12-30T17:01:51Z,2018-05-23T11:12:27Z,public,Illumina HiSeq 2500,4231sTS.Rat.Brain.15.Female_s,SINGLE,PolyA,TRANSCRIPTOMIC,forebrain,Rattus norvegicus,ILLUMINA,2019-02-19T00:00:00Z,2021-10-24T06:35:00Z,2,SAMEA4680641,E-MTAB-6811:4231sTS.Rat.Brain.15.Female,Rattus norvegicus,female,ERP108920,Holtzman SD,E-MTAB-6811:4231sTS.Rat.Brain.15.Female
ERR2592433,15,RNA-Seq,101,3724372576,PRJEB26889,SAMEA4680642,ArrayExpress,1279000718,"Lausanne Genomics Technology Facility ",Norway rat,public,"fastq,run.zq,sra","ena,gs,ncbi,s3","ena,gs.us-east1,ncbi.public,s3.us-east-1",embryo,2019-02-18,2018-12-30T17:01:51Z,2018-11-16,2018-05-23T11:12:27Z,ERX2608709,embryonic day 15,hindbrain,SAMEA4680642,wild type genotype,The University of Heidelberg,2018-12-30T17:01:51Z,2018-05-23T11:12:27Z,public,Illumina HiSeq 2500,4232sTS.Rat.Cerebellum.15.Female_s,SINGLE,PolyA,TRANSCRIPTOMIC,hindbrain,Rattus norvegicus,ILLUMINA,2019-02-19T00:00:00Z,2022-07-21T21:08:00Z,2,SAMEA4680642,E-MTAB-6811:4232sTS.Rat.Cerebellum.15.Female,Rattus norvegicus,female,ERP108920,Holtzman SD,E-MTAB-6811:4232sTS.Rat.Cerebellum.15.Female
ERR2592434,15,RNA-Seq,101,3944867999,PRJEB26889,SAMEA4680643,ArrayExpress,1478287645,"Lausanne Genomics Technology Facility ",Norway rat,public,"fastq,run.zq,sra","ena,gs,ncbi,s3","ena,gs.us-east1,ncbi.public,s3.us-east-1",embryo,2019-02-18,2018-12-30T17:01:51Z,2018-11-16,2018-05-23T11:12:27Z,ERX2608710,embryonic day 15,kidney,SAMEA4680643,wild type genotype,The University of Heidelberg,2018-12-30T17:01:51Z,2018-05-23T11:12:27Z,public,Illumina HiSeq 2500,4233sTS.Rat.Kidney.15.Female_s,SINGLE,PolyA,TRANSCRIPTOMIC,kidney,Rattus norvegicus,ILLUMINA,2019-02-19T00:00:00Z,2021-10-24T06:40:00Z,2,SAMEA4680643,E-MTAB-6811:4233sTS.Rat.Kidney.15.Female,Rattus norvegicus,female,ERP108920,Holtzman SD,E-MTAB-6811:4233sTS.Rat.Kidney.15.Female
ERR2592435,16,RNA-Seq,101,3731880512,PRJEB26889,SAMEA4680644,ArrayExpress,2420382634,"Lausanne Genomics Technology Facility ",Norway rat,public,"fastq,run.zq,sra","ena,gs,ncbi,s3","ena,gs.us-east1,ncbi.public,s3.us-east-1",embryo,2019-02-18,2018-12-30T17:01:51Z,2018-11-16,2018-05-23T11:12:27Z,ERX2608711,embryonic day 16,testis,SAMEA4680644,wild type genotype,The University of Heidelberg,2018-12-30T17:01:51Z,2018-05-23T11:12:27Z,public,Illumina HiSeq 2500,1816sTS.Rat.Testis.16.Male_s,SINGLE,PolyA,TRANSCRIPTOMIC,testis,Rattus norvegicus,ILLUMINA,2019-02-19T00:00:00Z,2022-07-14T04:56:00Z,2,SAMEA4680644,E-MTAB-6811:1816sTS.Rat.Testis.16.Male,Rattus norvegicus,male,ERP108920,Holtzman SD,E-MTAB-6811:1816sTS.Rat.Testis.16.Male
ERR2592436,16,RNA-Seq,101,3175723103,PRJEB26889,SAMEA4680645,ArrayExpress,2096975444,"Lausanne Genomics Technology Facility ",Norway rat,public,"fastq,run.zq,sra","ena,gs,ncbi,s3","ena,gs.us-east1,ncbi.public,s3.us-east-1",embryo,2019-02-18,2018-12-30T17:01:51Z,2018-11-16,2018-05-23T11:12:27Z,ERX2608712,embryonic day 16,ovary,SAMEA4680645,wild type genotype,The University of Heidelberg,2018-12-30T17:01:51Z,2018-05-23T11:12:27Z,public,Illumina HiSeq 2500,2396sTS.Rat.Ovary.16.Female_s,SINGLE,PolyA,TRANSCRIPTOMIC,ovary,Rattus norvegicus,ILLUMINA,2019-02-19T00:00:00Z,2022-07-20T23:16:00Z,2,SAMEA4680645,E-MTAB-6811:2396sTS.Rat.Ovary.16.Female,Rattus norvegicus,female,ERP108920,Holtzman SD,E-MTAB-6811:2396sTS.Rat.Ovary.16.Female
ERR2592437,16,RNA-Seq,101,4226640526,PRJEB26889,SAMEA4680646,ArrayExpress,2795514020,"Lausanne Genomics Technology Facility ",Norway rat,public,"fastq,run.zq,sra","ena,gs,ncbi,s3","ena,gs.us-east1,ncbi.public,s3.us-east-1",embryo,2019-02-18,2018-12-30T17:01:51Z,2018-11-16,2018-05-23T11:12:27Z,ERX2608713,embryonic day 16,liver,SAMEA4680646,wild type genotype,The University of Heidelberg,2018-12-30T17:01:51Z,2018-05-23T11:12:27Z,public,Illumina HiSeq 2500,2553sTS.Rat.Liver.16.Female_s,SINGLE,PolyA,TRANSCRIPTOMIC,liver,Rattus norvegicus,ILLUMINA,2019-02-19T00:00:00Z,2022-07-26T06:00:00Z,2,SAMEA4680646,E-MTAB-6811:2553sTS.Rat.Liver.16.Female,Rattus norvegicus,female,ERP108920,Holtzman SD,E-MTAB-6811:2553sTS.Rat.Liver.16.Female
ERR2592438,16,RNA-Seq,101,3732461565,PRJEB26889,SAMEA4680647,ArrayExpress,2429022414,"Lausanne Genomics Technology Facility ",Norway rat,public,"fastq,run.zq,sra","ena,gs,ncbi,s3","ena,gs.us-east1,ncbi.public,s3.us-east-1",embryo,2019-02-18,2018-12-30T17:01:51Z,2018-11-16,2018-05-23T11:12:27Z,ERX2608714,embryonic day 16,liver,SAMEA4680647,wild type genotype,The University of Heidelberg,2018-12-30T17:01:51Z,2018-05-23T11:12:27Z,public,Illumina HiSeq 2500,2554sTS.Rat.Liver.16.Male_s,SINGLE,PolyA,TRANSCRIPTOMIC,liver,Rattus norvegicus,ILLUMINA,2019-02-19T00:00:00Z,2022-07-15T18:15:00Z,2,SAMEA4680647,E-MTAB-6811:2554sTS.Rat.Liver.16.Male,Rattus norvegicus,male,ERP108920,Holtzman SD,E-MTAB-6811:2554sTS.Rat.Liver.16.Male
ERR2592439,16,RNA-Seq,101,4980329392,PRJEB26889,SAMEA4680648,ArrayExpress,3299015149,"Lausanne Genomics Technology Facility ",Norway rat,public,"fastq,run.zq,sra","ena,gs,ncbi,s3","ena,gs.us-east1,ncbi.public,s3.us-east-1",embryo,2019-02-18,2018-12-30T17:01:51Z,2018-11-16,2018-05-23T11:12:27Z,ERX2608715,embryonic day 16,liver,SAMEA4680648,wild type genotype,The University of Heidelberg,2018-12-30T17:01:51Z,2018-05-23T11:12:27Z,public,Illumina HiSeq 2500,2555sTS.Rat.Liver.16.Male_s,SINGLE,PolyA,TRANSCRIPTOMIC,liver,Rattus norvegicus,ILLUMINA,2019-02-19T00:00:00Z,2021-10-24T07:04:00Z,2,SAMEA4680648,E-MTAB-6811:2555sTS.Rat.Liver.16.Male,Rattus norvegicus,male,ERP108920,Holtzman SD,E-MTAB-6811:2555sTS.Rat.Liver.16.Male
ERR2592440,16,RNA-Seq,101,2825955154,PRJEB26889,SAMEA4680649,ArrayExpress,1854435877,"Lausanne Genomics Technology Facility ",Norway rat,public,"fastq,run.zq,sra","ena,gs,ncbi,s3","ena,gs.us-east1,ncbi.public,s3.us-east-1",embryo,2019-02-18,2018-12-30T17:01:51Z,2018-11-16,2018-05-23T11:12:27Z,ERX2608716,embryonic day 16,brain,SAMEA4680649,wild type genotype,The University of Heidelberg,2018-12-30T17:01:51Z,2018-05-23T11:12:27Z,public,Illumina HiSeq 2500,3594sTS.Rat.WholeBrain.16.Female_s,SINGLE,PolyA,TRANSCRIPTOMIC,brain,Rattus norvegicus,ILLUMINA,2019-02-19T00:00:00Z,2021-10-24T06:40:00Z,2,SAMEA4680649,E-MTAB-6811:3594sTS.Rat.WholeBrain.16.Female,Rattus norvegicus,female,ERP108920,Holtzman SD,E-MTAB-6811:3594sTS.Rat.WholeBrain.16.Female
ERR2592441,16,RNA-Seq,101,3402865841,PRJEB26889,SAMEA4680650,ArrayExpress,1296587584,"Lausanne Genomics Technology Facility ",Norway rat,public,"fastq,run.zq,sra","ena,gs,ncbi,s3","ena,gs.us-east1,ncbi.public,s3.us-east-1",embryo,2019-02-18,2018-12-30T17:01:51Z,2018-11-16,2018-05-23T11:12:27Z,ERX2608717,embryonic day 16,heart,SAMEA4680650,wild type genotype,The University of Heidelberg,2018-12-30T17:01:51Z,2018-05-23T11:12:27Z,public,Illumina HiSeq 2500,3595sTS.Rat.Heart.16.Female_s,SINGLE,PolyA,TRANSCRIPTOMIC,heart,Rattus norvegicus,ILLUMINA,2019-02-19T00:00:00Z,2022-07-17T17:21:00Z,2,SAMEA4680650,E-MTAB-6811:3595sTS.Rat.Heart.16.Female,Rattus norvegicus,female,ERP108920,Holtzman SD,E-MTAB-6811:3595sTS.Rat.Heart.16.Female
ERR2592442,16,RNA-Seq,100,1778931600,PRJEB26889,SAMEA4680651,ArrayExpress,1035569745,"Lausanne Genomics Technology Facility ",Norway rat,public,"fastq,run.zq,sra","ena,gs,ncbi,s3","ena,gs.us-east1,ncbi.public,s3.us-east-1",embryo,2019-02-18,2018-12-30T17:01:51Z,2018-11-16,2018-05-23T11:12:28Z,ERX2608718,embryonic day 16,brain,SAMEA4680651,wild type genotype,The University of Heidelberg,2018-12-30T17:01:51Z,2018-05-23T11:12:28Z,public,Illumina HiSeq 2500,3598sTS.Rat.WholeBrain.16.Male_s,SINGLE,PolyA,TRANSCRIPTOMIC,brain,Rattus norvegicus,ILLUMINA,2019-02-19T00:00:00Z,2022-07-26T05:45:00Z,2,SAMEA4680651,E-MTAB-6811:3598sTS.Rat.WholeBrain.16.Male,Rattus norvegicus,male,ERP108920,Holtzman SD,E-MTAB-6811:3598sTS.Rat.WholeBrain.16.Male
ERR2592443,16,RNA-Seq,101,2619847686,PRJEB26889,SAMEA4680652,ArrayExpress,929565504,"Lausanne Genomics Technology Facility ",Norway rat,public,"fastq,run.zq,sra","ena,gs,ncbi,s3","ena,gs.us-east1,ncbi.public,s3.us-east-1",embryo,2019-02-18,2018-12-30T17:01:51Z,2018-11-16,2018-05-23T11:12:28Z,ERX2608719,embryonic day 16,heart,SAMEA4680652,wild type genotype,The University of Heidelberg,2018-12-30T17:01:51Z,2018-05-23T11:12:28Z,public,Illumina HiSeq 2500,3600sTS.Rat.Heart.16.Male_s,SINGLE,PolyA,TRANSCRIPTOMIC,heart,Rattus norvegicus,ILLUMINA,2019-02-19T00:00:00Z,2022-07-26T05:55:00Z,2,SAMEA4680652,E-MTAB-6811:3600sTS.Rat.Heart.16.Male,Rattus norvegicus,male,ERP108920,Holtzman SD,E-MTAB-6811:3600sTS.Rat.Heart.16.Male
ERR2592444,16,RNA-Seq,101,3635562670,PRJEB26889,SAMEA4680653,ArrayExpress,1366571698,"Lausanne Genomics Technology Facility ",Norway rat,public,"fastq,run.zq,sra","ena,gs,ncbi,s3","ena,gs.us-east1,ncbi.public,s3.us-east-1",embryo,2019-02-18,2018-12-30T17:01:51Z,2018-11-16,2018-05-23T11:12:28Z,ERX2608720,embryonic day 16,kidney,SAMEA4680653,wild type genotype,The University of Heidelberg,2018-12-30T17:01:51Z,2018-05-23T11:12:28Z,public,Illumina HiSeq 2500,3601sTS.Rat.Kidney.16.Male_s,SINGLE,PolyA,TRANSCRIPTOMIC,kidney,Rattus norvegicus,ILLUMINA,2019-02-19T00:00:00Z,2022-07-17T19:32:00Z,2,SAMEA4680653,E-MTAB-6811:3601sTS.Rat.Kidney.16.Male,Rattus norvegicus,male,ERP108920,Holtzman SD,E-MTAB-6811:3601sTS.Rat.Kidney.16.Male
ERR2592445,16,RNA-Seq,101,3822737082,PRJEB26889,SAMEA4680654,ArrayExpress,2475020836,"Lausanne Genomics Technology Facility ",Norway rat,public,"fastq,run.zq,sra","ena,gs,ncbi,s3","ena,gs.us-east1,ncbi.public,s3.us-east-1",embryo,2019-02-18,2018-12-30T17:01:51Z,2018-11-16,2018-05-23T11:12:28Z,ERX2608721,embryonic day 16,testis,SAMEA4680654,wild type genotype,The University of Heidelberg,2018-12-30T17:01:51Z,2018-05-23T11:12:28Z,public,Illumina HiSeq 2500,3602sTS.Rat.Testis.16.Male_s,SINGLE,PolyA,TRANSCRIPTOMIC,testis,Rattus norvegicus,ILLUMINA,2019-02-19T00:00:00Z,2022-07-26T06:01:00Z,2,SAMEA4680654,E-MTAB-6811:3602sTS.Rat.Testis.16.Male,Rattus norvegicus,male,ERP108920,Holtzman SD,E-MTAB-6811:3602sTS.Rat.Testis.16.Male
ERR2592446,16,RNA-Seq,101,4643999796,PRJEB26889,SAMEA4680655,ArrayExpress,3006971717,"Lausanne Genomics Technology Facility ",Norway rat,public,"fastq,run.zq,sra","ena,gs,ncbi,s3","ena,gs.us-east1,ncbi.public,s3.us-east-1",embryo,2019-02-18,2018-12-30T17:01:51Z,2018-11-16,2018-05-23T11:12:28Z,ERX2608722,embryonic day 16,brain,SAMEA4680655,wild type genotype,The University of Heidelberg,2018-12-30T17:01:51Z,2018-05-23T11:12:28Z,public,Illumina HiSeq 2500,3603sTS.Rat.WholeBrain.16.Female_s,SINGLE,PolyA,TRANSCRIPTOMIC,brain,Rattus norvegicus,ILLUMINA,2019-02-19T00:00:00Z,2021-10-24T07:04:00Z,2,SAMEA4680655,E-MTAB-6811:3603sTS.Rat.WholeBrain.16.Female,Rattus norvegicus,female,ERP108920,Holtzman SD,E-MTAB-6811:3603sTS.Rat.WholeBrain.16.Female
ERR2592447,16,RNA-Seq,101,3404158136,PRJEB26889,SAMEA4680656,ArrayExpress,1216203799,"Lausanne Genomics Technology Facility ",Norway rat,public,"fastq,run.zq,sra","ena,gs,ncbi,s3","ena,gs.us-east1,ncbi.public,s3.us-east-1",embryo,2019-02-18,2018-12-30T17:01:51Z,2018-11-16,2018-05-23T11:12:28Z,ERX2608723,embryonic day 16,heart,SAMEA4680656,wild type genotype,The University of Heidelberg,2018-12-30T17:01:51Z,2018-05-23T11:12:28Z,public,Illumina HiSeq 2500,3604sTS.Rat.Heart.16.Female_s,SINGLE,PolyA,TRANSCRIPTOMIC,heart,Rattus norvegicus,ILLUMINA,2019-02-19T00:00:00Z,2022-07-20T16:06:00Z,2,SAMEA4680656,E-MTAB-6811:3604sTS.Rat.Heart.16.Female,Rattus norvegicus,female,ERP108920,Holtzman SD,E-MTAB-6811:3604sTS.Rat.Heart.16.Female
ERR2592448,16,RNA-Seq,101,3958018906,PRJEB26889,SAMEA4680657,ArrayExpress,1485569571,"Lausanne Genomics Technology Facility ",Norway rat,public,"fastq,run.zq,sra","ena,gs,ncbi,s3","ena,gs.us-east1,ncbi.public,s3.us-east-1",embryo,2019-02-18,2018-12-30T17:01:51Z,2018-11-16,2018-05-23T11:12:28Z,ERX2608724,embryonic day 16,kidney,SAMEA4680657,wild type genotype,The University of Heidelberg,2018-12-30T17:01:51Z,2018-05-23T11:12:28Z,public,Illumina HiSeq 2500,3605sTS.Rat.Kidney.16.Female_s,SINGLE,PolyA,TRANSCRIPTOMIC,kidney,Rattus norvegicus,ILLUMINA,2019-02-19T00:00:00Z,2022-07-26T05:49:00Z,2,SAMEA4680657,E-MTAB-6811:3605sTS.Rat.Kidney.16.Female,Rattus norvegicus,female,ERP108920,Holtzman SD,E-MTAB-6811:3605sTS.Rat.Kidney.16.Female
ERR2592449,16,RNA-Seq,101,4692729266,PRJEB26889,SAMEA4680658,ArrayExpress,3036343099,"Lausanne Genomics Technology Facility ",Norway rat,public,"fastq,run.zq,sra","ena,gs,ncbi,s3","ena,gs.us-east1,ncbi.public,s3.us-east-1",embryo,2019-02-18,2018-12-30T17:01:51Z,2018-11-16,2018-05-23T11:12:28Z,ERX2608725,embryonic day 16,brain,SAMEA4680658,wild type genotype,The University of Heidelberg,2018-12-30T17:01:51Z,2018-05-23T11:12:28Z,public,Illumina HiSeq 2500,3606sTS.Rat.WholeBrain.16.Female_s,SINGLE,PolyA,TRANSCRIPTOMIC,brain,Rattus norvegicus,ILLUMINA,2019-02-19T00:00:00Z,2022-07-21T22:32:00Z,2,SAMEA4680658,E-MTAB-6811:3606sTS.Rat.WholeBrain.16.Female,Rattus norvegicus,male,ERP108920,Holtzman SD,E-MTAB-6811:3606sTS.Rat.WholeBrain.16.Female
ERR2592450,16,RNA-Seq,101,3518358028,PRJEB26889,SAMEA4680659,ArrayExpress,1250663530,"Lausanne Genomics Technology Facility ",Norway rat,public,"fastq,run.zq,sra","ena,gs,ncbi,s3","ena,gs.us-east1,ncbi.public,s3.us-east-1",embryo,2019-02-18,2018-12-30T17:01:51Z,2018-11-16,2018-05-23T11:12:28Z,ERX2608726,embryonic day 16,heart,SAMEA4680659,wild type genotype,The University of Heidelberg,2018-12-30T17:01:51Z,2018-05-23T11:12:28Z,public,Illumina HiSeq 2500,3607sTS.Rat.Heart.16.Female_s,SINGLE,PolyA,TRANSCRIPTOMIC,heart,Rattus norvegicus,ILLUMINA,2019-02-19T00:00:00Z,2022-07-18T06:38:00Z,2,SAMEA4680659,E-MTAB-6811:3607sTS.Rat.Heart.16.Female,Rattus norvegicus,male,ERP108920,Holtzman SD,E-MTAB-6811:3607sTS.Rat.Heart.16.Female
ERR2592451,16,RNA-Seq,101,3154613901,PRJEB26889,SAMEA4680660,ArrayExpress,1112701954,"Lausanne Genomics Technology Facility ",Norway rat,public,"fastq,run.zq,sra","ena,gs,ncbi,s3","ena,gs.us-east1,ncbi.public,s3.us-east-1",embryo,2019-02-18,2018-12-30T17:01:51Z,2018-11-16,2018-05-23T11:12:28Z,ERX2608727,embryonic day 16,kidney,SAMEA4680660,wild type genotype,The University of Heidelberg,2018-12-30T17:01:51Z,2018-05-23T11:12:28Z,public,Illumina HiSeq 2500,3645sTS.Rat.Kidney.16.Female_s,SINGLE,PolyA,TRANSCRIPTOMIC,kidney,Rattus norvegicus,ILLUMINA,2019-02-19T00:00:00Z,2022-07-26T05:56:00Z,2,SAMEA4680660,E-MTAB-6811:3645sTS.Rat.Kidney.16.Female,Rattus norvegicus,female,ERP108920,Holtzman SD,E-MTAB-6811:3645sTS.Rat.Kidney.16.Female
ERR2592452,16,RNA-Seq,101,2907233692,PRJEB26889,SAMEA4680661,ArrayExpress,1890928214,"Lausanne Genomics Technology Facility ",Norway rat,public,"fastq,run.zq,sra","ena,gs,ncbi,s3","ena,gs.us-east1,ncbi.public,s3.us-east-1",embryo,2019-02-18,2018-12-30T17:01:51Z,2018-11-16,2018-05-23T11:12:28Z,ERX2608728,embryonic day 16,ovary,SAMEA4680661,wild type genotype,The University of Heidelberg,2018-12-30T17:01:51Z,2018-05-23T11:12:28Z,public,Illumina HiSeq 2500,3646sTS.Rat.Ovary.16.Female_s,SINGLE,PolyA,TRANSCRIPTOMIC,ovary,Rattus norvegicus,ILLUMINA,2019-02-19T00:00:00Z,2021-10-24T06:45:00Z,2,SAMEA4680661,E-MTAB-6811:3646sTS.Rat.Ovary.16.Female,Rattus norvegicus,female,ERP108920,Holtzman SD,E-MTAB-6811:3646sTS.Rat.Ovary.16.Female
ERR2592453,16,RNA-Seq,101,3394505364,PRJEB26889,SAMEA4680662,ArrayExpress,2249362574,"Lausanne Genomics Technology Facility ",Norway rat,public,"fastq,run.zq,sra","ena,gs,ncbi,s3","ena,gs.us-east1,ncbi.public,s3.us-east-1",embryo,2019-02-18,2018-12-30T17:01:51Z,2018-11-16,2018-05-23T11:12:28Z,ERX2608729,embryonic day 16,liver,SAMEA4680662,wild type genotype,The University of Heidelberg,2018-12-30T17:01:51Z,2018-05-23T11:12:28Z,public,Illumina HiSeq 2500,3899sTS.Rat.Liver.16.Female_s,SINGLE,PolyA,TRANSCRIPTOMIC,liver,Rattus norvegicus,ILLUMINA,2019-02-19T00:00:00Z,2021-10-24T06:48:00Z,2,SAMEA4680662,E-MTAB-6811:3899sTS.Rat.Liver.16.Female,Rattus norvegicus,female,ERP108920,Holtzman SD,E-MTAB-6811:3899sTS.Rat.Liver.16.Female
ERR2592454,16,RNA-Seq,101,3211178951,PRJEB26889,SAMEA4680663,ArrayExpress,1108668859,"Lausanne Genomics Technology Facility ",Norway rat,public,"fastq,run.zq,sra","ena,gs,ncbi,s3","ena,gs.us-east1,ncbi.public,s3.us-east-1",embryo,2019-02-18,2018-12-30T17:01:51Z,2018-11-16,2018-05-23T11:12:28Z,ERX2608730,embryonic day 16,forebrain,SAMEA4680663,wild type genotype,The University of Heidelberg,2018-12-30T17:01:51Z,2018-05-23T11:12:28Z,public,Illumina HiSeq 2500,4094sTS.Rat.Brain.16.Male_s,SINGLE,PolyA,TRANSCRIPTOMIC,forebrain,Rattus norvegicus,ILLUMINA,2019-02-19T00:00:00Z,2022-07-26T05:56:00Z,2,SAMEA4680663,E-MTAB-6811:4094sTS.Rat.Brain.16.Male,Rattus norvegicus,male,ERP108920,Holtzman SD,E-MTAB-6811:4094sTS.Rat.Brain.16.Male
ERR2592455,16,RNA-Seq,101,2558285459,PRJEB26889,SAMEA4680664,ArrayExpress,883794982,"Lausanne Genomics Technology Facility ",Norway rat,public,"fastq,run.zq,sra","ena,gs,ncbi,s3","ena,gs.us-east1,ncbi.public,s3.us-east-1",embryo,2019-02-18,2018-12-30T17:01:51Z,2018-11-16,2018-05-23T11:12:28Z,ERX2608731,embryonic day 16,hindbrain,SAMEA4680664,wild type genotype,The University of Heidelberg,2018-12-30T17:01:51Z,2018-05-23T11:12:28Z,public,Illumina HiSeq 2500,4095sTS.Rat.Cerebellum.16.Male_s,SINGLE,PolyA,TRANSCRIPTOMIC,hindbrain,Rattus norvegicus,ILLUMINA,2019-02-19T00:00:00Z,2022-07-17T12:03:00Z,2,SAMEA4680664,E-MTAB-6811:4095sTS.Rat.Cerebellum.16.Male,Rattus norvegicus,male,ERP108920,Holtzman SD,E-MTAB-6811:4095sTS.Rat.Cerebellum.16.Male
ERR2592456,16,RNA-Seq,101,3054414629,PRJEB26889,SAMEA4680665,ArrayExpress,1059250061,"Lausanne Genomics Technology Facility ",Norway rat,public,"fastq,run.zq,sra","ena,gs,ncbi,s3","ena,gs.us-east1,ncbi.public,s3.us-east-1",embryo,2019-02-18,2018-12-30T17:01:51Z,2018-11-16,2018-05-23T11:12:28Z,ERX2608732,embryonic day 16,forebrain,SAMEA4680665,wild type genotype,The University of Heidelberg,2018-12-30T17:01:51Z,2018-05-23T11:12:28Z,public,Illumina HiSeq 2500,4096sTS.Rat.Brain.16.Male_s,SINGLE,PolyA,TRANSCRIPTOMIC,forebrain,Rattus norvegicus,ILLUMINA,2019-02-19T00:00:00Z,2022-07-26T05:56:00Z,2,SAMEA4680665,E-MTAB-6811:4096sTS.Rat.Brain.16.Male,Rattus norvegicus,male,ERP108920,Holtzman SD,E-MTAB-6811:4096sTS.Rat.Brain.16.Male
ERR2592457,16,RNA-Seq,101,6591871555,PRJEB26889,SAMEA4680666,ArrayExpress,2262999533,"Lausanne Genomics Technology Facility ",Norway rat,public,"fastq,run.zq,sra","ena,gs,ncbi,s3","ena,gs.us-east1,ncbi.public,s3.us-east-1",embryo,2019-02-18,2018-12-30T17:01:51Z,2018-11-16,2018-05-23T11:12:28Z,ERX2608733,embryonic day 16,hindbrain,SAMEA4680666,wild type genotype,The University of Heidelberg,2018-12-30T17:01:51Z,2018-05-23T11:12:28Z,public,Illumina HiSeq 2500,4097sTS.Rat.Cerebellum.16.Male_s,SINGLE,PolyA,TRANSCRIPTOMIC,hindbrain,Rattus norvegicus,ILLUMINA,2019-02-19T00:00:00Z,2022-07-26T06:11:00Z,2,SAMEA4680666,E-MTAB-6811:4097sTS.Rat.Cerebellum.16.Male,Rattus norvegicus,male,ERP108920,Holtzman SD,E-MTAB-6811:4097sTS.Rat.Cerebellum.16.Male
ERR2592458,16,RNA-Seq,101,2809529726,PRJEB26889,SAMEA4680667,ArrayExpress,973741061,"Lausanne Genomics Technology Facility ",Norway rat,public,"fastq,run.zq,sra","ena,gs,ncbi,s3","ena,gs.us-east1,ncbi.public,s3.us-east-1",embryo,2019-02-18,2018-12-30T17:01:52Z,2018-11-16,2018-05-23T11:12:28Z,ERX2608734,embryonic day 16,forebrain,SAMEA4680667,wild type genotype,The University of Heidelberg,2018-12-30T17:01:52Z,2018-05-23T11:12:28Z,public,Illumina HiSeq 2500,4098sTS.Rat.Brain.16.Female_s,SINGLE,PolyA,TRANSCRIPTOMIC,forebrain,Rattus norvegicus,ILLUMINA,2019-02-19T00:00:00Z,2022-07-14T04:51:00Z,2,SAMEA4680667,E-MTAB-6811:4098sTS.Rat.Brain.16.Female,Rattus norvegicus,female,ERP108920,Holtzman SD,E-MTAB-6811:4098sTS.Rat.Brain.16.Female
ERR2592459,16,RNA-Seq,101,3797625957,PRJEB26889,SAMEA4680668,ArrayExpress,1264411873,"Lausanne Genomics Technology Facility ",Norway rat,public,"fastq,run.zq,sra","ena,gs,ncbi,s3","ena,gs.us-east1,ncbi.public,s3.us-east-1",embryo,2019-02-18,2018-12-30T17:01:52Z,2018-11-16,2018-05-23T11:12:28Z,ERX2608735,embryonic day 16,hindbrain,SAMEA4680668,wild type genotype,The University of Heidelberg,2018-12-30T17:01:52Z,2018-05-23T11:12:28Z,public,Illumina HiSeq 2500,4099sTS.Rat.Cerebellum.16.Female_s,SINGLE,PolyA,TRANSCRIPTOMIC,hindbrain,Rattus norvegicus,ILLUMINA,2019-02-19T00:00:00Z,2022-07-17T12:10:00Z,2,SAMEA4680668,E-MTAB-6811:4099sTS.Rat.Cerebellum.16.Female,Rattus norvegicus,female,ERP108920,Holtzman SD,E-MTAB-6811:4099sTS.Rat.Cerebellum.16.Female
ERR2592460,16,RNA-Seq,101,2215352685,PRJEB26889,SAMEA4680669,ArrayExpress,772299451,"Lausanne Genomics Technology Facility ",Norway rat,public,"fastq,run.zq,sra","ena,gs,ncbi,s3","ena,gs.us-east1,ncbi.public,s3.us-east-1",embryo,2019-02-18,2018-12-30T17:01:52Z,2018-11-16,2018-05-23T11:12:28Z,ERX2608736,embryonic day 16,forebrain,SAMEA4680669,wild type genotype,The University of Heidelberg,2018-12-30T17:01:52Z,2018-05-23T11:12:28Z,public,Illumina HiSeq 2500,4100sTS.Rat.Brain.16.Female_s,SINGLE,PolyA,TRANSCRIPTOMIC,forebrain,Rattus norvegicus,ILLUMINA,2019-02-19T00:00:00Z,2022-07-26T05:54:00Z,2,SAMEA4680669,E-MTAB-6811:4100sTS.Rat.Brain.16.Female,Rattus norvegicus,female,ERP108920,Holtzman SD,E-MTAB-6811:4100sTS.Rat.Brain.16.Female
ERR2592461,16,RNA-Seq,101,4454325836,PRJEB26889,SAMEA4680670,ArrayExpress,1496164862,"Lausanne Genomics Technology Facility ",Norway rat,public,"fastq,run.zq,sra","ena,gs,ncbi,s3","ena,gs.us-east1,ncbi.public,s3.us-east-1",embryo,2019-02-18,2018-12-30T17:01:52Z,2018-11-16,2018-05-23T11:12:28Z,ERX2608737,embryonic day 16,hindbrain,SAMEA4680670,wild type genotype,The University of Heidelberg,2018-12-30T17:01:52Z,2018-05-23T11:12:28Z,public,Illumina HiSeq 2500,4101sTS.Rat.Cerebellum.16.Female_s,SINGLE,PolyA,TRANSCRIPTOMIC,hindbrain,Rattus norvegicus,ILLUMINA,2019-02-19T00:00:00Z,2021-10-24T06:39:00Z,2,SAMEA4680670,E-MTAB-6811:4101sTS.Rat.Cerebellum.16.Female,Rattus norvegicus,female,ERP108920,Holtzman SD,E-MTAB-6811:4101sTS.Rat.Cerebellum.16.Female
ERR2592462,16,RNA-Seq,101,3058213239,PRJEB26889,SAMEA4680671,ArrayExpress,1115925037,"Lausanne Genomics Technology Facility ",Norway rat,public,"fastq,run.zq,sra","ena,gs,ncbi,s3","ena,gs.us-east1,ncbi.public,s3.us-east-1",embryo,2019-02-18,2018-12-30T17:01:52Z,2018-11-16,2018-05-23T11:12:28Z,ERX2608738,embryonic day 16,kidney,SAMEA4680671,wild type genotype,The University of Heidelberg,2018-12-30T17:01:52Z,2018-05-23T11:12:28Z,public,Illumina HiSeq 2500,5349sTS.Rat.Kidney.16.Male_s,SINGLE,PolyA,TRANSCRIPTOMIC,kidney,Rattus norvegicus,ILLUMINA,2019-02-19T00:00:00Z,2022-07-21T21:09:00Z,2,SAMEA4680671,E-MTAB-6811:5349sTS.Rat.Kidney.16.Male,Rattus norvegicus,male,ERP108920,Holtzman SD,E-MTAB-6811:5349sTS.Rat.Kidney.16.Male
ERR2592463,17,RNA-Seq,101,3707483154,PRJEB26889,SAMEA4680672,ArrayExpress,2389399536,"Lausanne Genomics Technology Facility ",Norway rat,public,"fastq,run.zq,sra","ena,gs,ncbi,s3","ena,gs.us-east1,ncbi.public,s3.us-east-1",embryo,2019-02-18,2018-12-30T17:01:52Z,2018-11-16,2018-05-23T11:12:28Z,ERX2608739,embryonic day 17,testis,SAMEA4680672,wild type genotype,The University of Heidelberg,2018-12-30T17:01:52Z,2018-05-23T11:12:28Z,public,Illumina HiSeq 2500,1820sTS.Rat.Testis.17.Male_s,SINGLE,PolyA,TRANSCRIPTOMIC,testis,Rattus norvegicus,ILLUMINA,2019-02-19T00:00:00Z,2022-07-26T06:00:00Z,2,SAMEA4680672,E-MTAB-6811:1820sTS.Rat.Testis.17.Male,Rattus norvegicus,male,ERP108920,Holtzman SD,E-MTAB-6811:1820sTS.Rat.Testis.17.Male
ERR2592464,17,RNA-Seq,101,2715460750,PRJEB26889,SAMEA4680673,ArrayExpress,1654969110,"Lausanne Genomics Technology Facility ",Norway rat,public,"fastq,run.zq,sra","ena,gs,ncbi,s3","ena,gs.us-east1,ncbi.public,s3.us-east-1",embryo,2019-02-18,2018-12-30T17:01:52Z,2018-11-16,2018-05-23T11:12:28Z,ERX2608740,embryonic day 17,liver,SAMEA4680673,wild type genotype,The University of Heidelberg,2018-12-30T17:01:52Z,2018-05-23T11:12:28Z,public,Illumina HiSeq 2500,2371sTS.Rat.Liver.17.Male_s,SINGLE,PolyA,TRANSCRIPTOMIC,liver,Rattus norvegicus,ILLUMINA,2019-02-19T00:00:00Z,2022-07-18T16:20:00Z,2,SAMEA4680673,E-MTAB-6811:2371sTS.Rat.Liver.17.Male,Rattus norvegicus,male,ERP108920,Holtzman SD,E-MTAB-6811:2371sTS.Rat.Liver.17.Male
ERR2592465,17,RNA-Seq,101,4561955880,PRJEB26889,SAMEA4680674,ArrayExpress,3003612949,"Lausanne Genomics Technology Facility ",Norway rat,public,"fastq,run.zq,sra","ena,gs,ncbi,s3","ena,gs.us-east1,ncbi.public,s3.us-east-1",embryo,2019-02-18,2018-12-30T17:01:52Z,2018-11-16,2018-05-23T11:12:28Z,ERX2608741,embryonic day 17,liver,SAMEA4680674,wild type genotype,The University of Heidelberg,2018-12-30T17:01:52Z,2018-05-23T11:12:28Z,public,Illumina HiSeq 2500,2516sTS.Rat.Liver.17.Male_s,SINGLE,PolyA,TRANSCRIPTOMIC,liver,Rattus norvegicus,ILLUMINA,2019-02-19T00:00:00Z,2022-07-26T06:00:00Z,2,SAMEA4680674,E-MTAB-6811:2516sTS.Rat.Liver.17.Male,Rattus norvegicus,male,ERP108920,Holtzman SD,E-MTAB-6811:2516sTS.Rat.Liver.17.Male
ERR2592466,17,RNA-Seq,101,4275126788,PRJEB26889,SAMEA4680675,ArrayExpress,2753056899,"Lausanne Genomics Technology Facility ",Norway rat,public,"fastq,run.zq,sra","ena,gs,ncbi,s3","ena,gs.us-east1,ncbi.public,s3.us-east-1",embryo,2019-02-18,2018-12-30T17:01:51Z,2018-11-16,2018-05-23T11:12:29Z,ERX2608742,embryonic day 17,liver,SAMEA4680675,wild type genotype,The University of Heidelberg,2018-12-30T17:01:51Z,2018-05-23T11:12:29Z,public,Illumina HiSeq 2500,2517sTS.Rat.Liver.17.Female_s,SINGLE,PolyA,TRANSCRIPTOMIC,liver,Rattus norvegicus,ILLUMINA,2019-02-19T00:00:00Z,2022-07-13T12:24:00Z,2,SAMEA4680675,E-MTAB-6811:2517sTS.Rat.Liver.17.Female,Rattus norvegicus,female,ERP108920,Holtzman SD,E-MTAB-6811:2517sTS.Rat.Liver.17.Female
ERR2592467,17,RNA-Seq,101,4470340497,PRJEB26889,SAMEA4680676,ArrayExpress,2926246450,"Lausanne Genomics Technology Facility ",Norway rat,public,"fastq,run.zq,sra","ena,gs,ncbi,s3","ena,gs.us-east1,ncbi.public,s3.us-east-1",embryo,2019-02-18,2018-12-30T17:01:51Z,2018-11-16,2018-05-23T11:12:29Z,ERX2608743,embryonic day 17,liver,SAMEA4680676,wild type genotype,The University of Heidelberg,2018-12-30T17:01:51Z,2018-05-23T11:12:29Z,public,Illumina HiSeq 2500,2518sTS.Rat.Liver.17.Female_s,SINGLE,PolyA,TRANSCRIPTOMIC,liver,Rattus norvegicus,ILLUMINA,2019-02-19T00:00:00Z,2021-10-24T06:57:00Z,2,SAMEA4680676,E-MTAB-6811:2518sTS.Rat.Liver.17.Female,Rattus norvegicus,female,ERP108920,Holtzman SD,E-MTAB-6811:2518sTS.Rat.Liver.17.Female
ERR2592468,17,RNA-Seq,101,3788135492,PRJEB26889,SAMEA4680677,ArrayExpress,2438731716,"Lausanne Genomics Technology Facility ",Norway rat,public,"fastq,run.zq,sra","ena,gs,ncbi,s3","ena,gs.us-east1,ncbi.public,s3.us-east-1",embryo,2019-02-18,2018-12-30T17:01:51Z,2018-11-16,2018-05-23T11:12:29Z,ERX2608744,embryonic day 17,testis,SAMEA4680677,wild type genotype,The University of Heidelberg,2018-12-30T17:01:51Z,2018-05-23T11:12:29Z,public,Illumina HiSeq 2500,2597sTS.Rat.Testis.17.Male_s,SINGLE,PolyA,TRANSCRIPTOMIC,testis,Rattus norvegicus,ILLUMINA,2019-02-19T00:00:00Z,2021-10-24T06:58:00Z,2,SAMEA4680677,E-MTAB-6811:2597sTS.Rat.Testis.17.Male,Rattus norvegicus,male,ERP108920,Holtzman SD,E-MTAB-6811:2597sTS.Rat.Testis.17.Male
ERR2592469,17,RNA-Seq,101,3606090062,PRJEB26889,SAMEA4680678,ArrayExpress,2277591611,"Lausanne Genomics Technology Facility ",Norway rat,public,"fastq,run.zq,sra","ena,gs,ncbi,s3","ena,gs.us-east1,ncbi.public,s3.us-east-1",embryo,2019-02-18,2018-12-30T17:01:51Z,2018-11-16,2018-05-23T11:12:29Z,ERX2608745,embryonic day 17,forebrain,SAMEA4680678,wild type genotype,The University of Heidelberg,2018-12-30T17:01:51Z,2018-05-23T11:12:29Z,public,Illumina HiSeq 2500,2598sTS.Rat.Brain.17.Male_s,SINGLE,PolyA,TRANSCRIPTOMIC,forebrain,Rattus norvegicus,ILLUMINA,2019-02-19T00:00:00Z,2021-10-24T06:39:00Z,2,SAMEA4680678,E-MTAB-6811:2598sTS.Rat.Brain.17.Male,Rattus norvegicus,male,ERP108920,Holtzman SD,E-MTAB-6811:2598sTS.Rat.Brain.17.Male
ERR2592470,17,RNA-Seq,101,3756388667,PRJEB26889,SAMEA4680679,ArrayExpress,2380548198,"Lausanne Genomics Technology Facility ",Norway rat,public,"fastq,run.zq,sra","ena,gs,ncbi,s3","ena,gs.us-east1,ncbi.public,s3.us-east-1",embryo,2019-02-18,2018-12-30T17:01:51Z,2018-11-16,2018-05-23T11:12:29Z,ERX2608746,embryonic day 17,hindbrain,SAMEA4680679,wild type genotype,The University of Heidelberg,2018-12-30T17:01:51Z,2018-05-23T11:12:29Z,public,Illumina HiSeq 2500,2599sTS.Rat.Cerebellum.17.Male_s,SINGLE,PolyA,TRANSCRIPTOMIC,hindbrain,Rattus norvegicus,ILLUMINA,2019-02-19T00:00:00Z,2022-07-12T19:14:00Z,2,SAMEA4680679,E-MTAB-6811:2599sTS.Rat.Cerebellum.17.Male,Rattus norvegicus,male,ERP108920,Holtzman SD,E-MTAB-6811:2599sTS.Rat.Cerebellum.17.Male
ERR2592471,17,RNA-Seq,101,3665595020,PRJEB26889,SAMEA4680680,ArrayExpress,2312793526,"Lausanne Genomics Technology Facility ",Norway rat,public,"fastq,run.zq,sra","ena,gs,ncbi,s3","ena,gs.us-east1,ncbi.public,s3.us-east-1",embryo,2019-02-18,2018-12-30T17:01:51Z,2018-11-16,2018-05-23T11:12:29Z,ERX2608747,embryonic day 17,forebrain,SAMEA4680680,wild type genotype,The University of Heidelberg,2018-12-30T17:01:51Z,2018-05-23T11:12:29Z,public,Illumina HiSeq 2500,2600sTS.Rat.Brain.17.Female_s,SINGLE,PolyA,TRANSCRIPTOMIC,forebrain,Rattus norvegicus,ILLUMINA,2019-02-19T00:00:00Z,2022-07-26T05:57:00Z,2,SAMEA4680680,E-MTAB-6811:2600sTS.Rat.Brain.17.Female,Rattus norvegicus,female,ERP108920,Holtzman SD,E-MTAB-6811:2600sTS.Rat.Brain.17.Female
ERR2592472,17,RNA-Seq,101,3391477990,PRJEB26889,SAMEA4680681,ArrayExpress,2138505419,"Lausanne Genomics Technology Facility ",Norway rat,public,"fastq,run.zq,sra","ena,gs,ncbi,s3","ena,gs.us-east1,ncbi.public,s3.us-east-1",embryo,2019-02-18,2018-12-30T17:01:51Z,2018-11-16,2018-05-23T11:12:29Z,ERX2608748,embryonic day 17,hindbrain,SAMEA4680681,wild type genotype,The University of Heidelberg,2018-12-30T17:01:51Z,2018-05-23T11:12:29Z,public,Illumina HiSeq 2500,2601sTS.Rat.Cerebellum.17.Female_s,SINGLE,PolyA,TRANSCRIPTOMIC,hindbrain,Rattus norvegicus,ILLUMINA,2019-02-19T00:00:00Z,2022-07-13T12:25:00Z,2,SAMEA4680681,E-MTAB-6811:2601sTS.Rat.Cerebellum.17.Female,Rattus norvegicus,female,ERP108920,Holtzman SD,E-MTAB-6811:2601sTS.Rat.Cerebellum.17.Female
ERR2592473,17,RNA-Seq,101,3574411109,PRJEB26889,SAMEA4680682,ArrayExpress,2255761761,"Lausanne Genomics Technology Facility ",Norway rat,public,"fastq,run.zq,sra","ena,gs,ncbi,s3","ena,gs.us-east1,ncbi.public,s3.us-east-1",embryo,2019-02-18,2018-12-30T17:01:51Z,2018-11-16,2018-05-23T11:12:29Z,ERX2608749,embryonic day 17,ovary,SAMEA4680682,wild type genotype,The University of Heidelberg,2018-12-30T17:01:51Z,2018-05-23T11:12:29Z,public,Illumina HiSeq 2500,2602sTS.Rat.Ovary.17.Female_s,SINGLE,PolyA,TRANSCRIPTOMIC,ovary,Rattus norvegicus,ILLUMINA,2019-02-19T00:00:00Z,2022-07-18T06:42:00Z,2,SAMEA4680682,E-MTAB-6811:2602sTS.Rat.Ovary.17.Female,Rattus norvegicus,female,ERP108920,Holtzman SD,E-MTAB-6811:2602sTS.Rat.Ovary.17.Female
ERR2592474,17,RNA-Seq,101,3638551260,PRJEB26889,SAMEA4680683,ArrayExpress,2355950606,"Lausanne Genomics Technology Facility ",Norway rat,public,"fastq,run.zq,sra","ena,gs,ncbi,s3","ena,gs.us-east1,ncbi.public,s3.us-east-1",embryo,2019-02-18,2018-12-30T17:01:51Z,2018-11-16,2018-05-23T11:12:29Z,ERX2608750,embryonic day 17,forebrain,SAMEA4680683,wild type genotype,The University of Heidelberg,2018-12-30T17:01:51Z,2018-05-23T11:12:29Z,public,Illumina HiSeq 2500,2603sTS.Rat.Brain.17.Male_s,SINGLE,PolyA,TRANSCRIPTOMIC,forebrain,Rattus norvegicus,ILLUMINA,2019-02-19T00:00:00Z,2021-10-24T06:43:00Z,2,SAMEA4680683,E-MTAB-6811:2603sTS.Rat.Brain.17.Male,Rattus norvegicus,male,ERP108920,Holtzman SD,E-MTAB-6811:2603sTS.Rat.Brain.17.Male
ERR2592475,17,RNA-Seq,101,3845018692,PRJEB26889,SAMEA4680684,ArrayExpress,2532956923,"Lausanne Genomics Technology Facility ",Norway rat,public,"fastq,run.zq,sra","ena,gs,ncbi,s3","ena,gs.us-east1,ncbi.public,s3.us-east-1",embryo,2019-02-18,2018-12-30T17:01:51Z,2018-11-16,2018-05-23T11:12:29Z,ERX2608751,embryonic day 17,hindbrain,SAMEA4680684,wild type genotype,The University of Heidelberg,2018-12-30T17:01:51Z,2018-05-23T11:12:29Z,public,Illumina HiSeq 2500,2604sTS.Rat.Cerebellum.17.Male_s,SINGLE,PolyA,TRANSCRIPTOMIC,hindbrain,Rattus norvegicus,ILLUMINA,2019-02-19T00:00:00Z,2021-10-24T07:00:00Z,2,SAMEA4680684,E-MTAB-6811:2604sTS.Rat.Cerebellum.17.Male,Rattus norvegicus,male,ERP108920,Holtzman SD,E-MTAB-6811:2604sTS.Rat.Cerebellum.17.Male
ERR2592476,17,RNA-Seq,101,3583845822,PRJEB26889,SAMEA4680685,ArrayExpress,2374148460,"Lausanne Genomics Technology Facility ",Norway rat,public,"fastq,run.zq,sra","ena,gs,ncbi,s3","ena,gs.us-east1,ncbi.public,s3.us-east-1",embryo,2019-02-18,2018-12-30T17:01:51Z,2018-11-16,2018-05-23T11:12:29Z,ERX2608752,embryonic day 17,forebrain,SAMEA4680685,wild type genotype,The University of Heidelberg,2018-12-30T17:01:51Z,2018-05-23T11:12:29Z,public,Illumina HiSeq 2500,2605sTS.Rat.Brain.17.Female_s,SINGLE,PolyA,TRANSCRIPTOMIC,forebrain,Rattus norvegicus,ILLUMINA,2019-02-19T00:00:00Z,2022-07-26T05:58:00Z,2,SAMEA4680685,E-MTAB-6811:2605sTS.Rat.Brain.17.Female,Rattus norvegicus,female,ERP108920,Holtzman SD,E-MTAB-6811:2605sTS.Rat.Brain.17.Female
ERR2592477,17,RNA-Seq,101,10387379441,PRJEB26889,SAMEA4680686,ArrayExpress,6917442508,"Lausanne Genomics Technology Facility ",Norway rat,public,"fastq,run.zq,sra","ena,gs,ncbi,s3","ena,gs.us-east1,ncbi.public,s3.us-east-1",embryo,2019-02-18,2018-12-30T17:01:51Z,2018-11-16,2018-05-23T11:12:29Z,ERX2608753,embryonic day 17,hindbrain,SAMEA4680686,wild type genotype,The University of Heidelberg,2018-12-30T17:01:51Z,2018-05-23T11:12:29Z,public,Illumina HiSeq 2500,2606sTS.Rat.Cerebellum.17.Female_s,SINGLE,PolyA,TRANSCRIPTOMIC,hindbrain,Rattus norvegicus,ILLUMINA,2019-02-19T00:00:00Z,2022-07-26T06:16:00Z,2,SAMEA4680686,E-MTAB-6811:2606sTS.Rat.Cerebellum.17.Female,Rattus norvegicus,female,ERP108920,Holtzman SD,E-MTAB-6811:2606sTS.Rat.Cerebellum.17.Female
ERR2592478,17,RNA-Seq,101,2480236194,PRJEB26889,SAMEA4680687,ArrayExpress,1645003074,"Lausanne Genomics Technology Facility ",Norway rat,public,"fastq,run.zq,sra","ena,gs,ncbi,s3","ena,gs.us-east1,ncbi.public,s3.us-east-1",embryo,2019-02-18,2018-12-30T17:01:51Z,2018-11-16,2018-05-23T11:12:29Z,ERX2608754,embryonic day 17,ovary,SAMEA4680687,wild type genotype,The University of Heidelberg,2018-12-30T17:01:51Z,2018-05-23T11:12:29Z,public,Illumina HiSeq 2500,2607sTS.Rat.Ovary.17.Female_s,SINGLE,PolyA,TRANSCRIPTOMIC,ovary,Rattus norvegicus,ILLUMINA,2019-02-19T00:00:00Z,2022-07-13T12:17:00Z,2,SAMEA4680687,E-MTAB-6811:2607sTS.Rat.Ovary.17.Female,Rattus norvegicus,female,ERP108920,Holtzman SD,E-MTAB-6811:2607sTS.Rat.Ovary.17.Female
ERR2592479,17,RNA-Seq,101,2333554702,PRJEB26889,SAMEA4680688,ArrayExpress,792941417,"Lausanne Genomics Technology Facility ",Norway rat,public,"fastq,run.zq,sra","ena,gs,ncbi,s3","ena,gs.us-east1,ncbi.public,s3.us-east-1",embryo,2019-02-18,2018-12-30T17:01:51Z,2018-11-16,2018-05-23T11:12:29Z,ERX2608755,embryonic day 17,heart,SAMEA4680688,wild type genotype,The University of Heidelberg,2018-12-30T17:01:51Z,2018-05-23T11:12:29Z,public,Illumina HiSeq 2500,2685sTS.Rat.Heart.17.Male_s,SINGLE,PolyA,TRANSCRIPTOMIC,heart,Rattus norvegicus,ILLUMINA,2019-02-19T00:00:00Z,2021-10-24T06:31:00Z,2,SAMEA4680688,E-MTAB-6811:2685sTS.Rat.Heart.17.Male,Rattus norvegicus,male,ERP108920,Holtzman SD,E-MTAB-6811:2685sTS.Rat.Heart.17.Male
ERR2592480,17,RNA-Seq,101,2579016517,PRJEB26889,SAMEA4680689,ArrayExpress,875236263,"Lausanne Genomics Technology Facility ",Norway rat,public,"fastq,run.zq,sra","ena,gs,ncbi,s3","ena,gs.us-east1,ncbi.public,s3.us-east-1",embryo,2019-02-18,2018-12-30T17:01:51Z,2018-11-16,2018-05-23T11:12:29Z,ERX2608756,embryonic day 17,heart,SAMEA4680689,wild type genotype,The University of Heidelberg,2018-12-30T17:01:51Z,2018-05-23T11:12:29Z,public,Illumina HiSeq 2500,2686sTS.Rat.Heart.17.Female_s,SINGLE,PolyA,TRANSCRIPTOMIC,heart,Rattus norvegicus,ILLUMINA,2019-02-19T00:00:00Z,2022-07-26T05:55:00Z,2,SAMEA4680689,E-MTAB-6811:2686sTS.Rat.Heart.17.Female,Rattus norvegicus,female,ERP108920,Holtzman SD,E-MTAB-6811:2686sTS.Rat.Heart.17.Female
ERR2592481,17,RNA-Seq,101,2340469768,PRJEB26889,SAMEA4680690,ArrayExpress,824426677,"Lausanne Genomics Technology Facility ",Norway rat,public,"fastq,run.zq,sra","ena,gs,ncbi,s3","ena,gs.us-east1,ncbi.public,s3.us-east-1",embryo,2019-02-18,2018-12-30T17:01:51Z,2018-11-16,2018-05-23T11:12:29Z,ERX2608757,embryonic day 17,kidney,SAMEA4680690,wild type genotype,The University of Heidelberg,2018-12-30T17:01:51Z,2018-05-23T11:12:29Z,public,Illumina HiSeq 2500,2687sTS.Rat.Kidney.17.Female_s,SINGLE,PolyA,TRANSCRIPTOMIC,kidney,Rattus norvegicus,ILLUMINA,2019-02-19T00:00:00Z,2022-07-17T19:30:00Z,2,SAMEA4680690,E-MTAB-6811:2687sTS.Rat.Kidney.17.Female,Rattus norvegicus,female,ERP108920,Holtzman SD,E-MTAB-6811:2687sTS.Rat.Kidney.17.Female
ERR2592482,17,RNA-Seq,101,2881098427,PRJEB26889,SAMEA4680691,ArrayExpress,1094064681,"Lausanne Genomics Technology Facility ",Norway rat,public,"fastq,run.zq,sra","ena,gs,ncbi,s3","ena,gs.us-east1,ncbi.public,s3.us-east-1",embryo,2019-02-18,2018-12-30T17:01:51Z,2018-11-16,2018-05-23T11:12:29Z,ERX2608758,embryonic day 17,heart,SAMEA4680691,wild type genotype,The University of Heidelberg,2018-12-30T17:01:51Z,2018-05-23T11:12:29Z,public,Illumina HiSeq 2500,3900sTS.Rat.Heart.17.Female_s,SINGLE,PolyA,TRANSCRIPTOMIC,heart,Rattus norvegicus,ILLUMINA,2019-02-19T00:00:00Z,2022-07-17T12:08:00Z,2,SAMEA4680691,E-MTAB-6811:3900sTS.Rat.Heart.17.Female,Rattus norvegicus,female,ERP108920,Holtzman SD,E-MTAB-6811:3900sTS.Rat.Heart.17.Female
ERR2592483,17,RNA-Seq,101,3264797528,PRJEB26889,SAMEA4680692,ArrayExpress,1151994482,"Lausanne Genomics Technology Facility ",Norway rat,public,"fastq,run.zq,sra","ena,gs,ncbi,s3","ena,gs.us-east1,ncbi.public,s3.us-east-1",embryo,2019-02-18,2018-12-30T17:01:51Z,2018-11-16,2018-05-23T11:12:29Z,ERX2608759,embryonic day 17,kidney,SAMEA4680692,wild type genotype,The University of Heidelberg,2018-12-30T17:01:51Z,2018-05-23T11:12:29Z,public,Illumina HiSeq 2500,3901sTS.Rat.Kidney.17.Female_s,SINGLE,PolyA,TRANSCRIPTOMIC,kidney,Rattus norvegicus,ILLUMINA,2019-02-19T00:00:00Z,2022-07-26T05:56:00Z,2,SAMEA4680692,E-MTAB-6811:3901sTS.Rat.Kidney.17.Female,Rattus norvegicus,female,ERP108920,Holtzman SD,E-MTAB-6811:3901sTS.Rat.Kidney.17.Female
ERR2592484,17,RNA-Seq,101,3280743610,PRJEB26889,SAMEA4680693,ArrayExpress,1144051427,"Lausanne Genomics Technology Facility ",Norway rat,public,"fastq,run.zq,sra","ena,gs,ncbi,s3","ena,gs.us-east1,ncbi.public,s3.us-east-1",embryo,2019-02-18,2018-12-30T17:01:51Z,2018-11-16,2018-05-23T11:12:29Z,ERX2608760,embryonic day 17,heart,SAMEA4680693,wild type genotype,The University of Heidelberg,2018-12-30T17:01:51Z,2018-05-23T11:12:29Z,public,Illumina HiSeq 2500,3902sTS.Rat.Heart.17.Male_s,SINGLE,PolyA,TRANSCRIPTOMIC,heart,Rattus norvegicus,ILLUMINA,2019-02-19T00:00:00Z,2022-07-29T20:58:00Z,2,SAMEA4680693,E-MTAB-6811:3902sTS.Rat.Heart.17.Male,Rattus norvegicus,male,ERP108920,Holtzman SD,E-MTAB-6811:3902sTS.Rat.Heart.17.Male
ERR2592485,17,RNA-Seq,101,3185871987,PRJEB26889,SAMEA4680694,ArrayExpress,1199412621,"Lausanne Genomics Technology Facility ",Norway rat,public,"fastq,run.zq,sra","ena,gs,ncbi,s3","ena,gs.us-east1,ncbi.public,s3.us-east-1",embryo,2019-02-18,2018-12-30T17:01:51Z,2018-11-16,2018-05-23T11:12:29Z,ERX2608761,embryonic day 17,kidney,SAMEA4680694,wild type genotype,The University of Heidelberg,2018-12-30T17:01:51Z,2018-05-23T11:12:29Z,public,Illumina HiSeq 2500,3903sTS.Rat.Kidney.17.Male_s,SINGLE,PolyA,TRANSCRIPTOMIC,kidney,Rattus norvegicus,ILLUMINA,2019-02-19T00:00:00Z,2022-07-26T05:56:00Z,2,SAMEA4680694,E-MTAB-6811:3903sTS.Rat.Kidney.17.Male,Rattus norvegicus,male,ERP108920,Holtzman SD,E-MTAB-6811:3903sTS.Rat.Kidney.17.Male
ERR2592486,17,RNA-Seq,101,3405543654,PRJEB26889,SAMEA4680695,ArrayExpress,1244484367,"Lausanne Genomics Technology Facility ",Norway rat,public,"fastq,run.zq,sra","ena,gs,ncbi,s3","ena,gs.us-east1,ncbi.public,s3.us-east-1",embryo,2019-02-18,2018-12-30T17:01:51Z,2018-11-16,2018-05-23T11:12:29Z,ERX2608762,embryonic day 17,forebrain,SAMEA4680695,wild type genotype,The University of Heidelberg,2018-12-30T17:01:51Z,2018-05-23T11:12:29Z,public,Illumina HiSeq 2500,4251sTS.Rat.Brain.17.Female_s,SINGLE,PolyA,TRANSCRIPTOMIC,forebrain,Rattus norvegicus,ILLUMINA,2019-02-19T00:00:00Z,2022-07-17T01:55:00Z,2,SAMEA4680695,E-MTAB-6811:4251sTS.Rat.Brain.17.Female,Rattus norvegicus,female,ERP108920,Holtzman SD,E-MTAB-6811:4251sTS.Rat.Brain.17.Female
ERR2592487,17,RNA-Seq,101,4971230403,PRJEB26889,SAMEA4680696,ArrayExpress,1749140238,"Lausanne Genomics Technology Facility ",Norway rat,public,"fastq,run.zq,sra","ena,gs,ncbi,s3","ena,gs.us-east1,ncbi.public,s3.us-east-1",embryo,2019-02-18,2018-12-30T17:01:51Z,2018-11-16,2018-05-23T11:12:29Z,ERX2608763,embryonic day 17,hindbrain,SAMEA4680696,wild type genotype,The University of Heidelberg,2018-12-30T17:01:51Z,2018-05-23T11:12:29Z,public,Illumina HiSeq 2500,4252sTS.Rat.Cerebellum.17.Female_s,SINGLE,PolyA,TRANSCRIPTOMIC,hindbrain,Rattus norvegicus,ILLUMINA,2019-02-19T00:00:00Z,2021-10-24T07:00:00Z,2,SAMEA4680696,E-MTAB-6811:4252sTS.Rat.Cerebellum.17.Female,Rattus norvegicus,female,ERP108920,Holtzman SD,E-MTAB-6811:4252sTS.Rat.Cerebellum.17.Female
ERR2592488,17,RNA-Seq,101,4235558422,PRJEB26889,SAMEA4680697,ArrayExpress,1499997684,"Lausanne Genomics Technology Facility ",Norway rat,public,"fastq,run.zq,sra","ena,gs,ncbi,s3","ena,gs.us-east1,ncbi.public,s3.us-east-1",embryo,2019-02-18,2018-12-30T17:01:51Z,2018-11-16,2018-05-23T11:12:29Z,ERX2608764,embryonic day 17,forebrain,SAMEA4680697,wild type genotype,The University of Heidelberg,2018-12-30T17:01:51Z,2018-05-23T11:12:29Z,public,Illumina HiSeq 2500,4253sTS.Rat.Brain.17.Female_s,SINGLE,PolyA,TRANSCRIPTOMIC,forebrain,Rattus norvegicus,ILLUMINA,2019-02-19T00:00:00Z,2022-07-23T02:10:00Z,2,SAMEA4680697,E-MTAB-6811:4253sTS.Rat.Brain.17.Female,Rattus norvegicus,female,ERP108920,Holtzman SD,E-MTAB-6811:4253sTS.Rat.Brain.17.Female
ERR2592489,17,RNA-Seq,101,3119730218,PRJEB26889,SAMEA4680698,ArrayExpress,1103799213,"Lausanne Genomics Technology Facility ",Norway rat,public,"fastq,run.zq,sra","ena,gs,ncbi,s3","ena,gs.us-east1,ncbi.public,s3.us-east-1",embryo,2019-02-18,2018-12-30T17:01:51Z,2018-11-16,2018-05-23T11:12:29Z,ERX2608765,embryonic day 17,hindbrain,SAMEA4680698,wild type genotype,The University of Heidelberg,2018-12-30T17:01:51Z,2018-05-23T11:12:29Z,public,Illumina HiSeq 2500,4254sTS.Rat.Cerebellum.17.Female_s,SINGLE,PolyA,TRANSCRIPTOMIC,hindbrain,Rattus norvegicus,ILLUMINA,2019-02-19T00:00:00Z,2022-07-14T10:04:00Z,2,SAMEA4680698,E-MTAB-6811:4254sTS.Rat.Cerebellum.17.Female,Rattus norvegicus,female,ERP108920,Holtzman SD,E-MTAB-6811:4254sTS.Rat.Cerebellum.17.Female
ERR2592490,17,RNA-Seq,101,3408639405,PRJEB26889,SAMEA4680699,ArrayExpress,1234775332,"Lausanne Genomics Technology Facility ",Norway rat,public,"fastq,run.zq,sra","ena,gs,ncbi,s3","ena,gs.us-east1,ncbi.public,s3.us-east-1",embryo,2019-02-18,2018-12-30T17:01:51Z,2018-11-16,2018-05-23T11:12:29Z,ERX2608766,embryonic day 17,kidney,SAMEA4680699,wild type genotype,The University of Heidelberg,2018-12-30T17:01:51Z,2018-05-23T11:12:29Z,public,Illumina HiSeq 2500,5350sTS.Rat.Kidney.17.Male_s,SINGLE,PolyA,TRANSCRIPTOMIC,kidney,Rattus norvegicus,ILLUMINA,2019-02-19T00:00:00Z,2021-10-24T06:35:00Z,2,SAMEA4680699,E-MTAB-6811:5350sTS.Rat.Kidney.17.Male,Rattus norvegicus,male,ERP108920,Holtzman SD,E-MTAB-6811:5350sTS.Rat.Kidney.17.Male
ERR2592491,18,RNA-Seq,101,4699566663,PRJEB26889,SAMEA4680700,ArrayExpress,3034472628,"Lausanne Genomics Technology Facility ",Norway rat,public,"fastq,run.zq,sra","ena,gs,ncbi,s3","ena,gs.us-east1,ncbi.public,s3.us-east-1",embryo,2019-02-18,2018-12-30T17:01:51Z,2018-11-16,2018-05-23T11:12:29Z,ERX2608767,embryonic day 18,testis,SAMEA4680700,wild type genotype,The University of Heidelberg,2018-12-30T17:01:51Z,2018-05-23T11:12:29Z,public,Illumina HiSeq 2500,1824sTS.Rat.Testis.18.Male_s,SINGLE,PolyA,TRANSCRIPTOMIC,testis,Rattus norvegicus,ILLUMINA,2019-02-19T00:00:00Z,2022-07-21T04:43:00Z,2,SAMEA4680700,E-MTAB-6811:1824sTS.Rat.Testis.18.Male,Rattus norvegicus,male,ERP108920,Holtzman SD,E-MTAB-6811:1824sTS.Rat.Testis.18.Male
ERR2592492,18,RNA-Seq,101,3639002629,PRJEB26889,SAMEA4680701,ArrayExpress,2340715481,"Lausanne Genomics Technology Facility ",Norway rat,public,"fastq,run.zq,sra","ena,gs,ncbi,s3","ena,gs.us-east1,ncbi.public,s3.us-east-1",embryo,2019-02-18,2018-12-30T17:01:51Z,2018-11-16,2018-05-23T11:12:29Z,ERX2608768,embryonic day 18,liver,SAMEA4680701,wild type genotype,The University of Heidelberg,2018-12-30T17:01:51Z,2018-05-23T11:12:29Z,public,Illumina HiSeq 2500,2389sTS.Rat.Liver.18.Female_s,SINGLE,PolyA,TRANSCRIPTOMIC,liver,Rattus norvegicus,ILLUMINA,2019-02-19T00:00:00Z,2022-07-13T21:45:00Z,2,SAMEA4680701,E-MTAB-6811:2389sTS.Rat.Liver.18.Female,Rattus norvegicus,female,ERP108920,Holtzman SD,E-MTAB-6811:2389sTS.Rat.Liver.18.Female
ERR2592493,18,RNA-Seq,101,4275604316,PRJEB26889,SAMEA4680702,ArrayExpress,2728693839,"Lausanne Genomics Technology Facility ",Norway rat,public,"fastq,run.zq,sra","ena,gs,ncbi,s3","ena,gs.us-east1,ncbi.public,s3.us-east-1",embryo,2019-02-18,2018-12-30T17:01:51Z,2018-11-16,2018-05-23T11:12:29Z,ERX2608769,embryonic day 18,liver,SAMEA4680702,wild type genotype,The University of Heidelberg,2018-12-30T17:01:51Z,2018-05-23T11:12:29Z,public,Illumina HiSeq 2500,2390sTS.Rat.Liver.18.Female_s,SINGLE,PolyA,TRANSCRIPTOMIC,liver,Rattus norvegicus,ILLUMINA,2019-02-19T00:00:00Z,2022-07-17T20:23:00Z,2,SAMEA4680702,E-MTAB-6811:2390sTS.Rat.Liver.18.Female,Rattus norvegicus,female,ERP108920,Holtzman SD,E-MTAB-6811:2390sTS.Rat.Liver.18.Female
ERR2592494,18,RNA-Seq,101,4439284916,PRJEB26889,SAMEA4680703,ArrayExpress,2838293778,"Lausanne Genomics Technology Facility ",Norway rat,public,"fastq,run.zq,sra","ena,gs,ncbi,s3","ena,gs.us-east1,ncbi.public,s3.us-east-1",embryo,2019-02-18,2018-12-30T17:01:51Z,2018-11-16,2018-05-23T11:12:30Z,ERX2608770,embryonic day 18,liver,SAMEA4680703,wild type genotype,The University of Heidelberg,2018-12-30T17:01:51Z,2018-05-23T11:12:30Z,public,Illumina HiSeq 2500,2519sTS.Rat.Liver.18.Male_s,SINGLE,PolyA,TRANSCRIPTOMIC,liver,Rattus norvegicus,ILLUMINA,2019-02-19T00:00:00Z,2022-07-26T06:01:00Z,2,SAMEA4680703,E-MTAB-6811:2519sTS.Rat.Liver.18.Male,Rattus norvegicus,male,ERP108920,Holtzman SD,E-MTAB-6811:2519sTS.Rat.Liver.18.Male
ERR2592495,18,RNA-Seq,101,2414138966,PRJEB26889,SAMEA4680704,ArrayExpress,1598636027,"Lausanne Genomics Technology Facility ",Norway rat,public,"fastq,run.zq,sra","ena,gs,ncbi,s3","ena,gs.us-east1,ncbi.public,s3.us-east-1",embryo,2019-02-18,2018-12-30T17:01:51Z,2018-11-16,2018-05-23T11:12:30Z,ERX2608771,embryonic day 18,liver,SAMEA4680704,wild type genotype,The University of Heidelberg,2018-12-30T17:01:51Z,2018-05-23T11:12:30Z,public,Illumina HiSeq 2500,2520sTS.Rat.Liver.18.Male_s,SINGLE,PolyA,TRANSCRIPTOMIC,liver,Rattus norvegicus,ILLUMINA,2019-02-19T00:00:00Z,2022-07-15T21:45:00Z,2,SAMEA4680704,E-MTAB-6811:2520sTS.Rat.Liver.18.Male,Rattus norvegicus,male,ERP108920,Holtzman SD,E-MTAB-6811:2520sTS.Rat.Liver.18.Male
ERR2592496,18,RNA-Seq,101,2645401898,PRJEB26889,SAMEA4680705,ArrayExpress,969881187,"Lausanne Genomics Technology Facility ",Norway rat,public,"fastq,run.zq,sra","ena,gs,ncbi,s3","ena,gs.us-east1,ncbi.public,s3.us-east-1",embryo,2019-02-18,2018-12-30T17:01:51Z,2018-11-16,2018-05-23T11:12:30Z,ERX2608772,embryonic day 18,heart,SAMEA4680705,wild type genotype,The University of Heidelberg,2018-12-30T17:01:51Z,2018-05-23T11:12:30Z,public,Illumina HiSeq 2500,2667sTS.Rat.Heart.18.Female_s,SINGLE,PolyA,TRANSCRIPTOMIC,heart,Rattus norvegicus,ILLUMINA,2019-02-19T00:00:00Z,2021-10-24T06:33:00Z,2,SAMEA4680705,E-MTAB-6811:2667sTS.Rat.Heart.18.Female,Rattus norvegicus,female,ERP108920,Holtzman SD,E-MTAB-6811:2667sTS.Rat.Heart.18.Female
ERR2592497,18,RNA-Seq,101,3413103605,PRJEB26889,SAMEA4680706,ArrayExpress,2139524935,"Lausanne Genomics Technology Facility ",Norway rat,public,"fastq,run.zq,sra","ena,gs,ncbi,s3","ena,gs.us-east1,ncbi.public,s3.us-east-1",embryo,2019-02-18,2018-12-30T17:01:51Z,2018-11-16,2018-05-23T11:12:30Z,ERX2608773,embryonic day 18,ovary,SAMEA4680706,wild type genotype,The University of Heidelberg,2018-12-30T17:01:51Z,2018-05-23T11:12:30Z,public,Illumina HiSeq 2500,2719sTS.Rat.Ovary.18.Female_s,SINGLE,PolyA,TRANSCRIPTOMIC,ovary,Rattus norvegicus,ILLUMINA,2019-02-19T00:00:00Z,2022-07-26T05:59:00Z,2,SAMEA4680706,E-MTAB-6811:2719sTS.Rat.Ovary.18.Female,Rattus norvegicus,female,ERP108920,Holtzman SD,E-MTAB-6811:2719sTS.Rat.Ovary.18.Female
ERR2592498,18,RNA-Seq,101,3348601268,PRJEB26889,SAMEA4680707,ArrayExpress,1138268169,"Lausanne Genomics Technology Facility ",Norway rat,public,"fastq,run.zq,sra","ena,gs,ncbi,s3","ena,gs.us-east1,ncbi.public,s3.us-east-1",embryo,2019-02-18,2018-12-30T17:01:51Z,2018-11-16,2018-05-23T11:12:30Z,ERX2608774,embryonic day 18,heart,SAMEA4680707,wild type genotype,The University of Heidelberg,2018-12-30T17:01:51Z,2018-05-23T11:12:30Z,public,Illumina HiSeq 2500,2721sTS.Rat.Heart.18.Female_s,SINGLE,PolyA,TRANSCRIPTOMIC,heart,Rattus norvegicus,ILLUMINA,2019-02-19T00:00:00Z,2021-10-24T06:43:00Z,2,SAMEA4680707,E-MTAB-6811:2721sTS.Rat.Heart.18.Female,Rattus norvegicus,female,ERP108920,Holtzman SD,E-MTAB-6811:2721sTS.Rat.Heart.18.Female
ERR2592499,18,RNA-Seq,101,2966450901,PRJEB26889,SAMEA4680708,ArrayExpress,1001225843,"Lausanne Genomics Technology Facility ",Norway rat,public,"fastq,run.zq,sra","ena,gs,ncbi,s3","ena,gs.us-east1,ncbi.public,s3.us-east-1",embryo,2019-02-18,2018-12-30T17:01:51Z,2018-11-16,2018-05-23T11:12:30Z,ERX2608775,embryonic day 18,kidney,SAMEA4680708,wild type genotype,The University of Heidelberg,2018-12-30T17:01:51Z,2018-05-23T11:12:30Z,public,Illumina HiSeq 2500,2722sTS.Rat.Kidney.18.Female_s,SINGLE,PolyA,TRANSCRIPTOMIC,kidney,Rattus norvegicus,ILLUMINA,2019-02-19T00:00:00Z,2021-10-24T06:34:00Z,2,SAMEA4680708,E-MTAB-6811:2722sTS.Rat.Kidney.18.Female,Rattus norvegicus,female,ERP108920,Holtzman SD,E-MTAB-6811:2722sTS.Rat.Kidney.18.Female
ERR2592500,18,RNA-Seq,101,2980881377,PRJEB26889,SAMEA4680709,ArrayExpress,1012747628,"Lausanne Genomics Technology Facility ",Norway rat,public,"fastq,run.zq,sra","ena,gs,ncbi,s3","ena,gs.us-east1,ncbi.public,s3.us-east-1",embryo,2019-02-18,2018-12-30T17:01:51Z,2018-11-16,2018-05-23T11:12:30Z,ERX2608776,embryonic day 18,heart,SAMEA4680709,wild type genotype,The University of Heidelberg,2018-12-30T17:01:51Z,2018-05-23T11:12:30Z,public,Illumina HiSeq 2500,2723sTS.Rat.Heart.18.Male_s,SINGLE,PolyA,TRANSCRIPTOMIC,heart,Rattus norvegicus,ILLUMINA,2019-02-19T00:00:00Z,2022-07-26T05:56:00Z,2,SAMEA4680709,E-MTAB-6811:2723sTS.Rat.Heart.18.Male,Rattus norvegicus,male,ERP108920,Holtzman SD,E-MTAB-6811:2723sTS.Rat.Heart.18.Male
ERR2592501,18,RNA-Seq,101,3504456085,PRJEB26889,SAMEA4680710,ArrayExpress,1299794071,"Lausanne Genomics Technology Facility ",Norway rat,public,"fastq,run.zq,sra","ena,gs,ncbi,s3","ena,gs.us-east1,ncbi.public,s3.us-east-1",embryo,2019-02-18,2018-12-30T17:01:51Z,2018-11-16,2018-05-23T11:12:30Z,ERX2608777,embryonic day 18,kidney,SAMEA4680710,wild type genotype,The University of Heidelberg,2018-12-30T17:01:51Z,2018-05-23T11:12:30Z,public,Illumina HiSeq 2500,2752sTS.Rat.Kidney.18.Female_s,SINGLE,PolyA,TRANSCRIPTOMIC,kidney,Rattus norvegicus,ILLUMINA,2019-02-19T00:00:00Z,2022-07-20T15:33:00Z,2,SAMEA4680710,E-MTAB-6811:2752sTS.Rat.Kidney.18.Female,Rattus norvegicus,female,ERP108920,Holtzman SD,E-MTAB-6811:2752sTS.Rat.Kidney.18.Female
ERR2592502,18,RNA-Seq,101,2801388015,PRJEB26889,SAMEA4680711,ArrayExpress,1828752097,"Lausanne Genomics Technology Facility ",Norway rat,public,"fastq,run.zq,sra","ena,gs,ncbi,s3","ena,gs.us-east1,ncbi.public,s3.us-east-1",embryo,2019-02-18,2018-12-30T17:01:51Z,2018-11-16,2018-05-23T11:12:30Z,ERX2608778,embryonic day 18,testis,SAMEA4680711,wild type genotype,The University of Heidelberg,2018-12-30T17:01:51Z,2018-05-23T11:12:30Z,public,Illumina HiSeq 2500,2753sTS.Rat.Testis.18.Male_s,SINGLE,PolyA,TRANSCRIPTOMIC,testis,Rattus norvegicus,ILLUMINA,2019-02-19T00:00:00Z,2022-07-22T01:01:00Z,2,SAMEA4680711,E-MTAB-6811:2753sTS.Rat.Testis.18.Male,Rattus norvegicus,male,ERP108920,Holtzman SD,E-MTAB-6811:2753sTS.Rat.Testis.18.Male
ERR2592503,18,RNA-Seq,101,3731548525,PRJEB26889,SAMEA4680712,ArrayExpress,1383454723,"Lausanne Genomics Technology Facility ",Norway rat,public,"fastq,run.zq,sra","ena,gs,ncbi,s3","ena,gs.us-east1,ncbi.public,s3.us-east-1",embryo,2019-02-18,2018-12-30T17:01:51Z,2018-11-16,2018-05-23T11:12:30Z,ERX2608779,embryonic day 18,kidney,SAMEA4680712,wild type genotype,The University of Heidelberg,2018-12-30T17:01:51Z,2018-05-23T11:12:30Z,public,Illumina HiSeq 2500,2754sTS.Rat.Kidney.18.Male_s,SINGLE,PolyA,TRANSCRIPTOMIC,kidney,Rattus norvegicus,ILLUMINA,2019-02-19T00:00:00Z,2021-10-24T06:38:00Z,2,SAMEA4680712,E-MTAB-6811:2754sTS.Rat.Kidney.18.Male,Rattus norvegicus,male,ERP108920,Holtzman SD,E-MTAB-6811:2754sTS.Rat.Kidney.18.Male
ERR2592504,18,RNA-Seq,101,2878038228,PRJEB26889,SAMEA4680713,ArrayExpress,1013915131,"Lausanne Genomics Technology Facility ",Norway rat,public,"fastq,run.zq,sra","ena,gs,ncbi,s3","ena,gs.us-east1,ncbi.public,s3.us-east-1",embryo,2019-02-18,2018-12-30T17:01:51Z,2018-11-16,2018-05-23T11:12:30Z,ERX2608780,embryonic day 18,heart,SAMEA4680713,wild type genotype,The University of Heidelberg,2018-12-30T17:01:51Z,2018-05-23T11:12:30Z,public,Illumina HiSeq 2500,2762sTS.Rat.Heart.18.Male_s,SINGLE,PolyA,TRANSCRIPTOMIC,heart,Rattus norvegicus,ILLUMINA,2019-02-19T00:00:00Z,2022-07-18T16:16:00Z,2,SAMEA4680713,E-MTAB-6811:2762sTS.Rat.Heart.18.Male,Rattus norvegicus,male,ERP108920,Holtzman SD,E-MTAB-6811:2762sTS.Rat.Heart.18.Male
ERR2592505,18,RNA-Seq,101,3606591527,PRJEB26889,SAMEA4680714,ArrayExpress,1283004961,"Lausanne Genomics Technology Facility ",Norway rat,public,"fastq,run.zq,sra","ena,gs,ncbi,s3","ena,gs.us-east1,ncbi.public,s3.us-east-1",embryo,2019-02-18,2018-12-30T17:01:51Z,2018-11-16,2018-05-23T11:12:30Z,ERX2608781,embryonic day 18,hindbrain,SAMEA4680714,wild type genotype,The University of Heidelberg,2018-12-30T17:01:51Z,2018-05-23T11:12:30Z,public,Illumina HiSeq 2500,4226sTS.Rat.Cerebellum.18.Female_s,SINGLE,PolyA,TRANSCRIPTOMIC,hindbrain,Rattus norvegicus,ILLUMINA,2019-02-19T00:00:00Z,2021-10-24T06:40:00Z,2,SAMEA4680714,E-MTAB-6811:4226sTS.Rat.Cerebellum.18.Female,Rattus norvegicus,female,ERP108920,Holtzman SD,E-MTAB-6811:4226sTS.Rat.Cerebellum.18.Female
ERR2592506,18,RNA-Seq,101,3557437352,PRJEB26889,SAMEA4680715,ArrayExpress,1229204789,"Lausanne Genomics Technology Facility ",Norway rat,public,"fastq,run.zq,sra","ena,gs,ncbi,s3","ena,gs.us-east1,ncbi.public,s3.us-east-1",embryo,2019-02-18,2018-12-30T17:01:51Z,2018-11-16,2018-05-23T11:12:30Z,ERX2608782,embryonic day 18,forebrain,SAMEA4680715,wild type genotype,The University of Heidelberg,2018-12-30T17:01:51Z,2018-05-23T11:12:30Z,public,Illumina HiSeq 2500,4227sTS.Rat.Brain.18.Female_s,SINGLE,PolyA,TRANSCRIPTOMIC,forebrain,Rattus norvegicus,ILLUMINA,2019-02-19T00:00:00Z,2022-07-26T05:57:00Z,2,SAMEA4680715,E-MTAB-6811:4227sTS.Rat.Brain.18.Female,Rattus norvegicus,female,ERP108920,Holtzman SD,E-MTAB-6811:4227sTS.Rat.Brain.18.Female
ERR2592507,18,RNA-Seq,101,3981601699,PRJEB26889,SAMEA4680716,ArrayExpress,1364776852,"Lausanne Genomics Technology Facility ",Norway rat,public,"fastq,run.zq,sra","ena,gs,ncbi,s3","ena,gs.us-east1,ncbi.public,s3.us-east-1",embryo,2019-02-18,2018-12-30T17:01:51Z,2018-11-16,2018-05-23T11:12:30Z,ERX2608783,embryonic day 18,forebrain,SAMEA4680716,wild type genotype,The University of Heidelberg,2018-12-30T17:01:51Z,2018-05-23T11:12:30Z,public,Illumina HiSeq 2500,4249sTS.Rat.Brain.18.Female_s,SINGLE,PolyA,TRANSCRIPTOMIC,forebrain,Rattus norvegicus,ILLUMINA,2019-02-19T00:00:00Z,2022-07-29T21:01:00Z,2,SAMEA4680716,E-MTAB-6811:4249sTS.Rat.Brain.18.Female,Rattus norvegicus,female,ERP108920,Holtzman SD,E-MTAB-6811:4249sTS.Rat.Brain.18.Female
ERR2592508,18,RNA-Seq,101,3274795013,PRJEB26889,SAMEA4680717,ArrayExpress,1218078141,"Lausanne Genomics Technology Facility ",Norway rat,public,"fastq,run.zq,sra","ena,gs,ncbi,s3","ena,gs.us-east1,ncbi.public,s3.us-east-1",embryo,2019-02-18,2018-12-30T17:01:51Z,2018-11-16,2018-05-23T11:12:30Z,ERX2608784,embryonic day 18,hindbrain,SAMEA4680717,wild type genotype,The University of Heidelberg,2018-12-30T17:01:51Z,2018-05-23T11:12:30Z,public,Illumina HiSeq 2500,4261sTS.Rat.Cerebellum.18.Female_s,SINGLE,PolyA,TRANSCRIPTOMIC,hindbrain,Rattus norvegicus,ILLUMINA,2019-02-19T00:00:00Z,2022-07-26T05:57:00Z,2,SAMEA4680717,E-MTAB-6811:4261sTS.Rat.Cerebellum.18.Female,Rattus norvegicus,female,ERP108920,Holtzman SD,E-MTAB-6811:4261sTS.Rat.Cerebellum.18.Female
ERR2592509,18,RNA-Seq,101,2768311828,PRJEB26889,SAMEA4680718,ArrayExpress,1013859380,"Lausanne Genomics Technology Facility ",Norway rat,public,"fastq,run.zq,sra","ena,gs,ncbi,s3","ena,gs.us-east1,ncbi.public,s3.us-east-1",embryo,2019-02-18,2018-12-30T17:01:51Z,2018-11-16,2018-05-23T11:12:30Z,ERX2608785,embryonic day 18,ovary,SAMEA4680718,wild type genotype,The University of Heidelberg,2018-12-30T17:01:51Z,2018-05-23T11:12:30Z,public,Illumina HiSeq 2500,5352sTS.Rat.Ovary.18.Female_s,SINGLE,PolyA,TRANSCRIPTOMIC,ovary,Rattus norvegicus,ILLUMINA,2019-02-19T00:00:00Z,2021-10-24T06:33:00Z,2,SAMEA4680718,E-MTAB-6811:5352sTS.Rat.Ovary.18.Female,Rattus norvegicus,female,ERP108920,Holtzman SD,E-MTAB-6811:5352sTS.Rat.Ovary.18.Female
ERR2592510,18,RNA-Seq,101,2809577701,PRJEB26889,SAMEA4680719,ArrayExpress,1027098932,"Lausanne Genomics Technology Facility ",Norway rat,public,"fastq,run.zq,sra","ena,gs,ncbi,s3","ena,gs.us-east1,ncbi.public,s3.us-east-1",embryo,2019-02-18,2018-12-30T17:01:51Z,2018-11-16,2018-05-23T11:12:30Z,ERX2608786,embryonic day 18,heart,SAMEA4680719,wild type genotype,The University of Heidelberg,2018-12-30T17:01:51Z,2018-05-23T11:12:30Z,public,Illumina HiSeq 2500,5576sTS.Rat.Heart.18.Female_s,SINGLE,PolyA,TRANSCRIPTOMIC,heart,Rattus norvegicus,ILLUMINA,2019-02-19T00:00:00Z,2022-07-26T05:56:00Z,2,SAMEA4680719,E-MTAB-6811:5576sTS.Rat.Heart.18.Female,Rattus norvegicus,female,ERP108920,Holtzman SD,E-MTAB-6811:5576sTS.Rat.Heart.18.Female
ERR2592511,18,RNA-Seq,101,2560084875,PRJEB26889,SAMEA4680720,ArrayExpress,939669075,"Lausanne Genomics Technology Facility ",Norway rat,public,"fastq,run.zq,sra","ena,gs,ncbi,s3","ena,gs.us-east1,ncbi.public,s3.us-east-1",embryo,2019-02-18,2018-12-30T17:01:51Z,2018-11-16,2018-05-23T11:12:30Z,ERX2608787,embryonic day 18,heart,SAMEA4680720,wild type genotype,The University of Heidelberg,2018-12-30T17:01:51Z,2018-05-23T11:12:30Z,public,Illumina HiSeq 2500,5577sTS.Rat.Heart.18.Female_s,SINGLE,PolyA,TRANSCRIPTOMIC,heart,Rattus norvegicus,ILLUMINA,2019-02-19T00:00:00Z,2021-10-24T06:33:00Z,2,SAMEA4680720,E-MTAB-6811:5577sTS.Rat.Heart.18.Female,Rattus norvegicus,female,ERP108920,Holtzman SD,E-MTAB-6811:5577sTS.Rat.Heart.18.Female
ERR2592512,18,RNA-Seq,101,2862919740,PRJEB26889,SAMEA4680721,ArrayExpress,1035099543,"Lausanne Genomics Technology Facility ",Norway rat,public,"fastq,run.zq,sra","ena,gs,ncbi,s3","ena,gs.us-east1,ncbi.public,s3.us-east-1",embryo,2019-02-18,2018-12-30T17:01:51Z,2018-11-16,2018-05-23T11:12:30Z,ERX2608788,embryonic day 18,kidney,SAMEA4680721,wild type genotype,The University of Heidelberg,2018-12-30T17:01:51Z,2018-05-23T11:12:30Z,public,Illumina HiSeq 2500,5596sTS.Rat.Kidney.18.Male_s,SINGLE,PolyA,TRANSCRIPTOMIC,kidney,Rattus norvegicus,ILLUMINA,2019-02-19T00:00:00Z,2022-07-14T06:23:00Z,2,SAMEA4680721,E-MTAB-6811:5596sTS.Rat.Kidney.18.Male,Rattus norvegicus,male,ERP108920,Holtzman SD,E-MTAB-6811:5596sTS.Rat.Kidney.18.Male
ERR2592513,18,RNA-Seq,101,4366350897,PRJEB26889,SAMEA4680722,ArrayExpress,1629854732,"Lausanne Genomics Technology Facility ",Norway rat,public,"fastq,run.zq,sra","ena,gs,ncbi,s3","ena,gs.us-east1,ncbi.public,s3.us-east-1",embryo,2019-02-18,2018-12-30T17:01:51Z,2018-11-16,2018-05-23T11:12:31Z,ERX2608789,embryonic day 18,forebrain,SAMEA4680722,wild type genotype,The University of Heidelberg,2018-12-30T17:01:51Z,2018-05-23T11:12:31Z,public,Illumina HiSeq 2500,5980sTS.Rat.Brain.18.Male_s,SINGLE,PolyA,TRANSCRIPTOMIC,forebrain,Rattus norvegicus,ILLUMINA,2019-02-19T00:00:00Z,2021-10-24T06:55:00Z,2,SAMEA4680722,E-MTAB-6811:5980sTS.Rat.Brain.18.Male,Rattus norvegicus,male,ERP108920,Holtzman SD,E-MTAB-6811:5980sTS.Rat.Brain.18.Male
ERR2592514,18,RNA-Seq,101,6747516393,PRJEB26889,SAMEA4680723,ArrayExpress,2570080160,"Lausanne Genomics Technology Facility ",Norway rat,public,"fastq,run.zq,sra","ena,gs,ncbi,s3","ena,gs.us-east1,ncbi.public,s3.us-east-1",embryo,2019-02-18,2018-12-30T17:01:51Z,2018-11-16,2018-05-23T11:12:31Z,ERX2608790,embryonic day 18,forebrain,SAMEA4680723,wild type genotype,The University of Heidelberg,2018-12-30T17:01:51Z,2018-05-23T11:12:31Z,public,Illumina HiSeq 2500,5981sTS.Rat.Brain.18.Male_s,SINGLE,PolyA,TRANSCRIPTOMIC,forebrain,Rattus norvegicus,ILLUMINA,2019-02-19T00:00:00Z,2022-07-26T06:05:00Z,2,SAMEA4680723,E-MTAB-6811:5981sTS.Rat.Brain.18.Male,Rattus norvegicus,male,ERP108920,Holtzman SD,E-MTAB-6811:5981sTS.Rat.Brain.18.Male
ERR2592515,19,RNA-Seq,101,2763016095,PRJEB26889,SAMEA4680724,ArrayExpress,1859705738,"Lausanne Genomics Technology Facility ",Norway rat,public,"fastq,run.zq,sra","ena,gs,ncbi,s3","ena,gs.us-east1,ncbi.public,s3.us-east-1",embryo,2019-02-18,2018-12-30T17:01:51Z,2018-11-16,2018-05-23T11:12:31Z,ERX2608791,embryonic day 19,forebrain,SAMEA4680724,wild type genotype,The University of Heidelberg,2018-12-30T17:01:51Z,2018-05-23T11:12:31Z,public,Illumina HiSeq 2500,2400sTS.Rat.Brain.19d.Female_s,SINGLE,PolyA,TRANSCRIPTOMIC,forebrain,Rattus norvegicus,ILLUMINA,2019-02-19T00:00:00Z,2022-07-29T14:59:00Z,2,SAMEA4680724,E-MTAB-6811:2400sTS.Rat.Brain.19d.Female,Rattus norvegicus,female,ERP108920,Holtzman SD,E-MTAB-6811:2400sTS.Rat.Brain.19d.Female
ERR2592516,19,RNA-Seq,101,3069845207,PRJEB26889,SAMEA4680725,ArrayExpress,2059470532,"Lausanne Genomics Technology Facility ",Norway rat,public,"fastq,run.zq,sra","ena,gs,ncbi,s3","ena,gs.us-east1,ncbi.public,s3.us-east-1",embryo,2019-02-18,2018-12-30T17:01:51Z,2018-11-16,2018-05-23T11:12:31Z,ERX2608792,embryonic day 19,hindbrain,SAMEA4680725,wild type genotype,The University of Heidelberg,2018-12-30T17:01:51Z,2018-05-23T11:12:31Z,public,Illumina HiSeq 2500,2401sTS.Rat.Cerebellum.19d.Female_s,SINGLE,PolyA,TRANSCRIPTOMIC,hindbrain,Rattus norvegicus,ILLUMINA,2019-02-19T00:00:00Z,2022-07-17T19:32:00Z,2,SAMEA4680725,E-MTAB-6811:2401sTS.Rat.Cerebellum.19d.Female,Rattus norvegicus,female,ERP108920,Holtzman SD,E-MTAB-6811:2401sTS.Rat.Cerebellum.19d.Female
ERR2592517,19,RNA-Seq,101,6005124579,PRJEB26889,SAMEA4680726,ArrayExpress,3945517283,"Lausanne Genomics Technology Facility ",Norway rat,public,"fastq,run.zq,sra","ena,gs,ncbi,s3","ena,gs.us-east1,ncbi.public,s3.us-east-1",embryo,2019-02-18,2018-12-30T17:01:51Z,2018-11-16,2018-05-23T11:12:31Z,ERX2608793,embryonic day 19,forebrain,SAMEA4680726,wild type genotype,The University of Heidelberg,2018-12-30T17:01:51Z,2018-05-23T11:12:31Z,public,Illumina HiSeq 2500,2402sTS.Rat.Brain.19.Female_s,SINGLE,PolyA,TRANSCRIPTOMIC,forebrain,Rattus norvegicus,ILLUMINA,2019-02-19T00:00:00Z,2022-07-26T06:07:00Z,2,SAMEA4680726,E-MTAB-6811:2402sTS.Rat.Brain.19.Female,Rattus norvegicus,female,ERP108920,Holtzman SD,E-MTAB-6811:2402sTS.Rat.Brain.19.Female
ERR2592518,19,RNA-Seq,101,5949668509,PRJEB26889,SAMEA4680727,ArrayExpress,3892417617,"Lausanne Genomics Technology Facility ",Norway rat,public,"fastq,run.zq,sra","ena,gs,ncbi,s3","ena,gs.us-east1,ncbi.public,s3.us-east-1",embryo,2019-02-18,2018-12-30T17:01:51Z,2018-11-16,2018-05-23T11:12:31Z,ERX2608794,embryonic day 19,hindbrain,SAMEA4680727,wild type genotype,The University of Heidelberg,2018-12-30T17:01:51Z,2018-05-23T11:12:31Z,public,Illumina HiSeq 2500,2403sTS.Rat.Cerebellum.19.Female_s,SINGLE,PolyA,TRANSCRIPTOMIC,hindbrain,Rattus norvegicus,ILLUMINA,2019-02-19T00:00:00Z,2022-07-13T12:42:00Z,2,SAMEA4680727,E-MTAB-6811:2403sTS.Rat.Cerebellum.19.Female,Rattus norvegicus,female,ERP108920,Holtzman SD,E-MTAB-6811:2403sTS.Rat.Cerebellum.19.Female
ERR2592519,19,RNA-Seq,101,2692692522,PRJEB26889,SAMEA4680728,ArrayExpress,1801492360,"Lausanne Genomics Technology Facility ",Norway rat,public,"fastq,run.zq,sra","ena,gs,ncbi,s3","ena,gs.us-east1,ncbi.public,s3.us-east-1",embryo,2019-02-18,2018-12-30T17:01:51Z,2018-11-16,2018-05-23T11:12:31Z,ERX2608795,embryonic day 19,forebrain,SAMEA4680728,wild type genotype,The University of Heidelberg,2018-12-30T17:01:51Z,2018-05-23T11:12:31Z,public,Illumina HiSeq 2500,2404sTS.Rat.Brain.19d.Male_s,SINGLE,PolyA,TRANSCRIPTOMIC,forebrain,Rattus norvegicus,ILLUMINA,2019-02-19T00:00:00Z,2022-07-20T17:10:00Z,2,SAMEA4680728,E-MTAB-6811:2404sTS.Rat.Brain.19d.Male,Rattus norvegicus,male,ERP108920,Holtzman SD,E-MTAB-6811:2404sTS.Rat.Brain.19d.Male
ERR2592520,19,RNA-Seq,101,3593036721,PRJEB26889,SAMEA4680729,ArrayExpress,2410948747,"Lausanne Genomics Technology Facility ",Norway rat,public,"fastq,run.zq,sra","ena,gs,ncbi,s3","ena,gs.us-east1,ncbi.public,s3.us-east-1",embryo,2019-02-18,2018-12-30T17:01:51Z,2018-11-16,2018-05-23T11:12:31Z,ERX2608796,embryonic day 19,hindbrain,SAMEA4680729,wild type genotype,The University of Heidelberg,2018-12-30T17:01:51Z,2018-05-23T11:12:31Z,public,Illumina HiSeq 2500,2405sTS.Rat.Cerebellum.19d.Male_s,SINGLE,PolyA,TRANSCRIPTOMIC,hindbrain,Rattus norvegicus,ILLUMINA,2019-02-19T00:00:00Z,2021-10-24T07:05:00Z,2,SAMEA4680729,E-MTAB-6811:2405sTS.Rat.Cerebellum.19d.Male,Rattus norvegicus,male,ERP108920,Holtzman SD,E-MTAB-6811:2405sTS.Rat.Cerebellum.19d.Male
ERR2592521,19,RNA-Seq,101,3902329526,PRJEB26889,SAMEA4680730,ArrayExpress,2568887074,"Lausanne Genomics Technology Facility ",Norway rat,public,"fastq,run.zq,sra","ena,gs,ncbi,s3","ena,gs.us-east1,ncbi.public,s3.us-east-1",embryo,2019-02-18,2018-12-30T17:01:51Z,2018-11-16,2018-05-23T11:12:31Z,ERX2608797,embryonic day 19,forebrain,SAMEA4680730,wild type genotype,The University of Heidelberg,2018-12-30T17:01:51Z,2018-05-23T11:12:31Z,public,Illumina HiSeq 2500,2406sTS.Rat.Brain.19.Male_s,SINGLE,PolyA,TRANSCRIPTOMIC,forebrain,Rattus norvegicus,ILLUMINA,2019-02-19T00:00:00Z,2021-10-24T06:54:00Z,2,SAMEA4680730,E-MTAB-6811:2406sTS.Rat.Brain.19.Male,Rattus norvegicus,male,ERP108920,Holtzman SD,E-MTAB-6811:2406sTS.Rat.Brain.19.Male
ERR2592522,19,RNA-Seq,101,2557011344,PRJEB26889,SAMEA4680731,ArrayExpress,1677572270,"Lausanne Genomics Technology Facility ",Norway rat,public,"fastq,run.zq,sra","ena,gs,ncbi,s3","ena,gs.us-east1,ncbi.public,s3.us-east-1",embryo,2019-02-18,2018-12-30T17:01:51Z,2018-11-16,2018-05-23T11:12:31Z,ERX2608798,embryonic day 19,hindbrain,SAMEA4680731,wild type genotype,The University of Heidelberg,2018-12-30T17:01:51Z,2018-05-23T11:12:31Z,public,Illumina HiSeq 2500,2407sTS.Rat.Cerebellum.19.Male_s,SINGLE,PolyA,TRANSCRIPTOMIC,hindbrain,Rattus norvegicus,ILLUMINA,2019-02-19T00:00:00Z,2021-10-24T06:40:00Z,2,SAMEA4680731,E-MTAB-6811:2407sTS.Rat.Cerebellum.19.Male,Rattus norvegicus,male,ERP108920,Holtzman SD,E-MTAB-6811:2407sTS.Rat.Cerebellum.19.Male
ERR2592523,19,RNA-Seq,101,2690602327,PRJEB26889,SAMEA4680732,ArrayExpress,1792500312,"Lausanne Genomics Technology Facility ",Norway rat,public,"fastq,run.zq,sra","ena,gs,ncbi,s3","ena,gs.us-east1,ncbi.public,s3.us-east-1",embryo,2019-02-18,2018-12-30T17:01:51Z,2018-11-16,2018-05-23T11:12:31Z,ERX2608799,embryonic day 19,testis,SAMEA4680732,wild type genotype,The University of Heidelberg,2018-12-30T17:01:51Z,2018-05-23T11:12:31Z,public,Illumina HiSeq 2500,2426sTS.Rat.Testis.19d.Male_s,SINGLE,PolyA,TRANSCRIPTOMIC,testis,Rattus norvegicus,ILLUMINA,2019-02-19T00:00:00Z,2021-10-24T06:42:00Z,2,SAMEA4680732,E-MTAB-6811:2426sTS.Rat.Testis.19d.Male,Rattus norvegicus,male,ERP108920,Holtzman SD,E-MTAB-6811:2426sTS.Rat.Testis.19d.Male
ERR2592524,19,RNA-Seq,101,2978682607,PRJEB26889,SAMEA4680733,ArrayExpress,1085934191,"Lausanne Genomics Technology Facility ",Norway rat,public,"fastq,run.zq,sra","ena,gs,ncbi,s3","ena,gs.us-east1,ncbi.public,s3.us-east-1",embryo,2019-02-18,2018-12-30T17:01:51Z,2018-11-16,2018-05-23T11:12:31Z,ERX2608800,embryonic day 19,heart,SAMEA4680733,wild type genotype,The University of Heidelberg,2018-12-30T17:01:51Z,2018-05-23T11:12:31Z,public,Illumina HiSeq 2500,2435sTS.Rat.Heart.19.Female_s,SINGLE,PolyA,TRANSCRIPTOMIC,heart,Rattus norvegicus,ILLUMINA,2019-02-19T00:00:00Z,2022-07-26T05:47:00Z,2,SAMEA4680733,E-MTAB-6811:2435sTS.Rat.Heart.19.Female,Rattus norvegicus,female,ERP108920,Holtzman SD,E-MTAB-6811:2435sTS.Rat.Heart.19.Female
ERR2592525,19,RNA-Seq,101,3154035777,PRJEB26889,SAMEA4680734,ArrayExpress,1069886853,"Lausanne Genomics Technology Facility ",Norway rat,public,"fastq,run.zq,sra","ena,gs,ncbi,s3","ena,gs.us-east1,ncbi.public,s3.us-east-1",embryo,2019-02-18,2018-12-30T17:01:51Z,2018-11-16,2018-05-23T11:12:31Z,ERX2608801,embryonic day 19,heart,SAMEA4680734,wild type genotype,The University of Heidelberg,2018-12-30T17:01:51Z,2018-05-23T11:12:31Z,public,Illumina HiSeq 2500,2437sTS.Rat.Heart.19.Female_s,SINGLE,PolyA,TRANSCRIPTOMIC,heart,Rattus norvegicus,ILLUMINA,2019-02-19T00:00:00Z,2022-07-14T04:51:00Z,2,SAMEA4680734,E-MTAB-6811:2437sTS.Rat.Heart.19.Female,Rattus norvegicus,female,ERP108920,Holtzman SD,E-MTAB-6811:2437sTS.Rat.Heart.19.Female
ERR2592526,19,RNA-Seq,101,2680909559,PRJEB26889,SAMEA4680735,ArrayExpress,911575796,"Lausanne Genomics Technology Facility ",Norway rat,public,"fastq,run.zq,sra","ena,gs,ncbi,s3","ena,gs.us-east1,ncbi.public,s3.us-east-1",embryo,2019-02-18,2018-12-30T17:01:51Z,2018-11-16,2018-05-23T11:12:31Z,ERX2608802,embryonic day 19,heart,SAMEA4680735,wild type genotype,The University of Heidelberg,2018-12-30T17:01:51Z,2018-05-23T11:12:31Z,public,Illumina HiSeq 2500,2440sTS.Rat.Heart.19.Male_s,SINGLE,PolyA,TRANSCRIPTOMIC,heart,Rattus norvegicus,ILLUMINA,2019-02-19T00:00:00Z,2022-07-26T05:56:00Z,2,SAMEA4680735,E-MTAB-6811:2440sTS.Rat.Heart.19.Male,Rattus norvegicus,male,ERP108920,Holtzman SD,E-MTAB-6811:2440sTS.Rat.Heart.19.Male
ERR2592527,19,RNA-Seq,101,3487940666,PRJEB26889,SAMEA4680736,ArrayExpress,2183863618,"Lausanne Genomics Technology Facility ",Norway rat,public,"fastq,run.zq,sra","ena,gs,ncbi,s3","ena,gs.us-east1,ncbi.public,s3.us-east-1",embryo,2019-02-18,2018-12-30T17:01:51Z,2018-11-16,2018-05-23T11:12:31Z,ERX2608803,embryonic day 19,ovary,SAMEA4680736,wild type genotype,The University of Heidelberg,2018-12-30T17:01:51Z,2018-05-23T11:12:31Z,public,Illumina HiSeq 2500,2712sTS.Rat.Ovary.19.Female_s,SINGLE,PolyA,TRANSCRIPTOMIC,ovary,Rattus norvegicus,ILLUMINA,2019-02-19T00:00:00Z,2022-07-15T18:16:00Z,2,SAMEA4680736,E-MTAB-6811:2712sTS.Rat.Ovary.19.Female,Rattus norvegicus,female,ERP108920,Holtzman SD,E-MTAB-6811:2712sTS.Rat.Ovary.19.Female
ERR2592528,19,RNA-Seq,101,2632876282,PRJEB26889,SAMEA4680737,ArrayExpress,871236277,"Lausanne Genomics Technology Facility ",Norway rat,public,"fastq,run.zq,sra","ena,gs,ncbi,s3","ena,gs.us-east1,ncbi.public,s3.us-east-1",embryo,2019-02-18,2018-12-30T17:01:51Z,2018-11-16,2018-05-23T11:12:31Z,ERX2608804,embryonic day 19,kidney,SAMEA4680737,wild type genotype,The University of Heidelberg,2018-12-30T17:01:51Z,2018-05-23T11:12:31Z,public,Illumina HiSeq 2500,2713sTS.Rat.Kidney.19.Female_s,SINGLE,PolyA,TRANSCRIPTOMIC,kidney,Rattus norvegicus,ILLUMINA,2019-02-19T00:00:00Z,2022-07-26T05:56:00Z,2,SAMEA4680737,E-MTAB-6811:2713sTS.Rat.Kidney.19.Female,Rattus norvegicus,female,ERP108920,Holtzman SD,E-MTAB-6811:2713sTS.Rat.Kidney.19.Female
ERR2592529,19,RNA-Seq,101,4092221040,PRJEB26889,SAMEA4680738,ArrayExpress,2578043917,"Lausanne Genomics Technology Facility ",Norway rat,public,"fastq,run.zq,sra","ena,gs,ncbi,s3","ena,gs.us-east1,ncbi.public,s3.us-east-1",embryo,2019-02-18,2018-12-30T17:01:51Z,2018-11-16,2018-05-23T11:12:31Z,ERX2608805,embryonic day 19,testis,SAMEA4680738,wild type genotype,The University of Heidelberg,2018-12-30T17:01:51Z,2018-05-23T11:12:31Z,public,Illumina HiSeq 2500,2714sTS.Rat.Testis.19.Male_s,SINGLE,PolyA,TRANSCRIPTOMIC,testis,Rattus norvegicus,ILLUMINA,2019-02-19T00:00:00Z,2021-10-24T06:54:00Z,2,SAMEA4680738,E-MTAB-6811:2714sTS.Rat.Testis.19.Male,Rattus norvegicus,male,ERP108920,Holtzman SD,E-MTAB-6811:2714sTS.Rat.Testis.19.Male
ERR2592530,19,RNA-Seq,101,2855167687,PRJEB26889,SAMEA4680739,ArrayExpress,949439717,"Lausanne Genomics Technology Facility ",Norway rat,public,"fastq,run.zq,sra","ena,gs,ncbi,s3","ena,gs.us-east1,ncbi.public,s3.us-east-1",embryo,2019-02-18,2018-12-30T17:01:51Z,2018-11-16,2018-05-23T11:12:31Z,ERX2608806,embryonic day 19,heart,SAMEA4680739,wild type genotype,The University of Heidelberg,2018-12-30T17:01:51Z,2018-05-23T11:12:31Z,public,Illumina HiSeq 2500,2715sTS.Rat.Heart.19.Male_s,SINGLE,PolyA,TRANSCRIPTOMIC,heart,Rattus norvegicus,ILLUMINA,2019-02-19T00:00:00Z,2022-07-20T15:30:00Z,2,SAMEA4680739,E-MTAB-6811:2715sTS.Rat.Heart.19.Male,Rattus norvegicus,male,ERP108920,Holtzman SD,E-MTAB-6811:2715sTS.Rat.Heart.19.Male
ERR2592531,19,RNA-Seq,101,5091296476,PRJEB26889,SAMEA4680740,ArrayExpress,1876784784,"Lausanne Genomics Technology Facility ",Norway rat,public,"fastq,run.zq,sra","ena,gs,ncbi,s3","ena,gs.us-east1,ncbi.public,s3.us-east-1",embryo,2019-02-18,2018-12-30T17:01:51Z,2018-11-16,2018-05-23T11:12:31Z,ERX2608807,embryonic day 19,kidney,SAMEA4680740,wild type genotype,The University of Heidelberg,2018-12-30T17:01:51Z,2018-05-23T11:12:31Z,public,Illumina HiSeq 2500,2716sTS.Rat.Kidney.19.Male_s,SINGLE,PolyA,TRANSCRIPTOMIC,kidney,Rattus norvegicus,ILLUMINA,2019-02-19T00:00:00Z,2021-10-24T06:56:00Z,2,SAMEA4680740,E-MTAB-6811:2716sTS.Rat.Kidney.19.Male,Rattus norvegicus,male,ERP108920,Holtzman SD,E-MTAB-6811:2716sTS.Rat.Kidney.19.Male
ERR2592532,19,RNA-Seq,101,3312733946,PRJEB26889,SAMEA4680741,ArrayExpress,1233712282,"Lausanne Genomics Technology Facility ",Norway rat,public,"fastq,run.zq,sra","ena,gs,ncbi,s3","ena,gs.us-east1,ncbi.public,s3.us-east-1",embryo,2019-02-18,2018-12-30T17:01:51Z,2018-11-16,2018-05-23T11:12:31Z,ERX2608808,embryonic day 19,kidney,SAMEA4680741,wild type genotype,The University of Heidelberg,2018-12-30T17:01:51Z,2018-05-23T11:12:31Z,public,Illumina HiSeq 2500,2857sTS.Rat.Kidney.19.Male_s,SINGLE,PolyA,TRANSCRIPTOMIC,kidney,Rattus norvegicus,ILLUMINA,2019-02-19T00:00:00Z,2022-07-14T16:36:00Z,2,SAMEA4680741,E-MTAB-6811:2857sTS.Rat.Kidney.19.Male,Rattus norvegicus,male,ERP108920,Holtzman SD,E-MTAB-6811:2857sTS.Rat.Kidney.19.Male
ERR2592533,19,RNA-Seq,101,3589342646,PRJEB26889,SAMEA4680742,ArrayExpress,1329581129,"Lausanne Genomics Technology Facility ",Norway rat,public,"fastq,run.zq,sra","ena,gs,ncbi,s3","ena,gs.us-east1,ncbi.public,s3.us-east-1",embryo,2019-02-18,2018-12-30T17:01:51Z,2018-11-16,2018-05-23T11:12:31Z,ERX2608809,embryonic day 19,kidney,SAMEA4680742,wild type genotype,The University of Heidelberg,2018-12-30T17:01:51Z,2018-05-23T11:12:31Z,public,Illumina HiSeq 2500,2858sTS.Rat.Kidney.19.Female_s,SINGLE,PolyA,TRANSCRIPTOMIC,kidney,Rattus norvegicus,ILLUMINA,2019-02-19T00:00:00Z,2022-07-26T05:58:00Z,2,SAMEA4680742,E-MTAB-6811:2858sTS.Rat.Kidney.19.Female,Rattus norvegicus,female,ERP108920,Holtzman SD,E-MTAB-6811:2858sTS.Rat.Kidney.19.Female
ERR2592534,19,RNA-Seq,101,3021436614,PRJEB26889,SAMEA4680743,ArrayExpress,1095778634,"Lausanne Genomics Technology Facility ",Norway rat,public,"fastq,run.zq,sra","ena,gs,ncbi,s3","ena,gs.us-east1,ncbi.public,s3.us-east-1",embryo,2019-02-18,2018-12-30T17:01:51Z,2018-11-16,2018-05-23T11:12:31Z,ERX2608810,embryonic day 19,ovary,SAMEA4680743,wild type genotype,The University of Heidelberg,2018-12-30T17:01:51Z,2018-05-23T11:12:31Z,public,Illumina HiSeq 2500,4034sTS.Rat.Ovary.19.Female_s,SINGLE,PolyA,TRANSCRIPTOMIC,ovary,Rattus norvegicus,ILLUMINA,2019-02-19T00:00:00Z,2022-07-26T05:57:00Z,2,SAMEA4680743,E-MTAB-6811:4034sTS.Rat.Ovary.19.Female,Rattus norvegicus,female,ERP108920,Holtzman SD,E-MTAB-6811:4034sTS.Rat.Ovary.19.Female
ERR2592535,19,RNA-Seq,101,3580360211,PRJEB26889,SAMEA4680744,ArrayExpress,1298179881,"Lausanne Genomics Technology Facility ",Norway rat,public,"fastq,run.zq,sra","ena,gs,ncbi,s3","ena,gs.us-east1,ncbi.public,s3.us-east-1",embryo,2019-02-18,2018-12-30T17:01:51Z,2018-11-16,2018-05-23T11:12:32Z,ERX2608811,embryonic day 19,liver,SAMEA4680744,wild type genotype,The University of Heidelberg,2018-12-30T17:01:51Z,2018-05-23T11:12:32Z,public,Illumina HiSeq 2500,4035sTS.Rat.Liver.19.Female_s,SINGLE,PolyA,TRANSCRIPTOMIC,liver,Rattus norvegicus,ILLUMINA,2019-02-19T00:00:00Z,2022-07-15T18:18:00Z,2,SAMEA4680744,E-MTAB-6811:4035sTS.Rat.Liver.19.Female,Rattus norvegicus,female,ERP108920,Holtzman SD,E-MTAB-6811:4035sTS.Rat.Liver.19.Female
ERR2592536,19,RNA-Seq,101,5173929323,PRJEB26889,SAMEA4680745,ArrayExpress,1868502050,"Lausanne Genomics Technology Facility ",Norway rat,public,"fastq,run.zq,sra","ena,gs,ncbi,s3","ena,gs.us-east1,ncbi.public,s3.us-east-1",embryo,2019-02-18,2018-12-30T17:01:51Z,2018-11-16,2018-05-23T11:12:32Z,ERX2608812,embryonic day 19,liver,SAMEA4680745,wild type genotype,The University of Heidelberg,2018-12-30T17:01:51Z,2018-05-23T11:12:32Z,public,Illumina HiSeq 2500,4036sTS.Rat.Liver.19.Male_s,SINGLE,PolyA,TRANSCRIPTOMIC,liver,Rattus norvegicus,ILLUMINA,2019-02-19T00:00:00Z,2022-07-12T16:29:00Z,2,SAMEA4680745,E-MTAB-6811:4036sTS.Rat.Liver.19.Male,Rattus norvegicus,male,ERP108920,Holtzman SD,E-MTAB-6811:4036sTS.Rat.Liver.19.Male
ERR2592537,19,RNA-Seq,101,5435196224,PRJEB26889,SAMEA4680746,ArrayExpress,1959196994,"Lausanne Genomics Technology Facility ",Norway rat,public,"fastq,run.zq,sra","ena,gs,ncbi,s3","ena,gs.us-east1,ncbi.public,s3.us-east-1",embryo,2019-02-18,2018-12-30T17:01:51Z,2018-11-16,2018-05-23T11:12:32Z,ERX2608813,embryonic day 19,liver,SAMEA4680746,wild type genotype,The University of Heidelberg,2018-12-30T17:01:51Z,2018-05-23T11:12:32Z,public,Illumina HiSeq 2500,4037sTS.Rat.Liver.19.Female_s,SINGLE,PolyA,TRANSCRIPTOMIC,liver,Rattus norvegicus,ILLUMINA,2019-02-19T00:00:00Z,2021-10-24T07:03:00Z,2,SAMEA4680746,E-MTAB-6811:4037sTS.Rat.Liver.19.Female,Rattus norvegicus,female,ERP108920,Holtzman SD,E-MTAB-6811:4037sTS.Rat.Liver.19.Female
ERR2592538,19,RNA-Seq,101,3678981863,PRJEB26889,SAMEA4680747,ArrayExpress,1325144206,"Lausanne Genomics Technology Facility ",Norway rat,public,"fastq,run.zq,sra","ena,gs,ncbi,s3","ena,gs.us-east1,ncbi.public,s3.us-east-1",embryo,2019-02-18,2018-12-30T17:01:52Z,2018-11-16,2018-05-23T11:12:32Z,ERX2608814,embryonic day 19,liver,SAMEA4680747,wild type genotype,The University of Heidelberg,2018-12-30T17:01:52Z,2018-05-23T11:12:32Z,public,Illumina HiSeq 2500,4038sTS.Rat.Liver.19.Male_s,SINGLE,PolyA,TRANSCRIPTOMIC,liver,Rattus norvegicus,ILLUMINA,2019-02-19T00:00:00Z,2022-07-17T12:05:00Z,2,SAMEA4680747,E-MTAB-6811:4038sTS.Rat.Liver.19.Male,Rattus norvegicus,male,ERP108920,Holtzman SD,E-MTAB-6811:4038sTS.Rat.Liver.19.Male
ERR2592539,20,RNA-Seq,101,3546730443,PRJEB26889,SAMEA4680748,ArrayExpress,2238138253,"Lausanne Genomics Technology Facility ",Norway rat,public,"fastq,run.zq,sra","ena,gs,ncbi,s3","ena,gs.us-east1,ncbi.public,s3.us-east-1",embryo,2019-02-18,2018-12-30T17:01:52Z,2018-11-16,2018-05-23T11:12:32Z,ERX2608815,embryonic day 20,forebrain,SAMEA4680748,wild type genotype,The University of Heidelberg,2018-12-30T17:01:52Z,2018-05-23T11:12:32Z,public,Illumina HiSeq 2500,2672sTS.Rat.Brain.20.Male_s,SINGLE,PolyA,TRANSCRIPTOMIC,forebrain,Rattus norvegicus,ILLUMINA,2019-02-19T00:00:00Z,2022-07-21T10:19:00Z,2,SAMEA4680748,E-MTAB-6811:2672sTS.Rat.Brain.20.Male,Rattus norvegicus,male,ERP108920,Holtzman SD,E-MTAB-6811:2672sTS.Rat.Brain.20.Male
ERR2592540,20,RNA-Seq,101,3557722879,PRJEB26889,SAMEA4680749,ArrayExpress,2231174250,"Lausanne Genomics Technology Facility ",Norway rat,public,"fastq,run.zq,sra","ena,gs,ncbi,s3","ena,gs.us-east1,ncbi.public,s3.us-east-1",embryo,2019-02-18,2018-12-30T17:01:52Z,2018-11-16,2018-05-23T11:12:32Z,ERX2608816,embryonic day 20,hindbrain,SAMEA4680749,wild type genotype,The University of Heidelberg,2018-12-30T17:01:52Z,2018-05-23T11:12:32Z,public,Illumina HiSeq 2500,2673sTS.Rat.Cerebellum.20.Male_s,SINGLE,PolyA,TRANSCRIPTOMIC,hindbrain,Rattus norvegicus,ILLUMINA,2019-02-19T00:00:00Z,2022-07-26T05:59:00Z,2,SAMEA4680749,E-MTAB-6811:2673sTS.Rat.Cerebellum.20.Male,Rattus norvegicus,male,ERP108920,Holtzman SD,E-MTAB-6811:2673sTS.Rat.Cerebellum.20.Male
ERR2592541,20,RNA-Seq,101,3171834300,PRJEB26889,SAMEA4680750,ArrayExpress,1990734032,"Lausanne Genomics Technology Facility ",Norway rat,public,"fastq,run.zq,sra","ena,gs,ncbi,s3","ena,gs.us-east1,ncbi.public,s3.us-east-1",embryo,2019-02-18,2018-12-30T17:01:52Z,2018-11-16,2018-05-23T11:12:32Z,ERX2608817,embryonic day 20,forebrain,SAMEA4680750,wild type genotype,The University of Heidelberg,2018-12-30T17:01:52Z,2018-05-23T11:12:32Z,public,Illumina HiSeq 2500,2677sTS.Rat.Brain.20.Female_s,SINGLE,PolyA,TRANSCRIPTOMIC,forebrain,Rattus norvegicus,ILLUMINA,2019-02-19T00:00:00Z,2021-10-24T06:46:00Z,2,SAMEA4680750,E-MTAB-6811:2677sTS.Rat.Brain.20.Female,Rattus norvegicus,female,ERP108920,Holtzman SD,E-MTAB-6811:2677sTS.Rat.Brain.20.Female
ERR2592542,20,RNA-Seq,101,3235695792,PRJEB26889,SAMEA4680751,ArrayExpress,2025256091,"Lausanne Genomics Technology Facility ",Norway rat,public,"fastq,run.zq,sra","ena,gs,ncbi,s3","ena,gs.us-east1,ncbi.public,s3.us-east-1",embryo,2019-02-18,2018-12-30T17:01:52Z,2018-11-16,2018-05-23T11:12:32Z,ERX2608818,embryonic day 20,hindbrain,SAMEA4680751,wild type genotype,The University of Heidelberg,2018-12-30T17:01:52Z,2018-05-23T11:12:32Z,public,Illumina HiSeq 2500,2678sTS.Rat.Cerebellum.20.Female_s,SINGLE,PolyA,TRANSCRIPTOMIC,hindbrain,Rattus norvegicus,ILLUMINA,2019-02-19T00:00:00Z,2021-10-24T06:58:00Z,2,SAMEA4680751,E-MTAB-6811:2678sTS.Rat.Cerebellum.20.Female,Rattus norvegicus,female,ERP108920,Holtzman SD,E-MTAB-6811:2678sTS.Rat.Cerebellum.20.Female
ERR2592543,20,RNA-Seq,101,3484361428,PRJEB26889,SAMEA4680752,ArrayExpress,2184127011,"Lausanne Genomics Technology Facility ",Norway rat,public,"fastq,run.zq,sra","ena,gs,ncbi,s3","ena,gs.us-east1,ncbi.public,s3.us-east-1",embryo,2019-02-18,2018-12-30T17:01:52Z,2018-11-16,2018-05-23T11:12:32Z,ERX2608819,embryonic day 20,ovary,SAMEA4680752,wild type genotype,The University of Heidelberg,2018-12-30T17:01:52Z,2018-05-23T11:12:32Z,public,Illumina HiSeq 2500,2679sTS.Rat.Ovary.20.Female_s,SINGLE,PolyA,TRANSCRIPTOMIC,ovary,Rattus norvegicus,ILLUMINA,2019-02-19T00:00:00Z,2022-07-26T06:00:00Z,2,SAMEA4680752,E-MTAB-6811:2679sTS.Rat.Ovary.20.Female,Rattus norvegicus,female,ERP108920,Holtzman SD,E-MTAB-6811:2679sTS.Rat.Ovary.20.Female
ERR2592544,20,RNA-Seq,101,3074706842,PRJEB26889,SAMEA4680753,ArrayExpress,1921477753,"Lausanne Genomics Technology Facility ",Norway rat,public,"fastq,run.zq,sra","ena,gs,ncbi,s3","ena,gs.us-east1,ncbi.public,s3.us-east-1",embryo,2019-02-18,2018-12-30T17:01:52Z,2018-11-16,2018-05-23T11:12:32Z,ERX2608820,embryonic day 20,testis,SAMEA4680753,wild type genotype,The University of Heidelberg,2018-12-30T17:01:52Z,2018-05-23T11:12:32Z,public,Illumina HiSeq 2500,2680sTS.Rat.Testis.20.Male_s,SINGLE,PolyA,TRANSCRIPTOMIC,testis,Rattus norvegicus,ILLUMINA,2019-02-19T00:00:00Z,2022-07-21T19:16:00Z,2,SAMEA4680753,E-MTAB-6811:2680sTS.Rat.Testis.20.Male,Rattus norvegicus,male,ERP108920,Holtzman SD,E-MTAB-6811:2680sTS.Rat.Testis.20.Male
ERR2592545,20,RNA-Seq,101,4290973284,PRJEB26889,SAMEA4680754,ArrayExpress,1640701104,"Lausanne Genomics Technology Facility ",Norway rat,public,"fastq,run.zq,sra","ena,gs,ncbi,s3","ena,gs.us-east1,ncbi.public,s3.us-east-1",embryo,2019-02-18,2018-12-30T17:01:52Z,2018-11-16,2018-05-23T11:12:32Z,ERX2608821,embryonic day 20,heart,SAMEA4680754,wild type genotype,The University of Heidelberg,2018-12-30T17:01:52Z,2018-05-23T11:12:32Z,public,Illumina HiSeq 2500,2683sTS.Rat.Heart.20.Female_s,SINGLE,PolyA,TRANSCRIPTOMIC,heart,Rattus norvegicus,ILLUMINA,2019-02-19T00:00:00Z,2022-07-26T05:48:00Z,2,SAMEA4680754,E-MTAB-6811:2683sTS.Rat.Heart.20.Female,Rattus norvegicus,female,ERP108920,Holtzman SD,E-MTAB-6811:2683sTS.Rat.Heart.20.Female
ERR2592546,20,RNA-Seq,101,3092570611,PRJEB26889,SAMEA4680755,ArrayExpress,1045998930,"Lausanne Genomics Technology Facility ",Norway rat,public,"fastq,run.zq,sra","ena,gs,ncbi,s3","ena,gs.us-east1,ncbi.public,s3.us-east-1",embryo,2019-02-18,2018-12-30T17:01:51Z,2018-11-16,2018-05-23T11:12:32Z,ERX2608822,embryonic day 20,heart,SAMEA4680755,wild type genotype,The University of Heidelberg,2018-12-30T17:01:51Z,2018-05-23T11:12:32Z,public,Illumina HiSeq 2500,2684sTS.Rat.Heart.20.Male_s,SINGLE,PolyA,TRANSCRIPTOMIC,heart,Rattus norvegicus,ILLUMINA,2019-02-19T00:00:00Z,2022-07-26T05:57:00Z,2,SAMEA4680755,E-MTAB-6811:2684sTS.Rat.Heart.20.Male,Rattus norvegicus,male,ERP108920,Holtzman SD,E-MTAB-6811:2684sTS.Rat.Heart.20.Male
ERR2592547,20,RNA-Seq,101,4325807376,PRJEB26889,SAMEA4680756,ArrayExpress,2778070671,"Lausanne Genomics Technology Facility ",Norway rat,public,"fastq,run.zq,sra","ena,gs,ncbi,s3","ena,gs.us-east1,ncbi.public,s3.us-east-1",embryo,2019-02-18,2018-12-30T17:01:51Z,2018-11-16,2018-05-23T11:12:32Z,ERX2608823,embryonic day 20,forebrain,SAMEA4680756,wild type genotype,The University of Heidelberg,2018-12-30T17:01:51Z,2018-05-23T11:12:32Z,public,Illumina HiSeq 2500,2690sTS.Rat.Brain.20.Female_s,SINGLE,PolyA,TRANSCRIPTOMIC,forebrain,Rattus norvegicus,ILLUMINA,2019-02-19T00:00:00Z,2022-07-18T16:25:00Z,2,SAMEA4680756,E-MTAB-6811:2690sTS.Rat.Brain.20.Female,Rattus norvegicus,female,ERP108920,Holtzman SD,E-MTAB-6811:2690sTS.Rat.Brain.20.Female
ERR2592548,20,RNA-Seq,101,3754049608,PRJEB26889,SAMEA4680757,ArrayExpress,2395511524,"Lausanne Genomics Technology Facility ",Norway rat,public,"fastq,run.zq,sra","ena,gs,ncbi,s3","ena,gs.us-east1,ncbi.public,s3.us-east-1",embryo,2019-02-18,2018-12-30T17:01:51Z,2018-11-16,2018-05-23T11:12:32Z,ERX2608824,embryonic day 20,forebrain,SAMEA4680757,wild type genotype,The University of Heidelberg,2018-12-30T17:01:51Z,2018-05-23T11:12:32Z,public,Illumina HiSeq 2500,2691sTS.Rat.Brain.20.Male_s,SINGLE,PolyA,TRANSCRIPTOMIC,forebrain,Rattus norvegicus,ILLUMINA,2019-02-19T00:00:00Z,2022-07-14T04:55:00Z,2,SAMEA4680757,E-MTAB-6811:2691sTS.Rat.Brain.20.Male,Rattus norvegicus,male,ERP108920,Holtzman SD,E-MTAB-6811:2691sTS.Rat.Brain.20.Male
ERR2592549,20,RNA-Seq,101,3910796154,PRJEB26889,SAMEA4680758,ArrayExpress,2490100366,"Lausanne Genomics Technology Facility ",Norway rat,public,"fastq,run.zq,sra","ena,gs,ncbi,s3","ena,gs.us-east1,ncbi.public,s3.us-east-1",embryo,2019-02-18,2018-12-30T17:01:51Z,2018-11-16,2018-05-23T11:12:32Z,ERX2608825,embryonic day 20,hindbrain,SAMEA4680758,wild type genotype,The University of Heidelberg,2018-12-30T17:01:51Z,2018-05-23T11:12:32Z,public,Illumina HiSeq 2500,2692sTS.Rat.Cerebellum.20.Female_s,SINGLE,PolyA,TRANSCRIPTOMIC,hindbrain,Rattus norvegicus,ILLUMINA,2019-02-19T00:00:00Z,2021-10-24T06:55:00Z,2,SAMEA4680758,E-MTAB-6811:2692sTS.Rat.Cerebellum.20.Female,Rattus norvegicus,female,ERP108920,Holtzman SD,E-MTAB-6811:2692sTS.Rat.Cerebellum.20.Female
ERR2592550,20,RNA-Seq,101,3687971267,PRJEB26889,SAMEA4680759,ArrayExpress,2302610537,"Lausanne Genomics Technology Facility ",Norway rat,public,"fastq,run.zq,sra","ena,gs,ncbi,s3","ena,gs.us-east1,ncbi.public,s3.us-east-1",embryo,2019-02-18,2018-12-30T17:01:51Z,2018-11-16,2018-05-23T11:12:32Z,ERX2608826,embryonic day 20,liver,SAMEA4680759,wild type genotype,The University of Heidelberg,2018-12-30T17:01:51Z,2018-05-23T11:12:32Z,public,Illumina HiSeq 2500,2693sTS.Rat.Liver.20.Female_s,SINGLE,PolyA,TRANSCRIPTOMIC,liver,Rattus norvegicus,ILLUMINA,2019-02-19T00:00:00Z,2022-07-15T18:20:00Z,2,SAMEA4680759,E-MTAB-6811:2693sTS.Rat.Liver.20.Female,Rattus norvegicus,female,ERP108920,Holtzman SD,E-MTAB-6811:2693sTS.Rat.Liver.20.Female
ERR2592551,20,RNA-Seq,101,3166843991,PRJEB26889,SAMEA4680760,ArrayExpress,1990615290,"Lausanne Genomics Technology Facility ",Norway rat,public,"fastq,run.zq,sra","ena,gs,ncbi,s3","ena,gs.us-east1,ncbi.public,s3.us-east-1",embryo,2019-02-18,2018-12-30T17:01:51Z,2018-11-16,2018-05-23T11:12:33Z,ERX2608827,embryonic day 20,liver,SAMEA4680760,wild type genotype,The University of Heidelberg,2018-12-30T17:01:51Z,2018-05-23T11:12:33Z,public,Illumina HiSeq 2500,2694sTS.Rat.Liver.20.Male_s,SINGLE,PolyA,TRANSCRIPTOMIC,liver,Rattus norvegicus,ILLUMINA,2019-02-19T00:00:00Z,2021-10-24T06:44:00Z,2,SAMEA4680760,E-MTAB-6811:2694sTS.Rat.Liver.20.Male,Rattus norvegicus,male,ERP108920,Holtzman SD,E-MTAB-6811:2694sTS.Rat.Liver.20.Male
ERR2592552,20,RNA-Seq,101,3264137796,PRJEB26889,SAMEA4680761,ArrayExpress,1088315498,"Lausanne Genomics Technology Facility ",Norway rat,public,"fastq,run.zq,sra","ena,gs,ncbi,s3","ena,gs.us-east1,ncbi.public,s3.us-east-1",embryo,2019-02-18,2018-12-30T17:01:51Z,2018-11-16,2018-05-23T11:12:33Z,ERX2608828,embryonic day 20,kidney,SAMEA4680761,wild type genotype,The University of Heidelberg,2018-12-30T17:01:51Z,2018-05-23T11:12:33Z,public,Illumina HiSeq 2500,2695sTS.Rat.Kidney.20.Female_s,SINGLE,PolyA,TRANSCRIPTOMIC,kidney,Rattus norvegicus,ILLUMINA,2019-02-19T00:00:00Z,2022-07-13T22:38:00Z,2,SAMEA4680761,E-MTAB-6811:2695sTS.Rat.Kidney.20.Female,Rattus norvegicus,female,ERP108920,Holtzman SD,E-MTAB-6811:2695sTS.Rat.Kidney.20.Female
ERR2592553,20,RNA-Seq,101,4700317093,PRJEB26889,SAMEA4680762,ArrayExpress,1721900295,"Lausanne Genomics Technology Facility ",Norway rat,public,"fastq,run.zq,sra","ena,gs,ncbi,s3","ena,gs.us-east1,ncbi.public,s3.us-east-1",embryo,2019-02-18,2018-12-30T17:01:51Z,2018-11-16,2018-05-23T11:12:33Z,ERX2608829,embryonic day 20,kidney,SAMEA4680762,wild type genotype,The University of Heidelberg,2018-12-30T17:01:51Z,2018-05-23T11:12:33Z,public,Illumina HiSeq 2500,2696sTS.Rat.Kidney.20.Female_s,SINGLE,PolyA,TRANSCRIPTOMIC,kidney,Rattus norvegicus,ILLUMINA,2019-02-19T00:00:00Z,2022-07-12T19:16:00Z,2,SAMEA4680762,E-MTAB-6811:2696sTS.Rat.Kidney.20.Female,Rattus norvegicus,female,ERP108920,Holtzman SD,E-MTAB-6811:2696sTS.Rat.Kidney.20.Female
ERR2592554,20,RNA-Seq,101,4610593945,PRJEB26889,SAMEA4680763,ArrayExpress,1679578361,"Lausanne Genomics Technology Facility ",Norway rat,public,"fastq,run.zq,sra","ena,gs,ncbi,s3","ena,gs.us-east1,ncbi.public,s3.us-east-1",embryo,2019-02-18,2018-12-30T17:01:51Z,2018-11-16,2018-05-23T11:12:33Z,ERX2608830,embryonic day 20,kidney,SAMEA4680763,wild type genotype,The University of Heidelberg,2018-12-30T17:01:51Z,2018-05-23T11:12:33Z,public,Illumina HiSeq 2500,2697sTS.Rat.Kidney.20.Male_s,SINGLE,PolyA,TRANSCRIPTOMIC,kidney,Rattus norvegicus,ILLUMINA,2019-02-19T00:00:00Z,2022-07-26T06:01:00Z,2,SAMEA4680763,E-MTAB-6811:2697sTS.Rat.Kidney.20.Male,Rattus norvegicus,male,ERP108920,Holtzman SD,E-MTAB-6811:2697sTS.Rat.Kidney.20.Male
ERR2592555,20,RNA-Seq,101,2957704604,PRJEB26889,SAMEA4680764,ArrayExpress,985841443,"Lausanne Genomics Technology Facility ",Norway rat,public,"fastq,run.zq,sra","ena,gs,ncbi,s3","ena,gs.us-east1,ncbi.public,s3.us-east-1",embryo,2019-02-18,2018-12-30T17:01:51Z,2018-11-16,2018-05-23T11:12:33Z,ERX2608831,embryonic day 20,heart,SAMEA4680764,wild type genotype,The University of Heidelberg,2018-12-30T17:01:51Z,2018-05-23T11:12:33Z,public,Illumina HiSeq 2500,2698sTS.Rat.Heart.20.Female_s,SINGLE,PolyA,TRANSCRIPTOMIC,heart,Rattus norvegicus,ILLUMINA,2019-02-19T00:00:00Z,2022-07-13T12:17:00Z,2,SAMEA4680764,E-MTAB-6811:2698sTS.Rat.Heart.20.Female,Rattus norvegicus,female,ERP108920,Holtzman SD,E-MTAB-6811:2698sTS.Rat.Heart.20.Female
ERR2592556,20,RNA-Seq,101,3307679502,PRJEB26889,SAMEA4680765,ArrayExpress,2112756552,"Lausanne Genomics Technology Facility ",Norway rat,public,"fastq,run.zq,sra","ena,gs,ncbi,s3","ena,gs.us-east1,ncbi.public,s3.us-east-1",embryo,2019-02-18,2018-12-30T17:01:51Z,2018-11-16,2018-05-23T11:12:33Z,ERX2608832,embryonic day 20,ovary,SAMEA4680765,wild type genotype,The University of Heidelberg,2018-12-30T17:01:51Z,2018-05-23T11:12:33Z,public,Illumina HiSeq 2500,2699sTS.Rat.Ovary.20.Female_s,SINGLE,PolyA,TRANSCRIPTOMIC,ovary,Rattus norvegicus,ILLUMINA,2019-02-19T00:00:00Z,2022-07-18T06:41:00Z,2,SAMEA4680765,E-MTAB-6811:2699sTS.Rat.Ovary.20.Female,Rattus norvegicus,female,ERP108920,Holtzman SD,E-MTAB-6811:2699sTS.Rat.Ovary.20.Female
ERR2592557,20,RNA-Seq,101,4436963229,PRJEB26889,SAMEA4680766,ArrayExpress,2822388616,"Lausanne Genomics Technology Facility ",Norway rat,public,"fastq,run.zq,sra","ena,gs,ncbi,s3","ena,gs.us-east1,ncbi.public,s3.us-east-1",embryo,2019-02-18,2018-12-30T17:01:51Z,2018-11-16,2018-05-23T11:12:33Z,ERX2608833,embryonic day 20,hindbrain,SAMEA4680766,wild type genotype,The University of Heidelberg,2018-12-30T17:01:51Z,2018-05-23T11:12:33Z,public,Illumina HiSeq 2500,2700sTS.Rat.Cerebellum.20.Male_s,SINGLE,PolyA,TRANSCRIPTOMIC,hindbrain,Rattus norvegicus,ILLUMINA,2019-02-19T00:00:00Z,2022-07-22T01:04:00Z,2,SAMEA4680766,E-MTAB-6811:2700sTS.Rat.Cerebellum.20.Male,Rattus norvegicus,male,ERP108920,Holtzman SD,E-MTAB-6811:2700sTS.Rat.Cerebellum.20.Male
ERR2592558,20,RNA-Seq,101,3146833467,PRJEB26889,SAMEA4680767,ArrayExpress,1970047499,"Lausanne Genomics Technology Facility ",Norway rat,public,"fastq,run.zq,sra","ena,gs,ncbi,s3","ena,gs.us-east1,ncbi.public,s3.us-east-1",embryo,2019-02-18,2018-12-30T17:01:51Z,2018-11-16,2018-05-23T11:12:33Z,ERX2608834,embryonic day 20,liver,SAMEA4680767,wild type genotype,The University of Heidelberg,2018-12-30T17:01:51Z,2018-05-23T11:12:33Z,public,Illumina HiSeq 2500,2701sTS.Rat.Liver.20.Female_s,SINGLE,PolyA,TRANSCRIPTOMIC,liver,Rattus norvegicus,ILLUMINA,2019-02-19T00:00:00Z,2021-10-24T06:52:00Z,2,SAMEA4680767,E-MTAB-6811:2701sTS.Rat.Liver.20.Female,Rattus norvegicus,female,ERP108920,Holtzman SD,E-MTAB-6811:2701sTS.Rat.Liver.20.Female
ERR2592559,20,RNA-Seq,101,2613929187,PRJEB26889,SAMEA4680768,ArrayExpress,865968653,"Lausanne Genomics Technology Facility ",Norway rat,public,"fastq,run.zq,sra","ena,gs,ncbi,s3","ena,gs.us-east1,ncbi.public,s3.us-east-1",embryo,2019-02-18,2018-12-30T17:01:51Z,2018-11-16,2018-05-23T11:12:33Z,ERX2608835,embryonic day 20,heart,SAMEA4680768,wild type genotype,The University of Heidelberg,2018-12-30T17:01:51Z,2018-05-23T11:12:33Z,public,Illumina HiSeq 2500,2702sTS.Rat.Heart.20.Male_s,SINGLE,PolyA,TRANSCRIPTOMIC,heart,Rattus norvegicus,ILLUMINA,2019-02-19T00:00:00Z,2021-10-24T06:33:00Z,2,SAMEA4680768,E-MTAB-6811:2702sTS.Rat.Heart.20.Male,Rattus norvegicus,male,ERP108920,Holtzman SD,E-MTAB-6811:2702sTS.Rat.Heart.20.Male
ERR2592560,20,RNA-Seq,101,3955816702,PRJEB26889,SAMEA4680769,ArrayExpress,2610351737,"Lausanne Genomics Technology Facility ",Norway rat,public,"fastq,run.zq,sra","ena,gs,ncbi,s3","ena,gs.us-east1,ncbi.public,s3.us-east-1",embryo,2019-02-18,2018-12-30T17:01:51Z,2018-11-16,2018-05-23T11:12:33Z,ERX2608836,embryonic day 20,liver,SAMEA4680769,wild type genotype,The University of Heidelberg,2018-12-30T17:01:51Z,2018-05-23T11:12:33Z,public,Illumina HiSeq 2500,2703sTS.Rat.Liver.20.Male_s,SINGLE,PolyA,TRANSCRIPTOMIC,liver,Rattus norvegicus,ILLUMINA,2019-02-19T00:00:00Z,2022-07-26T06:00:00Z,2,SAMEA4680769,E-MTAB-6811:2703sTS.Rat.Liver.20.Male,Rattus norvegicus,male,ERP108920,Holtzman SD,E-MTAB-6811:2703sTS.Rat.Liver.20.Male
ERR2592561,20,RNA-Seq,101,4625415291,PRJEB26889,SAMEA4680770,ArrayExpress,2902748794,"Lausanne Genomics Technology Facility ",Norway rat,public,"fastq,run.zq,sra","ena,gs,ncbi,s3","ena,gs.us-east1,ncbi.public,s3.us-east-1",embryo,2019-02-18,2018-12-30T17:01:51Z,2018-11-16,2018-05-23T11:12:33Z,ERX2608837,embryonic day 20,testis,SAMEA4680770,wild type genotype,The University of Heidelberg,2018-12-30T17:01:51Z,2018-05-23T11:12:33Z,public,Illumina HiSeq 2500,2704sTS.Rat.Testis.20.Male_s,SINGLE,PolyA,TRANSCRIPTOMIC,testis,Rattus norvegicus,ILLUMINA,2019-02-19T00:00:00Z,2022-07-13T12:27:00Z,2,SAMEA4680770,E-MTAB-6811:2704sTS.Rat.Testis.20.Male,Rattus norvegicus,male,ERP108920,Holtzman SD,E-MTAB-6811:2704sTS.Rat.Testis.20.Male
ERR2592562,20,RNA-Seq,101,3702977342,PRJEB26889,SAMEA4680771,ArrayExpress,1356778166,"Lausanne Genomics Technology Facility ",Norway rat,public,"fastq,run.zq,sra","ena,gs,ncbi,s3","ena,gs.us-east1,ncbi.public,s3.us-east-1",embryo,2019-02-18,2018-12-30T17:01:51Z,2018-11-16,2018-05-23T11:12:33Z,ERX2608838,embryonic day 20,kidney,SAMEA4680771,wild type genotype,The University of Heidelberg,2018-12-30T17:01:51Z,2018-05-23T11:12:33Z,public,Illumina HiSeq 2500,2705sTS.Rat.Kidney.20.Male_s,SINGLE,PolyA,TRANSCRIPTOMIC,kidney,Rattus norvegicus,ILLUMINA,2019-02-19T00:00:00Z,2022-07-26T05:59:00Z,2,SAMEA4680771,E-MTAB-6811:2705sTS.Rat.Kidney.20.Male,Rattus norvegicus,male,ERP108920,Holtzman SD,E-MTAB-6811:2705sTS.Rat.Kidney.20.Male
ERR2592563,0,RNA-Seq,101,2743883261,PRJEB26889,SAMEA4680772,ArrayExpress,1694715761,"Lausanne Genomics Technology Facility ",Norway rat,public,"fastq,run.zq,sra","ena,gs,ncbi,s3","ena,gs.us-east1,ncbi.public,s3.us-east-1",postnatal,2019-02-18,2018-12-30T17:01:51Z,2018-11-16,2018-05-23T11:12:33Z,ERX2608839,postnatal day 0,forebrain,SAMEA4680772,wild type genotype,The University of Heidelberg,2018-12-30T17:01:51Z,2018-05-23T11:12:33Z,public,Illumina HiSeq 2500,1746sTS.Rat.Brain.0dpb.Male_s,SINGLE,PolyA,TRANSCRIPTOMIC,forebrain,Rattus norvegicus,ILLUMINA,2019-02-19T00:00:00Z,2022-07-26T05:58:00Z,2,SAMEA4680772,E-MTAB-6811:1746sTS.Rat.Brain.0dpb.Male,Rattus norvegicus,male,ERP108920,Holtzman SD,E-MTAB-6811:1746sTS.Rat.Brain.0dpb.Male
ERR2592564,0,RNA-Seq,101,6166827599,PRJEB26889,SAMEA4680773,ArrayExpress,3230638247,"Lausanne Genomics Technology Facility ",Norway rat,public,"fastq,run.zq,sra","ena,gs,ncbi,s3","ena,gs.us-east1,ncbi.public,s3.us-east-1",postnatal,2019-02-18,2018-12-30T17:01:51Z,2018-11-16,2018-05-23T11:12:33Z,ERX2608840,postnatal day 0,hindbrain,SAMEA4680773,wild type genotype,The University of Heidelberg,2018-12-30T17:01:51Z,2018-05-23T11:12:33Z,public,Illumina HiSeq 2500,1747sTS.Rat.Cerebellum.0dpb.Male_s,SINGLE,PolyA,TRANSCRIPTOMIC,hindbrain,Rattus norvegicus,ILLUMINA,2019-02-19T00:00:00Z,2022-07-17T19:46:00Z,2,SAMEA4680773,E-MTAB-6811:1747sTS.Rat.Cerebellum.0dpb.Male,Rattus norvegicus,male,ERP108920,Holtzman SD,E-MTAB-6811:1747sTS.Rat.Cerebellum.0dpb.Male
ERR2592565,0,RNA-Seq,101,2681837648,PRJEB26889,SAMEA4680774,ArrayExpress,909812550,"Lausanne Genomics Technology Facility ",Norway rat,public,"fastq,run.zq,sra","ena,gs,ncbi,s3","ena,gs.us-east1,ncbi.public,s3.us-east-1",postnatal,2019-02-18,2018-12-30T17:01:51Z,2018-11-16,2018-05-23T11:12:33Z,ERX2608841,postnatal day 0,heart,SAMEA4680774,wild type genotype,The University of Heidelberg,2018-12-30T17:01:51Z,2018-05-23T11:12:33Z,public,Illumina HiSeq 2500,1748sTS.Rat.Heart.0dpb.Male_s,SINGLE,PolyA,TRANSCRIPTOMIC,heart,Rattus norvegicus,ILLUMINA,2019-02-19T00:00:00Z,2022-07-26T05:57:00Z,2,SAMEA4680774,E-MTAB-6811:1748sTS.Rat.Heart.0dpb.Male,Rattus norvegicus,male,ERP108920,Holtzman SD,E-MTAB-6811:1748sTS.Rat.Heart.0dpb.Male
ERR2592566,0,RNA-Seq,101,1893231466,PRJEB26889,SAMEA4680775,ArrayExpress,669776394,"Lausanne Genomics Technology Facility ",Norway rat,public,"fastq,run.zq,sra","ena,gs,ncbi,s3","ena,gs.us-east1,ncbi.public,s3.us-east-1",postnatal,2019-02-18,2018-12-30T17:01:51Z,2018-11-16,2018-05-23T11:12:33Z,ERX2608842,postnatal day 0,kidney,SAMEA4680775,wild type genotype,The University of Heidelberg,2018-12-30T17:01:51Z,2018-05-23T11:12:33Z,public,Illumina HiSeq 2500,1749sTS.Rat.Kidney.0dpb.Male_s,SINGLE,PolyA,TRANSCRIPTOMIC,kidney,Rattus norvegicus,ILLUMINA,2019-02-19T00:00:00Z,2021-10-24T06:30:00Z,2,SAMEA4680775,E-MTAB-6811:1749sTS.Rat.Kidney.0dpb.Male,Rattus norvegicus,male,ERP108920,Holtzman SD,E-MTAB-6811:1749sTS.Rat.Kidney.0dpb.Male
ERR2592567,0,RNA-Seq,101,3592244477,PRJEB26889,SAMEA4680776,ArrayExpress,2199287412,"Lausanne Genomics Technology Facility ",Norway rat,public,"fastq,run.zq,sra","ena,gs,ncbi,s3","ena,gs.us-east1,ncbi.public,s3.us-east-1",postnatal,2019-02-18,2018-12-30T17:01:51Z,2018-11-16,2018-05-23T11:12:33Z,ERX2608843,postnatal day 0,testis,SAMEA4680776,wild type genotype,The University of Heidelberg,2018-12-30T17:01:51Z,2018-05-23T11:12:33Z,public,Illumina HiSeq 2500,1750sTS.Rat.Testis.0dpb.Male_s,SINGLE,PolyA,TRANSCRIPTOMIC,testis,Rattus norvegicus,ILLUMINA,2019-02-19T00:00:00Z,2022-07-19T08:12:00Z,2,SAMEA4680776,E-MTAB-6811:1750sTS.Rat.Testis.0dpb.Male,Rattus norvegicus,male,ERP108920,Holtzman SD,E-MTAB-6811:1750sTS.Rat.Testis.0dpb.Male
ERR2592568,0,RNA-Seq,101,3819685973,PRJEB26889,SAMEA4680777,ArrayExpress,2570868373,"Lausanne Genomics Technology Facility ",Norway rat,public,"fastq,run.zq,sra","ena,gs,ncbi,s3","ena,gs.us-east1,ncbi.public,s3.us-east-1",postnatal,2019-02-18,2018-12-30T17:01:51Z,2018-11-16,2018-05-23T11:12:33Z,ERX2608844,postnatal day 0,forebrain,SAMEA4680777,wild type genotype,The University of Heidelberg,2018-12-30T17:01:51Z,2018-05-23T11:12:33Z,public,Illumina HiSeq 2500,2181sTS.Rat.Brain.0dpb.Female_s,SINGLE,PolyA,TRANSCRIPTOMIC,forebrain,Rattus norvegicus,ILLUMINA,2019-02-19T00:00:00Z,2022-07-26T05:50:00Z,2,SAMEA4680777,E-MTAB-6811:2181sTS.Rat.Brain.0dpb.Female,Rattus norvegicus,female,ERP108920,Holtzman SD,E-MTAB-6811:2181sTS.Rat.Brain.0dpb.Female
ERR2592569,0,RNA-Seq,101,3382051963,PRJEB26889,SAMEA4680778,ArrayExpress,2282908264,"Lausanne Genomics Technology Facility ",Norway rat,public,"fastq,run.zq,sra","ena,gs,ncbi,s3","ena,gs.us-east1,ncbi.public,s3.us-east-1",postnatal,2019-02-18,2018-12-30T17:01:51Z,2018-11-16,2018-05-23T11:12:33Z,ERX2608845,postnatal day 0,hindbrain,SAMEA4680778,wild type genotype,The University of Heidelberg,2018-12-30T17:01:51Z,2018-05-23T11:12:33Z,public,Illumina HiSeq 2500,2182sTS.Rat.Cerebellum.0dpb.Female_s,SINGLE,PolyA,TRANSCRIPTOMIC,hindbrain,Rattus norvegicus,ILLUMINA,2019-02-19T00:00:00Z,2021-10-24T06:48:00Z,2,SAMEA4680778,E-MTAB-6811:2182sTS.Rat.Cerebellum.0dpb.Female,Rattus norvegicus,female,ERP108920,Holtzman SD,E-MTAB-6811:2182sTS.Rat.Cerebellum.0dpb.Female
ERR2592570,0,RNA-Seq,101,2551833882,PRJEB26889,SAMEA4680779,ArrayExpress,1585465407,"Lausanne Genomics Technology Facility ",Norway rat,public,"fastq,run.zq,sra","ena,gs,ncbi,s3","ena,gs.us-east1,ncbi.public,s3.us-east-1",postnatal,2019-02-18,2018-12-30T17:01:51Z,2018-11-16,2018-05-23T11:12:34Z,ERX2608846,postnatal day 0,ovary,SAMEA4680779,wild type genotype,The University of Heidelberg,2018-12-30T17:01:51Z,2018-05-23T11:12:34Z,public,Illumina HiSeq 2500,2183sTS.Rat.Ovary.0dpb.Female_s,SINGLE,PolyA,TRANSCRIPTOMIC,ovary,Rattus norvegicus,ILLUMINA,2019-02-19T00:00:00Z,2021-10-24T06:37:00Z,2,SAMEA4680779,E-MTAB-6811:2183sTS.Rat.Ovary.0dpb.Female,Rattus norvegicus,female,ERP108920,Holtzman SD,E-MTAB-6811:2183sTS.Rat.Ovary.0dpb.Female
ERR2592571,0,RNA-Seq,101,4025237133,PRJEB26889,SAMEA4680780,ArrayExpress,2737341073,"Lausanne Genomics Technology Facility ",Norway rat,public,"fastq,run.zq,sra","ena,gs,ncbi,s3","ena,gs.us-east1,ncbi.public,s3.us-east-1",postnatal,2019-02-18,2018-12-30T17:01:51Z,2018-11-16,2018-05-23T11:12:34Z,ERX2608847,postnatal day 0,ovary,SAMEA4680780,wild type genotype,The University of Heidelberg,2018-12-30T17:01:51Z,2018-05-23T11:12:34Z,public,Illumina HiSeq 2500,2184sTS.Rat.Ovary.0dpb.Female_s,SINGLE,PolyA,TRANSCRIPTOMIC,ovary,Rattus norvegicus,ILLUMINA,2019-02-19T00:00:00Z,2022-07-26T06:03:00Z,2,SAMEA4680780,E-MTAB-6811:2184sTS.Rat.Ovary.0dpb.Female,Rattus norvegicus,female,ERP108920,Holtzman SD,E-MTAB-6811:2184sTS.Rat.Ovary.0dpb.Female
ERR2592572,0,RNA-Seq,101,5064965271,PRJEB26889,SAMEA4680781,ArrayExpress,3448026895,"Lausanne Genomics Technology Facility ",Norway rat,public,"fastq,run.zq,sra","ena,gs,ncbi,s3","ena,gs.us-east1,ncbi.public,s3.us-east-1",postnatal,2019-02-18,2018-12-30T17:01:51Z,2018-11-16,2018-05-23T11:12:34Z,ERX2608848,postnatal day 0,forebrain,SAMEA4680781,wild type genotype,The University of Heidelberg,2018-12-30T17:01:51Z,2018-05-23T11:12:34Z,public,Illumina HiSeq 2500,2288sTS.Rat.Brain.0dpb.Female_s,SINGLE,PolyA,TRANSCRIPTOMIC,forebrain,Rattus norvegicus,ILLUMINA,2019-02-19T00:00:00Z,2021-10-24T07:01:00Z,2,SAMEA4680781,E-MTAB-6811:2288sTS.Rat.Brain.0dpb.Female,Rattus norvegicus,female,ERP108920,Holtzman SD,E-MTAB-6811:2288sTS.Rat.Brain.0dpb.Female
ERR2592573,0,RNA-Seq,101,3900024201,PRJEB26889,SAMEA4680782,ArrayExpress,2657308166,"Lausanne Genomics Technology Facility ",Norway rat,public,"fastq,run.zq,sra","ena,gs,ncbi,s3","ena,gs.us-east1,ncbi.public,s3.us-east-1",postnatal,2019-02-18,2018-12-30T17:01:51Z,2018-11-16,2018-05-23T11:12:34Z,ERX2608849,postnatal day 0,hindbrain,SAMEA4680782,wild type genotype,The University of Heidelberg,2018-12-30T17:01:51Z,2018-05-23T11:12:34Z,public,Illumina HiSeq 2500,2289sTS.Rat.Cerebellum.0dpb.Female_s,SINGLE,PolyA,TRANSCRIPTOMIC,hindbrain,Rattus norvegicus,ILLUMINA,2019-02-19T00:00:00Z,2022-07-15T18:16:00Z,2,SAMEA4680782,E-MTAB-6811:2289sTS.Rat.Cerebellum.0dpb.Female,Rattus norvegicus,female,ERP108920,Holtzman SD,E-MTAB-6811:2289sTS.Rat.Cerebellum.0dpb.Female
ERR2592574,0,RNA-Seq,101,4457123233,PRJEB26889,SAMEA4680783,ArrayExpress,3045472096,"Lausanne Genomics Technology Facility ",Norway rat,public,"fastq,run.zq,sra","ena,gs,ncbi,s3","ena,gs.us-east1,ncbi.public,s3.us-east-1",postnatal,2019-02-18,2018-12-30T17:01:51Z,2018-11-16,2018-05-23T11:12:34Z,ERX2608850,postnatal day 0,testis,SAMEA4680783,wild type genotype,The University of Heidelberg,2018-12-30T17:01:51Z,2018-05-23T11:12:34Z,public,Illumina HiSeq 2500,2291sTS.Rat.Testis.0dpb.Male_s,SINGLE,PolyA,TRANSCRIPTOMIC,testis,Rattus norvegicus,ILLUMINA,2019-02-19T00:00:00Z,2022-07-22T14:51:00Z,2,SAMEA4680783,E-MTAB-6811:2291sTS.Rat.Testis.0dpb.Male,Rattus norvegicus,male,ERP108920,Holtzman SD,E-MTAB-6811:2291sTS.Rat.Testis.0dpb.Male
ERR2592575,0,RNA-Seq,101,3772224255,PRJEB26889,SAMEA4680784,ArrayExpress,2523474357,"Lausanne Genomics Technology Facility ",Norway rat,public,"fastq,run.zq,sra","ena,gs,ncbi,s3","ena,gs.us-east1,ncbi.public,s3.us-east-1",postnatal,2019-02-18,2018-12-30T17:01:51Z,2018-11-16,2018-05-23T11:12:34Z,ERX2608851,postnatal day 0,forebrain,SAMEA4680784,wild type genotype,The University of Heidelberg,2018-12-30T17:01:51Z,2018-05-23T11:12:34Z,public,Illumina HiSeq 2500,2292sTS.Rat.Brain.0dpb.Female_s,SINGLE,PolyA,TRANSCRIPTOMIC,forebrain,Rattus norvegicus,ILLUMINA,2019-02-19T00:00:00Z,2022-07-15T18:16:00Z,2,SAMEA4680784,E-MTAB-6811:2292sTS.Rat.Brain.0dpb.Female,Rattus norvegicus,female,ERP108920,Holtzman SD,E-MTAB-6811:2292sTS.Rat.Brain.0dpb.Female
ERR2592576,0,RNA-Seq,101,2877089737,PRJEB26889,SAMEA4680785,ArrayExpress,1929566854,"Lausanne Genomics Technology Facility ",Norway rat,public,"fastq,run.zq,sra","ena,gs,ncbi,s3","ena,gs.us-east1,ncbi.public,s3.us-east-1",postnatal,2019-02-18,2018-12-30T17:01:51Z,2018-11-16,2018-05-23T11:12:34Z,ERX2608852,postnatal day 0,hindbrain,SAMEA4680785,wild type genotype,The University of Heidelberg,2018-12-30T17:01:51Z,2018-05-23T11:12:34Z,public,Illumina HiSeq 2500,2293sTS.Rat.Cerebellum.0dpb.Female_s,SINGLE,PolyA,TRANSCRIPTOMIC,hindbrain,Rattus norvegicus,ILLUMINA,2019-02-19T00:00:00Z,2021-10-24T06:55:00Z,2,SAMEA4680785,E-MTAB-6811:2293sTS.Rat.Cerebellum.0dpb.Female,Rattus norvegicus,female,ERP108920,Holtzman SD,E-MTAB-6811:2293sTS.Rat.Cerebellum.0dpb.Female
ERR2592577,0,RNA-Seq,101,3085173573,PRJEB26889,SAMEA4680786,ArrayExpress,1957574927,"Lausanne Genomics Technology Facility ",Norway rat,public,"fastq,run.zq,sra","ena,gs,ncbi,s3","ena,gs.us-east1,ncbi.public,s3.us-east-1",postnatal,2019-02-18,2018-12-30T17:01:51Z,2018-11-16,2018-05-23T11:12:34Z,ERX2608853,postnatal day 0,liver,SAMEA4680786,wild type genotype,The University of Heidelberg,2018-12-30T17:01:51Z,2018-05-23T11:12:34Z,public,Illumina HiSeq 2500,2558sTS.Rat.Liver.0dpb.Male_s,SINGLE,PolyA,TRANSCRIPTOMIC,liver,Rattus norvegicus,ILLUMINA,2019-02-19T00:00:00Z,2022-07-26T06:00:00Z,2,SAMEA4680786,E-MTAB-6811:2558sTS.Rat.Liver.0dpb.Male,Rattus norvegicus,male,ERP108920,Holtzman SD,E-MTAB-6811:2558sTS.Rat.Liver.0dpb.Male
ERR2592578,0,RNA-Seq,101,4238397431,PRJEB26889,SAMEA4680787,ArrayExpress,2800853407,"Lausanne Genomics Technology Facility ",Norway rat,public,"fastq,run.zq,sra","ena,gs,ncbi,s3","ena,gs.us-east1,ncbi.public,s3.us-east-1",postnatal,2019-02-18,2018-12-30T17:01:51Z,2018-11-16,2018-05-23T11:12:34Z,ERX2608854,postnatal day 0,liver,SAMEA4680787,wild type genotype,The University of Heidelberg,2018-12-30T17:01:51Z,2018-05-23T11:12:34Z,public,Illumina HiSeq 2500,2559sTS.Rat.Liver.0dpb.Male_s,SINGLE,PolyA,TRANSCRIPTOMIC,liver,Rattus norvegicus,ILLUMINA,2019-02-19T00:00:00Z,2022-07-29T22:02:00Z,2,SAMEA4680787,E-MTAB-6811:2559sTS.Rat.Liver.0dpb.Male,Rattus norvegicus,male,ERP108920,Holtzman SD,E-MTAB-6811:2559sTS.Rat.Liver.0dpb.Male
ERR2592579,0,RNA-Seq,101,3217535487,PRJEB26889,SAMEA4680788,ArrayExpress,2032354131,"Lausanne Genomics Technology Facility ",Norway rat,public,"fastq,run.zq,sra","ena,gs,ncbi,s3","ena,gs.us-east1,ncbi.public,s3.us-east-1",postnatal,2019-02-18,2018-12-30T17:01:51Z,2018-11-16,2018-05-23T11:12:34Z,ERX2608855,postnatal day 0,liver,SAMEA4680788,wild type genotype,The University of Heidelberg,2018-12-30T17:01:51Z,2018-05-23T11:12:34Z,public,Illumina HiSeq 2500,2560sTS.Rat.Liver.0dpb.Female_s,SINGLE,PolyA,TRANSCRIPTOMIC,liver,Rattus norvegicus,ILLUMINA,2019-02-19T00:00:00Z,2021-10-24T06:52:00Z,2,SAMEA4680788,E-MTAB-6811:2560sTS.Rat.Liver.0dpb.Female,Rattus norvegicus,female,ERP108920,Holtzman SD,E-MTAB-6811:2560sTS.Rat.Liver.0dpb.Female
ERR2592580,0,RNA-Seq,101,3569001549,PRJEB26889,SAMEA4680789,ArrayExpress,1299523488,"Lausanne Genomics Technology Facility ",Norway rat,public,"fastq,run.zq,sra","ena,gs,ncbi,s3","ena,gs.us-east1,ncbi.public,s3.us-east-1",postnatal,2019-02-18,2018-12-30T17:01:51Z,2018-11-16,2018-05-23T11:12:34Z,ERX2608856,postnatal day 0,heart,SAMEA4680789,wild type genotype,The University of Heidelberg,2018-12-30T17:01:51Z,2018-05-23T11:12:34Z,public,Illumina HiSeq 2500,2706sTS.Rat.Heart.0dpb.Female_s,SINGLE,PolyA,TRANSCRIPTOMIC,heart,Rattus norvegicus,ILLUMINA,2019-02-19T00:00:00Z,2022-07-26T06:00:00Z,2,SAMEA4680789,E-MTAB-6811:2706sTS.Rat.Heart.0dpb.Female,Rattus norvegicus,female,ERP108920,Holtzman SD,E-MTAB-6811:2706sTS.Rat.Heart.0dpb.Female
ERR2592581,0,RNA-Seq,101,3049810645,PRJEB26889,SAMEA4680790,ArrayExpress,1012755272,"Lausanne Genomics Technology Facility ",Norway rat,public,"fastq,run.zq,sra","ena,gs,ncbi,s3","ena,gs.us-east1,ncbi.public,s3.us-east-1",postnatal,2019-02-18,2018-12-30T17:01:51Z,2018-11-16,2018-05-23T11:12:34Z,ERX2608857,postnatal day 0,kidney,SAMEA4680790,wild type genotype,The University of Heidelberg,2018-12-30T17:01:51Z,2018-05-23T11:12:34Z,public,Illumina HiSeq 2500,2707sTS.Rat.Kidney.0dpb.Female_s,SINGLE,PolyA,TRANSCRIPTOMIC,kidney,Rattus norvegicus,ILLUMINA,2019-02-19T00:00:00Z,2021-10-24T06:41:00Z,2,SAMEA4680790,E-MTAB-6811:2707sTS.Rat.Kidney.0dpb.Female,Rattus norvegicus,female,ERP108920,Holtzman SD,E-MTAB-6811:2707sTS.Rat.Kidney.0dpb.Female
ERR2592582,0,RNA-Seq,101,2865539175,PRJEB26889,SAMEA4680791,ArrayExpress,951976088,"Lausanne Genomics Technology Facility ",Norway rat,public,"fastq,run.zq,sra","ena,gs,ncbi,s3","ena,gs.us-east1,ncbi.public,s3.us-east-1",postnatal,2019-02-18,2018-12-30T17:01:51Z,2018-11-16,2018-05-23T11:12:35Z,ERX2608858,postnatal day 0,heart,SAMEA4680791,wild type genotype,The University of Heidelberg,2018-12-30T17:01:51Z,2018-05-23T11:12:35Z,public,Illumina HiSeq 2500,2708sTS.Rat.Heart.0dpb.Male_s,SINGLE,PolyA,TRANSCRIPTOMIC,heart,Rattus norvegicus,ILLUMINA,2019-02-19T00:00:00Z,2022-07-19T15:38:00Z,2,SAMEA4680791,E-MTAB-6811:2708sTS.Rat.Heart.0dpb.Male,Rattus norvegicus,male,ERP108920,Holtzman SD,E-MTAB-6811:2708sTS.Rat.Heart.0dpb.Male
ERR2592583,0,RNA-Seq,101,1845371101,PRJEB26889,SAMEA4680792,ArrayExpress,678568771,"Lausanne Genomics Technology Facility ",Norway rat,public,"fastq,run.zq,sra","ena,gs,ncbi,s3","ena,gs.us-east1,ncbi.public,s3.us-east-1",postnatal,2019-02-18,2018-12-30T17:01:51Z,2018-11-16,2018-05-23T11:12:35Z,ERX2608859,postnatal day 0,kidney,SAMEA4680792,wild type genotype,The University of Heidelberg,2018-12-30T17:01:51Z,2018-05-23T11:12:35Z,public,Illumina HiSeq 2500,2709sTS.Rat.Kidney.0dpb.Male_s,SINGLE,PolyA,TRANSCRIPTOMIC,kidney,Rattus norvegicus,ILLUMINA,2019-02-19T00:00:00Z,2022-07-26T05:56:00Z,2,SAMEA4680792,E-MTAB-6811:2709sTS.Rat.Kidney.0dpb.Male,Rattus norvegicus,male,ERP108920,Holtzman SD,E-MTAB-6811:2709sTS.Rat.Kidney.0dpb.Male
ERR2592584,0,RNA-Seq,101,1150436157,PRJEB26889,SAMEA4680793,ArrayExpress,385314084,"Lausanne Genomics Technology Facility ",Norway rat,public,"fastq,run.zq,sra","ena,gs,ncbi,s3","ena,gs.us-east1,ncbi.public,s3.us-east-1",postnatal,2019-02-18,2018-12-30T17:01:51Z,2018-11-16,2018-05-23T11:12:35Z,ERX2608860,postnatal day 0,heart,SAMEA4680793,wild type genotype,The University of Heidelberg,2018-12-30T17:01:51Z,2018-05-23T11:12:35Z,public,Illumina HiSeq 2500,2710sTS.Rat.Heart.0dpb.Female_s,SINGLE,PolyA,TRANSCRIPTOMIC,heart,Rattus norvegicus,ILLUMINA,2019-02-19T00:00:00Z,2022-07-15T21:43:00Z,2,SAMEA4680793,E-MTAB-6811:2710sTS.Rat.Heart.0dpb.Female,Rattus norvegicus,female,ERP108920,Holtzman SD,E-MTAB-6811:2710sTS.Rat.Heart.0dpb.Female
ERR2592585,0,RNA-Seq,101,3469920953,PRJEB26889,SAMEA4680794,ArrayExpress,1273424803,"Lausanne Genomics Technology Facility ",Norway rat,public,"fastq,run.zq,sra","ena,gs,ncbi,s3","ena,gs.us-east1,ncbi.public,s3.us-east-1",postnatal,2019-02-18,2018-12-30T17:01:51Z,2018-11-16,2018-05-23T11:12:35Z,ERX2608861,postnatal day 0,kidney,SAMEA4680794,wild type genotype,The University of Heidelberg,2018-12-30T17:01:51Z,2018-05-23T11:12:35Z,public,Illumina HiSeq 2500,2711sTS.Rat.Kidney.0dpb.Female_s,SINGLE,PolyA,TRANSCRIPTOMIC,kidney,Rattus norvegicus,ILLUMINA,2019-02-19T00:00:00Z,2022-07-26T05:59:00Z,2,SAMEA4680794,E-MTAB-6811:2711sTS.Rat.Kidney.0dpb.Female,Rattus norvegicus,female,ERP108920,Holtzman SD,E-MTAB-6811:2711sTS.Rat.Kidney.0dpb.Female
ERR2592586,0,RNA-Seq,101,3338536113,PRJEB26889,SAMEA4680795,ArrayExpress,1168790030,"Lausanne Genomics Technology Facility ",Norway rat,public,"fastq,run.zq,sra","ena,gs,ncbi,s3","ena,gs.us-east1,ncbi.public,s3.us-east-1",postnatal,2019-02-18,2018-12-30T17:01:51Z,2018-11-16,2018-05-23T11:12:35Z,ERX2608862,postnatal day 0,liver,SAMEA4680795,wild type genotype,The University of Heidelberg,2018-12-30T17:01:51Z,2018-05-23T11:12:35Z,public,Illumina HiSeq 2500,5051sTS.Rat.Liver.0dpb.Female_s,SINGLE,PolyA,TRANSCRIPTOMIC,liver,Rattus norvegicus,ILLUMINA,2019-02-19T00:00:00Z,2022-07-26T06:00:00Z,2,SAMEA4680795,E-MTAB-6811:5051sTS.Rat.Liver.0dpb.Female,Rattus norvegicus,female,ERP108920,Holtzman SD,E-MTAB-6811:5051sTS.Rat.Liver.0dpb.Female
ERR2592587,0,RNA-Seq,101,2354097193,PRJEB26889,SAMEA4680796,ArrayExpress,855910195,"Lausanne Genomics Technology Facility ",Norway rat,public,"fastq,run.zq,sra","ena,gs,ncbi,s3","ena,gs.us-east1,ncbi.public,s3.us-east-1",postnatal,2019-02-18,2018-12-30T17:01:51Z,2018-11-16,2018-05-23T11:12:35Z,ERX2608863,postnatal day 0,hindbrain,SAMEA4680796,wild type genotype,The University of Heidelberg,2018-12-30T17:01:51Z,2018-05-23T11:12:35Z,public,Illumina HiSeq 2500,5348sTS.Rat.Cerebellum.0dpb.Male_s,SINGLE,PolyA,TRANSCRIPTOMIC,hindbrain,Rattus norvegicus,ILLUMINA,2019-02-19T00:00:00Z,2022-07-26T05:57:00Z,2,SAMEA4680796,E-MTAB-6811:5348sTS.Rat.Cerebellum.0dpb.Male,Rattus norvegicus,male,ERP108920,Holtzman SD,E-MTAB-6811:5348sTS.Rat.Cerebellum.0dpb.Male
ERR2592588,3,RNA-Seq,101,3354670459,PRJEB26889,SAMEA4680797,ArrayExpress,1280055605,"Lausanne Genomics Technology Facility ",Norway rat,public,"fastq,run.zq,sra","ena,gs,ncbi,s3","ena,gs.us-east1,ncbi.public,s3.us-east-1",postnatal,2019-02-18,2018-12-30T17:01:51Z,2018-11-16,2018-05-23T11:12:35Z,ERX2608864,postnatal day 3,forebrain,SAMEA4680797,wild type genotype,The University of Heidelberg,2018-12-30T17:01:51Z,2018-05-23T11:12:35Z,public,Illumina HiSeq 2500,4898sTS.Rat.Brain.3dpb.Female_s,SINGLE,PolyA,TRANSCRIPTOMIC,forebrain,Rattus norvegicus,ILLUMINA,2019-02-19T00:00:00Z,2021-10-24T06:46:00Z,2,SAMEA4680797,E-MTAB-6811:4898sTS.Rat.Brain.3dpb.Female,Rattus norvegicus,female,ERP108920,Holtzman SD,E-MTAB-6811:4898sTS.Rat.Brain.3dpb.Female
ERR2592589,3,RNA-Seq,101,3972351917,PRJEB26889,SAMEA4680798,ArrayExpress,1501533588,"Lausanne Genomics Technology Facility ",Norway rat,public,"fastq,run.zq,sra","ena,gs,ncbi,s3","ena,gs.us-east1,ncbi.public,s3.us-east-1",postnatal,2019-02-18,2018-12-30T17:01:51Z,2018-11-16,2018-05-23T11:12:35Z,ERX2608865,postnatal day 3,hindbrain,SAMEA4680798,wild type genotype,The University of Heidelberg,2018-12-30T17:01:51Z,2018-05-23T11:12:35Z,public,Illumina HiSeq 2500,4899sTS.Rat.Cerebellum.3dpb.Female_s,SINGLE,PolyA,TRANSCRIPTOMIC,hindbrain,Rattus norvegicus,ILLUMINA,2019-02-19T00:00:00Z,2021-10-24T06:38:00Z,2,SAMEA4680798,E-MTAB-6811:4899sTS.Rat.Cerebellum.3dpb.Female,Rattus norvegicus,female,ERP108920,Holtzman SD,E-MTAB-6811:4899sTS.Rat.Cerebellum.3dpb.Female
ERR2592590,3,RNA-Seq,101,3468076996,PRJEB26889,SAMEA4680799,ArrayExpress,1321398899,"Lausanne Genomics Technology Facility ",Norway rat,public,"fastq,run.zq,sra","ena,gs,ncbi,s3","ena,gs.us-east1,ncbi.public,s3.us-east-1",postnatal,2019-02-18,2018-12-30T17:01:51Z,2018-11-16,2018-05-23T11:12:35Z,ERX2608866,postnatal day 3,heart,SAMEA4680799,wild type genotype,The University of Heidelberg,2018-12-30T17:01:51Z,2018-05-23T11:12:35Z,public,Illumina HiSeq 2500,4900sTS.Rat.Heart.3dpb.Female_s,SINGLE,PolyA,TRANSCRIPTOMIC,heart,Rattus norvegicus,ILLUMINA,2019-02-19T00:00:00Z,2021-10-24T06:38:00Z,2,SAMEA4680799,E-MTAB-6811:4900sTS.Rat.Heart.3dpb.Female,Rattus norvegicus,female,ERP108920,Holtzman SD,E-MTAB-6811:4900sTS.Rat.Heart.3dpb.Female
ERR2592591,3,RNA-Seq,101,3503385687,PRJEB26889,SAMEA4680800,ArrayExpress,1329447039,"Lausanne Genomics Technology Facility ",Norway rat,public,"fastq,run.zq,sra","ena,gs,ncbi,s3","ena,gs.us-east1,ncbi.public,s3.us-east-1",postnatal,2019-02-18,2018-12-30T17:01:51Z,2018-11-16,2018-05-23T11:12:35Z,ERX2608867,postnatal day 3,kidney,SAMEA4680800,wild type genotype,The University of Heidelberg,2018-12-30T17:01:51Z,2018-05-23T11:12:35Z,public,Illumina HiSeq 2500,4901sTS.Rat.Kidney.3dpb.Female_s,SINGLE,PolyA,TRANSCRIPTOMIC,kidney,Rattus norvegicus,ILLUMINA,2019-02-19T00:00:00Z,2022-07-26T06:00:00Z,2,SAMEA4680800,E-MTAB-6811:4901sTS.Rat.Kidney.3dpb.Female,Rattus norvegicus,female,ERP108920,Holtzman SD,E-MTAB-6811:4901sTS.Rat.Kidney.3dpb.Female
ERR2592592,3,RNA-Seq,101,2512732843,PRJEB26889,SAMEA4680801,ArrayExpress,952962831,"Lausanne Genomics Technology Facility ",Norway rat,public,"fastq,run.zq,sra","ena,gs,ncbi,s3","ena,gs.us-east1,ncbi.public,s3.us-east-1",postnatal,2019-02-18,2018-12-30T17:01:51Z,2018-11-16,2018-05-23T11:12:35Z,ERX2608868,postnatal day 3,liver,SAMEA4680801,wild type genotype,The University of Heidelberg,2018-12-30T17:01:51Z,2018-05-23T11:12:35Z,public,Illumina HiSeq 2500,4902sTS.Rat.Liver.3dpb.Female_s,SINGLE,PolyA,TRANSCRIPTOMIC,liver,Rattus norvegicus,ILLUMINA,2019-02-19T00:00:00Z,2022-07-21T22:25:00Z,2,SAMEA4680801,E-MTAB-6811:4902sTS.Rat.Liver.3dpb.Female,Rattus norvegicus,female,ERP108920,Holtzman SD,E-MTAB-6811:4902sTS.Rat.Liver.3dpb.Female
ERR2592593,3,RNA-Seq,101,3781446969,PRJEB26889,SAMEA4680802,ArrayExpress,1440335867,"Lausanne Genomics Technology Facility ",Norway rat,public,"fastq,run.zq,sra","ena,gs,ncbi,s3","ena,gs.us-east1,ncbi.public,s3.us-east-1",postnatal,2019-02-18,2018-12-30T17:01:51Z,2018-11-16,2018-05-23T11:12:35Z,ERX2608869,postnatal day 3,ovary,SAMEA4680802,wild type genotype,The University of Heidelberg,2018-12-30T17:01:51Z,2018-05-23T11:12:35Z,public,Illumina HiSeq 2500,4903sTS.Rat.Ovary.3dpb.Female_s,SINGLE,PolyA,TRANSCRIPTOMIC,ovary,Rattus norvegicus,ILLUMINA,2019-02-19T00:00:00Z,2022-07-18T06:38:00Z,2,SAMEA4680802,E-MTAB-6811:4903sTS.Rat.Ovary.3dpb.Female,Rattus norvegicus,female,ERP108920,Holtzman SD,E-MTAB-6811:4903sTS.Rat.Ovary.3dpb.Female
ERR2592594,3,RNA-Seq,101,4069006695,PRJEB26889,SAMEA4680803,ArrayExpress,1545187042,"Lausanne Genomics Technology Facility ",Norway rat,public,"fastq,run.zq,sra","ena,gs,ncbi,s3","ena,gs.us-east1,ncbi.public,s3.us-east-1",postnatal,2019-02-18,2018-12-30T17:01:51Z,2018-11-16,2018-05-23T11:12:35Z,ERX2608870,postnatal day 3,forebrain,SAMEA4680803,wild type genotype,The University of Heidelberg,2018-12-30T17:01:51Z,2018-05-23T11:12:35Z,public,Illumina HiSeq 2500,4904sTS.Rat.Brain.3dpb.Male_s,SINGLE,PolyA,TRANSCRIPTOMIC,forebrain,Rattus norvegicus,ILLUMINA,2019-02-19T00:00:00Z,2021-10-24T06:48:00Z,2,SAMEA4680803,E-MTAB-6811:4904sTS.Rat.Brain.3dpb.Male,Rattus norvegicus,male,ERP108920,Holtzman SD,E-MTAB-6811:4904sTS.Rat.Brain.3dpb.Male
ERR2592595,3,RNA-Seq,101,3968232228,PRJEB26889,SAMEA4680804,ArrayExpress,1511314654,"Lausanne Genomics Technology Facility ",Norway rat,public,"fastq,run.zq,sra","ena,gs,ncbi,s3","ena,gs.us-east1,ncbi.public,s3.us-east-1",postnatal,2019-02-18,2018-12-30T17:01:51Z,2018-11-16,2018-05-23T11:12:35Z,ERX2608871,postnatal day 3,hindbrain,SAMEA4680804,wild type genotype,The University of Heidelberg,2018-12-30T17:01:51Z,2018-05-23T11:12:35Z,public,Illumina HiSeq 2500,4905sTS.Rat.Cerebellum.3dpb.Male_s,SINGLE,PolyA,TRANSCRIPTOMIC,hindbrain,Rattus norvegicus,ILLUMINA,2019-02-19T00:00:00Z,2022-07-13T21:34:00Z,2,SAMEA4680804,E-MTAB-6811:4905sTS.Rat.Cerebellum.3dpb.Male,Rattus norvegicus,male,ERP108920,Holtzman SD,E-MTAB-6811:4905sTS.Rat.Cerebellum.3dpb.Male
ERR2592596,3,RNA-Seq,101,3601504258,PRJEB26889,SAMEA4680805,ArrayExpress,1388663365,"Lausanne Genomics Technology Facility ",Norway rat,public,"fastq,run.zq,sra","ena,gs,ncbi,s3","ena,gs.us-east1,ncbi.public,s3.us-east-1",postnatal,2019-02-18,2018-12-30T17:01:51Z,2018-11-16,2018-05-23T11:12:35Z,ERX2608872,postnatal day 3,heart,SAMEA4680805,wild type genotype,The University of Heidelberg,2018-12-30T17:01:51Z,2018-05-23T11:12:35Z,public,Illumina HiSeq 2500,4906sTS.Rat.Heart.3dpb.Male_s,SINGLE,PolyA,TRANSCRIPTOMIC,heart,Rattus norvegicus,ILLUMINA,2019-02-19T00:00:00Z,2021-10-24T06:38:00Z,2,SAMEA4680805,E-MTAB-6811:4906sTS.Rat.Heart.3dpb.Male,Rattus norvegicus,male,ERP108920,Holtzman SD,E-MTAB-6811:4906sTS.Rat.Heart.3dpb.Male
ERR2592597,3,RNA-Seq,101,3110959681,PRJEB26889,SAMEA4680806,ArrayExpress,1190724454,"Lausanne Genomics Technology Facility ",Norway rat,public,"fastq,run.zq,sra","ena,gs,ncbi,s3","ena,gs.us-east1,ncbi.public,s3.us-east-1",postnatal,2019-02-18,2018-12-30T17:01:51Z,2018-11-16,2018-05-23T11:12:35Z,ERX2608873,postnatal day 3,kidney,SAMEA4680806,wild type genotype,The University of Heidelberg,2018-12-30T17:01:51Z,2018-05-23T11:12:35Z,public,Illumina HiSeq 2500,4907sTS.Rat.Kidney.3dpb.Male_s,SINGLE,PolyA,TRANSCRIPTOMIC,kidney,Rattus norvegicus,ILLUMINA,2019-02-19T00:00:00Z,2022-07-26T05:59:00Z,2,SAMEA4680806,E-MTAB-6811:4907sTS.Rat.Kidney.3dpb.Male,Rattus norvegicus,male,ERP108920,Holtzman SD,E-MTAB-6811:4907sTS.Rat.Kidney.3dpb.Male
ERR2592598,3,RNA-Seq,101,4405817253,PRJEB26889,SAMEA4680807,ArrayExpress,1683428121,"Lausanne Genomics Technology Facility ",Norway rat,public,"fastq,run.zq,sra","ena,gs,ncbi,s3","ena,gs.us-east1,ncbi.public,s3.us-east-1",postnatal,2019-02-18,2018-12-30T17:01:51Z,2018-11-16,2018-05-23T11:12:36Z,ERX2608874,postnatal day 3,liver,SAMEA4680807,wild type genotype,The University of Heidelberg,2018-12-30T17:01:51Z,2018-05-23T11:12:36Z,public,Illumina HiSeq 2500,4908sTS.Rat.Liver.3dpb.Male_s,SINGLE,PolyA,TRANSCRIPTOMIC,liver,Rattus norvegicus,ILLUMINA,2019-02-19T00:00:00Z,2022-07-21T06:04:00Z,2,SAMEA4680807,E-MTAB-6811:4908sTS.Rat.Liver.3dpb.Male,Rattus norvegicus,male,ERP108920,Holtzman SD,E-MTAB-6811:4908sTS.Rat.Liver.3dpb.Male
ERR2592599,3,RNA-Seq,101,3568494226,PRJEB26889,SAMEA4680808,ArrayExpress,1364475968,"Lausanne Genomics Technology Facility ",Norway rat,public,"fastq,run.zq,sra","ena,gs,ncbi,s3","ena,gs.us-east1,ncbi.public,s3.us-east-1",postnatal,2019-02-18,2018-12-30T17:01:51Z,2018-11-16,2018-05-23T11:12:36Z,ERX2608875,postnatal day 3,testis,SAMEA4680808,wild type genotype,The University of Heidelberg,2018-12-30T17:01:51Z,2018-05-23T11:12:36Z,public,Illumina HiSeq 2500,4909sTS.Rat.Testis.3dpb.Male_s,SINGLE,PolyA,TRANSCRIPTOMIC,testis,Rattus norvegicus,ILLUMINA,2019-02-19T00:00:00Z,2022-07-21T22:29:00Z,2,SAMEA4680808,E-MTAB-6811:4909sTS.Rat.Testis.3dpb.Male,Rattus norvegicus,male,ERP108920,Holtzman SD,E-MTAB-6811:4909sTS.Rat.Testis.3dpb.Male
ERR2592600,3,RNA-Seq,101,2509627093,PRJEB26889,SAMEA4680809,ArrayExpress,886745098,"Lausanne Genomics Technology Facility ",Norway rat,public,"fastq,run.zq,sra","ena,gs,ncbi,s3","ena,gs.us-east1,ncbi.public,s3.us-east-1",postnatal,2019-02-18,2018-12-30T17:01:51Z,2018-11-16,2018-05-23T11:12:36Z,ERX2608876,postnatal day 3,forebrain,SAMEA4680809,wild type genotype,The University of Heidelberg,2018-12-30T17:01:51Z,2018-05-23T11:12:36Z,public,Illumina HiSeq 2500,4958sTS.Rat.Brain.3dpb.Male_s,SINGLE,PolyA,TRANSCRIPTOMIC,forebrain,Rattus norvegicus,ILLUMINA,2019-02-19T00:00:00Z,2022-07-26T05:57:00Z,2,SAMEA4680809,E-MTAB-6811:4958sTS.Rat.Brain.3dpb.Male,Rattus norvegicus,male,ERP108920,Holtzman SD,E-MTAB-6811:4958sTS.Rat.Brain.3dpb.Male
ERR2592601,3,RNA-Seq,101,2604000887,PRJEB26889,SAMEA4680810,ArrayExpress,925336320,"Lausanne Genomics Technology Facility ",Norway rat,public,"fastq,run.zq,sra","ena,gs,ncbi,s3","ena,gs.us-east1,ncbi.public,s3.us-east-1",postnatal,2019-02-18,2018-12-30T17:01:51Z,2018-11-16,2018-05-23T11:12:36Z,ERX2608877,postnatal day 3,hindbrain,SAMEA4680810,wild type genotype,The University of Heidelberg,2018-12-30T17:01:51Z,2018-05-23T11:12:36Z,public,Illumina HiSeq 2500,4959sTS.Rat.Cerebellum.3dpb.Male_s,SINGLE,PolyA,TRANSCRIPTOMIC,hindbrain,Rattus norvegicus,ILLUMINA,2019-02-19T00:00:00Z,2021-10-24T06:33:00Z,2,SAMEA4680810,E-MTAB-6811:4959sTS.Rat.Cerebellum.3dpb.Male,Rattus norvegicus,male,ERP108920,Holtzman SD,E-MTAB-6811:4959sTS.Rat.Cerebellum.3dpb.Male
ERR2592602,3,RNA-Seq,101,2747309282,PRJEB26889,SAMEA4680811,ArrayExpress,968188102,"Lausanne Genomics Technology Facility ",Norway rat,public,"fastq,run.zq,sra","ena,gs,ncbi,s3","ena,gs.us-east1,ncbi.public,s3.us-east-1",postnatal,2019-02-18,2018-12-30T17:01:51Z,2018-11-16,2018-05-23T11:12:36Z,ERX2608878,postnatal day 3,heart,SAMEA4680811,wild type genotype,The University of Heidelberg,2018-12-30T17:01:51Z,2018-05-23T11:12:36Z,public,Illumina HiSeq 2500,4960sTS.Rat.Heart.3dpb.Male_s,SINGLE,PolyA,TRANSCRIPTOMIC,heart,Rattus norvegicus,ILLUMINA,2019-02-19T00:00:00Z,2022-07-17T12:09:00Z,2,SAMEA4680811,E-MTAB-6811:4960sTS.Rat.Heart.3dpb.Male,Rattus norvegicus,male,ERP108920,Holtzman SD,E-MTAB-6811:4960sTS.Rat.Heart.3dpb.Male
ERR2592603,3,RNA-Seq,101,2822375512,PRJEB26889,SAMEA4680812,ArrayExpress,995861979,"Lausanne Genomics Technology Facility ",Norway rat,public,"fastq,run.zq,sra","ena,gs,ncbi,s3","ena,gs.us-east1,ncbi.public,s3.us-east-1",postnatal,2019-02-18,2018-12-30T17:01:51Z,2018-11-16,2018-05-23T11:12:36Z,ERX2608879,postnatal day 3,liver,SAMEA4680812,wild type genotype,The University of Heidelberg,2018-12-30T17:01:51Z,2018-05-23T11:12:36Z,public,Illumina HiSeq 2500,4961sTS.Rat.Liver.3dpb.Male_s,SINGLE,PolyA,TRANSCRIPTOMIC,liver,Rattus norvegicus,ILLUMINA,2019-02-19T00:00:00Z,2021-10-24T06:33:00Z,2,SAMEA4680812,E-MTAB-6811:4961sTS.Rat.Liver.3dpb.Male,Rattus norvegicus,male,ERP108920,Holtzman SD,E-MTAB-6811:4961sTS.Rat.Liver.3dpb.Male
ERR2592604,3,RNA-Seq,101,2923398742,PRJEB26889,SAMEA4680813,ArrayExpress,1030893046,"Lausanne Genomics Technology Facility ",Norway rat,public,"fastq,run.zq,sra","ena,gs,ncbi,s3","ena,gs.us-east1,ncbi.public,s3.us-east-1",postnatal,2019-02-18,2018-12-30T17:01:51Z,2018-11-16,2018-05-23T11:12:36Z,ERX2608880,postnatal day 3,kidney,SAMEA4680813,wild type genotype,The University of Heidelberg,2018-12-30T17:01:51Z,2018-05-23T11:12:36Z,public,Illumina HiSeq 2500,4962sTS.Rat.Kidney.3dpb.Male_s,SINGLE,PolyA,TRANSCRIPTOMIC,kidney,Rattus norvegicus,ILLUMINA,2019-02-19T00:00:00Z,2022-07-13T12:17:00Z,2,SAMEA4680813,E-MTAB-6811:4962sTS.Rat.Kidney.3dpb.Male,Rattus norvegicus,male,ERP108920,Holtzman SD,E-MTAB-6811:4962sTS.Rat.Kidney.3dpb.Male
ERR2592605,3,RNA-Seq,101,2618918890,PRJEB26889,SAMEA4680814,ArrayExpress,931244030,"Lausanne Genomics Technology Facility ",Norway rat,public,"fastq,run.zq,sra","ena,gs,ncbi,s3","ena,gs.us-east1,ncbi.public,s3.us-east-1",postnatal,2019-02-18,2018-12-30T17:01:51Z,2018-11-16,2018-05-23T11:12:36Z,ERX2608881,postnatal day 3,testis,SAMEA4680814,wild type genotype,The University of Heidelberg,2018-12-30T17:01:51Z,2018-05-23T11:12:36Z,public,Illumina HiSeq 2500,4963sTS.Rat.Testis.3dpb.Male_s,SINGLE,PolyA,TRANSCRIPTOMIC,testis,Rattus norvegicus,ILLUMINA,2019-02-19T00:00:00Z,2022-07-21T06:00:00Z,2,SAMEA4680814,E-MTAB-6811:4963sTS.Rat.Testis.3dpb.Male,Rattus norvegicus,male,ERP108920,Holtzman SD,E-MTAB-6811:4963sTS.Rat.Testis.3dpb.Male
ERR2592606,3,RNA-Seq,101,2619131697,PRJEB26889,SAMEA4680815,ArrayExpress,925797719,"Lausanne Genomics Technology Facility ",Norway rat,public,"fastq,run.zq,sra","ena,gs,ncbi,s3","ena,gs.us-east1,ncbi.public,s3.us-east-1",postnatal,2019-02-18,2018-12-30T17:01:51Z,2018-11-16,2018-05-23T11:12:36Z,ERX2608882,postnatal day 3,forebrain,SAMEA4680815,wild type genotype,The University of Heidelberg,2018-12-30T17:01:51Z,2018-05-23T11:12:36Z,public,Illumina HiSeq 2500,4964sTS.Rat.Brain.3dpb.Female_s,SINGLE,PolyA,TRANSCRIPTOMIC,forebrain,Rattus norvegicus,ILLUMINA,2019-02-19T00:00:00Z,2022-07-26T05:58:00Z,2,SAMEA4680815,E-MTAB-6811:4964sTS.Rat.Brain.3dpb.Female,Rattus norvegicus,female,ERP108920,Holtzman SD,E-MTAB-6811:4964sTS.Rat.Brain.3dpb.Female
ERR2592607,3,RNA-Seq,101,2293118443,PRJEB26889,SAMEA4680816,ArrayExpress,817325972,"Lausanne Genomics Technology Facility ",Norway rat,public,"fastq,run.zq,sra","ena,gs,ncbi,s3","ena,gs.us-east1,ncbi.public,s3.us-east-1",postnatal,2019-02-18,2018-12-30T17:01:51Z,2018-11-16,2018-05-23T11:12:36Z,ERX2608883,postnatal day 3,hindbrain,SAMEA4680816,wild type genotype,The University of Heidelberg,2018-12-30T17:01:51Z,2018-05-23T11:12:36Z,public,Illumina HiSeq 2500,4965sTS.Rat.Cerebellum.3dpb.Female_s,SINGLE,PolyA,TRANSCRIPTOMIC,hindbrain,Rattus norvegicus,ILLUMINA,2019-02-19T00:00:00Z,2022-07-15T21:43:00Z,2,SAMEA4680816,E-MTAB-6811:4965sTS.Rat.Cerebellum.3dpb.Female,Rattus norvegicus,female,ERP108920,Holtzman SD,E-MTAB-6811:4965sTS.Rat.Cerebellum.3dpb.Female
ERR2592608,3,RNA-Seq,101,3286320224,PRJEB26889,SAMEA4680817,ArrayExpress,1160580617,"Lausanne Genomics Technology Facility ",Norway rat,public,"fastq,run.zq,sra","ena,gs,ncbi,s3","ena,gs.us-east1,ncbi.public,s3.us-east-1",postnatal,2019-02-18,2018-12-30T17:01:51Z,2018-11-16,2018-05-23T11:12:36Z,ERX2608884,postnatal day 3,heart,SAMEA4680817,wild type genotype,The University of Heidelberg,2018-12-30T17:01:51Z,2018-05-23T11:12:36Z,public,Illumina HiSeq 2500,4966sTS.Rat.Heart.3dpb.Female_s,SINGLE,PolyA,TRANSCRIPTOMIC,heart,Rattus norvegicus,ILLUMINA,2019-02-19T00:00:00Z,2021-10-24T06:35:00Z,2,SAMEA4680817,E-MTAB-6811:4966sTS.Rat.Heart.3dpb.Female,Rattus norvegicus,female,ERP108920,Holtzman SD,E-MTAB-6811:4966sTS.Rat.Heart.3dpb.Female
ERR2592609,3,RNA-Seq,101,3093639898,PRJEB26889,SAMEA4680818,ArrayExpress,1099013215,"Lausanne Genomics Technology Facility ",Norway rat,public,"fastq,run.zq,sra","ena,gs,ncbi,s3","ena,gs.us-east1,ncbi.public,s3.us-east-1",postnatal,2019-02-18,2018-12-30T17:01:51Z,2018-11-16,2018-05-23T11:12:36Z,ERX2608885,postnatal day 3,liver,SAMEA4680818,wild type genotype,The University of Heidelberg,2018-12-30T17:01:51Z,2018-05-23T11:12:36Z,public,Illumina HiSeq 2500,4967sTS.Rat.Liver.3dpb.Female_s,SINGLE,PolyA,TRANSCRIPTOMIC,liver,Rattus norvegicus,ILLUMINA,2019-02-19T00:00:00Z,2022-07-26T05:59:00Z,2,SAMEA4680818,E-MTAB-6811:4967sTS.Rat.Liver.3dpb.Female,Rattus norvegicus,female,ERP108920,Holtzman SD,E-MTAB-6811:4967sTS.Rat.Liver.3dpb.Female
ERR2592610,3,RNA-Seq,101,2345096982,PRJEB26889,SAMEA4680819,ArrayExpress,828015695,"Lausanne Genomics Technology Facility ",Norway rat,public,"fastq,run.zq,sra","ena,gs,ncbi,s3","ena,gs.us-east1,ncbi.public,s3.us-east-1",postnatal,2019-02-18,2018-12-30T17:01:51Z,2018-11-16,2018-05-23T11:12:36Z,ERX2608886,postnatal day 3,kidney,SAMEA4680819,wild type genotype,The University of Heidelberg,2018-12-30T17:01:51Z,2018-05-23T11:12:36Z,public,Illumina HiSeq 2500,4968sTS.Rat.Kidney.3dpb.Female_s,SINGLE,PolyA,TRANSCRIPTOMIC,kidney,Rattus norvegicus,ILLUMINA,2019-02-19T00:00:00Z,2021-10-24T06:36:00Z,2,SAMEA4680819,E-MTAB-6811:4968sTS.Rat.Kidney.3dpb.Female,Rattus norvegicus,female,ERP108920,Holtzman SD,E-MTAB-6811:4968sTS.Rat.Kidney.3dpb.Female
ERR2592611,3,RNA-Seq,101,2694968658,PRJEB26889,SAMEA4680820,ArrayExpress,951586176,"Lausanne Genomics Technology Facility ",Norway rat,public,"fastq,run.zq,sra","ena,gs,ncbi,s3","ena,gs.us-east1,ncbi.public,s3.us-east-1",postnatal,2019-02-18,2018-12-30T17:01:51Z,2018-11-16,2018-05-23T11:12:36Z,ERX2608887,postnatal day 3,ovary,SAMEA4680820,wild type genotype,The University of Heidelberg,2018-12-30T17:01:51Z,2018-05-23T11:12:36Z,public,Illumina HiSeq 2500,4969sTS.Rat.Ovary.3dpb.Female_s,SINGLE,PolyA,TRANSCRIPTOMIC,ovary,Rattus norvegicus,ILLUMINA,2019-02-19T00:00:00Z,2022-07-26T05:58:00Z,2,SAMEA4680820,E-MTAB-6811:4969sTS.Rat.Ovary.3dpb.Female,Rattus norvegicus,female,ERP108920,Holtzman SD,E-MTAB-6811:4969sTS.Rat.Ovary.3dpb.Female
ERR2592612,7,RNA-Seq,101,4566384124,PRJEB26889,SAMEA4680821,ArrayExpress,3062745761,"Lausanne Genomics Technology Facility ",Norway rat,public,"fastq,run.zq,sra","ena,gs,ncbi,s3","ena,gs.us-east1,ncbi.public,s3.us-east-1",postnatal,2019-02-18,2018-12-30T17:01:51Z,2018-11-16,2018-05-23T11:12:36Z,ERX2608888,postnatal day 7,forebrain,SAMEA4680821,wild type genotype,The University of Heidelberg,2018-12-30T17:01:51Z,2018-05-23T11:12:36Z,public,Illumina HiSeq 2500,2294sTS.Rat.Brain.1wpb.Female_s,SINGLE,PolyA,TRANSCRIPTOMIC,forebrain,Rattus norvegicus,ILLUMINA,2019-02-19T00:00:00Z,2022-07-13T23:54:00Z,2,SAMEA4680821,E-MTAB-6811:2294sTS.Rat.Brain.1wpb.Female,Rattus norvegicus,female,ERP108920,Holtzman SD,E-MTAB-6811:2294sTS.Rat.Brain.1wpb.Female
ERR2592613,7,RNA-Seq,101,4091196092,PRJEB26889,SAMEA4680822,ArrayExpress,2714632041,"Lausanne Genomics Technology Facility ",Norway rat,public,"fastq,run.zq,sra","ena,gs,ncbi,s3","ena,gs.us-east1,ncbi.public,s3.us-east-1",postnatal,2019-02-18,2018-12-30T17:01:51Z,2018-11-16,2018-05-23T11:12:36Z,ERX2608889,postnatal day 7,hindbrain,SAMEA4680822,wild type genotype,The University of Heidelberg,2018-12-30T17:01:51Z,2018-05-23T11:12:36Z,public,Illumina HiSeq 2500,2295sTS.Rat.Cerebellum.1wpb.Female_s,SINGLE,PolyA,TRANSCRIPTOMIC,hindbrain,Rattus norvegicus,ILLUMINA,2019-02-19T00:00:00Z,2022-07-17T23:38:00Z,2,SAMEA4680822,E-MTAB-6811:2295sTS.Rat.Cerebellum.1wpb.Female,Rattus norvegicus,female,ERP108920,Holtzman SD,E-MTAB-6811:2295sTS.Rat.Cerebellum.1wpb.Female
ERR2592614,7,RNA-Seq,101,3395970874,PRJEB26889,SAMEA4680823,ArrayExpress,2264747714,"Lausanne Genomics Technology Facility ",Norway rat,public,"fastq,run.zq,sra","ena,gs,ncbi,s3","ena,gs.us-east1,ncbi.public,s3.us-east-1",postnatal,2019-02-18,2018-12-30T17:01:51Z,2018-11-16,2018-05-23T11:12:36Z,ERX2608890,postnatal day 7,ovary,SAMEA4680823,wild type genotype,The University of Heidelberg,2018-12-30T17:01:51Z,2018-05-23T11:12:36Z,public,Illumina HiSeq 2500,2296sTS.Rat.Ovary.1wpb.Female_s,SINGLE,PolyA,TRANSCRIPTOMIC,ovary,Rattus norvegicus,ILLUMINA,2019-02-19T00:00:00Z,2022-07-22T16:09:00Z,2,SAMEA4680823,E-MTAB-6811:2296sTS.Rat.Ovary.1wpb.Female,Rattus norvegicus,female,ERP108920,Holtzman SD,E-MTAB-6811:2296sTS.Rat.Ovary.1wpb.Female
ERR2592615,7,RNA-Seq,101,7747151470,PRJEB26889,SAMEA4680824,ArrayExpress,5253193270,"Lausanne Genomics Technology Facility ",Norway rat,public,"fastq,run.zq,sra","ena,gs,ncbi,s3","ena,gs.us-east1,ncbi.public,s3.us-east-1",postnatal,2019-02-18,2018-12-30T17:01:51Z,2018-11-16,2018-05-23T11:12:36Z,ERX2608891,postnatal day 7,forebrain,SAMEA4680824,wild type genotype,The University of Heidelberg,2018-12-30T17:01:51Z,2018-05-23T11:12:36Z,public,Illumina HiSeq 2500,2298sTS.Rat.Brain.1wpb.Female_s,SINGLE,PolyA,TRANSCRIPTOMIC,forebrain,Rattus norvegicus,ILLUMINA,2019-02-19T00:00:00Z,2022-07-26T06:11:00Z,2,SAMEA4680824,E-MTAB-6811:2298sTS.Rat.Brain.1wpb.Female,Rattus norvegicus,female,ERP108920,Holtzman SD,E-MTAB-6811:2298sTS.Rat.Brain.1wpb.Female
ERR2592616,7,RNA-Seq,101,4049547227,PRJEB26889,SAMEA4680825,ArrayExpress,2744447656,"Lausanne Genomics Technology Facility ",Norway rat,public,"fastq,run.zq,sra","ena,gs,ncbi,s3","ena,gs.us-east1,ncbi.public,s3.us-east-1",postnatal,2019-02-18,2018-12-30T17:01:51Z,2018-11-16,2018-05-23T11:12:36Z,ERX2608892,postnatal day 7,hindbrain,SAMEA4680825,wild type genotype,The University of Heidelberg,2018-12-30T17:01:51Z,2018-05-23T11:12:36Z,public,Illumina HiSeq 2500,2299sTS.Rat.Cerebellum.1wpb.Female_s,SINGLE,PolyA,TRANSCRIPTOMIC,hindbrain,Rattus norvegicus,ILLUMINA,2019-02-19T00:00:00Z,2021-10-24T07:02:00Z,2,SAMEA4680825,E-MTAB-6811:2299sTS.Rat.Cerebellum.1wpb.Female,Rattus norvegicus,female,ERP108920,Holtzman SD,E-MTAB-6811:2299sTS.Rat.Cerebellum.1wpb.Female
ERR2592617,7,RNA-Seq,101,3600402146,PRJEB26889,SAMEA4680826,ArrayExpress,2359995923,"Lausanne Genomics Technology Facility ",Norway rat,public,"fastq,run.zq,sra","ena,gs,ncbi,s3","ena,gs.us-east1,ncbi.public,s3.us-east-1",postnatal,2019-02-18,2018-12-30T17:01:51Z,2018-11-16,2018-05-23T11:12:36Z,ERX2608893,postnatal day 7,ovary,SAMEA4680826,wild type genotype,The University of Heidelberg,2018-12-30T17:01:51Z,2018-05-23T11:12:36Z,public,Illumina HiSeq 2500,2300sTS.Rat.Ovary.1wpb.Female_s,SINGLE,PolyA,TRANSCRIPTOMIC,ovary,Rattus norvegicus,ILLUMINA,2019-02-19T00:00:00Z,2021-10-24T06:57:00Z,2,SAMEA4680826,E-MTAB-6811:2300sTS.Rat.Ovary.1wpb.Female,Rattus norvegicus,female,ERP108920,Holtzman SD,E-MTAB-6811:2300sTS.Rat.Ovary.1wpb.Female
ERR2592618,7,RNA-Seq,101,2285798670,PRJEB26889,SAMEA4680827,ArrayExpress,1527584639,"Lausanne Genomics Technology Facility ",Norway rat,public,"fastq,run.zq,sra","ena,gs,ncbi,s3","ena,gs.us-east1,ncbi.public,s3.us-east-1",postnatal,2019-02-18,2018-12-30T17:01:51Z,2018-11-16,2018-05-23T11:12:36Z,ERX2608894,postnatal day 7,forebrain,SAMEA4680827,wild type genotype,The University of Heidelberg,2018-12-30T17:01:51Z,2018-05-23T11:12:36Z,public,Illumina HiSeq 2500,2302sTS.Rat.Brain.1wpb.Male_s,SINGLE,PolyA,TRANSCRIPTOMIC,forebrain,Rattus norvegicus,ILLUMINA,2019-02-19T00:00:00Z,2022-07-13T22:38:00Z,2,SAMEA4680827,E-MTAB-6811:2302sTS.Rat.Brain.1wpb.Male,Rattus norvegicus,male,ERP108920,Holtzman SD,E-MTAB-6811:2302sTS.Rat.Brain.1wpb.Male
ERR2592619,7,RNA-Seq,101,3461677838,PRJEB26889,SAMEA4680828,ArrayExpress,2330509328,"Lausanne Genomics Technology Facility ",Norway rat,public,"fastq,run.zq,sra","ena,gs,ncbi,s3","ena,gs.us-east1,ncbi.public,s3.us-east-1",postnatal,2019-02-18,2018-12-30T17:01:51Z,2018-11-16,2018-05-23T11:12:36Z,ERX2608895,postnatal day 7,hindbrain,SAMEA4680828,wild type genotype,The University of Heidelberg,2018-12-30T17:01:51Z,2018-05-23T11:12:36Z,public,Illumina HiSeq 2500,2303sTS.Rat.Cerebellum.1wpb.Male_s,SINGLE,PolyA,TRANSCRIPTOMIC,hindbrain,Rattus norvegicus,ILLUMINA,2019-02-19T00:00:00Z,2021-10-24T07:06:00Z,2,SAMEA4680828,E-MTAB-6811:2303sTS.Rat.Cerebellum.1wpb.Male,Rattus norvegicus,male,ERP108920,Holtzman SD,E-MTAB-6811:2303sTS.Rat.Cerebellum.1wpb.Male
ERR2592620,7,RNA-Seq,101,3069528370,PRJEB26889,SAMEA4680829,ArrayExpress,2056147157,"Lausanne Genomics Technology Facility ",Norway rat,public,"fastq,run.zq,sra","ena,gs,ncbi,s3","ena,gs.us-east1,ncbi.public,s3.us-east-1",postnatal,2019-02-18,2018-12-30T17:01:51Z,2018-11-16,2018-05-23T11:12:37Z,ERX2608896,postnatal day 7,testis,SAMEA4680829,wild type genotype,The University of Heidelberg,2018-12-30T17:01:51Z,2018-05-23T11:12:37Z,public,Illumina HiSeq 2500,2304sTS.Rat.Testis.1wpb.Male_s,SINGLE,PolyA,TRANSCRIPTOMIC,testis,Rattus norvegicus,ILLUMINA,2019-02-19T00:00:00Z,2022-07-26T06:00:00Z,2,SAMEA4680829,E-MTAB-6811:2304sTS.Rat.Testis.1wpb.Male,Rattus norvegicus,male,ERP108920,Holtzman SD,E-MTAB-6811:2304sTS.Rat.Testis.1wpb.Male
ERR2592621,7,RNA-Seq,101,3793212661,PRJEB26889,SAMEA4680830,ArrayExpress,2565183967,"Lausanne Genomics Technology Facility ",Norway rat,public,"fastq,run.zq,sra","ena,gs,ncbi,s3","ena,gs.us-east1,ncbi.public,s3.us-east-1",postnatal,2019-02-18,2018-12-30T17:01:51Z,2018-11-16,2018-05-23T11:12:37Z,ERX2608897,postnatal day 7,forebrain,SAMEA4680830,wild type genotype,The University of Heidelberg,2018-12-30T17:01:51Z,2018-05-23T11:12:37Z,public,Illumina HiSeq 2500,2360sTS.Rat.Brain.1wpb.Male_s,SINGLE,PolyA,TRANSCRIPTOMIC,forebrain,Rattus norvegicus,ILLUMINA,2019-02-19T00:00:00Z,2021-10-24T06:53:00Z,2,SAMEA4680830,E-MTAB-6811:2360sTS.Rat.Brain.1wpb.Male,Rattus norvegicus,male,ERP108920,Holtzman SD,E-MTAB-6811:2360sTS.Rat.Brain.1wpb.Male
ERR2592622,7,RNA-Seq,101,3815095523,PRJEB26889,SAMEA4680831,ArrayExpress,2577392491,"Lausanne Genomics Technology Facility ",Norway rat,public,"fastq,run.zq,sra","ena,gs,ncbi,s3","ena,gs.us-east1,ncbi.public,s3.us-east-1",postnatal,2019-02-18,2018-12-30T17:01:51Z,2018-11-16,2018-05-23T11:12:37Z,ERX2608898,postnatal day 7,hindbrain,SAMEA4680831,wild type genotype,The University of Heidelberg,2018-12-30T17:01:51Z,2018-05-23T11:12:37Z,public,Illumina HiSeq 2500,2361sTS.Rat.Cerebellum.1wpb.Male_s,SINGLE,PolyA,TRANSCRIPTOMIC,hindbrain,Rattus norvegicus,ILLUMINA,2019-02-19T00:00:00Z,2021-10-24T06:54:00Z,2,SAMEA4680831,E-MTAB-6811:2361sTS.Rat.Cerebellum.1wpb.Male,Rattus norvegicus,male,ERP108920,Holtzman SD,E-MTAB-6811:2361sTS.Rat.Cerebellum.1wpb.Male
ERR2592623,7,RNA-Seq,101,4330308845,PRJEB26889,SAMEA4680832,ArrayExpress,2935409426,"Lausanne Genomics Technology Facility ",Norway rat,public,"fastq,run.zq,sra","ena,gs,ncbi,s3","ena,gs.us-east1,ncbi.public,s3.us-east-1",postnatal,2019-02-18,2018-12-30T17:01:51Z,2018-11-16,2018-05-23T11:12:37Z,ERX2608899,postnatal day 7,testis,SAMEA4680832,wild type genotype,The University of Heidelberg,2018-12-30T17:01:51Z,2018-05-23T11:12:37Z,public,Illumina HiSeq 2500,2362sTS.Rat.Testis.1wpb.Male_s,SINGLE,PolyA,TRANSCRIPTOMIC,testis,Rattus norvegicus,ILLUMINA,2019-02-19T00:00:00Z,2022-07-22T06:34:00Z,2,SAMEA4680832,E-MTAB-6811:2362sTS.Rat.Testis.1wpb.Male,Rattus norvegicus,male,ERP108920,Holtzman SD,E-MTAB-6811:2362sTS.Rat.Testis.1wpb.Male
ERR2592624,7,RNA-Seq,101,3593078535,PRJEB26889,SAMEA4680833,ArrayExpress,2300012637,"Lausanne Genomics Technology Facility ",Norway rat,public,"fastq,run.zq,sra","ena,gs,ncbi,s3","ena,gs.us-east1,ncbi.public,s3.us-east-1",postnatal,2019-02-18,2018-12-30T17:01:51Z,2018-11-16,2018-05-23T11:12:37Z,ERX2608900,postnatal day 7,liver,SAMEA4680833,wild type genotype,The University of Heidelberg,2018-12-30T17:01:51Z,2018-05-23T11:12:37Z,public,Illumina HiSeq 2500,2521sTS.Rat.Liver.1wpb.Female_s,SINGLE,PolyA,TRANSCRIPTOMIC,liver,Rattus norvegicus,ILLUMINA,2019-02-19T00:00:00Z,2022-07-19T01:08:00Z,2,SAMEA4680833,E-MTAB-6811:2521sTS.Rat.Liver.1wpb.Female,Rattus norvegicus,female,ERP108920,Holtzman SD,E-MTAB-6811:2521sTS.Rat.Liver.1wpb.Female
ERR2592625,7,RNA-Seq,101,3930781832,PRJEB26889,SAMEA4680834,ArrayExpress,2619348162,"Lausanne Genomics Technology Facility ",Norway rat,public,"fastq,run.zq,sra","ena,gs,ncbi,s3","ena,gs.us-east1,ncbi.public,s3.us-east-1",postnatal,2019-02-18,2018-12-30T17:01:51Z,2018-11-16,2018-05-23T11:12:37Z,ERX2608901,postnatal day 7,liver,SAMEA4680834,wild type genotype,The University of Heidelberg,2018-12-30T17:01:51Z,2018-05-23T11:12:37Z,public,Illumina HiSeq 2500,2522sTS.Rat.Liver.1wpb.Female_s,SINGLE,PolyA,TRANSCRIPTOMIC,liver,Rattus norvegicus,ILLUMINA,2019-02-19T00:00:00Z,2021-10-24T07:01:00Z,2,SAMEA4680834,E-MTAB-6811:2522sTS.Rat.Liver.1wpb.Female,Rattus norvegicus,female,ERP108920,Holtzman SD,E-MTAB-6811:2522sTS.Rat.Liver.1wpb.Female
ERR2592626,7,RNA-Seq,101,3658449371,PRJEB26889,SAMEA4680835,ArrayExpress,2330422385,"Lausanne Genomics Technology Facility ",Norway rat,public,"fastq,run.zq,sra","ena,gs,ncbi,s3","ena,gs.us-east1,ncbi.public,s3.us-east-1",postnatal,2019-02-18,2018-12-30T17:01:51Z,2018-11-16,2018-05-23T11:12:37Z,ERX2608902,postnatal day 7,liver,SAMEA4680835,wild type genotype,The University of Heidelberg,2018-12-30T17:01:51Z,2018-05-23T11:12:37Z,public,Illumina HiSeq 2500,2523sTS.Rat.Liver.1wpb.Male_s,SINGLE,PolyA,TRANSCRIPTOMIC,liver,Rattus norvegicus,ILLUMINA,2019-02-19T00:00:00Z,2022-07-26T06:02:00Z,2,SAMEA4680835,E-MTAB-6811:2523sTS.Rat.Liver.1wpb.Male,Rattus norvegicus,male,ERP108920,Holtzman SD,E-MTAB-6811:2523sTS.Rat.Liver.1wpb.Male
ERR2592627,7,RNA-Seq,101,3330308047,PRJEB26889,SAMEA4680836,ArrayExpress,2203014824,"Lausanne Genomics Technology Facility ",Norway rat,public,"fastq,run.zq,sra","ena,gs,ncbi,s3","ena,gs.us-east1,ncbi.public,s3.us-east-1",postnatal,2019-02-18,2018-12-30T17:01:51Z,2018-11-16,2018-05-23T11:12:37Z,ERX2608903,postnatal day 7,liver,SAMEA4680836,wild type genotype,The University of Heidelberg,2018-12-30T17:01:51Z,2018-05-23T11:12:37Z,public,Illumina HiSeq 2500,2524sTS.Rat.Liver.1wpb.Male_s,SINGLE,PolyA,TRANSCRIPTOMIC,liver,Rattus norvegicus,ILLUMINA,2019-02-19T00:00:00Z,2022-07-29T21:00:00Z,2,SAMEA4680836,E-MTAB-6811:2524sTS.Rat.Liver.1wpb.Male,Rattus norvegicus,male,ERP108920,Holtzman SD,E-MTAB-6811:2524sTS.Rat.Liver.1wpb.Male
ERR2592628,7,RNA-Seq,101,3562262728,PRJEB26889,SAMEA4680837,ArrayExpress,1385485819,"Lausanne Genomics Technology Facility ",Norway rat,public,"fastq,run.zq,sra","ena,gs,ncbi,s3","ena,gs.us-east1,ncbi.public,s3.us-east-1",postnatal,2019-02-18,2018-12-30T17:01:51Z,2018-11-16,2018-05-23T11:12:37Z,ERX2608904,postnatal day 7,heart,SAMEA4680837,wild type genotype,The University of Heidelberg,2018-12-30T17:01:51Z,2018-05-23T11:12:37Z,public,Illumina HiSeq 2500,2724sTS.Rat.Heart.1wpb.Female_s,SINGLE,PolyA,TRANSCRIPTOMIC,heart,Rattus norvegicus,ILLUMINA,2019-02-19T00:00:00Z,2022-07-26T06:01:00Z,2,SAMEA4680837,E-MTAB-6811:2724sTS.Rat.Heart.1wpb.Female,Rattus norvegicus,female,ERP108920,Holtzman SD,E-MTAB-6811:2724sTS.Rat.Heart.1wpb.Female
ERR2592629,7,RNA-Seq,101,3268762788,PRJEB26889,SAMEA4680838,ArrayExpress,1110977794,"Lausanne Genomics Technology Facility ",Norway rat,public,"fastq,run.zq,sra","ena,gs,ncbi,s3","ena,gs.us-east1,ncbi.public,s3.us-east-1",postnatal,2019-02-18,2018-12-30T17:01:51Z,2018-11-16,2018-05-23T11:12:37Z,ERX2608905,postnatal day 7,kidney,SAMEA4680838,wild type genotype,The University of Heidelberg,2018-12-30T17:01:51Z,2018-05-23T11:12:37Z,public,Illumina HiSeq 2500,2725sTS.Rat.Kidney.1wpb.Female_s,SINGLE,PolyA,TRANSCRIPTOMIC,kidney,Rattus norvegicus,ILLUMINA,2019-02-19T00:00:00Z,2022-07-26T06:00:00Z,2,SAMEA4680838,E-MTAB-6811:2725sTS.Rat.Kidney.1wpb.Female,Rattus norvegicus,female,ERP108920,Holtzman SD,E-MTAB-6811:2725sTS.Rat.Kidney.1wpb.Female
ERR2592630,7,RNA-Seq,101,3476220626,PRJEB26889,SAMEA4680839,ArrayExpress,1238679455,"Lausanne Genomics Technology Facility ",Norway rat,public,"fastq,run.zq,sra","ena,gs,ncbi,s3","ena,gs.us-east1,ncbi.public,s3.us-east-1",postnatal,2019-02-18,2018-12-30T17:01:51Z,2018-11-16,2018-05-23T11:12:37Z,ERX2608906,postnatal day 7,kidney,SAMEA4680839,wild type genotype,The University of Heidelberg,2018-12-30T17:01:51Z,2018-05-23T11:12:37Z,public,Illumina HiSeq 2500,2733sTS.Rat.Kidney.1wpb.Female_s,SINGLE,PolyA,TRANSCRIPTOMIC,kidney,Rattus norvegicus,ILLUMINA,2019-02-19T00:00:00Z,2022-07-18T16:21:00Z,2,SAMEA4680839,E-MTAB-6811:2733sTS.Rat.Kidney.1wpb.Female,Rattus norvegicus,female,ERP108920,Holtzman SD,E-MTAB-6811:2733sTS.Rat.Kidney.1wpb.Female
ERR2592631,7,RNA-Seq,101,2653518258,PRJEB26889,SAMEA4680840,ArrayExpress,903819074,"Lausanne Genomics Technology Facility ",Norway rat,public,"fastq,run.zq,sra","ena,gs,ncbi,s3","ena,gs.us-east1,ncbi.public,s3.us-east-1",postnatal,2019-02-18,2018-12-30T17:01:51Z,2018-11-16,2018-05-23T11:12:37Z,ERX2608907,postnatal day 7,heart,SAMEA4680840,wild type genotype,The University of Heidelberg,2018-12-30T17:01:51Z,2018-05-23T11:12:37Z,public,Illumina HiSeq 2500,2734sTS.Rat.Heart.1wpb.Male_s,SINGLE,PolyA,TRANSCRIPTOMIC,heart,Rattus norvegicus,ILLUMINA,2019-02-19T00:00:00Z,2022-07-22T16:04:00Z,2,SAMEA4680840,E-MTAB-6811:2734sTS.Rat.Heart.1wpb.Male,Rattus norvegicus,male,ERP108920,Holtzman SD,E-MTAB-6811:2734sTS.Rat.Heart.1wpb.Male
ERR2592632,7,RNA-Seq,101,3723951810,PRJEB26889,SAMEA4680841,ArrayExpress,1322881033,"Lausanne Genomics Technology Facility ",Norway rat,public,"fastq,run.zq,sra","ena,gs,ncbi,s3","ena,gs.us-east1,ncbi.public,s3.us-east-1",postnatal,2019-02-18,2018-12-30T17:01:51Z,2018-11-16,2018-05-23T11:12:37Z,ERX2608908,postnatal day 7,kidney,SAMEA4680841,wild type genotype,The University of Heidelberg,2018-12-30T17:01:51Z,2018-05-23T11:12:37Z,public,Illumina HiSeq 2500,2735sTS.Rat.Kidney.1wpb.Male_s,SINGLE,PolyA,TRANSCRIPTOMIC,kidney,Rattus norvegicus,ILLUMINA,2019-02-19T00:00:00Z,2022-07-13T12:18:00Z,2,SAMEA4680841,E-MTAB-6811:2735sTS.Rat.Kidney.1wpb.Male,Rattus norvegicus,male,ERP108920,Holtzman SD,E-MTAB-6811:2735sTS.Rat.Kidney.1wpb.Male
ERR2592633,7,RNA-Seq,101,2350925793,PRJEB26889,SAMEA4680842,ArrayExpress,797746069,"Lausanne Genomics Technology Facility ",Norway rat,public,"fastq,run.zq,sra","ena,gs,ncbi,s3","ena,gs.us-east1,ncbi.public,s3.us-east-1",postnatal,2019-02-18,2018-12-30T17:01:51Z,2018-11-16,2018-05-23T11:12:37Z,ERX2608909,postnatal day 7,heart,SAMEA4680842,wild type genotype,The University of Heidelberg,2018-12-30T17:01:51Z,2018-05-23T11:12:37Z,public,Illumina HiSeq 2500,2736sTS.Rat.Heart.1wpb.Male_s,SINGLE,PolyA,TRANSCRIPTOMIC,heart,Rattus norvegicus,ILLUMINA,2019-02-19T00:00:00Z,2022-07-19T22:48:00Z,2,SAMEA4680842,E-MTAB-6811:2736sTS.Rat.Heart.1wpb.Male,Rattus norvegicus,male,ERP108920,Holtzman SD,E-MTAB-6811:2736sTS.Rat.Heart.1wpb.Male
ERR2592634,7,RNA-Seq,101,3756700858,PRJEB26889,SAMEA4680843,ArrayExpress,1346800461,"Lausanne Genomics Technology Facility ",Norway rat,public,"fastq,run.zq,sra","ena,gs,ncbi,s3","ena,gs.us-east1,ncbi.public,s3.us-east-1",postnatal,2019-02-18,2018-12-30T17:01:51Z,2018-11-16,2018-05-23T11:12:37Z,ERX2608910,postnatal day 7,kidney,SAMEA4680843,wild type genotype,The University of Heidelberg,2018-12-30T17:01:51Z,2018-05-23T11:12:37Z,public,Illumina HiSeq 2500,2737sTS.Rat.Kidney.1wpb.Male_s,SINGLE,PolyA,TRANSCRIPTOMIC,kidney,Rattus norvegicus,ILLUMINA,2019-02-19T00:00:00Z,2022-07-19T01:10:00Z,2,SAMEA4680843,E-MTAB-6811:2737sTS.Rat.Kidney.1wpb.Male,Rattus norvegicus,male,ERP108920,Holtzman SD,E-MTAB-6811:2737sTS.Rat.Kidney.1wpb.Male
ERR2592635,14,RNA-Seq,101,4502729682,PRJEB26889,SAMEA4680844,ArrayExpress,3031838970,"Lausanne Genomics Technology Facility ",Norway rat,public,"fastq,run.zq,sra","ena,gs,ncbi,s3","ena,gs.us-east1,ncbi.public,s3.us-east-1",postnatal,2019-02-18,2018-12-30T17:01:51Z,2018-11-16,2018-05-23T11:12:37Z,ERX2608911,postnatal day 14,forebrain,SAMEA4680844,wild type genotype,The University of Heidelberg,2018-12-30T17:01:51Z,2018-05-23T11:12:37Z,public,Illumina HiSeq 2500,2336sTS.Rat.Brain.2wpb.Female_s,SINGLE,PolyA,TRANSCRIPTOMIC,forebrain,Rattus norvegicus,ILLUMINA,2019-02-19T00:00:00Z,2022-07-19T01:17:00Z,2,SAMEA4680844,E-MTAB-6811:2336sTS.Rat.Brain.2wpb.Female,Rattus norvegicus,female,ERP108920,Holtzman SD,E-MTAB-6811:2336sTS.Rat.Brain.2wpb.Female
ERR2592636,14,RNA-Seq,101,2707664156,PRJEB26889,SAMEA4680845,ArrayExpress,1834278487,"Lausanne Genomics Technology Facility ",Norway rat,public,"fastq,run.zq,sra","ena,gs,ncbi,s3","ena,gs.us-east1,ncbi.public,s3.us-east-1",postnatal,2019-02-18,2018-12-30T17:01:51Z,2018-11-16,2018-05-23T11:12:37Z,ERX2608912,postnatal day 14,hindbrain,SAMEA4680845,wild type genotype,The University of Heidelberg,2018-12-30T17:01:51Z,2018-05-23T11:12:37Z,public,Illumina HiSeq 2500,2337sTS.Rat.Cerebellum.2wpb.Female_s,SINGLE,PolyA,TRANSCRIPTOMIC,hindbrain,Rattus norvegicus,ILLUMINA,2019-02-19T00:00:00Z,2022-07-12T19:13:00Z,2,SAMEA4680845,E-MTAB-6811:2337sTS.Rat.Cerebellum.2wpb.Female,Rattus norvegicus,female,ERP108920,Holtzman SD,E-MTAB-6811:2337sTS.Rat.Cerebellum.2wpb.Female
ERR2592637,14,RNA-Seq,101,3412075829,PRJEB26889,SAMEA4680846,ArrayExpress,2259952370,"Lausanne Genomics Technology Facility ",Norway rat,public,"fastq,run.zq,sra","ena,gs,ncbi,s3","ena,gs.us-east1,ncbi.public,s3.us-east-1",postnatal,2019-02-18,2018-12-30T17:01:51Z,2018-11-16,2018-05-23T11:12:37Z,ERX2608913,postnatal day 14,ovary,SAMEA4680846,wild type genotype,The University of Heidelberg,2018-12-30T17:01:51Z,2018-05-23T11:12:37Z,public,Illumina HiSeq 2500,2338sTS.Rat.Ovary.2wpb.Female_s,SINGLE,PolyA,TRANSCRIPTOMIC,ovary,Rattus norvegicus,ILLUMINA,2019-02-19T00:00:00Z,2022-07-26T06:00:00Z,2,SAMEA4680846,E-MTAB-6811:2338sTS.Rat.Ovary.2wpb.Female,Rattus norvegicus,female,ERP108920,Holtzman SD,E-MTAB-6811:2338sTS.Rat.Ovary.2wpb.Female
ERR2592638,14,RNA-Seq,101,4050051116,PRJEB26889,SAMEA4680847,ArrayExpress,2630587525,"Lausanne Genomics Technology Facility ",Norway rat,public,"fastq,run.zq,sra","ena,gs,ncbi,s3","ena,gs.us-east1,ncbi.public,s3.us-east-1",postnatal,2019-02-18,2018-12-30T17:01:51Z,2018-11-16,2018-05-23T11:12:37Z,ERX2608914,postnatal day 14,forebrain,SAMEA4680847,wild type genotype,The University of Heidelberg,2018-12-30T17:01:51Z,2018-05-23T11:12:37Z,public,Illumina HiSeq 2500,2339sTS.Rat.Brain.2wpb.Female_s,SINGLE,PolyA,TRANSCRIPTOMIC,forebrain,Rattus norvegicus,ILLUMINA,2019-02-19T00:00:00Z,2021-10-24T06:59:00Z,2,SAMEA4680847,E-MTAB-6811:2339sTS.Rat.Brain.2wpb.Female,Rattus norvegicus,female,ERP108920,Holtzman SD,E-MTAB-6811:2339sTS.Rat.Brain.2wpb.Female
ERR2592639,14,RNA-Seq,101,3090964004,PRJEB26889,SAMEA4680848,ArrayExpress,2035636091,"Lausanne Genomics Technology Facility ",Norway rat,public,"fastq,run.zq,sra","ena,gs,ncbi,s3","ena,gs.us-east1,ncbi.public,s3.us-east-1",postnatal,2019-02-18,2018-12-30T17:01:51Z,2018-11-16,2018-05-23T11:12:37Z,ERX2608915,postnatal day 14,hindbrain,SAMEA4680848,wild type genotype,The University of Heidelberg,2018-12-30T17:01:51Z,2018-05-23T11:12:37Z,public,Illumina HiSeq 2500,2340sTS.Rat.Cerebellum.2wpb.Female_s,SINGLE,PolyA,TRANSCRIPTOMIC,hindbrain,Rattus norvegicus,ILLUMINA,2019-02-19T00:00:00Z,2022-07-18T06:41:00Z,2,SAMEA4680848,E-MTAB-6811:2340sTS.Rat.Cerebellum.2wpb.Female,Rattus norvegicus,female,ERP108920,Holtzman SD,E-MTAB-6811:2340sTS.Rat.Cerebellum.2wpb.Female
ERR2592640,14,RNA-Seq,101,4185693914,PRJEB26889,SAMEA4680849,ArrayExpress,2763297678,"Lausanne Genomics Technology Facility ",Norway rat,public,"fastq,run.zq,sra","ena,gs,ncbi,s3","ena,gs.us-east1,ncbi.public,s3.us-east-1",postnatal,2019-02-18,2018-12-30T17:01:51Z,2018-11-16,2018-05-23T11:12:37Z,ERX2608916,postnatal day 14,ovary,SAMEA4680849,wild type genotype,The University of Heidelberg,2018-12-30T17:01:51Z,2018-05-23T11:12:37Z,public,Illumina HiSeq 2500,2341sTS.Rat.Ovary.2wpb.Female_s,SINGLE,PolyA,TRANSCRIPTOMIC,ovary,Rattus norvegicus,ILLUMINA,2019-02-19T00:00:00Z,2021-10-24T07:03:00Z,2,SAMEA4680849,E-MTAB-6811:2341sTS.Rat.Ovary.2wpb.Female,Rattus norvegicus,female,ERP108920,Holtzman SD,E-MTAB-6811:2341sTS.Rat.Ovary.2wpb.Female
ERR2592641,14,RNA-Seq,101,3724577909,PRJEB26889,SAMEA4680850,ArrayExpress,2483629700,"Lausanne Genomics Technology Facility ",Norway rat,public,"fastq,run.zq,sra","ena,gs,ncbi,s3","ena,gs.us-east1,ncbi.public,s3.us-east-1",postnatal,2019-02-18,2018-12-30T17:01:51Z,2018-11-16,2018-05-23T11:12:37Z,ERX2608917,postnatal day 14,forebrain,SAMEA4680850,wild type genotype,The University of Heidelberg,2018-12-30T17:01:51Z,2018-05-23T11:12:37Z,public,Illumina HiSeq 2500,2342sTS.Rat.Brain.2wpb.Male_s,SINGLE,PolyA,TRANSCRIPTOMIC,forebrain,Rattus norvegicus,ILLUMINA,2019-02-19T00:00:00Z,2021-10-24T07:05:00Z,2,SAMEA4680850,E-MTAB-6811:2342sTS.Rat.Brain.2wpb.Male,Rattus norvegicus,male,ERP108920,Holtzman SD,E-MTAB-6811:2342sTS.Rat.Brain.2wpb.Male
ERR2592642,14,RNA-Seq,101,3371419087,PRJEB26889,SAMEA4680851,ArrayExpress,2305680599,"Lausanne Genomics Technology Facility ",Norway rat,public,"fastq,run.zq,sra","ena,gs,ncbi,s3","ena,gs.us-east1,ncbi.public,s3.us-east-1",postnatal,2019-02-18,2018-12-30T17:01:51Z,2018-11-16,2018-05-23T11:12:37Z,ERX2608918,postnatal day 14,hindbrain,SAMEA4680851,wild type genotype,The University of Heidelberg,2018-12-30T17:01:51Z,2018-05-23T11:12:37Z,public,Illumina HiSeq 2500,2343sTS.Rat.Cerebellum.2wpb.Male_s,SINGLE,PolyA,TRANSCRIPTOMIC,hindbrain,Rattus norvegicus,ILLUMINA,2019-02-19T00:00:00Z,2022-07-26T06:03:00Z,2,SAMEA4680851,E-MTAB-6811:2343sTS.Rat.Cerebellum.2wpb.Male,Rattus norvegicus,male,ERP108920,Holtzman SD,E-MTAB-6811:2343sTS.Rat.Cerebellum.2wpb.Male
ERR2592643,14,RNA-Seq,101,3260534823,PRJEB26889,SAMEA4680852,ArrayExpress,2178100628,"Lausanne Genomics Technology Facility ",Norway rat,public,"fastq,run.zq,sra","ena,gs,ncbi,s3","ena,gs.us-east1,ncbi.public,s3.us-east-1",postnatal,2019-02-18,2018-12-30T17:01:51Z,2018-11-16,2018-05-23T11:12:37Z,ERX2608919,postnatal day 14,testis,SAMEA4680852,wild type genotype,The University of Heidelberg,2018-12-30T17:01:51Z,2018-05-23T11:12:37Z,public,Illumina HiSeq 2500,2344sTS.Rat.Testis.2wpb.Male_s,SINGLE,PolyA,TRANSCRIPTOMIC,testis,Rattus norvegicus,ILLUMINA,2019-02-19T00:00:00Z,2022-07-26T06:01:00Z,2,SAMEA4680852,E-MTAB-6811:2344sTS.Rat.Testis.2wpb.Male,Rattus norvegicus,male,ERP108920,Holtzman SD,E-MTAB-6811:2344sTS.Rat.Testis.2wpb.Male
ERR2592644,14,RNA-Seq,101,4335000093,PRJEB26889,SAMEA4680853,ArrayExpress,2839999205,"Lausanne Genomics Technology Facility ",Norway rat,public,"fastq,run.zq,sra","ena,gs,ncbi,s3","ena,gs.us-east1,ncbi.public,s3.us-east-1",postnatal,2019-02-18,2018-12-30T17:01:51Z,2018-11-16,2018-05-23T11:12:37Z,ERX2608920,postnatal day 14,forebrain,SAMEA4680853,wild type genotype,The University of Heidelberg,2018-12-30T17:01:51Z,2018-05-23T11:12:37Z,public,Illumina HiSeq 2500,2345sTS.Rat.Brain.2wpb.Male_s,SINGLE,PolyA,TRANSCRIPTOMIC,forebrain,Rattus norvegicus,ILLUMINA,2019-02-19T00:00:00Z,2021-10-24T06:57:00Z,2,SAMEA4680853,E-MTAB-6811:2345sTS.Rat.Brain.2wpb.Male,Rattus norvegicus,male,ERP108920,Holtzman SD,E-MTAB-6811:2345sTS.Rat.Brain.2wpb.Male
ERR2592645,14,RNA-Seq,101,3842910822,PRJEB26889,SAMEA4680854,ArrayExpress,2531983056,"Lausanne Genomics Technology Facility ",Norway rat,public,"fastq,run.zq,sra","ena,gs,ncbi,s3","ena,gs.us-east1,ncbi.public,s3.us-east-1",postnatal,2019-02-18,2018-12-30T17:01:51Z,2018-11-16,2018-05-23T11:12:38Z,ERX2608921,postnatal day 14,hindbrain,SAMEA4680854,wild type genotype,The University of Heidelberg,2018-12-30T17:01:51Z,2018-05-23T11:12:38Z,public,Illumina HiSeq 2500,2346sTS.Rat.Cerebellum.2wpb.Male_s,SINGLE,PolyA,TRANSCRIPTOMIC,hindbrain,Rattus norvegicus,ILLUMINA,2019-02-19T00:00:00Z,2022-07-26T06:01:00Z,2,SAMEA4680854,E-MTAB-6811:2346sTS.Rat.Cerebellum.2wpb.Male,Rattus norvegicus,male,ERP108920,Holtzman SD,E-MTAB-6811:2346sTS.Rat.Cerebellum.2wpb.Male
ERR2592646,14,RNA-Seq,101,4370780151,PRJEB26889,SAMEA4680855,ArrayExpress,2953798866,"Lausanne Genomics Technology Facility ",Norway rat,public,"fastq,run.zq,sra","ena,gs,ncbi,s3","ena,gs.us-east1,ncbi.public,s3.us-east-1",postnatal,2019-02-18,2018-12-30T17:01:51Z,2018-11-16,2018-05-23T11:12:38Z,ERX2608922,postnatal day 14,testis,SAMEA4680855,wild type genotype,The University of Heidelberg,2018-12-30T17:01:51Z,2018-05-23T11:12:38Z,public,Illumina HiSeq 2500,2347sTS.Rat.Testis.2wpb.Male_s,SINGLE,PolyA,TRANSCRIPTOMIC,testis,Rattus norvegicus,ILLUMINA,2019-02-19T00:00:00Z,2022-07-26T06:06:00Z,2,SAMEA4680855,E-MTAB-6811:2347sTS.Rat.Testis.2wpb.Male,Rattus norvegicus,male,ERP108920,Holtzman SD,E-MTAB-6811:2347sTS.Rat.Testis.2wpb.Male
ERR2592647,14,RNA-Seq,101,3443158579,PRJEB26889,SAMEA4680856,ArrayExpress,2190158363,"Lausanne Genomics Technology Facility ",Norway rat,public,"fastq,run.zq,sra","ena,gs,ncbi,s3","ena,gs.us-east1,ncbi.public,s3.us-east-1",postnatal,2019-02-18,2018-12-30T17:01:51Z,2018-11-16,2018-05-23T11:12:38Z,ERX2608923,postnatal day 14,liver,SAMEA4680856,wild type genotype,The University of Heidelberg,2018-12-30T17:01:51Z,2018-05-23T11:12:38Z,public,Illumina HiSeq 2500,2525sTS.Rat.Liver.2wpb.Female_s,SINGLE,PolyA,TRANSCRIPTOMIC,liver,Rattus norvegicus,ILLUMINA,2019-02-19T00:00:00Z,2022-07-17T19:33:00Z,2,SAMEA4680856,E-MTAB-6811:2525sTS.Rat.Liver.2wpb.Female,Rattus norvegicus,female,ERP108920,Holtzman SD,E-MTAB-6811:2525sTS.Rat.Liver.2wpb.Female
ERR2592648,14,RNA-Seq,101,4778976499,PRJEB26889,SAMEA4680857,ArrayExpress,3170877595,"Lausanne Genomics Technology Facility ",Norway rat,public,"fastq,run.zq,sra","ena,gs,ncbi,s3","ena,gs.us-east1,ncbi.public,s3.us-east-1",postnatal,2019-02-18,2018-12-30T17:01:51Z,2018-11-16,2018-05-23T11:12:38Z,ERX2608924,postnatal day 14,liver,SAMEA4680857,wild type genotype,The University of Heidelberg,2018-12-30T17:01:51Z,2018-05-23T11:12:38Z,public,Illumina HiSeq 2500,2526sTS.Rat.Liver.2wpb.Female_s,SINGLE,PolyA,TRANSCRIPTOMIC,liver,Rattus norvegicus,ILLUMINA,2019-02-19T00:00:00Z,2021-10-24T07:01:00Z,2,SAMEA4680857,E-MTAB-6811:2526sTS.Rat.Liver.2wpb.Female,Rattus norvegicus,female,ERP108920,Holtzman SD,E-MTAB-6811:2526sTS.Rat.Liver.2wpb.Female
ERR2592649,14,RNA-Seq,101,3715803231,PRJEB26889,SAMEA4680858,ArrayExpress,2366327652,"Lausanne Genomics Technology Facility ",Norway rat,public,"fastq,run.zq,sra","ena,gs,ncbi,s3","ena,gs.us-east1,ncbi.public,s3.us-east-1",postnatal,2019-02-18,2018-12-30T17:01:51Z,2018-11-16,2018-05-23T11:12:38Z,ERX2608925,postnatal day 14,liver,SAMEA4680858,wild type genotype,The University of Heidelberg,2018-12-30T17:01:51Z,2018-05-23T11:12:38Z,public,Illumina HiSeq 2500,2527sTS.Rat.Liver.2wpb.Male_s,SINGLE,PolyA,TRANSCRIPTOMIC,liver,Rattus norvegicus,ILLUMINA,2019-02-19T00:00:00Z,2021-10-24T06:54:00Z,2,SAMEA4680858,E-MTAB-6811:2527sTS.Rat.Liver.2wpb.Male,Rattus norvegicus,male,ERP108920,Holtzman SD,E-MTAB-6811:2527sTS.Rat.Liver.2wpb.Male
ERR2592650,14,RNA-Seq,101,1624912139,PRJEB26889,SAMEA4680859,ArrayExpress,628511419,"Lausanne Genomics Technology Facility ",Norway rat,public,"fastq,run.zq,sra","ena,gs,ncbi,s3","ena,gs.us-east1,ncbi.public,s3.us-east-1",postnatal,2019-02-18,2018-12-30T17:01:51Z,2018-11-16,2018-05-23T11:12:38Z,ERX2608926,postnatal day 14,heart,SAMEA4680859,wild type genotype,The University of Heidelberg,2018-12-30T17:01:51Z,2018-05-23T11:12:38Z,public,Illumina HiSeq 2500,2727sTS.Rat.Heart.2wpb.Female_s,SINGLE,PolyA,TRANSCRIPTOMIC,heart,Rattus norvegicus,ILLUMINA,2019-02-19T00:00:00Z,2022-07-17T17:15:00Z,2,SAMEA4680859,E-MTAB-6811:2727sTS.Rat.Heart.2wpb.Female,Rattus norvegicus,female,ERP108920,Holtzman SD,E-MTAB-6811:2727sTS.Rat.Heart.2wpb.Female
ERR2592651,14,RNA-Seq,101,2802091076,PRJEB26889,SAMEA4680860,ArrayExpress,955705735,"Lausanne Genomics Technology Facility ",Norway rat,public,"fastq,run.zq,sra","ena,gs,ncbi,s3","ena,gs.us-east1,ncbi.public,s3.us-east-1",postnatal,2019-02-18,2018-12-30T17:01:51Z,2018-11-16,2018-05-23T11:12:38Z,ERX2608927,postnatal day 14,heart,SAMEA4680860,wild type genotype,The University of Heidelberg,2018-12-30T17:01:51Z,2018-05-23T11:12:38Z,public,Illumina HiSeq 2500,2728sTS.Rat.Heart.2wpb.Female_s,SINGLE,PolyA,TRANSCRIPTOMIC,heart,Rattus norvegicus,ILLUMINA,2019-02-19T00:00:00Z,2022-07-26T05:59:00Z,2,SAMEA4680860,E-MTAB-6811:2728sTS.Rat.Heart.2wpb.Female,Rattus norvegicus,female,ERP108920,Holtzman SD,E-MTAB-6811:2728sTS.Rat.Heart.2wpb.Female
ERR2592652,14,RNA-Seq,101,2714627803,PRJEB26889,SAMEA4680861,ArrayExpress,917797894,"Lausanne Genomics Technology Facility ",Norway rat,public,"fastq,run.zq,sra","ena,gs,ncbi,s3","ena,gs.us-east1,ncbi.public,s3.us-east-1",postnatal,2019-02-18,2018-12-30T17:01:51Z,2018-11-16,2018-05-23T11:12:38Z,ERX2608928,postnatal day 14,kidney,SAMEA4680861,wild type genotype,The University of Heidelberg,2018-12-30T17:01:51Z,2018-05-23T11:12:38Z,public,Illumina HiSeq 2500,2729sTS.Rat.Kidney.2wpb.Female_s,SINGLE,PolyA,TRANSCRIPTOMIC,kidney,Rattus norvegicus,ILLUMINA,2019-02-19T00:00:00Z,2022-07-26T05:59:00Z,2,SAMEA4680861,E-MTAB-6811:2729sTS.Rat.Kidney.2wpb.Female,Rattus norvegicus,female,ERP108920,Holtzman SD,E-MTAB-6811:2729sTS.Rat.Kidney.2wpb.Female
ERR2592653,14,RNA-Seq,101,3319457112,PRJEB26889,SAMEA4680862,ArrayExpress,1214313519,"Lausanne Genomics Technology Facility ",Norway rat,public,"fastq,run.zq,sra","ena,gs,ncbi,s3","ena,gs.us-east1,ncbi.public,s3.us-east-1",postnatal,2019-02-18,2018-12-30T17:01:51Z,2018-11-16,2018-05-23T11:12:38Z,ERX2608929,postnatal day 14,kidney,SAMEA4680862,wild type genotype,The University of Heidelberg,2018-12-30T17:01:51Z,2018-05-23T11:12:38Z,public,Illumina HiSeq 2500,2730sTS.Rat.Kidney.2wpb.Male_s,SINGLE,PolyA,TRANSCRIPTOMIC,kidney,Rattus norvegicus,ILLUMINA,2019-02-19T00:00:00Z,2022-07-18T16:17:00Z,2,SAMEA4680862,E-MTAB-6811:2730sTS.Rat.Kidney.2wpb.Male,Rattus norvegicus,male,ERP108920,Holtzman SD,E-MTAB-6811:2730sTS.Rat.Kidney.2wpb.Male
ERR2592654,14,RNA-Seq,101,3253720151,PRJEB26889,SAMEA4680863,ArrayExpress,1106540109,"Lausanne Genomics Technology Facility ",Norway rat,public,"fastq,run.zq,sra","ena,gs,ncbi,s3","ena,gs.us-east1,ncbi.public,s3.us-east-1",postnatal,2019-02-18,2018-12-30T17:01:51Z,2018-11-16,2018-05-23T11:12:38Z,ERX2608930,postnatal day 14,heart,SAMEA4680863,wild type genotype,The University of Heidelberg,2018-12-30T17:01:51Z,2018-05-23T11:12:38Z,public,Illumina HiSeq 2500,2731sTS.Rat.Heart.2wpb.Male_s,SINGLE,PolyA,TRANSCRIPTOMIC,heart,Rattus norvegicus,ILLUMINA,2019-02-19T00:00:00Z,2022-07-26T05:59:00Z,2,SAMEA4680863,E-MTAB-6811:2731sTS.Rat.Heart.2wpb.Male,Rattus norvegicus,male,ERP108920,Holtzman SD,E-MTAB-6811:2731sTS.Rat.Heart.2wpb.Male
ERR2592655,14,RNA-Seq,101,3742536214,PRJEB26889,SAMEA4680864,ArrayExpress,1389102252,"Lausanne Genomics Technology Facility ",Norway rat,public,"fastq,run.zq,sra","ena,gs,ncbi,s3","ena,gs.us-east1,ncbi.public,s3.us-east-1",postnatal,2019-02-18,2018-12-30T17:01:51Z,2018-11-16,2018-05-23T11:12:38Z,ERX2608931,postnatal day 14,kidney,SAMEA4680864,wild type genotype,The University of Heidelberg,2018-12-30T17:01:51Z,2018-05-23T11:12:38Z,public,Illumina HiSeq 2500,2756sTS.Rat.Kidney.2wpb.Female_s,SINGLE,PolyA,TRANSCRIPTOMIC,kidney,Rattus norvegicus,ILLUMINA,2019-02-19T00:00:00Z,2022-07-14T06:48:00Z,2,SAMEA4680864,E-MTAB-6811:2756sTS.Rat.Kidney.2wpb.Female,Rattus norvegicus,female,ERP108920,Holtzman SD,E-MTAB-6811:2756sTS.Rat.Kidney.2wpb.Female
ERR2592656,14,RNA-Seq,101,2763596239,PRJEB26889,SAMEA4680865,ArrayExpress,1027852351,"Lausanne Genomics Technology Facility ",Norway rat,public,"fastq,run.zq,sra","ena,gs,ncbi,s3","ena,gs.us-east1,ncbi.public,s3.us-east-1",postnatal,2019-02-18,2018-12-30T17:01:51Z,2018-11-16,2018-05-23T11:12:38Z,ERX2608932,postnatal day 14,kidney,SAMEA4680865,wild type genotype,The University of Heidelberg,2018-12-30T17:01:51Z,2018-05-23T11:12:38Z,public,Illumina HiSeq 2500,2758sTS.Rat.Kidney.2wpb.Male_s,SINGLE,PolyA,TRANSCRIPTOMIC,kidney,Rattus norvegicus,ILLUMINA,2019-02-19T00:00:00Z,2022-07-12T16:24:00Z,2,SAMEA4680865,E-MTAB-6811:2758sTS.Rat.Kidney.2wpb.Male,Rattus norvegicus,male,ERP108920,Holtzman SD,E-MTAB-6811:2758sTS.Rat.Kidney.2wpb.Male
ERR2592657,14,RNA-Seq,101,3702384674,PRJEB26889,SAMEA4680866,ArrayExpress,2450878100,"Lausanne Genomics Technology Facility ",Norway rat,public,"fastq,run.zq,sra","ena,gs,ncbi,s3","ena,gs.us-east1,ncbi.public,s3.us-east-1",postnatal,2019-02-18,2018-12-30T17:01:51Z,2018-11-16,2018-05-23T11:12:38Z,ERX2608933,postnatal day 14,liver,SAMEA4680866,wild type genotype,The University of Heidelberg,2018-12-30T17:01:51Z,2018-05-23T11:12:38Z,public,Illumina HiSeq 2500,2759sTS.Rat.Liver.2wpb.Male_s,SINGLE,PolyA,TRANSCRIPTOMIC,liver,Rattus norvegicus,ILLUMINA,2019-02-19T00:00:00Z,2022-07-17T12:12:00Z,2,SAMEA4680866,E-MTAB-6811:2759sTS.Rat.Liver.2wpb.Male,Rattus norvegicus,male,ERP108920,Holtzman SD,E-MTAB-6811:2759sTS.Rat.Liver.2wpb.Male
ERR2592658,14,RNA-Seq,101,2915950598,PRJEB26889,SAMEA4680867,ArrayExpress,996538319,"Lausanne Genomics Technology Facility ",Norway rat,public,"fastq,run.zq,sra","ena,gs,ncbi,s3","ena,gs.us-east1,ncbi.public,s3.us-east-1",postnatal,2019-02-18,2018-12-30T17:01:51Z,2018-11-16,2018-05-23T11:12:38Z,ERX2608934,postnatal day 14,heart,SAMEA4680867,wild type genotype,The University of Heidelberg,2018-12-30T17:01:51Z,2018-05-23T11:12:38Z,public,Illumina HiSeq 2500,2760sTS.Rat.Heart.2wpb.Male_s,SINGLE,PolyA,TRANSCRIPTOMIC,heart,Rattus norvegicus,ILLUMINA,2019-02-19T00:00:00Z,2022-07-19T01:04:00Z,2,SAMEA4680867,E-MTAB-6811:2760sTS.Rat.Heart.2wpb.Male,Rattus norvegicus,male,ERP108920,Holtzman SD,E-MTAB-6811:2760sTS.Rat.Heart.2wpb.Male
ERR2592659,42,RNA-Seq,101,3213415293,PRJEB26889,SAMEA4680868,ArrayExpress,2005630521,"Lausanne Genomics Technology Facility ",Norway rat,public,"fastq,run.zq,sra","ena,gs,ncbi,s3","ena,gs.us-east1,ncbi.public,s3.us-east-1",postnatal,2019-02-18,2018-12-30T17:01:51Z,2018-11-16,2018-05-23T11:12:38Z,ERX2608935,postnatal day 42,forebrain,SAMEA4680868,wild type genotype,The University of Heidelberg,2018-12-30T17:01:51Z,2018-05-23T11:12:38Z,public,Illumina HiSeq 2500,1875sTS.Rat.Brain.6wpb.Male_s,SINGLE,PolyA,TRANSCRIPTOMIC,forebrain,Rattus norvegicus,ILLUMINA,2019-02-19T00:00:00Z,2022-07-17T19:33:00Z,2,SAMEA4680868,E-MTAB-6811:1875sTS.Rat.Brain.6wpb.Male,Rattus norvegicus,male,ERP108920,Holtzman SD,E-MTAB-6811:1875sTS.Rat.Brain.6wpb.Male
ERR2592660,42,RNA-Seq,101,2465283346,PRJEB26889,SAMEA4680869,ArrayExpress,1539376596,"Lausanne Genomics Technology Facility ",Norway rat,public,"fastq,run.zq,sra","ena,gs,ncbi,s3","ena,gs.us-east1,ncbi.public,s3.us-east-1",postnatal,2019-02-18,2018-12-30T17:01:51Z,2018-11-16,2018-05-23T11:12:38Z,ERX2608936,postnatal day 42,hindbrain,SAMEA4680869,wild type genotype,The University of Heidelberg,2018-12-30T17:01:51Z,2018-05-23T11:12:38Z,public,Illumina HiSeq 2500,1968sTS.Rat.Cerebellum.6wpb.Male_s,SINGLE,PolyA,TRANSCRIPTOMIC,hindbrain,Rattus norvegicus,ILLUMINA,2019-02-19T00:00:00Z,2021-10-24T06:41:00Z,2,SAMEA4680869,E-MTAB-6811:1968sTS.Rat.Cerebellum.6wpb.Male,Rattus norvegicus,male,ERP108920,Holtzman SD,E-MTAB-6811:1968sTS.Rat.Cerebellum.6wpb.Male
ERR2592661,42,RNA-Seq,101,3103778076,PRJEB26889,SAMEA4680870,ArrayExpress,1901123046,"Lausanne Genomics Technology Facility ",Norway rat,public,"fastq,run.zq,sra","ena,gs,ncbi,s3","ena,gs.us-east1,ncbi.public,s3.us-east-1",postnatal,2019-02-18,2018-12-30T17:01:51Z,2018-11-16,2018-05-23T11:12:38Z,ERX2608937,postnatal day 42,liver,SAMEA4680870,wild type genotype,The University of Heidelberg,2018-12-30T17:01:51Z,2018-05-23T11:12:38Z,public,Illumina HiSeq 2500,1969sTS.Rat.Liver.6wpb.Male_s,SINGLE,PolyA,TRANSCRIPTOMIC,liver,Rattus norvegicus,ILLUMINA,2019-02-19T00:00:00Z,2022-07-15T23:42:00Z,2,SAMEA4680870,E-MTAB-6811:1969sTS.Rat.Liver.6wpb.Male,Rattus norvegicus,male,ERP108920,Holtzman SD,E-MTAB-6811:1969sTS.Rat.Liver.6wpb.Male
ERR2592662,42,RNA-Seq,101,2928928391,PRJEB26889,SAMEA4680871,ArrayExpress,1843469579,"Lausanne Genomics Technology Facility ",Norway rat,public,"fastq,run.zq,sra","ena,gs,ncbi,s3","ena,gs.us-east1,ncbi.public,s3.us-east-1",postnatal,2019-02-18,2018-12-30T17:01:51Z,2018-11-16,2018-05-23T11:12:38Z,ERX2608938,postnatal day 42,testis,SAMEA4680871,wild type genotype,The University of Heidelberg,2018-12-30T17:01:51Z,2018-05-23T11:12:38Z,public,Illumina HiSeq 2500,1970sTS.Rat.Testis.6wpb.Male_s,SINGLE,PolyA,TRANSCRIPTOMIC,testis,Rattus norvegicus,ILLUMINA,2019-02-19T00:00:00Z,2022-07-17T23:35:00Z,2,SAMEA4680871,E-MTAB-6811:1970sTS.Rat.Testis.6wpb.Male,Rattus norvegicus,male,ERP108920,Holtzman SD,E-MTAB-6811:1970sTS.Rat.Testis.6wpb.Male
ERR2592663,42,RNA-Seq,101,3831533677,PRJEB26889,SAMEA4680872,ArrayExpress,2583831017,"Lausanne Genomics Technology Facility ",Norway rat,public,"fastq,run.zq,sra","ena,gs,ncbi,s3","ena,gs.us-east1,ncbi.public,s3.us-east-1",postnatal,2019-02-18,2018-12-30T17:01:51Z,2018-11-16,2018-05-23T11:12:38Z,ERX2608939,postnatal day 42,forebrain,SAMEA4680872,wild type genotype,The University of Heidelberg,2018-12-30T17:01:51Z,2018-05-23T11:12:38Z,public,Illumina HiSeq 2500,1971sTS.Rat.Brain.6wpb.Male_s,SINGLE,PolyA,TRANSCRIPTOMIC,forebrain,Rattus norvegicus,ILLUMINA,2019-02-19T00:00:00Z,2022-07-26T06:04:00Z,2,SAMEA4680872,E-MTAB-6811:1971sTS.Rat.Brain.6wpb.Male,Rattus norvegicus,male,ERP108920,Holtzman SD,E-MTAB-6811:1971sTS.Rat.Brain.6wpb.Male
ERR2592664,42,RNA-Seq,101,4174063865,PRJEB26889,SAMEA4680873,ArrayExpress,2813691362,"Lausanne Genomics Technology Facility ",Norway rat,public,"fastq,run.zq,sra","ena,gs,ncbi,s3","ena,gs.us-east1,ncbi.public,s3.us-east-1",postnatal,2019-02-18,2018-12-30T17:01:51Z,2018-11-16,2018-05-23T11:12:39Z,ERX2608940,postnatal day 42,hindbrain,SAMEA4680873,wild type genotype,The University of Heidelberg,2018-12-30T17:01:51Z,2018-05-23T11:12:39Z,public,Illumina HiSeq 2500,1972sTS.Rat.Cerebellum.6wpb.Male_s,SINGLE,PolyA,TRANSCRIPTOMIC,hindbrain,Rattus norvegicus,ILLUMINA,2019-02-19T00:00:00Z,2022-07-14T10:06:00Z,2,SAMEA4680873,E-MTAB-6811:1972sTS.Rat.Cerebellum.6wpb.Male,Rattus norvegicus,male,ERP108920,Holtzman SD,E-MTAB-6811:1972sTS.Rat.Cerebellum.6wpb.Male
ERR2592665,42,RNA-Seq,101,4116143092,PRJEB26889,SAMEA4680874,ArrayExpress,2791918521,"Lausanne Genomics Technology Facility ",Norway rat,public,"fastq,run.zq,sra","ena,gs,ncbi,s3","ena,gs.us-east1,ncbi.public,s3.us-east-1",postnatal,2019-02-18,2018-12-30T17:01:51Z,2018-11-16,2018-05-23T11:12:39Z,ERX2608941,postnatal day 42,liver,SAMEA4680874,wild type genotype,The University of Heidelberg,2018-12-30T17:01:51Z,2018-05-23T11:12:39Z,public,Illumina HiSeq 2500,1973sTS.Rat.Liver.6wpb.Male_s,SINGLE,PolyA,TRANSCRIPTOMIC,liver,Rattus norvegicus,ILLUMINA,2019-02-19T00:00:00Z,2021-10-24T07:02:00Z,2,SAMEA4680874,E-MTAB-6811:1973sTS.Rat.Liver.6wpb.Male,Rattus norvegicus,male,ERP108920,Holtzman SD,E-MTAB-6811:1973sTS.Rat.Liver.6wpb.Male
ERR2592666,42,RNA-Seq,101,4657162722,PRJEB26889,SAMEA4680875,ArrayExpress,3136258609,"Lausanne Genomics Technology Facility ",Norway rat,public,"fastq,run.zq,sra","ena,gs,ncbi,s3","ena,gs.us-east1,ncbi.public,s3.us-east-1",postnatal,2019-02-18,2018-12-30T17:01:51Z,2018-11-16,2018-05-23T11:12:39Z,ERX2608942,postnatal day 42,testis,SAMEA4680875,wild type genotype,The University of Heidelberg,2018-12-30T17:01:51Z,2018-05-23T11:12:39Z,public,Illumina HiSeq 2500,1974sTS.Rat.Testis.6wpb.Male_s,SINGLE,PolyA,TRANSCRIPTOMIC,testis,Rattus norvegicus,ILLUMINA,2019-02-19T00:00:00Z,2021-10-24T07:01:00Z,2,SAMEA4680875,E-MTAB-6811:1974sTS.Rat.Testis.6wpb.Male,Rattus norvegicus,male,ERP108920,Holtzman SD,E-MTAB-6811:1974sTS.Rat.Testis.6wpb.Male
ERR2592667,42,RNA-Seq,101,3002175914,PRJEB26889,SAMEA4680876,ArrayExpress,1872663056,"Lausanne Genomics Technology Facility ",Norway rat,public,"fastq,run.zq,sra","ena,gs,ncbi,s3","ena,gs.us-east1,ncbi.public,s3.us-east-1",postnatal,2019-02-18,2018-12-30T17:01:51Z,2018-11-16,2018-05-23T11:12:39Z,ERX2608943,postnatal day 42,forebrain,SAMEA4680876,wild type genotype,The University of Heidelberg,2018-12-30T17:01:51Z,2018-05-23T11:12:39Z,public,Illumina HiSeq 2500,1975sTS.Rat.Brain.6wpb.Female_s,SINGLE,PolyA,TRANSCRIPTOMIC,forebrain,Rattus norvegicus,ILLUMINA,2019-02-19T00:00:00Z,2021-10-24T06:43:00Z,2,SAMEA4680876,E-MTAB-6811:1975sTS.Rat.Brain.6wpb.Female,Rattus norvegicus,female,ERP108920,Holtzman SD,E-MTAB-6811:1975sTS.Rat.Brain.6wpb.Female
ERR2592668,42,RNA-Seq,101,2044077895,PRJEB26889,SAMEA4680877,ArrayExpress,1281512631,"Lausanne Genomics Technology Facility ",Norway rat,public,"fastq,run.zq,sra","ena,gs,ncbi,s3","ena,gs.us-east1,ncbi.public,s3.us-east-1",postnatal,2019-02-18,2018-12-30T17:01:51Z,2018-11-16,2018-05-23T11:12:39Z,ERX2608944,postnatal day 42,hindbrain,SAMEA4680877,wild type genotype,The University of Heidelberg,2018-12-30T17:01:51Z,2018-05-23T11:12:39Z,public,Illumina HiSeq 2500,2285sTS.Rat.Cerebellum.6wpb.Female_s,SINGLE,PolyA,TRANSCRIPTOMIC,hindbrain,Rattus norvegicus,ILLUMINA,2019-02-19T00:00:00Z,2022-07-19T15:38:00Z,2,SAMEA4680877,E-MTAB-6811:2285sTS.Rat.Cerebellum.6wpb.Female,Rattus norvegicus,female,ERP108920,Holtzman SD,E-MTAB-6811:2285sTS.Rat.Cerebellum.6wpb.Female
ERR2592669,42,RNA-Seq,101,2536551774,PRJEB26889,SAMEA4680878,ArrayExpress,1577741976,"Lausanne Genomics Technology Facility ",Norway rat,public,"fastq,run.zq,sra","ena,gs,ncbi,s3","ena,gs.us-east1,ncbi.public,s3.us-east-1",postnatal,2019-02-18,2018-12-30T17:01:51Z,2018-11-16,2018-05-23T11:12:39Z,ERX2608945,postnatal day 42,ovary,SAMEA4680878,wild type genotype,The University of Heidelberg,2018-12-30T17:01:51Z,2018-05-23T11:12:39Z,public,Illumina HiSeq 2500,2286sTS.Rat.Ovary.6wpb.Female_s,SINGLE,PolyA,TRANSCRIPTOMIC,ovary,Rattus norvegicus,ILLUMINA,2019-02-19T00:00:00Z,2021-10-24T06:43:00Z,2,SAMEA4680878,E-MTAB-6811:2286sTS.Rat.Ovary.6wpb.Female,Rattus norvegicus,female,ERP108920,Holtzman SD,E-MTAB-6811:2286sTS.Rat.Ovary.6wpb.Female
ERR2592670,42,RNA-Seq,101,3094115709,PRJEB26889,SAMEA4680879,ArrayExpress,1885592788,"Lausanne Genomics Technology Facility ",Norway rat,public,"fastq,run.zq,sra","ena,gs,ncbi,s3","ena,gs.us-east1,ncbi.public,s3.us-east-1",postnatal,2019-02-18,2018-12-30T17:01:51Z,2018-11-16,2018-05-23T11:12:39Z,ERX2608946,postnatal day 42,liver,SAMEA4680879,wild type genotype,The University of Heidelberg,2018-12-30T17:01:51Z,2018-05-23T11:12:39Z,public,Illumina HiSeq 2500,2287sTS.Rat.Liver.6wpb.Female_s,SINGLE,PolyA,TRANSCRIPTOMIC,liver,Rattus norvegicus,ILLUMINA,2019-02-19T00:00:00Z,2022-07-17T12:04:00Z,2,SAMEA4680879,E-MTAB-6811:2287sTS.Rat.Liver.6wpb.Female,Rattus norvegicus,female,ERP108920,Holtzman SD,E-MTAB-6811:2287sTS.Rat.Liver.6wpb.Female
ERR2592671,42,RNA-Seq,101,4633315309,PRJEB26889,SAMEA4680880,ArrayExpress,3129416933,"Lausanne Genomics Technology Facility ",Norway rat,public,"fastq,run.zq,sra","ena,gs,ncbi,s3","ena,gs.us-east1,ncbi.public,s3.us-east-1",postnatal,2019-02-18,2018-12-30T17:01:51Z,2018-11-16,2018-05-23T11:12:39Z,ERX2608947,postnatal day 42,forebrain,SAMEA4680880,wild type genotype,The University of Heidelberg,2018-12-30T17:01:51Z,2018-05-23T11:12:39Z,public,Illumina HiSeq 2500,2363sTS.Rat.Brain.6wpb.Female_s,SINGLE,PolyA,TRANSCRIPTOMIC,forebrain,Rattus norvegicus,ILLUMINA,2019-02-19T00:00:00Z,2022-07-26T06:06:00Z,2,SAMEA4680880,E-MTAB-6811:2363sTS.Rat.Brain.6wpb.Female,Rattus norvegicus,female,ERP108920,Holtzman SD,E-MTAB-6811:2363sTS.Rat.Brain.6wpb.Female
ERR2592672,42,RNA-Seq,101,4169471496,PRJEB26889,SAMEA4680881,ArrayExpress,2813861236,"Lausanne Genomics Technology Facility ",Norway rat,public,"fastq,run.zq,sra","ena,gs,ncbi,s3","ena,gs.us-east1,ncbi.public,s3.us-east-1",postnatal,2019-02-18,2018-12-30T17:01:51Z,2018-11-16,2018-05-23T11:12:39Z,ERX2608948,postnatal day 42,hindbrain,SAMEA4680881,wild type genotype,The University of Heidelberg,2018-12-30T17:01:51Z,2018-05-23T11:12:39Z,public,Illumina HiSeq 2500,2364sTS.Rat.Cerebellum.6wpb.Female_s,SINGLE,PolyA,TRANSCRIPTOMIC,hindbrain,Rattus norvegicus,ILLUMINA,2019-02-19T00:00:00Z,2022-07-22T11:50:00Z,2,SAMEA4680881,E-MTAB-6811:2364sTS.Rat.Cerebellum.6wpb.Female,Rattus norvegicus,female,ERP108920,Holtzman SD,E-MTAB-6811:2364sTS.Rat.Cerebellum.6wpb.Female
ERR2592673,42,RNA-Seq,101,3792713822,PRJEB26889,SAMEA4680882,ArrayExpress,2561015669,"Lausanne Genomics Technology Facility ",Norway rat,public,"fastq,run.zq,sra","ena,gs,ncbi,s3","ena,gs.us-east1,ncbi.public,s3.us-east-1",postnatal,2019-02-18,2018-12-30T17:01:51Z,2018-11-16,2018-05-23T11:12:39Z,ERX2608949,postnatal day 42,ovary,SAMEA4680882,wild type genotype,The University of Heidelberg,2018-12-30T17:01:51Z,2018-05-23T11:12:39Z,public,Illumina HiSeq 2500,2365sTS.Rat.Ovary.6wpb.Female_s,SINGLE,PolyA,TRANSCRIPTOMIC,ovary,Rattus norvegicus,ILLUMINA,2019-02-19T00:00:00Z,2022-07-17T10:05:00Z,2,SAMEA4680882,E-MTAB-6811:2365sTS.Rat.Ovary.6wpb.Female,Rattus norvegicus,female,ERP108920,Holtzman SD,E-MTAB-6811:2365sTS.Rat.Ovary.6wpb.Female
ERR2592674,42,RNA-Seq,101,4574222431,PRJEB26889,SAMEA4680883,ArrayExpress,3148207840,"Lausanne Genomics Technology Facility ",Norway rat,public,"fastq,run.zq,sra","ena,gs,ncbi,s3","ena,gs.us-east1,ncbi.public,s3.us-east-1",postnatal,2019-02-18,2018-12-30T17:01:51Z,2018-11-16,2018-05-23T11:12:39Z,ERX2608950,postnatal day 42,liver,SAMEA4680883,wild type genotype,The University of Heidelberg,2018-12-30T17:01:51Z,2018-05-23T11:12:39Z,public,Illumina HiSeq 2500,2366sTS.Rat.Liver.6wpb.Female_s,SINGLE,PolyA,TRANSCRIPTOMIC,liver,Rattus norvegicus,ILLUMINA,2019-02-19T00:00:00Z,2022-07-26T06:03:00Z,2,SAMEA4680883,E-MTAB-6811:2366sTS.Rat.Liver.6wpb.Female,Rattus norvegicus,female,ERP108920,Holtzman SD,E-MTAB-6811:2366sTS.Rat.Liver.6wpb.Female
ERR2592675,42,RNA-Seq,101,3693850174,PRJEB26889,SAMEA4680884,ArrayExpress,1410484400,"Lausanne Genomics Technology Facility ",Norway rat,public,"fastq,run.zq,sra","ena,gs,ncbi,s3","ena,gs.us-east1,ncbi.public,s3.us-east-1",postnatal,2019-02-18,2018-12-30T17:01:51Z,2018-11-16,2018-05-23T11:12:39Z,ERX2608951,postnatal day 42,heart,SAMEA4680884,wild type genotype,The University of Heidelberg,2018-12-30T17:01:51Z,2018-05-23T11:12:39Z,public,Illumina HiSeq 2500,2738sTS.Rat.Heart.6wpb.Female_s,SINGLE,PolyA,TRANSCRIPTOMIC,heart,Rattus norvegicus,ILLUMINA,2019-02-19T00:00:00Z,2022-07-14T16:40:00Z,2,SAMEA4680884,E-MTAB-6811:2738sTS.Rat.Heart.6wpb.Female,Rattus norvegicus,female,ERP108920,Holtzman SD,E-MTAB-6811:2738sTS.Rat.Heart.6wpb.Female
ERR2592676,42,RNA-Seq,101,3056294845,PRJEB26889,SAMEA4680885,ArrayExpress,1092016315,"Lausanne Genomics Technology Facility ",Norway rat,public,"fastq,run.zq,sra","ena,gs,ncbi,s3","ena,gs.us-east1,ncbi.public,s3.us-east-1",postnatal,2019-02-18,2018-12-30T17:01:51Z,2018-11-16,2018-05-23T11:12:39Z,ERX2608952,postnatal day 42,kidney,SAMEA4680885,wild type genotype,The University of Heidelberg,2018-12-30T17:01:51Z,2018-05-23T11:12:39Z,public,Illumina HiSeq 2500,2739sTS.Rat.Kidney.6wpb.Female_s,SINGLE,PolyA,TRANSCRIPTOMIC,kidney,Rattus norvegicus,ILLUMINA,2019-02-19T00:00:00Z,2021-10-24T06:40:00Z,2,SAMEA4680885,E-MTAB-6811:2739sTS.Rat.Kidney.6wpb.Female,Rattus norvegicus,female,ERP108920,Holtzman SD,E-MTAB-6811:2739sTS.Rat.Kidney.6wpb.Female
ERR2592677,42,RNA-Seq,101,2719423384,PRJEB26889,SAMEA4680886,ArrayExpress,926122435,"Lausanne Genomics Technology Facility ",Norway rat,public,"fastq,run.zq,sra","ena,gs,ncbi,s3","ena,gs.us-east1,ncbi.public,s3.us-east-1",postnatal,2019-02-18,2018-12-30T17:01:51Z,2018-11-16,2018-05-23T11:12:39Z,ERX2608953,postnatal day 42,heart,SAMEA4680886,wild type genotype,The University of Heidelberg,2018-12-30T17:01:51Z,2018-05-23T11:12:39Z,public,Illumina HiSeq 2500,2740sTS.Rat.Heart.6wpb.Female_s,SINGLE,PolyA,TRANSCRIPTOMIC,heart,Rattus norvegicus,ILLUMINA,2019-02-19T00:00:00Z,2022-07-14T04:51:00Z,2,SAMEA4680886,E-MTAB-6811:2740sTS.Rat.Heart.6wpb.Female,Rattus norvegicus,female,ERP108920,Holtzman SD,E-MTAB-6811:2740sTS.Rat.Heart.6wpb.Female
ERR2592678,42,RNA-Seq,101,3376355058,PRJEB26889,SAMEA4680887,ArrayExpress,1193162649,"Lausanne Genomics Technology Facility ",Norway rat,public,"fastq,run.zq,sra","ena,gs,ncbi,s3","ena,gs.us-east1,ncbi.public,s3.us-east-1",postnatal,2019-02-18,2018-12-30T17:01:51Z,2018-11-16,2018-05-23T11:12:39Z,ERX2608954,postnatal day 42,kidney,SAMEA4680887,wild type genotype,The University of Heidelberg,2018-12-30T17:01:51Z,2018-05-23T11:12:39Z,public,Illumina HiSeq 2500,2741sTS.Rat.Kidney.6wpb.Female_s,SINGLE,PolyA,TRANSCRIPTOMIC,kidney,Rattus norvegicus,ILLUMINA,2019-02-19T00:00:00Z,2021-10-24T06:40:00Z,2,SAMEA4680887,E-MTAB-6811:2741sTS.Rat.Kidney.6wpb.Female,Rattus norvegicus,female,ERP108920,Holtzman SD,E-MTAB-6811:2741sTS.Rat.Kidney.6wpb.Female
ERR2592679,42,RNA-Seq,101,2763428882,PRJEB26889,SAMEA4680888,ArrayExpress,944200280,"Lausanne Genomics Technology Facility ",Norway rat,public,"fastq,run.zq,sra","ena,gs,ncbi,s3","ena,gs.us-east1,ncbi.public,s3.us-east-1",postnatal,2019-02-18,2018-12-30T17:01:51Z,2018-11-16,2018-05-23T11:12:39Z,ERX2608955,postnatal day 42,heart,SAMEA4680888,wild type genotype,The University of Heidelberg,2018-12-30T17:01:51Z,2018-05-23T11:12:39Z,public,Illumina HiSeq 2500,2742sTS.Rat.Heart.6wpb.Male_s,SINGLE,PolyA,TRANSCRIPTOMIC,heart,Rattus norvegicus,ILLUMINA,2019-02-19T00:00:00Z,2022-07-17T23:33:00Z,2,SAMEA4680888,E-MTAB-6811:2742sTS.Rat.Heart.6wpb.Male,Rattus norvegicus,male,ERP108920,Holtzman SD,E-MTAB-6811:2742sTS.Rat.Heart.6wpb.Male
ERR2592680,42,RNA-Seq,101,2778941876,PRJEB26889,SAMEA4680889,ArrayExpress,991962619,"Lausanne Genomics Technology Facility ",Norway rat,public,"fastq,run.zq,sra","ena,gs,ncbi,s3","ena,gs.us-east1,ncbi.public,s3.us-east-1",postnatal,2019-02-18,2018-12-30T17:01:51Z,2018-11-16,2018-05-23T11:12:39Z,ERX2608956,postnatal day 42,kidney,SAMEA4680889,wild type genotype,The University of Heidelberg,2018-12-30T17:01:51Z,2018-05-23T11:12:39Z,public,Illumina HiSeq 2500,2743sTS.Rat.Kidney.6wpb.Male_s,SINGLE,PolyA,TRANSCRIPTOMIC,kidney,Rattus norvegicus,ILLUMINA,2019-02-19T00:00:00Z,2022-07-26T06:00:00Z,2,SAMEA4680889,E-MTAB-6811:2743sTS.Rat.Kidney.6wpb.Male,Rattus norvegicus,male,ERP108920,Holtzman SD,E-MTAB-6811:2743sTS.Rat.Kidney.6wpb.Male
ERR2592681,42,RNA-Seq,101,2666872175,PRJEB26889,SAMEA4680890,ArrayExpress,904563132,"Lausanne Genomics Technology Facility ",Norway rat,public,"fastq,run.zq,sra","ena,gs,ncbi,s3","ena,gs.us-east1,ncbi.public,s3.us-east-1",postnatal,2019-02-18,2018-12-30T17:01:51Z,2018-11-16,2018-05-23T11:12:40Z,ERX2608957,postnatal day 42,heart,SAMEA4680890,wild type genotype,The University of Heidelberg,2018-12-30T17:01:51Z,2018-05-23T11:12:40Z,public,Illumina HiSeq 2500,2751sTS.Rat.Heart.6wpb.Male_s,SINGLE,PolyA,TRANSCRIPTOMIC,heart,Rattus norvegicus,ILLUMINA,2019-02-19T00:00:00Z,2022-07-13T12:18:00Z,2,SAMEA4680890,E-MTAB-6811:2751sTS.Rat.Heart.6wpb.Male,Rattus norvegicus,male,ERP108920,Holtzman SD,E-MTAB-6811:2751sTS.Rat.Heart.6wpb.Male
ERR2592682,42,RNA-Seq,101,2784611006,PRJEB26889,SAMEA4680891,ArrayExpress,1041555686,"Lausanne Genomics Technology Facility ",Norway rat,public,"fastq,run.zq,sra","ena,gs,ncbi,s3","ena,gs.us-east1,ncbi.public,s3.us-east-1",postnatal,2019-02-18,2018-12-30T17:01:51Z,2018-11-16,2018-05-23T11:12:40Z,ERX2608958,postnatal day 42,kidney,SAMEA4680891,wild type genotype,The University of Heidelberg,2018-12-30T17:01:51Z,2018-05-23T11:12:40Z,public,Illumina HiSeq 2500,2856sTS.Rat.Kidney.6wpb.Male_s,SINGLE,PolyA,TRANSCRIPTOMIC,kidney,Rattus norvegicus,ILLUMINA,2019-02-19T00:00:00Z,2022-07-18T06:38:00Z,2,SAMEA4680891,E-MTAB-6811:2856sTS.Rat.Kidney.6wpb.Male,Rattus norvegicus,male,ERP108920,Holtzman SD,E-MTAB-6811:2856sTS.Rat.Kidney.6wpb.Male
ERR2592683,112,RNA-Seq,101,2838687214,PRJEB26889,SAMEA4680892,ArrayExpress,1877623721,"Lausanne Genomics Technology Facility ",Norway rat,public,"fastq,run.zq,sra","ena,gs,ncbi,s3","ena,gs.us-east1,ncbi.public,s3.us-east-1",postnatal,2019-02-18,2018-12-30T17:01:51Z,2018-11-16,2018-05-23T11:12:40Z,ERX2608959,postnatal day 112,forebrain,SAMEA4680892,wild type genotype,The University of Heidelberg,2018-12-30T17:01:51Z,2018-05-23T11:12:40Z,public,Illumina HiSeq 2500,2348sTS.Rat.Brain.16wpb.Female_s,SINGLE,PolyA,TRANSCRIPTOMIC,forebrain,Rattus norvegicus,ILLUMINA,2019-02-19T00:00:00Z,2021-10-24T06:59:00Z,2,SAMEA4680892,E-MTAB-6811:2348sTS.Rat.Brain.16wpb.Female,Rattus norvegicus,female,ERP108920,Holtzman SD,E-MTAB-6811:2348sTS.Rat.Brain.16wpb.Female
ERR2592684,112,RNA-Seq,101,3495342148,PRJEB26889,SAMEA4680893,ArrayExpress,2297840303,"Lausanne Genomics Technology Facility ",Norway rat,public,"fastq,run.zq,sra","ena,gs,ncbi,s3","ena,gs.us-east1,ncbi.public,s3.us-east-1",postnatal,2019-02-18,2018-12-30T17:01:51Z,2018-11-16,2018-05-23T11:12:40Z,ERX2608960,postnatal day 112,hindbrain,SAMEA4680893,wild type genotype,The University of Heidelberg,2018-12-30T17:01:51Z,2018-05-23T11:12:40Z,public,Illumina HiSeq 2500,2349sTS.Rat.Cerebellum.16wpb.Female_s,SINGLE,PolyA,TRANSCRIPTOMIC,hindbrain,Rattus norvegicus,ILLUMINA,2019-02-19T00:00:00Z,2022-07-15T21:47:00Z,2,SAMEA4680893,E-MTAB-6811:2349sTS.Rat.Cerebellum.16wpb.Female,Rattus norvegicus,female,ERP108920,Holtzman SD,E-MTAB-6811:2349sTS.Rat.Cerebellum.16wpb.Female
ERR2592685,112,RNA-Seq,101,2661597753,PRJEB26889,SAMEA4680894,ArrayExpress,1799104132,"Lausanne Genomics Technology Facility ",Norway rat,public,"fastq,run.zq,sra","ena,gs,ncbi,s3","ena,gs.us-east1,ncbi.public,s3.us-east-1",postnatal,2019-02-18,2018-12-30T17:01:51Z,2018-11-16,2018-05-23T11:12:40Z,ERX2608961,postnatal day 112,ovary,SAMEA4680894,wild type genotype,The University of Heidelberg,2018-12-30T17:01:51Z,2018-05-23T11:12:40Z,public,Illumina HiSeq 2500,2350sTS.Rat.Ovary.16wpb.Female_s,SINGLE,PolyA,TRANSCRIPTOMIC,ovary,Rattus norvegicus,ILLUMINA,2019-02-19T00:00:00Z,2022-07-26T06:00:00Z,2,SAMEA4680894,E-MTAB-6811:2350sTS.Rat.Ovary.16wpb.Female,Rattus norvegicus,female,ERP108920,Holtzman SD,E-MTAB-6811:2350sTS.Rat.Ovary.16wpb.Female
ERR2592686,112,RNA-Seq,101,2613022308,PRJEB26889,SAMEA4680895,ArrayExpress,1595477271,"Lausanne Genomics Technology Facility ",Norway rat,public,"fastq,run.zq,sra","ena,gs,ncbi,s3","ena,gs.us-east1,ncbi.public,s3.us-east-1",postnatal,2019-02-18,2018-12-30T17:01:51Z,2018-11-16,2018-05-23T11:12:40Z,ERX2608962,postnatal day 112,liver,SAMEA4680895,wild type genotype,The University of Heidelberg,2018-12-30T17:01:51Z,2018-05-23T11:12:40Z,public,Illumina HiSeq 2500,2351sTS.Rat.Liver.16wpb.Female_s,SINGLE,PolyA,TRANSCRIPTOMIC,liver,Rattus norvegicus,ILLUMINA,2019-02-19T00:00:00Z,2022-07-26T06:00:00Z,2,SAMEA4680895,E-MTAB-6811:2351sTS.Rat.Liver.16wpb.Female,Rattus norvegicus,female,ERP108920,Holtzman SD,E-MTAB-6811:2351sTS.Rat.Liver.16wpb.Female
ERR2592687,112,RNA-Seq,101,4608388711,PRJEB26889,SAMEA4680896,ArrayExpress,3133066941,"Lausanne Genomics Technology Facility ",Norway rat,public,"fastq,run.zq,sra","ena,gs,ncbi,s3","ena,gs.us-east1,ncbi.public,s3.us-east-1",postnatal,2019-02-18,2018-12-30T17:01:51Z,2018-11-16,2018-05-23T11:12:40Z,ERX2608963,postnatal day 112,forebrain,SAMEA4680896,wild type genotype,The University of Heidelberg,2018-12-30T17:01:51Z,2018-05-23T11:12:40Z,public,Illumina HiSeq 2500,2352sTS.Rat.Brain.16wpb.Female_s,SINGLE,PolyA,TRANSCRIPTOMIC,forebrain,Rattus norvegicus,ILLUMINA,2019-02-19T00:00:00Z,2022-07-15T18:23:00Z,2,SAMEA4680896,E-MTAB-6811:2352sTS.Rat.Brain.16wpb.Female,Rattus norvegicus,female,ERP108920,Holtzman SD,E-MTAB-6811:2352sTS.Rat.Brain.16wpb.Female
ERR2592688,112,RNA-Seq,101,3667190113,PRJEB26889,SAMEA4680897,ArrayExpress,2493456170,"Lausanne Genomics Technology Facility ",Norway rat,public,"fastq,run.zq,sra","ena,gs,ncbi,s3","ena,gs.us-east1,ncbi.public,s3.us-east-1",postnatal,2019-02-18,2018-12-30T17:01:51Z,2018-11-16,2018-05-23T11:12:40Z,ERX2608964,postnatal day 112,hindbrain,SAMEA4680897,wild type genotype,The University of Heidelberg,2018-12-30T17:01:51Z,2018-05-23T11:12:40Z,public,Illumina HiSeq 2500,2353sTS.Rat.Cerebellum.16wpb.Female_s,SINGLE,PolyA,TRANSCRIPTOMIC,hindbrain,Rattus norvegicus,ILLUMINA,2019-02-19T00:00:00Z,2021-10-24T06:54:00Z,2,SAMEA4680897,E-MTAB-6811:2353sTS.Rat.Cerebellum.16wpb.Female,Rattus norvegicus,female,ERP108920,Holtzman SD,E-MTAB-6811:2353sTS.Rat.Cerebellum.16wpb.Female
ERR2592689,112,RNA-Seq,101,3930341573,PRJEB26889,SAMEA4680898,ArrayExpress,2656551574,"Lausanne Genomics Technology Facility ",Norway rat,public,"fastq,run.zq,sra","ena,gs,ncbi,s3","ena,gs.us-east1,ncbi.public,s3.us-east-1",postnatal,2019-02-18,2018-12-30T17:01:51Z,2018-11-16,2018-05-23T11:12:40Z,ERX2608965,postnatal day 112,ovary,SAMEA4680898,wild type genotype,The University of Heidelberg,2018-12-30T17:01:51Z,2018-05-23T11:12:40Z,public,Illumina HiSeq 2500,2354sTS.Rat.Ovary.16wpb.Female_s,SINGLE,PolyA,TRANSCRIPTOMIC,ovary,Rattus norvegicus,ILLUMINA,2019-02-19T00:00:00Z,2022-07-26T06:03:00Z,2,SAMEA4680898,E-MTAB-6811:2354sTS.Rat.Ovary.16wpb.Female,Rattus norvegicus,female,ERP108920,Holtzman SD,E-MTAB-6811:2354sTS.Rat.Ovary.16wpb.Female
ERR2592690,112,RNA-Seq,101,4041143522,PRJEB26889,SAMEA4680899,ArrayExpress,2729910995,"Lausanne Genomics Technology Facility ",Norway rat,public,"fastq,run.zq,sra","ena,gs,ncbi,s3","ena,gs.us-east1,ncbi.public,s3.us-east-1",postnatal,2019-02-18,2018-12-30T17:01:51Z,2018-11-16,2018-05-23T11:12:40Z,ERX2608966,postnatal day 112,liver,SAMEA4680899,wild type genotype,The University of Heidelberg,2018-12-30T17:01:51Z,2018-05-23T11:12:40Z,public,Illumina HiSeq 2500,2355sTS.Rat.Liver.16wpb.Female_s,SINGLE,PolyA,TRANSCRIPTOMIC,liver,Rattus norvegicus,ILLUMINA,2019-02-19T00:00:00Z,2021-10-24T06:57:00Z,2,SAMEA4680899,E-MTAB-6811:2355sTS.Rat.Liver.16wpb.Female,Rattus norvegicus,female,ERP108920,Holtzman SD,E-MTAB-6811:2355sTS.Rat.Liver.16wpb.Female
ERR2592691,112,RNA-Seq,101,3478612710,PRJEB26889,SAMEA4680900,ArrayExpress,2340932213,"Lausanne Genomics Technology Facility ",Norway rat,public,"fastq,run.zq,sra","ena,gs,ncbi,s3","ena,gs.us-east1,ncbi.public,s3.us-east-1",postnatal,2019-02-18,2018-12-30T17:01:51Z,2018-11-16,2018-05-23T11:12:40Z,ERX2608967,postnatal day 112,forebrain,SAMEA4680900,wild type genotype,The University of Heidelberg,2018-12-30T17:01:51Z,2018-05-23T11:12:40Z,public,Illumina HiSeq 2500,2356sTS.Rat.Brain.16wpb.Male_s,SINGLE,PolyA,TRANSCRIPTOMIC,forebrain,Rattus norvegicus,ILLUMINA,2019-02-19T00:00:00Z,2022-07-19T15:39:00Z,2,SAMEA4680900,E-MTAB-6811:2356sTS.Rat.Brain.16wpb.Male,Rattus norvegicus,male,ERP108920,Holtzman SD,E-MTAB-6811:2356sTS.Rat.Brain.16wpb.Male
ERR2592692,112,RNA-Seq,101,3360766112,PRJEB26889,SAMEA4680901,ArrayExpress,2251066087,"Lausanne Genomics Technology Facility ",Norway rat,public,"fastq,run.zq,sra","ena,gs,ncbi,s3","ena,gs.us-east1,ncbi.public,s3.us-east-1",postnatal,2019-02-18,2018-12-30T17:01:51Z,2018-11-16,2018-05-23T11:12:40Z,ERX2608968,postnatal day 112,hindbrain,SAMEA4680901,wild type genotype,The University of Heidelberg,2018-12-30T17:01:51Z,2018-05-23T11:12:40Z,public,Illumina HiSeq 2500,2357sTS.Rat.Cerebellum.16wpb.Male_s,SINGLE,PolyA,TRANSCRIPTOMIC,hindbrain,Rattus norvegicus,ILLUMINA,2019-02-19T00:00:00Z,2022-07-26T06:02:00Z,2,SAMEA4680901,E-MTAB-6811:2357sTS.Rat.Cerebellum.16wpb.Male,Rattus norvegicus,male,ERP108920,Holtzman SD,E-MTAB-6811:2357sTS.Rat.Cerebellum.16wpb.Male
ERR2592693,112,RNA-Seq,101,3600733931,PRJEB26889,SAMEA4680902,ArrayExpress,2194652849,"Lausanne Genomics Technology Facility ",Norway rat,public,"fastq,run.zq,sra","ena,gs,ncbi,s3","ena,gs.us-east1,ncbi.public,s3.us-east-1",postnatal,2019-02-18,2018-12-30T17:01:51Z,2018-11-16,2018-05-23T11:12:40Z,ERX2608969,postnatal day 112,testis,SAMEA4680902,wild type genotype,The University of Heidelberg,2018-12-30T17:01:51Z,2018-05-23T11:12:40Z,public,Illumina HiSeq 2500,2358sTS.Rat.Testis.16wpb.Male_s,SINGLE,PolyA,TRANSCRIPTOMIC,testis,Rattus norvegicus,ILLUMINA,2019-02-19T00:00:00Z,2022-07-13T12:24:00Z,2,SAMEA4680902,E-MTAB-6811:2358sTS.Rat.Testis.16wpb.Male,Rattus norvegicus,male,ERP108920,Holtzman SD,E-MTAB-6811:2358sTS.Rat.Testis.16wpb.Male
ERR2592694,112,RNA-Seq,101,2963183854,PRJEB26889,SAMEA4680903,ArrayExpress,1796727374,"Lausanne Genomics Technology Facility ",Norway rat,public,"fastq,run.zq,sra","ena,gs,ncbi,s3","ena,gs.us-east1,ncbi.public,s3.us-east-1",postnatal,2019-02-18,2018-12-30T17:01:51Z,2018-11-16,2018-05-23T11:12:40Z,ERX2608970,postnatal day 112,liver,SAMEA4680903,wild type genotype,The University of Heidelberg,2018-12-30T17:01:51Z,2018-05-23T11:12:40Z,public,Illumina HiSeq 2500,2359sTS.Rat.Liver.16wpb.Male_s,SINGLE,PolyA,TRANSCRIPTOMIC,liver,Rattus norvegicus,ILLUMINA,2019-02-19T00:00:00Z,2022-07-22T13:52:00Z,2,SAMEA4680903,E-MTAB-6811:2359sTS.Rat.Liver.16wpb.Male,Rattus norvegicus,male,ERP108920,Holtzman SD,E-MTAB-6811:2359sTS.Rat.Liver.16wpb.Male
ERR2592695,112,RNA-Seq,101,4822085319,PRJEB26889,SAMEA4680904,ArrayExpress,3318092202,"Lausanne Genomics Technology Facility ",Norway rat,public,"fastq,run.zq,sra","ena,gs,ncbi,s3","ena,gs.us-east1,ncbi.public,s3.us-east-1",postnatal,2019-02-18,2018-12-30T17:01:51Z,2018-11-16,2018-05-23T11:12:40Z,ERX2608971,postnatal day 112,forebrain,SAMEA4680904,wild type genotype,The University of Heidelberg,2018-12-30T17:01:51Z,2018-05-23T11:12:40Z,public,Illumina HiSeq 2500,2367sTS.Rat.Brain.16wpb.Male_s,SINGLE,PolyA,TRANSCRIPTOMIC,forebrain,Rattus norvegicus,ILLUMINA,2019-02-19T00:00:00Z,2022-07-14T16:45:00Z,2,SAMEA4680904,E-MTAB-6811:2367sTS.Rat.Brain.16wpb.Male,Rattus norvegicus,male,ERP108920,Holtzman SD,E-MTAB-6811:2367sTS.Rat.Brain.16wpb.Male
ERR2592696,112,RNA-Seq,101,5452198564,PRJEB26889,SAMEA4680905,ArrayExpress,3764518124,"Lausanne Genomics Technology Facility ",Norway rat,public,"fastq,run.zq,sra","ena,gs,ncbi,s3","ena,gs.us-east1,ncbi.public,s3.us-east-1",postnatal,2019-02-18,2018-12-30T17:01:51Z,2018-11-16,2018-05-23T11:12:40Z,ERX2608972,postnatal day 112,hindbrain,SAMEA4680905,wild type genotype,The University of Heidelberg,2018-12-30T17:01:51Z,2018-05-23T11:12:40Z,public,Illumina HiSeq 2500,2368sTS.Rat.Cerebellum.16wpb.Male_s,SINGLE,PolyA,TRANSCRIPTOMIC,hindbrain,Rattus norvegicus,ILLUMINA,2019-02-19T00:00:00Z,2022-07-17T23:40:00Z,2,SAMEA4680905,E-MTAB-6811:2368sTS.Rat.Cerebellum.16wpb.Male,Rattus norvegicus,male,ERP108920,Holtzman SD,E-MTAB-6811:2368sTS.Rat.Cerebellum.16wpb.Male
ERR2592697,112,RNA-Seq,101,3809633241,PRJEB26889,SAMEA4680906,ArrayExpress,2645146403,"Lausanne Genomics Technology Facility ",Norway rat,public,"fastq,run.zq,sra","ena,gs,ncbi,s3","ena,gs.us-east1,ncbi.public,s3.us-east-1",postnatal,2019-02-18,2018-12-30T17:01:51Z,2018-11-16,2018-05-23T11:12:40Z,ERX2608973,postnatal day 112,testis,SAMEA4680906,wild type genotype,The University of Heidelberg,2018-12-30T17:01:51Z,2018-05-23T11:12:40Z,public,Illumina HiSeq 2500,2369sTS.Rat.Testis.16wpb.Male_s,SINGLE,PolyA,TRANSCRIPTOMIC,testis,Rattus norvegicus,ILLUMINA,2019-02-19T00:00:00Z,2021-10-24T06:56:00Z,2,SAMEA4680906,E-MTAB-6811:2369sTS.Rat.Testis.16wpb.Male,Rattus norvegicus,male,ERP108920,Holtzman SD,E-MTAB-6811:2369sTS.Rat.Testis.16wpb.Male
ERR2592698,112,RNA-Seq,101,4009513049,PRJEB26889,SAMEA4680907,ArrayExpress,2773039368,"Lausanne Genomics Technology Facility ",Norway rat,public,"fastq,run.zq,sra","ena,gs,ncbi,s3","ena,gs.us-east1,ncbi.public,s3.us-east-1",postnatal,2019-02-18,2018-12-30T17:01:51Z,2018-11-16,2018-05-23T11:12:40Z,ERX2608974,postnatal day 112,liver,SAMEA4680907,wild type genotype,The University of Heidelberg,2018-12-30T17:01:51Z,2018-05-23T11:12:40Z,public,Illumina HiSeq 2500,2370sTS.Rat.Liver.16wpb.Male_s,SINGLE,PolyA,TRANSCRIPTOMIC,liver,Rattus norvegicus,ILLUMINA,2019-02-19T00:00:00Z,2021-10-24T07:00:00Z,2,SAMEA4680907,E-MTAB-6811:2370sTS.Rat.Liver.16wpb.Male,Rattus norvegicus,male,ERP108920,Holtzman SD,E-MTAB-6811:2370sTS.Rat.Liver.16wpb.Male
ERR2592699,112,RNA-Seq,101,2809193800,PRJEB26889,SAMEA4680908,ArrayExpress,1076035256,"Lausanne Genomics Technology Facility ",Norway rat,public,"fastq,run.zq,sra","ena,gs,ncbi,s3","ena,gs.us-east1,ncbi.public,s3.us-east-1",postnatal,2019-02-18,2018-12-30T17:01:51Z,2018-11-16,2018-05-23T11:12:40Z,ERX2608975,postnatal day 112,heart,SAMEA4680908,wild type genotype,The University of Heidelberg,2018-12-30T17:01:51Z,2018-05-23T11:12:40Z,public,Illumina HiSeq 2500,2746sTS.Rat.Heart.16wpb.Female_s,SINGLE,PolyA,TRANSCRIPTOMIC,heart,Rattus norvegicus,ILLUMINA,2019-02-19T00:00:00Z,2021-10-24T06:41:00Z,2,SAMEA4680908,E-MTAB-6811:2746sTS.Rat.Heart.16wpb.Female,Rattus norvegicus,female,ERP108920,Holtzman SD,E-MTAB-6811:2746sTS.Rat.Heart.16wpb.Female
ERR2592700,112,RNA-Seq,101,2786101564,PRJEB26889,SAMEA4680909,ArrayExpress,945577244,"Lausanne Genomics Technology Facility ",Norway rat,public,"fastq,run.zq,sra","ena,gs,ncbi,s3","ena,gs.us-east1,ncbi.public,s3.us-east-1",postnatal,2019-02-18,2018-12-30T17:01:51Z,2018-11-16,2018-05-23T11:12:41Z,ERX2608976,postnatal day 112,heart,SAMEA4680909,wild type genotype,The University of Heidelberg,2018-12-30T17:01:51Z,2018-05-23T11:12:41Z,public,Illumina HiSeq 2500,2747sTS.Rat.Heart.16wpb.Male_s,SINGLE,PolyA,TRANSCRIPTOMIC,heart,Rattus norvegicus,ILLUMINA,2019-02-19T00:00:00Z,2022-07-21T12:03:00Z,2,SAMEA4680909,E-MTAB-6811:2747sTS.Rat.Heart.16wpb.Male,Rattus norvegicus,male,ERP108920,Holtzman SD,E-MTAB-6811:2747sTS.Rat.Heart.16wpb.Male
ERR2592701,112,RNA-Seq,101,3378588976,PRJEB26889,SAMEA4680910,ArrayExpress,1197394394,"Lausanne Genomics Technology Facility ",Norway rat,public,"fastq,run.zq,sra","ena,gs,ncbi,s3","ena,gs.us-east1,ncbi.public,s3.us-east-1",postnatal,2019-02-18,2018-12-30T17:01:51Z,2018-11-16,2018-05-23T11:12:41Z,ERX2608977,postnatal day 112,kidney,SAMEA4680910,wild type genotype,The University of Heidelberg,2018-12-30T17:01:51Z,2018-05-23T11:12:41Z,public,Illumina HiSeq 2500,2748sTS.Rat.Kidney.16wpb.Male_s,SINGLE,PolyA,TRANSCRIPTOMIC,kidney,Rattus norvegicus,ILLUMINA,2019-02-19T00:00:00Z,2022-07-14T18:36:00Z,2,SAMEA4680910,E-MTAB-6811:2748sTS.Rat.Kidney.16wpb.Male,Rattus norvegicus,male,ERP108920,Holtzman SD,E-MTAB-6811:2748sTS.Rat.Kidney.16wpb.Male
ERR2592702,112,RNA-Seq,101,2323733664,PRJEB26889,SAMEA4680911,ArrayExpress,788841481,"Lausanne Genomics Technology Facility ",Norway rat,public,"fastq,run.zq,sra","ena,gs,ncbi,s3","ena,gs.us-east1,ncbi.public,s3.us-east-1",postnatal,2019-02-18,2018-12-30T17:01:51Z,2018-11-16,2018-05-23T11:12:41Z,ERX2608978,postnatal day 112,heart,SAMEA4680911,wild type genotype,The University of Heidelberg,2018-12-30T17:01:51Z,2018-05-23T11:12:41Z,public,Illumina HiSeq 2500,2749sTS.Rat.Heart.16wpb.Male_s,SINGLE,PolyA,TRANSCRIPTOMIC,heart,Rattus norvegicus,ILLUMINA,2019-02-19T00:00:00Z,2022-07-15T18:13:00Z,2,SAMEA4680911,E-MTAB-6811:2749sTS.Rat.Heart.16wpb.Male,Rattus norvegicus,male,ERP108920,Holtzman SD,E-MTAB-6811:2749sTS.Rat.Heart.16wpb.Male
ERR2592703,112,RNA-Seq,101,3138627015,PRJEB26889,SAMEA4680912,ArrayExpress,1116378096,"Lausanne Genomics Technology Facility ",Norway rat,public,"fastq,run.zq,sra","ena,gs,ncbi,s3","ena,gs.us-east1,ncbi.public,s3.us-east-1",postnatal,2019-02-18,2018-12-30T17:01:51Z,2018-11-16,2018-05-23T11:12:41Z,ERX2608979,postnatal day 112,kidney,SAMEA4680912,wild type genotype,The University of Heidelberg,2018-12-30T17:01:51Z,2018-05-23T11:12:41Z,public,Illumina HiSeq 2500,2750sTS.Rat.Kidney.16wpb.Male_s,SINGLE,PolyA,TRANSCRIPTOMIC,kidney,Rattus norvegicus,ILLUMINA,2019-02-19T00:00:00Z,2022-07-26T06:00:00Z,2,SAMEA4680912,E-MTAB-6811:2750sTS.Rat.Kidney.16wpb.Male,Rattus norvegicus,male,ERP108920,Holtzman SD,E-MTAB-6811:2750sTS.Rat.Kidney.16wpb.Male
ERR2592704,112,RNA-Seq,101,2440751961,PRJEB26889,SAMEA4680913,ArrayExpress,856386493,"Lausanne Genomics Technology Facility ",Norway rat,public,"fastq,run.zq,sra","ena,gs,ncbi,s3","ena,gs.us-east1,ncbi.public,s3.us-east-1",postnatal,2019-02-18,2018-12-30T17:01:51Z,2018-11-16,2018-05-23T11:12:41Z,ERX2608980,postnatal day 112,heart,SAMEA4680913,wild type genotype,The University of Heidelberg,2018-12-30T17:01:51Z,2018-05-23T11:12:41Z,public,Illumina HiSeq 2500,2853sTS.Rat.Heart.16wpb.Female_s,SINGLE,PolyA,TRANSCRIPTOMIC,heart,Rattus norvegicus,ILLUMINA,2019-02-19T00:00:00Z,2022-07-18T06:35:00Z,2,SAMEA4680913,E-MTAB-6811:2853sTS.Rat.Heart.16wpb.Female,Rattus norvegicus,female,ERP108920,Holtzman SD,E-MTAB-6811:2853sTS.Rat.Heart.16wpb.Female
ERR2592705,112,RNA-Seq,101,3139280788,PRJEB26889,SAMEA4680914,ArrayExpress,1164211097,"Lausanne Genomics Technology Facility ",Norway rat,public,"fastq,run.zq,sra","ena,gs,ncbi,s3","ena,gs.us-east1,ncbi.public,s3.us-east-1",postnatal,2019-02-18,2018-12-30T17:01:51Z,2018-11-16,2018-05-23T11:12:41Z,ERX2608981,postnatal day 112,kidney,SAMEA4680914,wild type genotype,The University of Heidelberg,2018-12-30T17:01:51Z,2018-05-23T11:12:41Z,public,Illumina HiSeq 2500,2854sTS.Rat.Kidney.16wpb.Female_s,SINGLE,PolyA,TRANSCRIPTOMIC,kidney,Rattus norvegicus,ILLUMINA,2019-02-19T00:00:00Z,2022-07-22T01:01:00Z,2,SAMEA4680914,E-MTAB-6811:2854sTS.Rat.Kidney.16wpb.Female,Rattus norvegicus,female,ERP108920,Holtzman SD,E-MTAB-6811:2854sTS.Rat.Kidney.16wpb.Female
ERR2592706,112,RNA-Seq,101,3245316547,PRJEB26889,SAMEA4680915,ArrayExpress,1218412711,"Lausanne Genomics Technology Facility ",Norway rat,public,"fastq,run.zq,sra","ena,gs,ncbi,s3","ena,gs.us-east1,ncbi.public,s3.us-east-1",postnatal,2019-02-18,2018-12-30T17:01:51Z,2018-11-16,2018-05-23T11:12:41Z,ERX2608982,postnatal day 112,kidney,SAMEA4680915,wild type genotype,The University of Heidelberg,2018-12-30T17:01:51Z,2018-05-23T11:12:41Z,public,Illumina HiSeq 2500,2870sTS.Rat.Kidney.16wpb.Female_s,SINGLE,PolyA,TRANSCRIPTOMIC,kidney,Rattus norvegicus,ILLUMINA,2019-02-19T00:00:00Z,2021-10-24T06:41:00Z,2,SAMEA4680915,E-MTAB-6811:2870sTS.Rat.Kidney.16wpb.Female,Rattus norvegicus,female,ERP108920,Holtzman SD,E-MTAB-6811:2870sTS.Rat.Kidney.16wpb.Female
