Run,AGE,Assay Type,AvgSpotLen,Bases,BioProject,BioSample,Bytes,Center Name,Consent,DATASTORE filetype,DATASTORE provider,DATASTORE region,Experiment,GEO_Accession (exp),Individual,Instrument,library_prep_batch,LibraryLayout,LibrarySelection,LibrarySource,organism_common_name,Organism,Platform,ReleaseDate,create_date,version,Sample Name,source_name,SRA Study,strain
SRR8474151,72 months,RNA-Seq,150,4590255450,PRJNA516470,SAMN10789721,2064789230,GEO,public,"sra,fastq,run.zq","gs,ncbi,s3","ncbi.public,s3.us-east-1,gs.us-east1",SRX5279670,GSM3575137,1,Illumina HiSeq 2500,4,PAIRED,cDNA,TRANSCRIPTOMIC,Cyno,Macaca fascicularis,ILLUMINA,2019-07-16T00:00:00Z,2019-03-02T07:23:00Z,1,GSM3575137,Adipose,SRP181218,Mauritius colony (Novaprim Group)
SRR8474152,72 months,RNA-Seq,200,34387281400,PRJNA516470,SAMN10789720,14127810369,GEO,public,"sra,run.zq,fastq","gs,ncbi,s3","s3.us-east-1,gs.us-east1,ncbi.public",SRX5279671,GSM3575138,1,Illumina HiSeq 2500,1,PAIRED,cDNA,TRANSCRIPTOMIC,Cyno,Macaca fascicularis,ILLUMINA,2019-07-16T00:00:00Z,2019-03-02T14:39:00Z,1,GSM3575138,Adrenal,SRP181218,Mauritius colony (Novaprim Group)
SRR8474153,72 months,RNA-Seq,150,11145397050,PRJNA516470,SAMN10789719,5639955981,GEO,public,"run.zq,fastq,sra","s3,ncbi,gs","gs.us-east1,s3.us-east-1,ncbi.public",SRX5279753,GSM3575139,1,Illumina HiSeq 2500,8,PAIRED,cDNA,TRANSCRIPTOMIC,Cyno,Macaca fascicularis,ILLUMINA,2019-07-16T00:00:00Z,2019-03-05T00:29:00Z,1,GSM3575139,Brain,SRP181218,Mauritius colony (Novaprim Group)
SRR8474154,72 months,RNA-Seq,200,40536563800,PRJNA516470,SAMN10789718,17376129728,GEO,public,"run.zq,sra,fastq","gs,ncbi,s3","gs.us-east1,ncbi.public,s3.us-east-1",SRX5279754,GSM3575140,1,Illumina HiSeq 2500,1,PAIRED,cDNA,TRANSCRIPTOMIC,Cyno,Macaca fascicularis,ILLUMINA,2019-07-16T00:00:00Z,2019-03-01T23:36:00Z,1,GSM3575140,Colon,SRP181218,Mauritius colony (Novaprim Group)
SRR8474155,72 months,RNA-Seq,150,6711016800,PRJNA516470,SAMN10789717,3130355415,GEO,public,"sra,fastq,run.zq","ncbi,gs,s3","gs.us-east1,s3.us-east-1,ncbi.public",SRX5279755,GSM3575141,1,Illumina HiSeq 2500,7,PAIRED,cDNA,TRANSCRIPTOMIC,Cyno,Macaca fascicularis,ILLUMINA,2019-07-16T00:00:00Z,2019-03-04T20:33:00Z,1,GSM3575141,Heart,SRP181218,Mauritius colony (Novaprim Group)
SRR8474156,72 months,RNA-Seq,200,35082316800,PRJNA516470,SAMN10789716,14109382377,GEO,public,"run.zq,sra,fastq","gs,ncbi,s3","ncbi.public,s3.us-east-1,gs.us-east1",SRX5279756,GSM3575142,1,Illumina HiSeq 2500,1,PAIRED,cDNA,TRANSCRIPTOMIC,Cyno,Macaca fascicularis,ILLUMINA,2019-07-16T00:00:00Z,2019-03-19T18:37:00Z,1,GSM3575142,Liver,SRP181218,Mauritius colony (Novaprim Group)
SRR8474157,72 months,RNA-Seq,150,5218860750,PRJNA516470,SAMN10789715,2340898103,GEO,public,"run.zq,fastq,sra","gs,ncbi,s3","gs.us-east1,ncbi.public,s3.us-east-1",SRX5279757,GSM3575143,1,Illumina HiSeq 2500,4,PAIRED,cDNA,TRANSCRIPTOMIC,Cyno,Macaca fascicularis,ILLUMINA,2019-07-16T00:00:00Z,2019-03-02T09:15:00Z,1,GSM3575143,Lung,SRP181218,Mauritius colony (Novaprim Group)
SRR8474158,72 months,RNA-Seq,150,5838964800,PRJNA516470,SAMN10789714,4710081863,GEO,public,"fastq,sra,run.zq","s3,ncbi,gs","s3.us-east-1,gs.us-east1,ncbi.public",SRX5279758,GSM3575144,1,Illumina HiSeq 2500,5,PAIRED,cDNA,TRANSCRIPTOMIC,Cyno,Macaca fascicularis,ILLUMINA,2019-07-16T00:00:00Z,2019-03-02T10:18:00Z,1,GSM3575144,Muscle,SRP181218,Mauritius colony (Novaprim Group)
SRR8474159,72 months,RNA-Seq,150,10378136250,PRJNA516470,SAMN10789713,5034075507,GEO,public,"fastq,run.zq,sra","ncbi,s3,gs","ncbi.public,s3.us-east-1,gs.us-east1",SRX5279759,GSM3575145,1,Illumina HiSeq 2500,7,PAIRED,cDNA,TRANSCRIPTOMIC,Cyno,Macaca fascicularis,ILLUMINA,2019-07-16T00:00:00Z,2019-03-04T22:35:00Z,1,GSM3575145,Pituitary,SRP181218,Mauritius colony (Novaprim Group)
SRR8474160,72 months,RNA-Seq,200,29895267600,PRJNA516470,SAMN10789712,20267974152,GEO,public,"sra,run.zq,fastq","s3,gs,ncbi","gs.us-east1,ncbi.public,s3.us-east-1",SRX5279760,GSM3575146,1,Illumina HiSeq 2500,1,PAIRED,cDNA,TRANSCRIPTOMIC,Cyno,Macaca fascicularis,ILLUMINA,2019-07-16T00:00:00Z,2019-03-02T09:10:00Z,1,GSM3575146,Skin,SRP181218,Mauritius colony (Novaprim Group)
SRR8474161,72 months,RNA-Seq,200,39016434800,PRJNA516470,SAMN10789768,16357209704,GEO,public,"sra,run.zq,fastq","s3,gs,ncbi","gs.us-east1,ncbi.public,s3.us-east-1",SRX5279761,GSM3575147,1,Illumina HiSeq 2500,2,PAIRED,cDNA,TRANSCRIPTOMIC,Cyno,Macaca fascicularis,ILLUMINA,2019-07-16T00:00:00Z,2019-03-02T18:42:00Z,1,GSM3575147,Spleen,SRP181218,Mauritius colony (Novaprim Group)
SRR8474162,72 months,RNA-Seq,150,8173432500,PRJNA516470,SAMN10789767,3742429803,GEO,public,"sra,run.zq,fastq","ncbi,gs,s3","s3.us-east-1,gs.us-east1,ncbi.public",SRX5279762,GSM3575148,1,Illumina HiSeq 2500,6,PAIRED,cDNA,TRANSCRIPTOMIC,Cyno,Macaca fascicularis,ILLUMINA,2019-07-16T00:00:00Z,2019-03-04T18:22:00Z,1,GSM3575148,Thyroid,SRP181218,Mauritius colony (Novaprim Group)
SRR8474163,108 months,RNA-Seq,150,7793871300,PRJNA516470,SAMN10789766,3407650459,GEO,public,"run.zq,sra,fastq","s3,ncbi,gs","gs.us-east1,ncbi.public,s3.us-east-1",SRX5279763,GSM3575149,2,Illumina HiSeq 2500,3,PAIRED,cDNA,TRANSCRIPTOMIC,Cyno,Macaca fascicularis,ILLUMINA,2019-07-16T00:00:00Z,2019-03-02T09:47:00Z,1,GSM3575149,Adipose,SRP181218,Mauritius colony (Novaprim Group)
SRR8474164,108 months,RNA-Seq,150,8265331050,PRJNA516470,SAMN10789765,3653260115,GEO,public,"fastq,run.zq,sra","gs,s3,ncbi","ncbi.public,gs.us-east1,s3.us-east-1",SRX5279764,GSM3575150,2,Illumina HiSeq 2500,4,PAIRED,cDNA,TRANSCRIPTOMIC,Cyno,Macaca fascicularis,ILLUMINA,2019-07-16T00:00:00Z,2019-03-02T12:15:00Z,1,GSM3575150,Adrenal,SRP181218,Mauritius colony (Novaprim Group)
SRR8474165,108 months,RNA-Seq,150,10026609900,PRJNA516470,SAMN10789764,4579595736,GEO,public,"run.zq,fastq,sra","gs,ncbi,s3","gs.us-east1,s3.us-east-1,ncbi.public",SRX5279765,GSM3575151,2,Illumina HiSeq 2500,3,PAIRED,cDNA,TRANSCRIPTOMIC,Cyno,Macaca fascicularis,ILLUMINA,2019-07-16T00:00:00Z,2019-03-02T11:28:00Z,1,GSM3575151,Brain,SRP181218,Mauritius colony (Novaprim Group)
SRR8474166,108 months,RNA-Seq,200,33407410800,PRJNA516470,SAMN10789763,13890184986,GEO,public,"sra,run.zq,fastq","s3,gs,ncbi","ncbi.public,s3.us-east-1,gs.us-east1",SRX5279766,GSM3575152,2,Illumina HiSeq 2500,1,PAIRED,cDNA,TRANSCRIPTOMIC,Cyno,Macaca fascicularis,ILLUMINA,2019-07-16T00:00:00Z,2019-03-02T11:40:00Z,1,GSM3575152,Colon,SRP181218,Mauritius colony (Novaprim Group)
SRR8474167,108 months,RNA-Seq,150,10062816450,PRJNA516470,SAMN10789762,4531939078,GEO,public,"run.zq,sra,fastq","s3,gs,ncbi","ncbi.public,gs.us-east1,s3.us-east-1",SRX5279767,GSM3575153,2,Illumina HiSeq 2500,6,PAIRED,cDNA,TRANSCRIPTOMIC,Cyno,Macaca fascicularis,ILLUMINA,2019-07-16T00:00:00Z,2019-03-04T18:59:00Z,1,GSM3575153,Heart,SRP181218,Mauritius colony (Novaprim Group)
SRR8474168,108 months,RNA-Seq,200,36478358800,PRJNA516470,SAMN10789761,16039638447,GEO,public,"run.zq,fastq,sra","gs,s3,ncbi","s3.us-east-1,gs.us-east1,ncbi.public",SRX5279768,GSM3575154,2,Illumina HiSeq 2500,2,PAIRED,cDNA,TRANSCRIPTOMIC,Cyno,Macaca fascicularis,ILLUMINA,2019-07-16T00:00:00Z,2019-03-02T15:14:00Z,1,GSM3575154,Liver,SRP181218,Mauritius colony (Novaprim Group)
SRR8474169,108 months,RNA-Seq,150,12737139450,PRJNA516470,SAMN10789760,6295908313,GEO,public,"sra,run.zq,fastq","ncbi,s3,gs","s3.us-east-1,ncbi.public,gs.us-east1",SRX5279769,GSM3575155,2,Illumina HiSeq 2500,8,PAIRED,cDNA,TRANSCRIPTOMIC,Cyno,Macaca fascicularis,ILLUMINA,2019-07-16T00:00:00Z,2019-03-05T01:47:00Z,1,GSM3575155,Lung,SRP181218,Mauritius colony (Novaprim Group)
SRR8474170,108 months,RNA-Seq,200,42307850800,PRJNA516470,SAMN10789759,17642615621,GEO,public,"sra,run.zq,fastq","gs,ncbi,s3","s3.us-east-1,ncbi.public,gs.us-east1",SRX5279770,GSM3575156,2,Illumina HiSeq 2500,2,PAIRED,cDNA,TRANSCRIPTOMIC,Cyno,Macaca fascicularis,ILLUMINA,2019-07-16T00:00:00Z,2019-03-03T00:24:00Z,1,GSM3575156,Muscle,SRP181218,Mauritius colony (Novaprim Group)
SRR8474171,108 months,RNA-Seq,150,5419716300,PRJNA516470,SAMN10789758,2355372531,GEO,public,"run.zq,sra,fastq","s3,gs,ncbi","gs.us-east1,ncbi.public,s3.us-east-1",SRX5279771,GSM3575157,2,Illumina HiSeq 2500,3,PAIRED,cDNA,TRANSCRIPTOMIC,Cyno,Macaca fascicularis,ILLUMINA,2019-07-16T00:00:00Z,2019-03-02T08:18:00Z,1,GSM3575157,Pituitary,SRP181218,Mauritius colony (Novaprim Group)
SRR8474172,108 months,RNA-Seq,150,6548755500,PRJNA516470,SAMN10789757,2837124175,GEO,public,"fastq,sra,run.zq","gs,ncbi,s3","s3.us-east-1,ncbi.public,gs.us-east1",SRX5279772,GSM3575158,2,Illumina HiSeq 2500,5,PAIRED,cDNA,TRANSCRIPTOMIC,Cyno,Macaca fascicularis,ILLUMINA,2019-07-16T00:00:00Z,2019-03-04T17:20:00Z,1,GSM3575158,Skin,SRP181218,Mauritius colony (Novaprim Group)
SRR8474173,108 months,RNA-Seq,150,7982272350,PRJNA516470,SAMN10789756,3588841574,GEO,public,"sra,run.zq,fastq","s3,gs,ncbi","s3.us-east-1,ncbi.public,gs.us-east1",SRX5279773,GSM3575159,2,Illumina HiSeq 2500,3,PAIRED,cDNA,TRANSCRIPTOMIC,Cyno,Macaca fascicularis,ILLUMINA,2019-07-16T00:00:00Z,2019-02-25T23:07:00Z,1,GSM3575159,Spleen,SRP181218,Mauritius colony (Novaprim Group)
SRR8474174,108 months,RNA-Seq,150,5940991650,PRJNA516470,SAMN10789755,2660825443,GEO,public,"fastq,run.zq,sra","gs,s3,ncbi","s3.us-east-1,ncbi.public,gs.us-east1",SRX5279774,GSM3575160,2,Illumina HiSeq 2500,4,PAIRED,cDNA,TRANSCRIPTOMIC,Cyno,Macaca fascicularis,ILLUMINA,2019-07-16T00:00:00Z,2019-02-25T21:02:00Z,1,GSM3575160,Thyroid,SRP181218,Mauritius colony (Novaprim Group)
SRR8474175,75 months,RNA-Seq,200,28428183000,PRJNA516470,SAMN10789754,11497289024,GEO,public,"sra,fastq,run.zq","ncbi,gs,s3","gs.us-east1,s3.us-east-1,ncbi.public",SRX5279775,GSM3575161,3,Illumina HiSeq 2500,2,PAIRED,cDNA,TRANSCRIPTOMIC,Cyno,Macaca fascicularis,ILLUMINA,2019-07-16T00:00:00Z,2019-03-02T17:05:00Z,1,GSM3575161,Adipose,SRP181218,Mauritius colony (Novaprim Group)
SRR8474176,75 months,RNA-Seq,150,5296515450,PRJNA516470,SAMN10789753,2374278747,GEO,public,"fastq,sra,run.zq","gs,ncbi,s3","gs.us-east1,ncbi.public,s3.us-east-1",SRX5279776,GSM3575162,3,Illumina HiSeq 2500,4,PAIRED,cDNA,TRANSCRIPTOMIC,Cyno,Macaca fascicularis,ILLUMINA,2019-07-16T00:00:00Z,2019-03-02T09:32:00Z,1,GSM3575162,Adrenal,SRP181218,Mauritius colony (Novaprim Group)
SRR8474177,75 months,RNA-Seq,150,5941119450,PRJNA516470,SAMN10789752,2753760888,GEO,public,"fastq,sra,run.zq","ncbi,s3,gs","ncbi.public,gs.us-east1,s3.us-east-1",SRX5279777,GSM3575163,3,Illumina HiSeq 2500,4,PAIRED,cDNA,TRANSCRIPTOMIC,Cyno,Macaca fascicularis,ILLUMINA,2019-07-16T00:00:00Z,2019-03-02T08:48:00Z,1,GSM3575163,Brain,SRP181218,Mauritius colony (Novaprim Group)
SRR8474178,75 months,RNA-Seq,150,7036301250,PRJNA516470,SAMN10789751,3302637396,GEO,public,"fastq,run.zq,sra","s3,gs,ncbi","s3.us-east-1,ncbi.public,gs.us-east1",SRX5279778,GSM3575164,3,Illumina HiSeq 2500,7,PAIRED,cDNA,TRANSCRIPTOMIC,Cyno,Macaca fascicularis,ILLUMINA,2019-07-16T00:00:00Z,2019-03-04T20:12:00Z,1,GSM3575164,Colon,SRP181218,Mauritius colony (Novaprim Group)
SRR8474179,75 months,RNA-Seq,200,29654675000,PRJNA516470,SAMN10789750,12017666436,GEO,public,"fastq,sra,run.zq","ncbi,s3,gs","gs.us-east1,s3.us-east-1,ncbi.public",SRX5279779,GSM3575165,3,Illumina HiSeq 2500,1,PAIRED,cDNA,TRANSCRIPTOMIC,Cyno,Macaca fascicularis,ILLUMINA,2019-07-16T00:00:00Z,2019-03-02T07:47:00Z,1,GSM3575165,Heart,SRP181218,Mauritius colony (Novaprim Group)
SRR8474180,75 months,RNA-Seq,150,14632470150,PRJNA516470,SAMN10789749,7506041839,GEO,public,"sra,run.zq,fastq","s3,gs,ncbi","gs.us-east1,s3.us-east-1,ncbi.public",SRX5279780,GSM3575166,3,Illumina HiSeq 2500,7,PAIRED,cDNA,TRANSCRIPTOMIC,Cyno,Macaca fascicularis,ILLUMINA,2019-07-16T00:00:00Z,2019-03-05T01:12:00Z,1,GSM3575166,Liver,SRP181218,Mauritius colony (Novaprim Group)
SRR8474181,75 months,RNA-Seq,200,36982004400,PRJNA516470,SAMN10789748,15259200935,GEO,public,"fastq,run.zq,sra","gs,s3,ncbi","gs.us-east1,ncbi.public,s3.us-east-1",SRX5279781,GSM3575167,3,Illumina HiSeq 2500,2,PAIRED,cDNA,TRANSCRIPTOMIC,Cyno,Macaca fascicularis,ILLUMINA,2019-07-16T00:00:00Z,2019-03-02T19:53:00Z,1,GSM3575167,Lung,SRP181218,Mauritius colony (Novaprim Group)
SRR8474182,75 months,RNA-Seq,200,42101297600,PRJNA516470,SAMN10789747,17594577749,GEO,public,"run.zq,fastq,sra","s3,ncbi,gs","s3.us-east-1,ncbi.public,gs.us-east1",SRX5279782,GSM3575168,3,Illumina HiSeq 2500,2,PAIRED,cDNA,TRANSCRIPTOMIC,Cyno,Macaca fascicularis,ILLUMINA,2019-07-16T00:00:00Z,2019-03-03T00:13:00Z,1,GSM3575168,Muscle,SRP181218,Mauritius colony (Novaprim Group)
SRR8474183,75 months,RNA-Seq,150,10563051900,PRJNA516470,SAMN10789746,5071690398,GEO,public,"run.zq,fastq,sra","s3,ncbi,gs","s3.us-east-1,gs.us-east1,ncbi.public",SRX5279783,GSM3575169,3,Illumina HiSeq 2500,3,PAIRED,cDNA,TRANSCRIPTOMIC,Cyno,Macaca fascicularis,ILLUMINA,2019-07-16T00:00:00Z,2019-03-02T11:08:00Z,1,GSM3575169,Pituitary,SRP181218,Mauritius colony (Novaprim Group)
SRR8474184,75 months,RNA-Seq,150,5164461750,PRJNA516470,SAMN10789745,2205816395,GEO,public,"fastq,sra,run.zq","gs,s3,ncbi","ncbi.public,gs.us-east1,s3.us-east-1",SRX5279784,GSM3575170,3,Illumina HiSeq 2500,3,PAIRED,cDNA,TRANSCRIPTOMIC,Cyno,Macaca fascicularis,ILLUMINA,2019-07-16T00:00:00Z,2019-04-03T18:57:00Z,1,GSM3575170,Skin,SRP181218,Mauritius colony (Novaprim Group)
SRR8474185,75 months,RNA-Seq,150,7077042000,PRJNA516470,SAMN10789744,3337589479,GEO,public,"sra,fastq,run.zq","gs,ncbi,s3","gs.us-east1,s3.us-east-1,ncbi.public",SRX5279785,GSM3575171,3,Illumina HiSeq 2500,7,PAIRED,cDNA,TRANSCRIPTOMIC,Cyno,Macaca fascicularis,ILLUMINA,2019-07-16T00:00:00Z,2019-03-04T20:24:00Z,1,GSM3575171,Spleen,SRP181218,Mauritius colony (Novaprim Group)
SRR8474186,75 months,RNA-Seq,200,39280397400,PRJNA516470,SAMN10789743,16367677399,GEO,public,"sra,run.zq,fastq","gs,s3,ncbi","s3.us-east-1,gs.us-east1,ncbi.public",SRX5279786,GSM3575172,3,Illumina HiSeq 2500,2,PAIRED,cDNA,TRANSCRIPTOMIC,Cyno,Macaca fascicularis,ILLUMINA,2019-07-16T00:00:00Z,2019-03-02T20:36:00Z,1,GSM3575172,Thyroid,SRP181218,Mauritius colony (Novaprim Group)
SRR8474187,106 months,RNA-Seq,150,14181442200,PRJNA516470,SAMN10789742,7120322407,GEO,public,"sra,run.zq,fastq","gs,s3,ncbi","s3.us-east-1,ncbi.public,gs.us-east1",SRX5279787,GSM3575173,4,Illumina HiSeq 2500,8,PAIRED,cDNA,TRANSCRIPTOMIC,Cyno,Macaca fascicularis,ILLUMINA,2019-07-16T00:00:00Z,2019-03-05T01:05:00Z,1,GSM3575173,Adipose,SRP181218,Mauritius colony (Novaprim Group)
SRR8474188,106 months,RNA-Seq,150,8320983900,PRJNA516470,SAMN10789741,3661599836,GEO,public,"fastq,sra,run.zq","gs,ncbi,s3","ncbi.public,gs.us-east1,s3.us-east-1",SRX5279788,GSM3575174,4,Illumina HiSeq 2500,3,PAIRED,cDNA,TRANSCRIPTOMIC,Cyno,Macaca fascicularis,ILLUMINA,2019-07-16T00:00:00Z,2019-03-02T11:28:00Z,1,GSM3575174,Adrenal,SRP181218,Mauritius colony (Novaprim Group)
SRR8474189,106 months,RNA-Seq,200,32653789400,PRJNA516470,SAMN10789740,13415661016,GEO,public,"run.zq,sra,fastq","s3,ncbi,gs","s3.us-east-1,ncbi.public,gs.us-east1",SRX5279789,GSM3575175,4,Illumina HiSeq 2500,1,PAIRED,cDNA,TRANSCRIPTOMIC,Cyno,Macaca fascicularis,ILLUMINA,2019-07-16T00:00:00Z,2019-03-02T07:44:00Z,1,GSM3575175,Brain,SRP181218,Mauritius colony (Novaprim Group)
SRR8474190,106 months,RNA-Seq,150,9478255650,PRJNA516470,SAMN10789739,4290906012,GEO,public,"fastq,run.zq,sra","ncbi,s3,gs","ncbi.public,gs.us-east1,s3.us-east-1",SRX5279790,GSM3575176,4,Illumina HiSeq 2500,3,PAIRED,cDNA,TRANSCRIPTOMIC,Cyno,Macaca fascicularis,ILLUMINA,2019-07-16T00:00:00Z,2019-03-02T11:09:00Z,1,GSM3575176,Colon,SRP181218,Mauritius colony (Novaprim Group)
SRR8474191,106 months,RNA-Seq,200,33032167400,PRJNA516470,SAMN10789738,13997350545,GEO,public,"sra,fastq,run.zq","gs,ncbi,s3","ncbi.public,s3.us-east-1,gs.us-east1",SRX5279791,GSM3575177,4,Illumina HiSeq 2500,2,PAIRED,cDNA,TRANSCRIPTOMIC,Cyno,Macaca fascicularis,ILLUMINA,2019-07-16T00:00:00Z,2019-03-02T18:27:00Z,1,GSM3575177,Heart,SRP181218,Mauritius colony (Novaprim Group)
SRR8474192,106 months,RNA-Seq,150,8319236700,PRJNA516470,SAMN10789778,4003178530,GEO,public,"run.zq,sra,fastq","ncbi,s3,gs","gs.us-east1,s3.us-east-1,ncbi.public",SRX5279792,GSM3575178,4,Illumina HiSeq 2500,7,PAIRED,cDNA,TRANSCRIPTOMIC,Cyno,Macaca fascicularis,ILLUMINA,2019-07-16T00:00:00Z,2019-03-04T22:07:00Z,1,GSM3575178,Liver,SRP181218,Mauritius colony (Novaprim Group)
SRR8474193,106 months,RNA-Seq,200,27768899800,PRJNA516470,SAMN10789777,11964097535,GEO,public,"sra,run.zq,fastq","gs,ncbi,s3","ncbi.public,s3.us-east-1,gs.us-east1",SRX5279793,GSM3575179,4,Illumina HiSeq 2500,1,PAIRED,cDNA,TRANSCRIPTOMIC,Cyno,Macaca fascicularis,ILLUMINA,2019-07-16T00:00:00Z,2019-03-02T03:33:00Z,1,GSM3575179,Lung,SRP181218,Mauritius colony (Novaprim Group)
SRR8474194,106 months,RNA-Seq,150,7076218500,PRJNA516470,SAMN10789776,3194157173,GEO,public,"fastq,sra,run.zq","ncbi,gs,s3","gs.us-east1,ncbi.public,s3.us-east-1",SRX5279794,GSM3575180,4,Illumina HiSeq 2500,3,PAIRED,cDNA,TRANSCRIPTOMIC,Cyno,Macaca fascicularis,ILLUMINA,2019-07-16T00:00:00Z,2019-02-25T22:02:00Z,1,GSM3575180,Muscle,SRP181218,Mauritius colony (Novaprim Group)
SRR8474195,106 months,RNA-Seq,200,39984015400,PRJNA516470,SAMN10789775,17084765772,GEO,public,"run.zq,sra,fastq","ncbi,gs,s3","gs.us-east1,s3.us-east-1,ncbi.public",SRX5279795,GSM3575181,4,Illumina HiSeq 2500,1,PAIRED,cDNA,TRANSCRIPTOMIC,Cyno,Macaca fascicularis,ILLUMINA,2019-07-16T00:00:00Z,2019-03-02T19:29:00Z,1,GSM3575181,Pituitary,SRP181218,Mauritius colony (Novaprim Group)
SRR8474196,106 months,RNA-Seq,200,27897007800,PRJNA516470,SAMN10789774,11128785092,GEO,public,"fastq,run.zq,sra","s3,ncbi,gs","ncbi.public,s3.us-east-1,gs.us-east1",SRX5279796,GSM3575182,4,Illumina HiSeq 2500,1,PAIRED,cDNA,TRANSCRIPTOMIC,Cyno,Macaca fascicularis,ILLUMINA,2019-07-16T00:00:00Z,2019-03-02T03:26:00Z,1,GSM3575182,Skin,SRP181218,Mauritius colony (Novaprim Group)
SRR8474197,106 months,RNA-Seq,200,33206261600,PRJNA516470,SAMN10789773,13502545377,GEO,public,"run.zq,sra,fastq","ncbi,s3,gs","gs.us-east1,s3.us-east-1,ncbi.public",SRX5279797,GSM3575183,4,Illumina HiSeq 2500,2,PAIRED,cDNA,TRANSCRIPTOMIC,Cyno,Macaca fascicularis,ILLUMINA,2019-07-16T00:00:00Z,2019-03-02T19:23:00Z,1,GSM3575183,Spleen,SRP181218,Mauritius colony (Novaprim Group)
SRR8474198,106 months,RNA-Seq,200,30122955000,PRJNA516470,SAMN10789772,12731507233,GEO,public,"sra,fastq,run.zq","s3,ncbi,gs","s3.us-east-1,ncbi.public,gs.us-east1",SRX5279798,GSM3575184,4,Illumina HiSeq 2500,2,PAIRED,cDNA,TRANSCRIPTOMIC,Cyno,Macaca fascicularis,ILLUMINA,2019-07-16T00:00:00Z,2019-03-02T18:30:00Z,1,GSM3575184,Thyroid,SRP181218,Mauritius colony (Novaprim Group)
SRR8474199,80 months,RNA-Seq,150,5386179900,PRJNA516470,SAMN10789771,2420598496,GEO,public,"sra,fastq,run.zq","ncbi,gs,s3","ncbi.public,gs.us-east1,s3.us-east-1",SRX5279799,GSM3575185,5,Illumina HiSeq 2500,4,PAIRED,cDNA,TRANSCRIPTOMIC,Cyno,Macaca fascicularis,ILLUMINA,2019-07-16T00:00:00Z,2019-03-02T08:23:00Z,1,GSM3575185,Adrenal,SRP181218,Mauritius colony (Novaprim Group)
SRR8474200,80 months,RNA-Seq,200,41799110000,PRJNA516470,SAMN10789770,18045192398,GEO,public,"fastq,sra,run.zq","gs,s3,ncbi","gs.us-east1,s3.us-east-1,ncbi.public",SRX5279800,GSM3575186,5,Illumina HiSeq 2500,2,PAIRED,cDNA,TRANSCRIPTOMIC,Cyno,Macaca fascicularis,ILLUMINA,2019-07-16T00:00:00Z,2019-03-02T21:59:00Z,1,GSM3575186,Brain,SRP181218,Mauritius colony (Novaprim Group)
SRR8474201,80 months,RNA-Seq,150,9141394650,PRJNA516470,SAMN10789769,4266190003,GEO,public,"fastq,sra,run.zq","ncbi,s3,gs","s3.us-east-1,gs.us-east1,ncbi.public",SRX5279801,GSM3575187,5,Illumina HiSeq 2500,7,PAIRED,cDNA,TRANSCRIPTOMIC,Cyno,Macaca fascicularis,ILLUMINA,2019-07-16T00:00:00Z,2019-03-04T22:11:00Z,1,GSM3575187,Colon,SRP181218,Mauritius colony (Novaprim Group)
SRR8474202,80 months,RNA-Seq,150,6191718000,PRJNA516470,SAMN10789705,2661001576,GEO,public,"fastq,run.zq,sra","s3,ncbi,gs","ncbi.public,gs.us-east1,s3.us-east-1",SRX5279802,GSM3575188,5,Illumina HiSeq 2500,5,PAIRED,cDNA,TRANSCRIPTOMIC,Cyno,Macaca fascicularis,ILLUMINA,2019-07-16T00:00:00Z,2019-03-04T16:59:00Z,1,GSM3575188,Heart,SRP181218,Mauritius colony (Novaprim Group)
SRR8474203,80 months,RNA-Seq,150,11031731250,PRJNA516470,SAMN10789704,5601266282,GEO,public,"fastq,run.zq,sra","s3,ncbi,gs","gs.us-east1,s3.us-east-1,ncbi.public",SRX5279803,GSM3575189,5,Illumina HiSeq 2500,8,PAIRED,cDNA,TRANSCRIPTOMIC,Cyno,Macaca fascicularis,ILLUMINA,2019-07-16T00:00:00Z,2019-03-01T11:50:00Z,1,GSM3575189,Liver,SRP181218,Mauritius colony (Novaprim Group)
SRR8474204,80 months,RNA-Seq,150,5357011950,PRJNA516470,SAMN10789703,2452710563,GEO,public,"run.zq,sra,fastq","s3,gs,ncbi","gs.us-east1,ncbi.public,s3.us-east-1",SRX5279804,GSM3575190,5,Illumina HiSeq 2500,4,PAIRED,cDNA,TRANSCRIPTOMIC,Cyno,Macaca fascicularis,ILLUMINA,2019-07-16T00:00:00Z,2019-02-25T20:36:00Z,1,GSM3575190,Lung,SRP181218,Mauritius colony (Novaprim Group)
SRR8474205,80 months,RNA-Seq,150,6591493350,PRJNA516470,SAMN10789702,2772696908,GEO,public,"fastq,sra,run.zq","gs,ncbi,s3","s3.us-east-1,gs.us-east1,ncbi.public",SRX5279805,GSM3575191,5,Illumina HiSeq 2500,5,PAIRED,cDNA,TRANSCRIPTOMIC,Cyno,Macaca fascicularis,ILLUMINA,2019-07-16T00:00:00Z,2019-03-04T17:06:00Z,1,GSM3575191,Muscle,SRP181218,Mauritius colony (Novaprim Group)
SRR8474206,80 months,RNA-Seq,200,45590460800,PRJNA516470,SAMN10789701,19313614670,GEO,public,"run.zq,fastq,sra","gs,ncbi,s3","s3.us-east-1,ncbi.public,gs.us-east1",SRX5279806,GSM3575192,5,Illumina HiSeq 2500,2,PAIRED,cDNA,TRANSCRIPTOMIC,Cyno,Macaca fascicularis,ILLUMINA,2019-07-16T00:00:00Z,2019-03-02T18:50:00Z,1,GSM3575192,Pituitary,SRP181218,Mauritius colony (Novaprim Group)
SRR8474207,80 months,RNA-Seq,150,11674420500,PRJNA516470,SAMN10789700,5364892979,GEO,public,"sra,run.zq,fastq","ncbi,s3,gs","s3.us-east-1,gs.us-east1,ncbi.public",SRX5279807,GSM3575193,5,Illumina HiSeq 2500,6,PAIRED,cDNA,TRANSCRIPTOMIC,Cyno,Macaca fascicularis,ILLUMINA,2019-07-16T00:00:00Z,2019-03-04T22:23:00Z,1,GSM3575193,Skin,SRP181218,Mauritius colony (Novaprim Group)
SRR8474208,80 months,RNA-Seq,200,34405609800,PRJNA516470,SAMN10789699,23576579078,GEO,public,"run.zq,fastq,sra","s3,gs,ncbi","ncbi.public,s3.us-east-1,gs.us-east1",SRX5279808,GSM3575194,5,Illumina HiSeq 2500,1,PAIRED,cDNA,TRANSCRIPTOMIC,Cyno,Macaca fascicularis,ILLUMINA,2019-07-16T00:00:00Z,2019-03-02T09:51:00Z,1,GSM3575194,Testis,SRP181218,Mauritius colony (Novaprim Group)
SRR8474209,80 months,RNA-Seq,200,32733699800,PRJNA516470,SAMN10789698,13367767601,GEO,public,"run.zq,fastq,sra","s3,gs,ncbi","s3.us-east-1,ncbi.public,gs.us-east1",SRX5279809,GSM3575195,5,Illumina HiSeq 2500,2,PAIRED,cDNA,TRANSCRIPTOMIC,Cyno,Macaca fascicularis,ILLUMINA,2019-07-16T00:00:00Z,2019-03-02T13:49:00Z,1,GSM3575195,Testis,SRP181218,Mauritius colony (Novaprim Group)
SRR8474210,80 months,RNA-Seq,150,6833116650,PRJNA516470,SAMN10789697,3016134949,GEO,public,"sra,fastq,run.zq","gs,s3,ncbi","ncbi.public,gs.us-east1,s3.us-east-1",SRX5279810,GSM3575196,5,Illumina HiSeq 2500,3,PAIRED,cDNA,TRANSCRIPTOMIC,Cyno,Macaca fascicularis,ILLUMINA,2019-07-16T00:00:00Z,2019-03-02T09:28:00Z,1,GSM3575196,Testis,SRP181218,Mauritius colony (Novaprim Group)
SRR8474211,80 months,RNA-Seq,150,5612476800,PRJNA516470,SAMN10789696,2500863514,GEO,public,"fastq,sra,run.zq","s3,ncbi,gs","gs.us-east1,s3.us-east-1,ncbi.public",SRX5279811,GSM3575197,5,Illumina HiSeq 2500,4,PAIRED,cDNA,TRANSCRIPTOMIC,Cyno,Macaca fascicularis,ILLUMINA,2019-07-16T00:00:00Z,2019-03-02T09:52:00Z,1,GSM3575197,Testis,SRP181218,Mauritius colony (Novaprim Group)
SRR8474212,80 months,RNA-Seq,150,5365516050,PRJNA516470,SAMN10789695,2281523044,GEO,public,"fastq,sra,run.zq","ncbi,s3,gs","gs.us-east1,s3.us-east-1,ncbi.public",SRX5279812,GSM3575198,5,Illumina HiSeq 2500,5,PAIRED,cDNA,TRANSCRIPTOMIC,Cyno,Macaca fascicularis,ILLUMINA,2019-07-16T00:00:00Z,2019-03-04T15:30:00Z,1,GSM3575198,Testis,SRP181218,Mauritius colony (Novaprim Group)
SRR8474213,80 months,RNA-Seq,150,11086933650,PRJNA516470,SAMN10789694,5200739148,GEO,public,"run.zq,fastq,sra","gs,ncbi,s3","gs.us-east1,s3.us-east-1,ncbi.public",SRX5279813,GSM3575199,5,Illumina HiSeq 2500,6,PAIRED,cDNA,TRANSCRIPTOMIC,Cyno,Macaca fascicularis,ILLUMINA,2019-07-16T00:00:00Z,2019-03-04T21:22:00Z,1,GSM3575199,Testis,SRP181218,Mauritius colony (Novaprim Group)
SRR8474214,80 months,RNA-Seq,150,8540575200,PRJNA516470,SAMN10789693,4036137531,GEO,public,"sra,fastq,run.zq","ncbi,gs,s3","ncbi.public,gs.us-east1,s3.us-east-1",SRX5279814,GSM3575200,5,Illumina HiSeq 2500,7,PAIRED,cDNA,TRANSCRIPTOMIC,Cyno,Macaca fascicularis,ILLUMINA,2019-07-16T00:00:00Z,2019-03-04T21:11:00Z,1,GSM3575200,Testis,SRP181218,Mauritius colony (Novaprim Group)
SRR8474215,80 months,RNA-Seq,150,9910287150,PRJNA516470,SAMN10789692,5009250588,GEO,public,"run.zq,fastq,sra","ncbi,gs,s3","gs.us-east1,ncbi.public,s3.us-east-1",SRX5279815,GSM3575201,5,Illumina HiSeq 2500,8,PAIRED,cDNA,TRANSCRIPTOMIC,Cyno,Macaca fascicularis,ILLUMINA,2019-07-16T00:00:00Z,2019-03-04T22:29:00Z,1,GSM3575201,Testis,SRP181218,Mauritius colony (Novaprim Group)
SRR8474216,80 months,RNA-Seq,150,4713280800,PRJNA516470,SAMN10789691,2069980443,GEO,public,"sra,run.zq,fastq","s3,gs,ncbi","s3.us-east-1,ncbi.public,gs.us-east1",SRX5279816,GSM3575202,5,Illumina HiSeq 2500,3,PAIRED,cDNA,TRANSCRIPTOMIC,Cyno,Macaca fascicularis,ILLUMINA,2019-07-16T00:00:00Z,2019-03-02T07:51:00Z,1,GSM3575202,Thyroid,SRP181218,Mauritius colony (Novaprim Group)
SRR8474217,107 months,RNA-Seq,200,28735213400,PRJNA516470,SAMN10789690,19605085456,GEO,public,"run.zq,sra,fastq","ncbi,gs,s3","s3.us-east-1,ncbi.public,gs.us-east1",SRX5279817,GSM3575203,6,Illumina HiSeq 2500,1,PAIRED,cDNA,TRANSCRIPTOMIC,Cyno,Macaca fascicularis,ILLUMINA,2019-07-16T00:00:00Z,2019-03-02T06:51:00Z,1,GSM3575203,Adrenal,SRP181218,Mauritius colony (Novaprim Group)
SRR8474218,107 months,RNA-Seq,150,10865144100,PRJNA516470,SAMN10789689,5212925534,GEO,public,"sra,fastq,run.zq","ncbi,s3,gs","ncbi.public,s3.us-east-1,gs.us-east1",SRX5279818,GSM3575204,6,Illumina HiSeq 2500,7,PAIRED,cDNA,TRANSCRIPTOMIC,Cyno,Macaca fascicularis,ILLUMINA,2019-07-16T00:00:00Z,2019-03-05T00:43:00Z,1,GSM3575204,Brain,SRP181218,Mauritius colony (Novaprim Group)
SRR8474219,107 months,RNA-Seq,150,7294254150,PRJNA516470,SAMN10789688,5841491715,GEO,public,"sra,run.zq,fastq","gs,s3,ncbi","s3.us-east-1,ncbi.public,gs.us-east1",SRX5279819,GSM3575205,6,Illumina HiSeq 2500,5,PAIRED,cDNA,TRANSCRIPTOMIC,Cyno,Macaca fascicularis,ILLUMINA,2019-07-16T00:00:00Z,2019-03-02T10:55:00Z,1,GSM3575205,Colon,SRP181218,Mauritius colony (Novaprim Group)
SRR8474220,107 months,RNA-Seq,150,6288416250,PRJNA516470,SAMN10789687,2798433709,GEO,public,"sra,run.zq,fastq","gs,s3,ncbi","s3.us-east-1,gs.us-east1,ncbi.public",SRX5279820,GSM3575206,6,Illumina HiSeq 2500,3,PAIRED,cDNA,TRANSCRIPTOMIC,Cyno,Macaca fascicularis,ILLUMINA,2019-07-16T00:00:00Z,2019-03-02T08:25:00Z,1,GSM3575206,Heart,SRP181218,Mauritius colony (Novaprim Group)
SRR8474221,107 months,RNA-Seq,150,6885759900,PRJNA516470,SAMN10789686,3034090545,GEO,public,"sra,run.zq,fastq","gs,ncbi,s3","s3.us-east-1,gs.us-east1,ncbi.public",SRX5279821,GSM3575207,6,Illumina HiSeq 2500,6,PAIRED,cDNA,TRANSCRIPTOMIC,Cyno,Macaca fascicularis,ILLUMINA,2019-07-16T00:00:00Z,2019-03-01T08:09:00Z,1,GSM3575207,Liver,SRP181218,Mauritius colony (Novaprim Group)
SRR8474222,107 months,RNA-Seq,150,5462800650,PRJNA516470,SAMN10789685,2499254362,GEO,public,"fastq,sra,run.zq","s3,gs,ncbi","s3.us-east-1,gs.us-east1,ncbi.public",SRX5279822,GSM3575208,6,Illumina HiSeq 2500,4,PAIRED,cDNA,TRANSCRIPTOMIC,Cyno,Macaca fascicularis,ILLUMINA,2019-07-16T00:00:00Z,2019-03-02T09:00:00Z,1,GSM3575208,Lung,SRP181218,Mauritius colony (Novaprim Group)
SRR8474223,107 months,RNA-Seq,150,7174556700,PRJNA516470,SAMN10789684,5665755800,GEO,public,"sra,fastq,run.zq","s3,gs,ncbi","ncbi.public,gs.us-east1,s3.us-east-1",SRX5279823,GSM3575209,6,Illumina HiSeq 2500,5,PAIRED,cDNA,TRANSCRIPTOMIC,Cyno,Macaca fascicularis,ILLUMINA,2019-07-16T00:00:00Z,2019-03-04T17:37:00Z,1,GSM3575209,Muscle,SRP181218,Mauritius colony (Novaprim Group)
SRR8474224,107 months,RNA-Seq,150,12315014550,PRJNA516470,SAMN10789683,5961054892,GEO,public,"fastq,sra,run.zq","s3,gs,ncbi","gs.us-east1,ncbi.public,s3.us-east-1",SRX5279824,GSM3575210,6,Illumina HiSeq 2500,8,PAIRED,cDNA,TRANSCRIPTOMIC,Cyno,Macaca fascicularis,ILLUMINA,2019-07-16T00:00:00Z,2019-03-04T21:39:00Z,1,GSM3575210,Pituitary,SRP181218,Mauritius colony (Novaprim Group)
SRR8474225,107 months,RNA-Seq,150,10255758900,PRJNA516470,SAMN10789737,5062171501,GEO,public,"fastq,sra,run.zq","gs,ncbi,s3","gs.us-east1,ncbi.public,s3.us-east-1",SRX5279825,GSM3575211,6,Illumina HiSeq 2500,7,PAIRED,cDNA,TRANSCRIPTOMIC,Cyno,Macaca fascicularis,ILLUMINA,2019-07-16T00:00:00Z,2019-03-04T22:15:00Z,1,GSM3575211,Skin,SRP181218,Mauritius colony (Novaprim Group)
SRR8474226,107 months,RNA-Seq,150,6071918250,PRJNA516470,SAMN10789736,2738160954,GEO,public,"sra,run.zq,fastq","gs,ncbi,s3","s3.us-east-1,gs.us-east1,ncbi.public",SRX5279826,GSM3575212,6,Illumina HiSeq 2500,3,PAIRED,cDNA,TRANSCRIPTOMIC,Cyno,Macaca fascicularis,ILLUMINA,2019-07-16T00:00:00Z,2019-03-02T07:30:00Z,1,GSM3575212,Spleen,SRP181218,Mauritius colony (Novaprim Group)
SRR8474227,107 months,RNA-Seq,150,5969366700,PRJNA516470,SAMN10789735,2659051097,GEO,public,"run.zq,sra,fastq","ncbi,gs,s3","gs.us-east1,ncbi.public,s3.us-east-1",SRX5279827,GSM3575213,6,Illumina HiSeq 2500,4,PAIRED,cDNA,TRANSCRIPTOMIC,Cyno,Macaca fascicularis,ILLUMINA,2019-07-16T00:00:00Z,2019-03-02T09:09:00Z,1,GSM3575213,Thyroid,SRP181218,Mauritius colony (Novaprim Group)
SRR8474228,21 months,RNA-Seq,200,41827349000,PRJNA516470,SAMN10789734,17521183831,GEO,public,"fastq,run.zq,sra","s3,gs,ncbi","gs.us-east1,s3.us-east-1,ncbi.public",SRX5279828,GSM3575214,1,Illumina HiSeq 2500,2,PAIRED,cDNA,TRANSCRIPTOMIC,Dog,Canis lupus familiaris,ILLUMINA,2019-07-16T00:00:00Z,2019-03-02T22:11:00Z,1,GSM3575214,Adipose,SRP181218,Beagle (Ridglan farms)
SRR8474229,21 months,RNA-Seq,150,7505511600,PRJNA516470,SAMN10789733,3272854764,GEO,public,"run.zq,sra,fastq","s3,gs,ncbi","ncbi.public,gs.us-east1,s3.us-east-1",SRX5279829,GSM3575215,1,Illumina HiSeq 2500,5,PAIRED,cDNA,TRANSCRIPTOMIC,Dog,Canis lupus familiaris,ILLUMINA,2019-07-16T00:00:00Z,2019-03-04T18:11:00Z,1,GSM3575215,Adrenal,SRP181218,Beagle (Ridglan farms)
SRR8474230,21 months,RNA-Seq,200,27929064400,PRJNA516470,SAMN10789732,11679364539,GEO,public,"fastq,sra,run.zq","gs,s3,ncbi","gs.us-east1,ncbi.public,s3.us-east-1",SRX5279830,GSM3575216,1,Illumina HiSeq 2500,2,PAIRED,cDNA,TRANSCRIPTOMIC,Dog,Canis lupus familiaris,ILLUMINA,2019-07-16T00:00:00Z,2019-03-02T15:57:00Z,1,GSM3575216,Brain,SRP181218,Beagle (Ridglan farms)
SRR8474231,21 months,RNA-Seq,150,6512380200,PRJNA516470,SAMN10789731,2846731808,GEO,public,"sra,fastq,run.zq","ncbi,gs,s3","gs.us-east1,s3.us-east-1,ncbi.public",SRX5279831,GSM3575217,1,Illumina HiSeq 2500,5,PAIRED,cDNA,TRANSCRIPTOMIC,Dog,Canis lupus familiaris,ILLUMINA,2019-07-16T00:00:00Z,2019-03-04T17:16:00Z,1,GSM3575217,Colon,SRP181218,Beagle (Ridglan farms)
SRR8474232,21 months,RNA-Seq,200,33180948000,PRJNA516470,SAMN10789680,13934121425,GEO,public,"run.zq,sra,fastq","gs,s3,ncbi","ncbi.public,gs.us-east1,s3.us-east-1",SRX5279832,GSM3575218,1,Illumina HiSeq 2500,1,PAIRED,cDNA,TRANSCRIPTOMIC,Dog,Canis lupus familiaris,ILLUMINA,2019-07-16T00:00:00Z,2019-03-02T11:47:00Z,1,GSM3575218,Heart,SRP181218,Beagle (Ridglan farms)
SRR8474233,21 months,RNA-Seq,150,4942142700,PRJNA516470,SAMN10789679,2116721390,GEO,public,"run.zq,sra,fastq","ncbi,gs,s3","gs.us-east1,ncbi.public,s3.us-east-1",SRX5279833,GSM3575219,1,Illumina HiSeq 2500,3,PAIRED,cDNA,TRANSCRIPTOMIC,Dog,Canis lupus familiaris,ILLUMINA,2019-07-16T00:00:00Z,2019-03-02T08:46:00Z,1,GSM3575219,Liver,SRP181218,Beagle (Ridglan farms)
SRR8474234,21 months,RNA-Seq,200,43049054800,PRJNA516470,SAMN10789678,18253801644,GEO,public,"fastq,sra,run.zq","s3,gs,ncbi","gs.us-east1,s3.us-east-1,ncbi.public",SRX5279834,GSM3575220,1,Illumina HiSeq 2500,2,PAIRED,cDNA,TRANSCRIPTOMIC,Dog,Canis lupus familiaris,ILLUMINA,2019-07-16T00:00:00Z,2019-03-03T00:45:00Z,1,GSM3575220,Muscle,SRP181218,Beagle (Ridglan farms)
SRR8474235,21 months,RNA-Seq,200,35601031400,PRJNA516470,SAMN10789677,14686231845,GEO,public,"sra,fastq,run.zq","gs,s3,ncbi","ncbi.public,gs.us-east1,s3.us-east-1",SRX5279835,GSM3575221,1,Illumina HiSeq 2500,1,PAIRED,cDNA,TRANSCRIPTOMIC,Dog,Canis lupus familiaris,ILLUMINA,2019-07-16T00:00:00Z,2019-03-02T11:13:00Z,1,GSM3575221,Pituitary,SRP181218,Beagle (Ridglan farms)
SRR8474236,21 months,RNA-Seq,150,8395335150,PRJNA516470,SAMN10789676,3794536264,GEO,public,"sra,run.zq,fastq","ncbi,gs,s3","ncbi.public,s3.us-east-1,gs.us-east1",SRX5279836,GSM3575222,1,Illumina HiSeq 2500,3,PAIRED,cDNA,TRANSCRIPTOMIC,Dog,Canis lupus familiaris,ILLUMINA,2019-07-16T00:00:00Z,2019-03-02T10:56:00Z,1,GSM3575222,Skin,SRP181218,Beagle (Ridglan farms)
SRR8474237,21 months,RNA-Seq,150,13217945400,PRJNA516470,SAMN10789675,6212750050,GEO,public,"fastq,sra,run.zq","gs,s3,ncbi","gs.us-east1,ncbi.public,s3.us-east-1",SRX5279837,GSM3575223,1,Illumina HiSeq 2500,6,PAIRED,cDNA,TRANSCRIPTOMIC,Dog,Canis lupus familiaris,ILLUMINA,2019-07-16T00:00:00Z,2019-03-04T23:23:00Z,1,GSM3575223,Spleen,SRP181218,Beagle (Ridglan farms)
SRR8474238,21 months,RNA-Seq,150,9583220700,PRJNA516470,SAMN10789674,4536907744,GEO,public,"run.zq,fastq,sra","gs,ncbi,s3","ncbi.public,s3.us-east-1,gs.us-east1",SRX5279838,GSM3575224,1,Illumina HiSeq 2500,7,PAIRED,cDNA,TRANSCRIPTOMIC,Dog,Canis lupus familiaris,ILLUMINA,2019-07-16T00:00:00Z,2019-03-04T23:37:00Z,1,GSM3575224,Thyroid,SRP181218,Beagle (Ridglan farms)
SRR8474239,21 months,RNA-Seq,150,10454923800,PRJNA516470,SAMN10789673,4935197593,GEO,public,"fastq,sra,run.zq","gs,ncbi,s3","ncbi.public,s3.us-east-1,gs.us-east1",SRX5279839,GSM3575225,2,Illumina HiSeq 2500,6,PAIRED,cDNA,TRANSCRIPTOMIC,Dog,Canis lupus familiaris,ILLUMINA,2019-07-16T00:00:00Z,2019-03-04T21:03:00Z,1,GSM3575225,Adipose,SRP181218,Beagle (Ridglan farms)
SRR8474240,20 months,RNA-Seq,150,6803542200,PRJNA516470,SAMN10789672,5379111255,GEO,public,"fastq,sra,run.zq","ncbi,gs,s3","s3.us-east-1,gs.us-east1,ncbi.public",SRX5279840,GSM3575226,2,Illumina HiSeq 2500,5,PAIRED,cDNA,TRANSCRIPTOMIC,Dog,Canis lupus familiaris,ILLUMINA,2019-07-16T00:00:00Z,2019-02-25T21:42:00Z,1,GSM3575226,Adrenal,SRP181218,Beagle (Ridglan farms)
SRR8474241,20 months,RNA-Seq,200,34517302000,PRJNA516470,SAMN10789671,14481183600,GEO,public,"fastq,run.zq,sra","s3,gs,ncbi","s3.us-east-1,gs.us-east1,ncbi.public",SRX5279841,GSM3575227,2,Illumina HiSeq 2500,2,PAIRED,cDNA,TRANSCRIPTOMIC,Dog,Canis lupus familiaris,ILLUMINA,2019-07-16T00:00:00Z,2019-03-02T20:38:00Z,1,GSM3575227,Brain,SRP181218,Beagle (Ridglan farms)
SRR8474242,20 months,RNA-Seq,150,7713794400,PRJNA516470,SAMN10789670,3405905447,GEO,public,"sra,fastq,run.zq","s3,ncbi,gs","gs.us-east1,s3.us-east-1,ncbi.public",SRX5279842,GSM3575228,2,Illumina HiSeq 2500,6,PAIRED,cDNA,TRANSCRIPTOMIC,Dog,Canis lupus familiaris,ILLUMINA,2019-07-16T00:00:00Z,2019-02-25T21:56:00Z,1,GSM3575228,Liver,SRP181218,Beagle (Ridglan farms)
SRR8474243,20 months,RNA-Seq,150,7562639550,PRJNA516470,SAMN10789669,3259766532,GEO,public,"sra,run.zq,fastq","ncbi,gs,s3","s3.us-east-1,ncbi.public,gs.us-east1",SRX5279843,GSM3575229,2,Illumina HiSeq 2500,3,PAIRED,cDNA,TRANSCRIPTOMIC,Dog,Canis lupus familiaris,ILLUMINA,2019-07-16T00:00:00Z,2019-03-02T09:41:00Z,1,GSM3575229,Lung,SRP181218,Beagle (Ridglan farms)
SRR8474244,20 months,RNA-Seq,150,8467297200,PRJNA516470,SAMN10789668,3728371562,GEO,public,"sra,fastq,run.zq","s3,gs,ncbi","ncbi.public,s3.us-east-1,gs.us-east1",SRX5279844,GSM3575230,2,Illumina HiSeq 2500,3,PAIRED,cDNA,TRANSCRIPTOMIC,Dog,Canis lupus familiaris,ILLUMINA,2019-07-16T00:00:00Z,2019-03-02T08:55:00Z,1,GSM3575230,Muscle,SRP181218,Beagle (Ridglan farms)
SRR8474245,20 months,RNA-Seq,200,26242354200,PRJNA516470,SAMN10789667,11004840496,GEO,public,"fastq,run.zq,sra","s3,ncbi,gs","gs.us-east1,s3.us-east-1,ncbi.public",SRX5279845,GSM3575231,2,Illumina HiSeq 2500,2,PAIRED,cDNA,TRANSCRIPTOMIC,Dog,Canis lupus familiaris,ILLUMINA,2019-07-16T00:00:00Z,2019-03-01T17:34:00Z,1,GSM3575231,Pituitary,SRP181218,Beagle (Ridglan farms)
SRR8474246,20 months,RNA-Seq,200,31597303400,PRJNA516470,SAMN10789666,12865965463,GEO,public,"sra,fastq,run.zq","ncbi,gs,s3","gs.us-east1,ncbi.public,s3.us-east-1",SRX5279846,GSM3575232,2,Illumina HiSeq 2500,1,PAIRED,cDNA,TRANSCRIPTOMIC,Dog,Canis lupus familiaris,ILLUMINA,2019-07-16T00:00:00Z,2019-03-02T07:25:00Z,1,GSM3575232,Skin,SRP181218,Beagle (Ridglan farms)
SRR8474247,20 months,RNA-Seq,150,6666447750,PRJNA516470,SAMN10789665,3011666908,GEO,public,"fastq,run.zq,sra","gs,ncbi,s3","gs.us-east1,s3.us-east-1,ncbi.public",SRX5279847,GSM3575233,2,Illumina HiSeq 2500,3,PAIRED,cDNA,TRANSCRIPTOMIC,Dog,Canis lupus familiaris,ILLUMINA,2019-07-16T00:00:00Z,2019-03-02T07:27:00Z,1,GSM3575233,Spleen,SRP181218,Beagle (Ridglan farms)
SRR8474248,20 months,RNA-Seq,200,37538185400,PRJNA516470,SAMN10789664,15330941619,GEO,public,"run.zq,fastq,sra","ncbi,gs,s3","ncbi.public,s3.us-east-1,gs.us-east1",SRX5279848,GSM3575234,2,Illumina HiSeq 2500,1,PAIRED,cDNA,TRANSCRIPTOMIC,Dog,Canis lupus familiaris,ILLUMINA,2019-07-16T00:00:00Z,2019-03-02T11:07:00Z,1,GSM3575234,Testis,SRP181218,Beagle (Ridglan farms)
SRR8474249,20 months,RNA-Seq,200,39313175600,PRJNA516470,SAMN10789663,16288800877,GEO,public,"sra,run.zq,fastq","gs,s3,ncbi","gs.us-east1,s3.us-east-1,ncbi.public",SRX5279849,GSM3575235,2,Illumina HiSeq 2500,2,PAIRED,cDNA,TRANSCRIPTOMIC,Dog,Canis lupus familiaris,ILLUMINA,2019-07-16T00:00:00Z,2019-03-02T22:48:00Z,1,GSM3575235,Testis,SRP181218,Beagle (Ridglan farms)
SRR8474250,20 months,RNA-Seq,150,8403907950,PRJNA516470,SAMN10789662,3823275691,GEO,public,"sra,fastq,run.zq","gs,ncbi,s3","s3.us-east-1,gs.us-east1,ncbi.public",SRX5279850,GSM3575236,2,Illumina HiSeq 2500,3,PAIRED,cDNA,TRANSCRIPTOMIC,Dog,Canis lupus familiaris,ILLUMINA,2019-07-16T00:00:00Z,2019-03-02T10:23:00Z,1,GSM3575236,Testis,SRP181218,Beagle (Ridglan farms)
SRR8474251,20 months,RNA-Seq,150,5633037150,PRJNA516470,SAMN10789661,2516592779,GEO,public,"run.zq,fastq,sra","s3,gs,ncbi","gs.us-east1,s3.us-east-1,ncbi.public",SRX5279851,GSM3575237,2,Illumina HiSeq 2500,4,PAIRED,cDNA,TRANSCRIPTOMIC,Dog,Canis lupus familiaris,ILLUMINA,2019-07-16T00:00:00Z,2019-03-02T09:34:00Z,1,GSM3575237,Testis,SRP181218,Beagle (Ridglan farms)
SRR8474252,20 months,RNA-Seq,150,5426685300,PRJNA516470,SAMN10789660,2325217568,GEO,public,"run.zq,sra,fastq","ncbi,s3,gs","s3.us-east-1,ncbi.public,gs.us-east1",SRX5279852,GSM3575238,2,Illumina HiSeq 2500,5,PAIRED,cDNA,TRANSCRIPTOMIC,Dog,Canis lupus familiaris,ILLUMINA,2019-07-16T00:00:00Z,2019-03-04T16:41:00Z,1,GSM3575238,Testis,SRP181218,Beagle (Ridglan farms)
SRR8474253,20 months,RNA-Seq,150,16243574550,PRJNA516470,SAMN10789659,7467801810,GEO,public,"sra,run.zq,fastq","ncbi,gs,s3","ncbi.public,s3.us-east-1,gs.us-east1",SRX5279853,GSM3575239,2,Illumina HiSeq 2500,6,PAIRED,cDNA,TRANSCRIPTOMIC,Dog,Canis lupus familiaris,ILLUMINA,2019-07-16T00:00:00Z,2019-03-05T00:32:00Z,1,GSM3575239,Testis,SRP181218,Beagle (Ridglan farms)
SRR8474254,20 months,RNA-Seq,150,9699255900,PRJNA516470,SAMN10789658,4604341426,GEO,public,"sra,fastq,run.zq","s3,ncbi,gs","gs.us-east1,ncbi.public,s3.us-east-1",SRX5279854,GSM3575240,2,Illumina HiSeq 2500,7,PAIRED,cDNA,TRANSCRIPTOMIC,Dog,Canis lupus familiaris,ILLUMINA,2019-07-16T00:00:00Z,2019-03-01T10:31:00Z,1,GSM3575240,Testis,SRP181218,Beagle (Ridglan farms)
SRR8474255,20 months,RNA-Seq,150,12876362400,PRJNA516470,SAMN10789657,6506609710,GEO,public,"run.zq,sra,fastq","s3,gs,ncbi","ncbi.public,gs.us-east1,s3.us-east-1",SRX5279855,GSM3575241,2,Illumina HiSeq 2500,8,PAIRED,cDNA,TRANSCRIPTOMIC,Dog,Canis lupus familiaris,ILLUMINA,2019-07-16T00:00:00Z,2019-02-26T02:32:00Z,1,GSM3575241,Testis,SRP181218,Beagle (Ridglan farms)
SRR8474256,20 months,RNA-Seq,200,21725829400,PRJNA516470,SAMN10789711,9186841011,GEO,public,"fastq,run.zq,sra","ncbi,gs,s3","gs.us-east1,ncbi.public,s3.us-east-1",SRX5279856,GSM3575242,2,Illumina HiSeq 2500,1,PAIRED,cDNA,TRANSCRIPTOMIC,Dog,Canis lupus familiaris,ILLUMINA,2019-07-16T00:00:00Z,2019-03-02T12:54:00Z,1,GSM3575242,Thyroid,SRP181218,Beagle (Ridglan farms)
SRR8474257,20 months,RNA-Seq,150,6007906350,PRJNA516470,SAMN10789710,4592462414,GEO,public,"sra,run.zq,fastq","s3,gs,ncbi","ncbi.public,s3.us-east-1,gs.us-east1",SRX5279857,GSM3575243,3,Illumina HiSeq 2500,5,PAIRED,cDNA,TRANSCRIPTOMIC,Dog,Canis lupus familiaris,ILLUMINA,2019-07-16T00:00:00Z,2019-03-02T09:53:00Z,1,GSM3575243,Adipose,SRP181218,Beagle (Ridglan farms)
SRR8474258,47 months,RNA-Seq,150,10358698650,PRJNA516470,SAMN10789709,4972950021,GEO,public,"fastq,run.zq,sra","gs,ncbi,s3","gs.us-east1,s3.us-east-1,ncbi.public",SRX5279858,GSM3575244,3,Illumina HiSeq 2500,7,PAIRED,cDNA,TRANSCRIPTOMIC,Dog,Canis lupus familiaris,ILLUMINA,2019-07-16T00:00:00Z,2019-03-04T21:36:00Z,1,GSM3575244,Adrenal,SRP181218,Beagle (Ridglan farms)
SRR8474259,47 months,RNA-Seq,150,5953841550,PRJNA516470,SAMN10789708,2591515592,GEO,public,"fastq,sra,run.zq","gs,ncbi,s3","ncbi.public,gs.us-east1,s3.us-east-1",SRX5279859,GSM3575245,3,Illumina HiSeq 2500,3,PAIRED,cDNA,TRANSCRIPTOMIC,Dog,Canis lupus familiaris,ILLUMINA,2019-07-16T00:00:00Z,2019-03-02T08:14:00Z,1,GSM3575245,Brain,SRP181218,Beagle (Ridglan farms)
SRR8474260,47 months,RNA-Seq,200,28663464000,PRJNA516470,SAMN10789707,11611241881,GEO,public,"run.zq,fastq,sra","ncbi,s3,gs","s3.us-east-1,ncbi.public,gs.us-east1",SRX5279860,GSM3575246,3,Illumina HiSeq 2500,1,PAIRED,cDNA,TRANSCRIPTOMIC,Dog,Canis lupus familiaris,ILLUMINA,2019-07-16T00:00:00Z,2019-03-02T08:13:00Z,1,GSM3575246,Colon,SRP181218,Beagle (Ridglan farms)
SRR8474261,47 months,RNA-Seq,150,9114578400,PRJNA516470,SAMN10789706,4301199040,GEO,public,"fastq,run.zq,sra","gs,s3,ncbi","ncbi.public,gs.us-east1,s3.us-east-1",SRX5279861,GSM3575247,3,Illumina HiSeq 2500,7,PAIRED,cDNA,TRANSCRIPTOMIC,Dog,Canis lupus familiaris,ILLUMINA,2019-07-16T00:00:00Z,2019-03-04T20:58:00Z,1,GSM3575247,Heart,SRP181218,Beagle (Ridglan farms)
SRR8474262,47 months,RNA-Seq,150,13825729800,PRJNA516470,SAMN10789656,6956344753,GEO,public,"sra,fastq,run.zq","gs,ncbi,s3","ncbi.public,gs.us-east1,s3.us-east-1",SRX5279862,GSM3575248,3,Illumina HiSeq 2500,8,PAIRED,cDNA,TRANSCRIPTOMIC,Dog,Canis lupus familiaris,ILLUMINA,2019-07-16T00:00:00Z,2019-02-26T02:27:00Z,1,GSM3575248,Liver,SRP181218,Beagle (Ridglan farms)
SRR8474263,47 months,RNA-Seq,150,7072908600,PRJNA516470,SAMN10789655,5618748925,GEO,public,"fastq,sra,run.zq","s3,gs,ncbi","gs.us-east1,ncbi.public,s3.us-east-1",SRX5279863,GSM3575249,3,Illumina HiSeq 2500,5,PAIRED,cDNA,TRANSCRIPTOMIC,Dog,Canis lupus familiaris,ILLUMINA,2019-07-16T00:00:00Z,2019-03-02T11:35:00Z,1,GSM3575249,Lung,SRP181218,Beagle (Ridglan farms)
SRR8474264,47 months,RNA-Seq,150,6842696100,PRJNA516470,SAMN10789654,2986936653,GEO,public,"run.zq,sra,fastq","gs,ncbi,s3","gs.us-east1,s3.us-east-1,ncbi.public",SRX5279864,GSM3575250,3,Illumina HiSeq 2500,4,PAIRED,cDNA,TRANSCRIPTOMIC,Dog,Canis lupus familiaris,ILLUMINA,2019-07-16T00:00:00Z,2019-02-25T21:12:00Z,1,GSM3575250,Muscle,SRP181218,Beagle (Ridglan farms)
SRR8474265,47 months,RNA-Seq,150,15540421350,PRJNA516470,SAMN10789653,7642448359,GEO,public,"fastq,sra,run.zq","gs,s3,ncbi","gs.us-east1,s3.us-east-1,ncbi.public",SRX5279865,GSM3575251,3,Illumina HiSeq 2500,7,PAIRED,cDNA,TRANSCRIPTOMIC,Dog,Canis lupus familiaris,ILLUMINA,2019-07-16T00:00:00Z,2019-03-05T04:44:00Z,1,GSM3575251,Pituitary,SRP181218,Beagle (Ridglan farms)
SRR8474266,47 months,RNA-Seq,150,6143948700,PRJNA516470,SAMN10789652,2786155667,GEO,public,"run.zq,fastq,sra","s3,gs,ncbi","s3.us-east-1,ncbi.public,gs.us-east1",SRX5279866,GSM3575252,3,Illumina HiSeq 2500,4,PAIRED,cDNA,TRANSCRIPTOMIC,Dog,Canis lupus familiaris,ILLUMINA,2019-07-16T00:00:00Z,2019-03-02T10:20:00Z,1,GSM3575252,Skin,SRP181218,Beagle (Ridglan farms)
SRR8474267,47 months,RNA-Seq,150,13341447900,PRJNA516470,SAMN10789651,6219868056,GEO,public,"sra,run.zq,fastq","s3,gs,ncbi","ncbi.public,s3.us-east-1,gs.us-east1",SRX5279867,GSM3575253,3,Illumina HiSeq 2500,6,PAIRED,cDNA,TRANSCRIPTOMIC,Dog,Canis lupus familiaris,ILLUMINA,2019-07-16T00:00:00Z,2019-03-04T22:37:00Z,1,GSM3575253,Spleen,SRP181218,Beagle (Ridglan farms)
SRR8474268,47 months,RNA-Seq,150,6182882400,PRJNA516470,SAMN10789650,2655362322,GEO,public,"run.zq,sra,fastq","gs,s3,ncbi","s3.us-east-1,ncbi.public,gs.us-east1",SRX5279868,GSM3575254,3,Illumina HiSeq 2500,5,PAIRED,cDNA,TRANSCRIPTOMIC,Dog,Canis lupus familiaris,ILLUMINA,2019-07-16T00:00:00Z,2019-03-04T17:25:00Z,1,GSM3575254,Thyroid,SRP181218,Beagle (Ridglan farms)
SRR8474269,20 months,RNA-Seq,200,35146375200,PRJNA516470,SAMN10789649,24213551602,GEO,public,"run.zq,fastq,sra","s3,gs,ncbi","ncbi.public,gs.us-east1,s3.us-east-1",SRX5279869,GSM3575255,4,Illumina HiSeq 2500,1,PAIRED,cDNA,TRANSCRIPTOMIC,Dog,Canis lupus familiaris,ILLUMINA,2019-07-16T00:00:00Z,2019-03-02T09:48:00Z,1,GSM3575255,Adipose,SRP181218,Beagle (Ridglan farms)
SRR8474271,20 months,RNA-Seq,150,7482742500,PRJNA516470,SAMN10789647,3400215979,GEO,public,"sra,run.zq,fastq","gs,s3,ncbi","s3.us-east-1,ncbi.public,gs.us-east1",SRX5279871,GSM3575257,4,Illumina HiSeq 2500,6,PAIRED,cDNA,TRANSCRIPTOMIC,Dog,Canis lupus familiaris,ILLUMINA,2019-07-16T00:00:00Z,2019-03-04T16:33:00Z,1,GSM3575257,Colon,SRP181218,Beagle (Ridglan farms)
SRR8474272,20 months,RNA-Seq,200,24269545400,PRJNA516470,SAMN10789646,10214853081,GEO,public,"run.zq,sra,fastq","ncbi,s3,gs","gs.us-east1,s3.us-east-1,ncbi.public",SRX5279872,GSM3575258,4,Illumina HiSeq 2500,1,PAIRED,cDNA,TRANSCRIPTOMIC,Dog,Canis lupus familiaris,ILLUMINA,2019-07-16T00:00:00Z,2019-03-02T10:14:00Z,1,GSM3575258,Heart,SRP181218,Beagle (Ridglan farms)
SRR8474273,20 months,RNA-Seq,150,6435061350,PRJNA516470,SAMN10789645,3002909752,GEO,public,"fastq,run.zq,sra","s3,ncbi,gs","gs.us-east1,s3.us-east-1,ncbi.public",SRX5279873,GSM3575259,4,Illumina HiSeq 2500,4,PAIRED,cDNA,TRANSCRIPTOMIC,Dog,Canis lupus familiaris,ILLUMINA,2019-07-16T00:00:00Z,2019-03-02T09:33:00Z,1,GSM3575259,Liver,SRP181218,Beagle (Ridglan farms)
SRR8474274,20 months,RNA-Seq,150,16452908250,PRJNA516470,SAMN10789644,7755072212,GEO,public,"sra,fastq,run.zq","s3,gs,ncbi","gs.us-east1,s3.us-east-1,ncbi.public",SRX5279874,GSM3575260,4,Illumina HiSeq 2500,6,PAIRED,cDNA,TRANSCRIPTOMIC,Dog,Canis lupus familiaris,ILLUMINA,2019-07-16T00:00:00Z,2019-02-26T20:09:00Z,1,GSM3575260,Lung,SRP181218,Beagle (Ridglan farms)
SRR8474275,20 months,RNA-Seq,150,5510335950,PRJNA516470,SAMN10789643,2549711841,GEO,public,"run.zq,sra,fastq","gs,ncbi,s3","s3.us-east-1,ncbi.public,gs.us-east1",SRX5279875,GSM3575261,4,Illumina HiSeq 2500,4,PAIRED,cDNA,TRANSCRIPTOMIC,Dog,Canis lupus familiaris,ILLUMINA,2019-07-16T00:00:00Z,2019-03-02T09:10:00Z,1,GSM3575261,Muscle,SRP181218,Beagle (Ridglan farms)
SRR8474276,20 months,RNA-Seq,200,39563468400,PRJNA516470,SAMN10789642,16497125064,GEO,public,"sra,run.zq,fastq","gs,s3,ncbi","s3.us-east-1,gs.us-east1,ncbi.public",SRX5279876,GSM3575262,4,Illumina HiSeq 2500,2,PAIRED,cDNA,TRANSCRIPTOMIC,Dog,Canis lupus familiaris,ILLUMINA,2019-07-16T00:00:00Z,2019-03-02T22:35:00Z,1,GSM3575262,Pituitary,SRP181218,Beagle (Ridglan farms)
SRR8474277,20 months,RNA-Seq,150,9306782100,PRJNA516470,SAMN10789641,4383161465,GEO,public,"run.zq,sra,fastq","s3,ncbi,gs","s3.us-east-1,gs.us-east1,ncbi.public",SRX5279877,GSM3575263,4,Illumina HiSeq 2500,7,PAIRED,cDNA,TRANSCRIPTOMIC,Dog,Canis lupus familiaris,ILLUMINA,2019-07-16T00:00:00Z,2019-03-04T23:10:00Z,1,GSM3575263,Skin,SRP181218,Beagle (Ridglan farms)
SRR8474278,20 months,RNA-Seq,150,8332853100,PRJNA516470,SAMN10789640,6660496275,GEO,public,"sra,fastq,run.zq","gs,s3,ncbi","ncbi.public,gs.us-east1,s3.us-east-1",SRX5279878,GSM3575264,4,Illumina HiSeq 2500,5,PAIRED,cDNA,TRANSCRIPTOMIC,Dog,Canis lupus familiaris,ILLUMINA,2019-07-16T00:00:00Z,2019-03-04T18:53:00Z,1,GSM3575264,Spleen,SRP181218,Beagle (Ridglan farms)
SRR8474279,21 months,RNA-Seq,150,8696239200,PRJNA516470,SAMN10789639,4253969388,GEO,public,"sra,run.zq,fastq","ncbi,gs,s3","ncbi.public,gs.us-east1,s3.us-east-1",SRX5279879,GSM3575265,5,Illumina HiSeq 2500,7,PAIRED,cDNA,TRANSCRIPTOMIC,Dog,Canis lupus familiaris,ILLUMINA,2019-07-16T00:00:00Z,2019-03-04T22:40:00Z,1,GSM3575265,Brain,SRP181218,Beagle (Ridglan farms)
SRR8474280,21 months,RNA-Seq,150,5715245400,PRJNA516470,SAMN10789638,2601503650,GEO,public,"sra,run.zq,fastq","ncbi,gs,s3","ncbi.public,s3.us-east-1,gs.us-east1",SRX5279880,GSM3575266,5,Illumina HiSeq 2500,4,PAIRED,cDNA,TRANSCRIPTOMIC,Dog,Canis lupus familiaris,ILLUMINA,2019-07-16T00:00:00Z,2019-02-25T20:42:00Z,1,GSM3575266,Pituitary,SRP181218,Beagle (Ridglan farms)
SRR8474281,20 months,RNA-Seq,200,42765120400,PRJNA516470,SAMN10789637,17959333829,GEO,public,"fastq,run.zq,sra","s3,ncbi,gs","ncbi.public,gs.us-east1,s3.us-east-1",SRX5279881,GSM3575267,6,Illumina HiSeq 2500,2,PAIRED,cDNA,TRANSCRIPTOMIC,Dog,Canis lupus familiaris,ILLUMINA,2019-07-16T00:00:00Z,2019-03-02T21:45:00Z,1,GSM3575267,Adrenal,SRP181218,Beagle (Ridglan farms)
SRR8474282,20 months,RNA-Seq,150,11236539900,PRJNA516470,SAMN10789636,5368212677,GEO,public,"sra,fastq,run.zq","gs,ncbi,s3","gs.us-east1,ncbi.public,s3.us-east-1",SRX5279882,GSM3575268,6,Illumina HiSeq 2500,7,PAIRED,cDNA,TRANSCRIPTOMIC,Dog,Canis lupus familiaris,ILLUMINA,2019-07-16T00:00:00Z,2019-03-04T23:00:00Z,1,GSM3575268,Colon,SRP181218,Beagle (Ridglan farms)
SRR8474283,20 months,RNA-Seq,150,13443504300,PRJNA516470,SAMN10789635,6737825831,GEO,public,"run.zq,sra,fastq","s3,ncbi,gs","s3.us-east-1,ncbi.public,gs.us-east1",SRX5279883,GSM3575269,6,Illumina HiSeq 2500,8,PAIRED,cDNA,TRANSCRIPTOMIC,Dog,Canis lupus familiaris,ILLUMINA,2019-07-16T00:00:00Z,2019-03-05T01:38:00Z,1,GSM3575269,Heart,SRP181218,Beagle (Ridglan farms)
SRR8474284,20 months,RNA-Seq,150,5572221750,PRJNA516470,SAMN10789634,2539465773,GEO,public,"fastq,sra,run.zq","s3,gs,ncbi","s3.us-east-1,gs.us-east1,ncbi.public",SRX5279884,GSM3575270,6,Illumina HiSeq 2500,4,PAIRED,cDNA,TRANSCRIPTOMIC,Dog,Canis lupus familiaris,ILLUMINA,2019-07-16T00:00:00Z,2019-03-02T07:28:00Z,1,GSM3575270,Liver,SRP181218,Beagle (Ridglan farms)
SRR8474285,20 months,RNA-Seq,200,41524480800,PRJNA516470,SAMN10789631,17938245119,GEO,public,"sra,run.zq,fastq","ncbi,s3,gs","ncbi.public,gs.us-east1,s3.us-east-1",SRX5279885,GSM3575271,6,Illumina HiSeq 2500,2,PAIRED,cDNA,TRANSCRIPTOMIC,Dog,Canis lupus familiaris,ILLUMINA,2019-07-16T00:00:00Z,2019-03-02T22:48:00Z,1,GSM3575271,Lung,SRP181218,Beagle (Ridglan farms)
SRR8474286,20 months,RNA-Seq,150,6903019500,PRJNA516470,SAMN10789630,3012371505,GEO,public,"sra,run.zq,fastq","s3,ncbi,gs","ncbi.public,gs.us-east1,s3.us-east-1",SRX5279886,GSM3575272,6,Illumina HiSeq 2500,5,PAIRED,cDNA,TRANSCRIPTOMIC,Dog,Canis lupus familiaris,ILLUMINA,2019-07-16T00:00:00Z,2019-03-04T17:38:00Z,1,GSM3575272,Muscle,SRP181218,Beagle (Ridglan farms)
SRR8474287,20 months,RNA-Seq,200,30427138000,PRJNA516470,SAMN10789682,12311619836,GEO,public,"fastq,sra,run.zq","gs,s3,ncbi","ncbi.public,gs.us-east1,s3.us-east-1",SRX5279887,GSM3575273,6,Illumina HiSeq 2500,1,PAIRED,cDNA,TRANSCRIPTOMIC,Dog,Canis lupus familiaris,ILLUMINA,2019-07-16T00:00:00Z,2019-03-02T08:12:00Z,1,GSM3575273,Skin,SRP181218,Beagle (Ridglan farms)
SRR8474288,20 months,RNA-Seq,150,11106632850,PRJNA516470,SAMN10789681,5638152820,GEO,public,"sra,fastq,run.zq","s3,ncbi,gs","s3.us-east-1,ncbi.public,gs.us-east1",SRX5279888,GSM3575274,6,Illumina HiSeq 2500,8,PAIRED,cDNA,TRANSCRIPTOMIC,Dog,Canis lupus familiaris,ILLUMINA,2019-07-16T00:00:00Z,2019-03-05T01:22:00Z,1,GSM3575274,Spleen,SRP181218,Beagle (Ridglan farms)
SRR8474289,20 months,RNA-Seq,150,13518903450,PRJNA516470,SAMN10789726,6743492535,GEO,public,"sra,run.zq,fastq","s3,gs,ncbi","gs.us-east1,s3.us-east-1,ncbi.public",SRX5279889,GSM3575275,6,Illumina HiSeq 2500,8,PAIRED,cDNA,TRANSCRIPTOMIC,Dog,Canis lupus familiaris,ILLUMINA,2019-07-16T00:00:00Z,2019-03-05T02:20:00Z,1,GSM3575275,Thyroid,SRP181218,Beagle (Ridglan farms)
SRR8474290,20 months,RNA-Seq,200,42483117000,PRJNA516470,SAMN10789725,17856078260,GEO,public,"sra,run.zq,fastq","s3,ncbi,gs","ncbi.public,s3.us-east-1,gs.us-east1",SRX5279890,GSM3575276,4,Illumina HiSeq 2500,2,PAIRED,cDNA,TRANSCRIPTOMIC,Dog,Canis lupus familiaris,ILLUMINA,2019-07-16T00:00:00Z,2019-03-02T22:16:00Z,1,GSM3575276,Adrenal,SRP181218,Beagle (Ridglan farms)
SRR8474291,21 months,RNA-Seq,150,6531711450,PRJNA516470,SAMN10789722,5084510636,GEO,public,"run.zq,fastq,sra","s3,gs,ncbi","ncbi.public,s3.us-east-1,gs.us-east1",SRX5279891,GSM3575277,7,Illumina HiSeq 2500,5,PAIRED,cDNA,TRANSCRIPTOMIC,Dog,Canis lupus familiaris,ILLUMINA,2019-07-16T00:00:00Z,2019-03-02T10:22:00Z,1,GSM3575277,Brain,SRP181218,Beagle (Ridglan farms)
SRR8474292,21 months,RNA-Seq,150,5528909250,PRJNA516470,SAMN10789730,2531759827,GEO,public,"fastq,sra,run.zq","s3,ncbi,gs","s3.us-east-1,ncbi.public,gs.us-east1",SRX5279892,GSM3575278,7,Illumina HiSeq 2500,4,PAIRED,cDNA,TRANSCRIPTOMIC,Dog,Canis lupus familiaris,ILLUMINA,2019-07-16T00:00:00Z,2019-03-02T08:43:00Z,1,GSM3575278,Pituitary,SRP181218,Beagle (Ridglan farms)
SRR8474293,20 months,RNA-Seq,150,13761243450,PRJNA516470,SAMN10789729,6604437365,GEO,public,"sra,run.zq,fastq","ncbi,s3,gs","ncbi.public,s3.us-east-1,gs.us-east1",SRX5279893,GSM3575279,8,Illumina HiSeq 2500,7,PAIRED,cDNA,TRANSCRIPTOMIC,Dog,Canis lupus familiaris,ILLUMINA,2019-07-16T00:00:00Z,2019-03-05T02:25:00Z,1,GSM3575279,Colon,SRP181218,Beagle (Ridglan farms)
SRR8474294,20 months,RNA-Seq,150,6585792750,PRJNA516470,SAMN10789728,3060717395,GEO,public,"sra,fastq,run.zq","ncbi,s3,gs","gs.us-east1,s3.us-east-1,ncbi.public",SRX5279894,GSM3575280,8,Illumina HiSeq 2500,4,PAIRED,cDNA,TRANSCRIPTOMIC,Dog,Canis lupus familiaris,ILLUMINA,2019-07-16T00:00:00Z,2019-03-02T10:54:00Z,1,GSM3575280,Heart,SRP181218,Beagle (Ridglan farms)
SRR8474295,20 months,RNA-Seq,150,4739354250,PRJNA516470,SAMN10789908,2150306604,GEO,public,"sra,run.zq,fastq","gs,ncbi,s3","gs.us-east1,s3.us-east-1,ncbi.public",SRX5279895,GSM3575281,8,Illumina HiSeq 2500,4,PAIRED,cDNA,TRANSCRIPTOMIC,Dog,Canis lupus familiaris,ILLUMINA,2019-07-16T00:00:00Z,2019-03-02T07:25:00Z,1,GSM3575281,Liver,SRP181218,Beagle (Ridglan farms)
SRR8474296,20 months,RNA-Seq,150,9973451250,PRJNA516470,SAMN10789907,4744765759,GEO,public,"sra,run.zq,fastq","s3,gs,ncbi","ncbi.public,s3.us-east-1,gs.us-east1",SRX5279896,GSM3575282,8,Illumina HiSeq 2500,7,PAIRED,cDNA,TRANSCRIPTOMIC,Dog,Canis lupus familiaris,ILLUMINA,2019-07-16T00:00:00Z,2019-03-04T22:39:00Z,1,GSM3575282,Lung,SRP181218,Beagle (Ridglan farms)
SRR8474297,20 months,RNA-Seq,200,23506150400,PRJNA516470,SAMN10789906,9843416156,GEO,public,"fastq,sra,run.zq","s3,ncbi,gs","gs.us-east1,ncbi.public,s3.us-east-1",SRX5279897,GSM3575283,8,Illumina HiSeq 2500,1,PAIRED,cDNA,TRANSCRIPTOMIC,Dog,Canis lupus familiaris,ILLUMINA,2019-07-16T00:00:00Z,2019-03-02T15:22:00Z,1,GSM3575283,Muscle,SRP181218,Beagle (Ridglan farms)
SRR8474298,20 months,RNA-Seq,150,10380671400,PRJNA516470,SAMN10789905,5051042309,GEO,public,"run.zq,fastq,sra","gs,s3,ncbi","ncbi.public,gs.us-east1,s3.us-east-1",SRX5279898,GSM3575284,8,Illumina HiSeq 2500,7,PAIRED,cDNA,TRANSCRIPTOMIC,Dog,Canis lupus familiaris,ILLUMINA,2019-07-16T00:00:00Z,2019-03-04T22:03:00Z,1,GSM3575284,Skin,SRP181218,Beagle (Ridglan farms)
SRR8474299,20 months,RNA-Seq,200,38626024600,PRJNA516470,SAMN10789904,16572831721,GEO,public,"sra,run.zq,fastq","s3,gs,ncbi","s3.us-east-1,gs.us-east1,ncbi.public",SRX5279899,GSM3575285,8,Illumina HiSeq 2500,2,PAIRED,cDNA,TRANSCRIPTOMIC,Dog,Canis lupus familiaris,ILLUMINA,2019-07-16T00:00:00Z,2019-03-02T20:39:00Z,1,GSM3575285,Spleen,SRP181218,Beagle (Ridglan farms)
SRR8474300,20 months,RNA-Seq,150,11594715750,PRJNA516470,SAMN10789903,5498213406,GEO,public,"sra,fastq,run.zq","s3,ncbi,gs","s3.us-east-1,gs.us-east1,ncbi.public",SRX5279900,GSM3575286,8,Illumina HiSeq 2500,7,PAIRED,cDNA,TRANSCRIPTOMIC,Dog,Canis lupus familiaris,ILLUMINA,2019-07-16T00:00:00Z,2019-03-04T22:26:00Z,1,GSM3575286,Thyroid,SRP181218,Beagle (Ridglan farms)
SRR8474301,22 months,RNA-Seq,150,12869884650,PRJNA516470,SAMN10789951,6396486565,GEO,public,"run.zq,fastq,sra","ncbi,gs,s3","ncbi.public,s3.us-east-1,gs.us-east1",SRX5279901,GSM3575287,9,Illumina HiSeq 2500,8,PAIRED,cDNA,TRANSCRIPTOMIC,Dog,Canis lupus familiaris,ILLUMINA,2019-07-16T00:00:00Z,2019-03-04T21:59:00Z,1,GSM3575287,Adipose,SRP181218,Beagle (Ridglan farms)
SRR8474302,22 months,RNA-Seq,150,5348666250,PRJNA516470,SAMN10789950,4194823054,GEO,public,"fastq,run.zq,sra","s3,ncbi,gs","gs.us-east1,s3.us-east-1,ncbi.public",SRX5279902,GSM3575288,10,Illumina HiSeq 2500,5,PAIRED,cDNA,TRANSCRIPTOMIC,Dog,Canis lupus familiaris,ILLUMINA,2019-07-16T00:00:00Z,2019-03-02T09:54:00Z,1,GSM3575288,Adipose,SRP181218,Beagle (Ridglan farms)
SRR8474303,8 weeks,RNA-Seq,150,7355382600,PRJNA516470,SAMN10789949,3151650986,GEO,public,"sra,fastq,run.zq","s3,gs,ncbi","gs.us-east1,s3.us-east-1,ncbi.public",SRX5279903,GSM3575289,1,Illumina HiSeq 2500,5,PAIRED,cDNA,TRANSCRIPTOMIC,Mouse,Mus musculus,ILLUMINA,2019-07-16T00:00:00Z,2019-03-04T18:01:00Z,1,GSM3575289,Spleen,SRP181218,C57/BL6J
SRR8474304,8 weeks,RNA-Seq,150,6992492100,PRJNA516470,SAMN10789948,3146720775,GEO,public,"fastq,run.zq,sra","s3,gs,ncbi","ncbi.public,s3.us-east-1,gs.us-east1",SRX5279904,GSM3575290,2,Illumina HiSeq 2500,6,PAIRED,cDNA,TRANSCRIPTOMIC,Mouse,Mus musculus,ILLUMINA,2019-07-16T00:00:00Z,2019-02-25T22:23:00Z,1,GSM3575290,Spleen,SRP181218,C57/BL6J
SRR8474305,8 weeks,RNA-Seq,150,6475928100,PRJNA516470,SAMN10789947,2895460824,GEO,public,"sra,run.zq,fastq","gs,s3,ncbi","s3.us-east-1,gs.us-east1,ncbi.public",SRX5279905,GSM3575291,3,Illumina HiSeq 2500,3,PAIRED,cDNA,TRANSCRIPTOMIC,Mouse,Mus musculus,ILLUMINA,2019-07-16T00:00:00Z,2019-03-02T07:26:00Z,1,GSM3575291,Spleen,SRP181218,C57/BL6J
SRR8474306,8 weeks,RNA-Seq,150,6107560050,PRJNA516470,SAMN10789946,2676817652,GEO,public,"run.zq,sra,fastq","ncbi,s3,gs","gs.us-east1,ncbi.public,s3.us-east-1",SRX5279906,GSM3575292,4,Illumina HiSeq 2500,3,PAIRED,cDNA,TRANSCRIPTOMIC,Mouse,Mus musculus,ILLUMINA,2019-07-16T00:00:00Z,2019-03-02T08:23:00Z,1,GSM3575292,Spleen,SRP181218,C57/BL6J
SRR8474307,8 weeks,RNA-Seq,150,8488758450,PRJNA516470,SAMN10789945,3812365506,GEO,public,"fastq,run.zq,sra","s3,gs,ncbi","ncbi.public,gs.us-east1,s3.us-east-1",SRX5279907,GSM3575293,5,Illumina HiSeq 2500,5,PAIRED,cDNA,TRANSCRIPTOMIC,Mouse,Mus musculus,ILLUMINA,2019-07-16T00:00:00Z,2019-03-04T18:41:00Z,1,GSM3575293,Spleen,SRP181218,C57/BL6J
SRR8474308,8 weeks,RNA-Seq,150,5886726000,PRJNA516470,SAMN10789944,2846857240,GEO,public,"run.zq,fastq,sra","ncbi,s3,gs","s3.us-east-1,gs.us-east1,ncbi.public",SRX5279908,GSM3575294,6,Illumina HiSeq 2500,8,PAIRED,cDNA,TRANSCRIPTOMIC,Mouse,Mus musculus,ILLUMINA,2019-07-16T00:00:00Z,2019-03-04T20:15:00Z,1,GSM3575294,Spleen,SRP181218,C57/BL6J
SRR8474309,8 weeks,RNA-Seq,150,4848331950,PRJNA516470,SAMN10789943,2160737056,GEO,public,"sra,fastq,run.zq","ncbi,gs,s3","ncbi.public,gs.us-east1,s3.us-east-1",SRX5279909,GSM3575295,7,Illumina HiSeq 2500,4,PAIRED,cDNA,TRANSCRIPTOMIC,Mouse,Mus musculus,ILLUMINA,2019-07-16T00:00:00Z,2019-03-02T09:10:00Z,1,GSM3575295,Adrenal,SRP181218,C57/BL6J
SRR8474310,8 weeks,RNA-Seq,150,5762632200,PRJNA516470,SAMN10789942,2769860384,GEO,public,"fastq,sra,run.zq","ncbi,gs,s3","gs.us-east1,s3.us-east-1,ncbi.public",SRX5279910,GSM3575296,7,Illumina HiSeq 2500,6,PAIRED,cDNA,TRANSCRIPTOMIC,Mouse,Mus musculus,ILLUMINA,2019-07-16T00:00:00Z,2019-03-04T16:43:00Z,1,GSM3575296,Brain,SRP181218,C57/BL6J
SRR8474311,8 weeks,RNA-Seq,150,7999804050,PRJNA516470,SAMN10789941,3650626465,GEO,public,"fastq,sra,run.zq","s3,ncbi,gs","gs.us-east1,ncbi.public,s3.us-east-1",SRX5279911,GSM3575297,7,Illumina HiSeq 2500,3,PAIRED,cDNA,TRANSCRIPTOMIC,Mouse,Mus musculus,ILLUMINA,2019-07-16T00:00:00Z,2019-03-02T08:31:00Z,1,GSM3575297,Colon,SRP181218,C57/BL6J
SRR8474312,8 weeks,RNA-Seq,150,7707943200,PRJNA516470,SAMN10789940,3313894985,GEO,public,"run.zq,sra,fastq","gs,s3,ncbi","ncbi.public,s3.us-east-1,gs.us-east1",SRX5279912,GSM3575298,7,Illumina HiSeq 2500,3,PAIRED,cDNA,TRANSCRIPTOMIC,Mouse,Mus musculus,ILLUMINA,2019-07-16T00:00:00Z,2019-03-02T09:25:00Z,1,GSM3575298,Heart,SRP181218,C57/BL6J
SRR8474313,8 weeks,RNA-Seq,150,12234911100,PRJNA516470,SAMN10789939,6086246363,GEO,public,"fastq,run.zq,sra","gs,ncbi,s3","ncbi.public,s3.us-east-1,gs.us-east1",SRX5279913,GSM3575299,7,Illumina HiSeq 2500,8,PAIRED,cDNA,TRANSCRIPTOMIC,Mouse,Mus musculus,ILLUMINA,2019-07-16T00:00:00Z,2019-03-05T00:42:00Z,1,GSM3575299,Liver,SRP181218,C57/BL6J
SRR8474314,8 weeks,RNA-Seq,150,7822525200,PRJNA516470,SAMN10789937,3577122534,GEO,public,"fastq,run.zq,sra","s3,ncbi,gs","ncbi.public,s3.us-east-1,gs.us-east1",SRX5279914,GSM3575300,7,Illumina HiSeq 2500,3,PAIRED,cDNA,TRANSCRIPTOMIC,Mouse,Mus musculus,ILLUMINA,2019-07-16T00:00:00Z,2019-03-02T09:45:00Z,1,GSM3575300,Lung,SRP181218,C57/BL6J
SRR8474315,8 weeks,RNA-Seq,150,9474393450,PRJNA516470,SAMN10789938,4623384101,GEO,public,"fastq,sra,run.zq","gs,ncbi,s3","s3.us-east-1,ncbi.public,gs.us-east1",SRX5279915,GSM3575301,7,Illumina HiSeq 2500,7,PAIRED,cDNA,TRANSCRIPTOMIC,Mouse,Mus musculus,ILLUMINA,2019-07-16T00:00:00Z,2019-03-04T20:56:00Z,1,GSM3575301,Muscle,SRP181218,C57/BL6J
SRR8474316,8 weeks,RNA-Seq,150,20607679950,PRJNA516470,SAMN10789936,9709381374,GEO,public,"run.zq,fastq,sra","ncbi,gs,s3","s3.us-east-1,gs.us-east1,ncbi.public",SRX5279916,GSM3575302,7,Illumina HiSeq 2500,6,PAIRED,cDNA,TRANSCRIPTOMIC,Mouse,Mus musculus,ILLUMINA,2019-07-16T00:00:00Z,2019-02-26T23:32:00Z,1,GSM3575302,Pituitary,SRP181218,C57/BL6J
SRR8474317,8 weeks,RNA-Seq,150,8564299500,PRJNA516470,SAMN10789935,3940302709,GEO,public,"fastq,sra,run.zq","ncbi,s3,gs","s3.us-east-1,ncbi.public,gs.us-east1",SRX5279917,GSM3575303,7,Illumina HiSeq 2500,6,PAIRED,cDNA,TRANSCRIPTOMIC,Mouse,Mus musculus,ILLUMINA,2019-07-16T00:00:00Z,2019-03-04T19:05:00Z,1,GSM3575303,Skin,SRP181218,C57/BL6J
SRR8474318,8 weeks,RNA-Seq,150,6460916250,PRJNA516470,SAMN10789934,5208872882,GEO,public,"sra,run.zq,fastq","ncbi,gs,s3","ncbi.public,gs.us-east1,s3.us-east-1",SRX5279918,GSM3575304,7,Illumina HiSeq 2500,5,PAIRED,cDNA,TRANSCRIPTOMIC,Mouse,Mus musculus,ILLUMINA,2019-07-16T00:00:00Z,2019-03-02T10:49:00Z,1,GSM3575304,Thyroid,SRP181218,C57/BL6J
SRR8474319,8 weeks,RNA-Seq,150,8223214200,PRJNA516470,SAMN10789933,6652817627,GEO,public,"sra,fastq,run.zq","s3,gs,ncbi","s3.us-east-1,gs.us-east1,ncbi.public",SRX5279919,GSM3575305,8,Illumina HiSeq 2500,5,PAIRED,cDNA,TRANSCRIPTOMIC,Mouse,Mus musculus,ILLUMINA,2019-07-16T00:00:00Z,2019-03-02T13:03:00Z,1,GSM3575305,Adrenal,SRP181218,C57/BL6J
SRR8474320,8 weeks,RNA-Seq,150,7706891250,PRJNA516470,SAMN10789932,6174033628,GEO,public,"sra,run.zq,fastq","ncbi,s3,gs","ncbi.public,gs.us-east1,s3.us-east-1",SRX5279920,GSM3575306,8,Illumina HiSeq 2500,5,PAIRED,cDNA,TRANSCRIPTOMIC,Mouse,Mus musculus,ILLUMINA,2019-07-16T00:00:00Z,2019-03-01T09:04:00Z,1,GSM3575306,Brain,SRP181218,C57/BL6J
SRR8474321,8 weeks,RNA-Seq,150,8378563050,PRJNA516470,SAMN10789931,3840126067,GEO,public,"sra,run.zq,fastq","gs,s3,ncbi","gs.us-east1,ncbi.public,s3.us-east-1",SRX5279921,GSM3575307,8,Illumina HiSeq 2500,6,PAIRED,cDNA,TRANSCRIPTOMIC,Mouse,Mus musculus,ILLUMINA,2019-07-16T00:00:00Z,2019-03-04T19:27:00Z,1,GSM3575307,Colon,SRP181218,C57/BL6J
SRR8474322,8 weeks,RNA-Seq,150,6324128250,PRJNA516470,SAMN10789782,2792759007,GEO,public,"fastq,sra,run.zq","ncbi,s3,gs","ncbi.public,gs.us-east1,s3.us-east-1",SRX5279922,GSM3575308,8,Illumina HiSeq 2500,3,PAIRED,cDNA,TRANSCRIPTOMIC,Mouse,Mus musculus,ILLUMINA,2019-07-16T00:00:00Z,2019-02-25T21:22:00Z,1,GSM3575308,Heart,SRP181218,C57/BL6J
SRR8474323,8 weeks,RNA-Seq,150,10616295900,PRJNA516470,SAMN10789781,4719409018,GEO,public,"run.zq,fastq,sra","ncbi,gs,s3","gs.us-east1,s3.us-east-1,ncbi.public",SRX5279923,GSM3575309,8,Illumina HiSeq 2500,6,PAIRED,cDNA,TRANSCRIPTOMIC,Mouse,Mus musculus,ILLUMINA,2019-07-16T00:00:00Z,2019-03-04T21:08:00Z,1,GSM3575309,Lung,SRP181218,C57/BL6J
SRR8474324,8 weeks,RNA-Seq,150,8003714550,PRJNA516470,SAMN10789780,3812199910,GEO,public,"sra,run.zq,fastq","gs,s3,ncbi","s3.us-east-1,ncbi.public,gs.us-east1",SRX5279924,GSM3575310,8,Illumina HiSeq 2500,7,PAIRED,cDNA,TRANSCRIPTOMIC,Mouse,Mus musculus,ILLUMINA,2019-07-16T00:00:00Z,2019-03-01T09:18:00Z,1,GSM3575310,Muscle,SRP181218,C57/BL6J
SRR8474325,8 weeks,RNA-Seq,150,9600861150,PRJNA516470,SAMN10789779,4566719441,GEO,public,"run.zq,sra,fastq","gs,ncbi,s3","ncbi.public,s3.us-east-1,gs.us-east1",SRX5279925,GSM3575311,8,Illumina HiSeq 2500,7,PAIRED,cDNA,TRANSCRIPTOMIC,Mouse,Mus musculus,ILLUMINA,2019-07-16T00:00:00Z,2019-03-04T22:37:00Z,1,GSM3575311,Skin,SRP181218,C57/BL6J
SRR8474326,8 weeks,RNA-Seq,150,6775573650,PRJNA516470,SAMN10789844,3281970985,GEO,public,"fastq,sra,run.zq","gs,ncbi,s3","gs.us-east1,ncbi.public,s3.us-east-1",SRX5279926,GSM3575312,9,Illumina HiSeq 2500,6,PAIRED,cDNA,TRANSCRIPTOMIC,Mouse,Mus musculus,ILLUMINA,2019-07-16T00:00:00Z,2019-03-04T18:24:00Z,1,GSM3575312,Adrenal,SRP181218,C57/BL6J
SRR8474327,8 weeks,RNA-Seq,150,6634419600,PRJNA516470,SAMN10789843,5375475234,GEO,public,"sra,fastq,run.zq","ncbi,gs,s3","ncbi.public,s3.us-east-1,gs.us-east1",SRX5279927,GSM3575313,9,Illumina HiSeq 2500,5,PAIRED,cDNA,TRANSCRIPTOMIC,Mouse,Mus musculus,ILLUMINA,2019-07-16T00:00:00Z,2019-03-04T16:09:00Z,1,GSM3575313,Brain,SRP181218,C57/BL6J
SRR8474328,8 weeks,RNA-Seq,150,9570952350,PRJNA516470,SAMN10789842,4533376372,GEO,public,"fastq,sra,run.zq","gs,s3,ncbi","gs.us-east1,s3.us-east-1,ncbi.public",SRX5279928,GSM3575314,9,Illumina HiSeq 2500,7,PAIRED,cDNA,TRANSCRIPTOMIC,Mouse,Mus musculus,ILLUMINA,2019-07-16T00:00:00Z,2019-03-04T21:37:00Z,1,GSM3575314,Colon,SRP181218,C57/BL6J
SRR8474329,8 weeks,RNA-Seq,150,12367652400,PRJNA516470,SAMN10789841,6072465817,GEO,public,"fastq,run.zq,sra","s3,gs,ncbi","s3.us-east-1,ncbi.public,gs.us-east1",SRX5279929,GSM3575315,9,Illumina HiSeq 2500,8,PAIRED,cDNA,TRANSCRIPTOMIC,Mouse,Mus musculus,ILLUMINA,2019-07-16T00:00:00Z,2019-03-05T00:47:00Z,1,GSM3575315,Heart,SRP181218,C57/BL6J
SRR8474330,8 weeks,RNA-Seq,150,5373278250,PRJNA516470,SAMN10789840,2477227708,GEO,public,"sra,run.zq,fastq","ncbi,gs,s3","gs.us-east1,s3.us-east-1,ncbi.public",SRX5279930,GSM3575316,9,Illumina HiSeq 2500,4,PAIRED,cDNA,TRANSCRIPTOMIC,Mouse,Mus musculus,ILLUMINA,2019-07-16T00:00:00Z,2019-03-02T09:36:00Z,1,GSM3575316,Liver,SRP181218,C57/BL6J
SRR8474331,8 weeks,RNA-Seq,150,8432559750,PRJNA516470,SAMN10789839,3790342456,GEO,public,"fastq,run.zq,sra","s3,gs,ncbi","s3.us-east-1,ncbi.public,gs.us-east1",SRX5279931,GSM3575317,9,Illumina HiSeq 2500,3,PAIRED,cDNA,TRANSCRIPTOMIC,Mouse,Mus musculus,ILLUMINA,2019-07-16T00:00:00Z,2019-03-02T10:39:00Z,1,GSM3575317,Lung,SRP181218,C57/BL6J
SRR8474332,8 weeks,RNA-Seq,150,5695797300,PRJNA516470,SAMN10789838,4605238064,GEO,public,"run.zq,sra,fastq","s3,ncbi,gs","ncbi.public,s3.us-east-1,gs.us-east1",SRX5279932,GSM3575318,9,Illumina HiSeq 2500,5,PAIRED,cDNA,TRANSCRIPTOMIC,Mouse,Mus musculus,ILLUMINA,2019-07-16T00:00:00Z,2019-02-25T20:31:00Z,1,GSM3575318,Muscle,SRP181218,C57/BL6J
SRR8474333,8 weeks,RNA-Seq,150,10196350350,PRJNA516470,SAMN10789837,4616859154,GEO,public,"run.zq,fastq,sra","gs,s3,ncbi","s3.us-east-1,ncbi.public,gs.us-east1",SRX5279933,GSM3575319,9,Illumina HiSeq 2500,6,PAIRED,cDNA,TRANSCRIPTOMIC,Mouse,Mus musculus,ILLUMINA,2019-07-16T00:00:00Z,2019-03-04T22:17:00Z,1,GSM3575319,Pituitary,SRP181218,C57/BL6J
SRR8474334,8 weeks,RNA-Seq,150,7420295550,PRJNA516470,SAMN10789836,5986281779,GEO,public,"sra,fastq,run.zq","s3,ncbi,gs","gs.us-east1,ncbi.public,s3.us-east-1",SRX5279934,GSM3575320,9,Illumina HiSeq 2500,5,PAIRED,cDNA,TRANSCRIPTOMIC,Mouse,Mus musculus,ILLUMINA,2019-07-16T00:00:00Z,2019-03-02T10:53:00Z,1,GSM3575320,Skin,SRP181218,C57/BL6J
SRR8474335,8 weeks,RNA-Seq,150,5671661850,PRJNA516470,SAMN10789835,2530432535,GEO,public,"fastq,sra,run.zq","ncbi,s3,gs","ncbi.public,gs.us-east1,s3.us-east-1",SRX5279935,GSM3575321,9,Illumina HiSeq 2500,4,PAIRED,cDNA,TRANSCRIPTOMIC,Mouse,Mus musculus,ILLUMINA,2019-07-16T00:00:00Z,2019-03-02T10:00:00Z,1,GSM3575321,Thyroid,SRP181218,C57/BL6J
SRR8474336,8 weeks,RNA-Seq,150,6775068150,PRJNA516470,SAMN10789834,2933972636,GEO,public,"sra,run.zq,fastq","ncbi,s3,gs","ncbi.public,s3.us-east-1,gs.us-east1",SRX5279936,GSM3575322,10,Illumina HiSeq 2500,5,PAIRED,cDNA,TRANSCRIPTOMIC,Mouse,Mus musculus,ILLUMINA,2019-07-16T00:00:00Z,2019-02-25T23:05:00Z,1,GSM3575322,Adrenal,SRP181218,C57/BL6J
SRR8474337,8 weeks,RNA-Seq,150,7597204950,PRJNA516470,SAMN10789833,3504752835,GEO,public,"sra,run.zq,fastq","gs,s3,ncbi","s3.us-east-1,gs.us-east1,ncbi.public",SRX5279937,GSM3575323,10,Illumina HiSeq 2500,4,PAIRED,cDNA,TRANSCRIPTOMIC,Mouse,Mus musculus,ILLUMINA,2019-07-16T00:00:00Z,2019-02-25T22:03:00Z,1,GSM3575323,Brain,SRP181218,C57/BL6J
SRR8474338,8 weeks,RNA-Seq,150,6532196400,PRJNA516470,SAMN10789832,3033769133,GEO,public,"fastq,sra,run.zq","ncbi,gs,s3","ncbi.public,s3.us-east-1,gs.us-east1",SRX5279938,GSM3575324,10,Illumina HiSeq 2500,4,PAIRED,cDNA,TRANSCRIPTOMIC,Mouse,Mus musculus,ILLUMINA,2019-07-16T00:00:00Z,2019-03-02T09:47:00Z,1,GSM3575324,Colon,SRP181218,C57/BL6J
SRR8474339,8 weeks,RNA-Seq,150,6426169800,PRJNA516470,SAMN10789831,3006205338,GEO,public,"fastq,sra,run.zq","gs,s3,ncbi","ncbi.public,gs.us-east1,s3.us-east-1",SRX5279939,GSM3575325,10,Illumina HiSeq 2500,6,PAIRED,cDNA,TRANSCRIPTOMIC,Mouse,Mus musculus,ILLUMINA,2019-07-16T00:00:00Z,2019-03-04T18:11:00Z,1,GSM3575325,Heart,SRP181218,C57/BL6J
SRR8474340,8 weeks,RNA-Seq,150,6623478300,PRJNA516470,SAMN10789830,2948164331,GEO,public,"sra,fastq,run.zq","s3,ncbi,gs","s3.us-east-1,gs.us-east1,ncbi.public",SRX5279940,GSM3575326,10,Illumina HiSeq 2500,3,PAIRED,cDNA,TRANSCRIPTOMIC,Mouse,Mus musculus,ILLUMINA,2019-07-16T00:00:00Z,2019-03-02T08:53:00Z,1,GSM3575326,Liver,SRP181218,C57/BL6J
SRR8474341,8 weeks,RNA-Seq,150,6681819150,PRJNA516470,SAMN10789829,2856359810,GEO,public,"fastq,sra,run.zq","s3,gs,ncbi","ncbi.public,s3.us-east-1,gs.us-east1",SRX5279941,GSM3575327,10,Illumina HiSeq 2500,5,PAIRED,cDNA,TRANSCRIPTOMIC,Mouse,Mus musculus,ILLUMINA,2019-07-16T00:00:00Z,2019-03-04T16:43:00Z,1,GSM3575327,Lung,SRP181218,C57/BL6J
SRR8474342,8 weeks,RNA-Seq,150,11545439100,PRJNA516470,SAMN10789828,5251075491,GEO,public,"fastq,run.zq,sra","s3,ncbi,gs","ncbi.public,gs.us-east1,s3.us-east-1",SRX5279942,GSM3575328,10,Illumina HiSeq 2500,6,PAIRED,cDNA,TRANSCRIPTOMIC,Mouse,Mus musculus,ILLUMINA,2019-07-16T00:00:00Z,2019-03-04T22:26:00Z,1,GSM3575328,Muscle,SRP181218,C57/BL6J
SRR8474343,8 weeks,RNA-Seq,150,5885869200,PRJNA516470,SAMN10789827,2687160084,GEO,public,"run.zq,fastq,sra","gs,s3,ncbi","ncbi.public,s3.us-east-1,gs.us-east1",SRX5279943,GSM3575329,10,Illumina HiSeq 2500,4,PAIRED,cDNA,TRANSCRIPTOMIC,Mouse,Mus musculus,ILLUMINA,2019-07-16T00:00:00Z,2019-03-02T09:08:00Z,1,GSM3575329,Skin,SRP181218,C57/BL6J
SRR8474344,8 weeks,RNA-Seq,150,5793098250,PRJNA516470,SAMN10789826,2689331191,GEO,public,"fastq,run.zq,sra","gs,ncbi,s3","s3.us-east-1,gs.us-east1,ncbi.public",SRX5279944,GSM3575330,10,Illumina HiSeq 2500,4,PAIRED,cDNA,TRANSCRIPTOMIC,Mouse,Mus musculus,ILLUMINA,2019-07-16T00:00:00Z,2019-02-25T20:50:00Z,1,GSM3575330,Thyroid,SRP181218,C57/BL6J
SRR8474345,8 weeks,RNA-Seq,150,10577365500,PRJNA516470,SAMN10789825,5070033886,GEO,public,"run.zq,fastq,sra","s3,ncbi,gs","gs.us-east1,ncbi.public,s3.us-east-1",SRX5279945,GSM3575331,11,Illumina HiSeq 2500,3,PAIRED,cDNA,TRANSCRIPTOMIC,Mouse,Mus musculus,ILLUMINA,2019-07-16T00:00:00Z,2019-03-02T09:34:00Z,1,GSM3575331,Adrenal,SRP181218,C57/BL6J
SRR8474346,8 weeks,RNA-Seq,150,8042943000,PRJNA516470,SAMN10789824,6507619746,GEO,public,"run.zq,sra,fastq","s3,gs,ncbi","s3.us-east-1,ncbi.public,gs.us-east1",SRX5279946,GSM3575332,11,Illumina HiSeq 2500,5,PAIRED,cDNA,TRANSCRIPTOMIC,Mouse,Mus musculus,ILLUMINA,2019-07-16T00:00:00Z,2019-03-04T17:33:00Z,1,GSM3575332,Brain,SRP181218,C57/BL6J
SRR8474347,8 weeks,RNA-Seq,150,7747536600,PRJNA516470,SAMN10789823,3612677898,GEO,public,"sra,fastq,run.zq","s3,gs,ncbi","gs.us-east1,ncbi.public,s3.us-east-1",SRX5279947,GSM3575333,11,Illumina HiSeq 2500,5,PAIRED,cDNA,TRANSCRIPTOMIC,Mouse,Mus musculus,ILLUMINA,2019-07-16T00:00:00Z,2019-03-01T12:29:00Z,1,GSM3575333,Colon,SRP181218,C57/BL6J
SRR8474348,8 weeks,RNA-Seq,150,4997267700,PRJNA516470,SAMN10789822,2172678625,GEO,public,"sra,fastq,run.zq","s3,gs,ncbi","ncbi.public,gs.us-east1,s3.us-east-1",SRX5279948,GSM3575334,11,Illumina HiSeq 2500,3,PAIRED,cDNA,TRANSCRIPTOMIC,Mouse,Mus musculus,ILLUMINA,2019-07-16T00:00:00Z,2019-03-02T08:03:00Z,1,GSM3575334,Heart,SRP181218,C57/BL6J
SRR8474349,8 weeks,RNA-Seq,150,9517969500,PRJNA516470,SAMN10789820,4589156187,GEO,public,"run.zq,fastq,sra","s3,ncbi,gs","gs.us-east1,ncbi.public,s3.us-east-1",SRX5279949,GSM3575335,11,Illumina HiSeq 2500,7,PAIRED,cDNA,TRANSCRIPTOMIC,Mouse,Mus musculus,ILLUMINA,2019-07-16T00:00:00Z,2019-02-26T00:07:00Z,1,GSM3575335,Liver,SRP181218,C57/BL6J
SRR8474350,8 weeks,RNA-Seq,150,5790680100,PRJNA516470,SAMN10789821,2510022115,GEO,public,"sra,run.zq,fastq","s3,gs,ncbi","gs.us-east1,s3.us-east-1,ncbi.public",SRX5279950,GSM3575336,11,Illumina HiSeq 2500,3,PAIRED,cDNA,TRANSCRIPTOMIC,Mouse,Mus musculus,ILLUMINA,2019-07-16T00:00:00Z,2019-03-02T08:42:00Z,1,GSM3575336,Lung,SRP181218,C57/BL6J
SRR8474351,8 weeks,RNA-Seq,150,7175103600,PRJNA516470,SAMN10789819,3085682800,GEO,public,"fastq,run.zq,sra","gs,s3,ncbi","ncbi.public,s3.us-east-1,gs.us-east1",SRX5279951,GSM3575337,11,Illumina HiSeq 2500,5,PAIRED,cDNA,TRANSCRIPTOMIC,Mouse,Mus musculus,ILLUMINA,2019-07-16T00:00:00Z,2019-03-04T17:39:00Z,1,GSM3575337,Muscle,SRP181218,C57/BL6J
SRR8474352,8 weeks,RNA-Seq,150,7099321050,PRJNA516470,SAMN10789883,3078656045,GEO,public,"run.zq,fastq,sra","gs,s3,ncbi","ncbi.public,s3.us-east-1,gs.us-east1",SRX5279952,GSM3575338,11,Illumina HiSeq 2500,5,PAIRED,cDNA,TRANSCRIPTOMIC,Mouse,Mus musculus,ILLUMINA,2019-07-16T00:00:00Z,2019-03-04T17:35:00Z,1,GSM3575338,Pituitary,SRP181218,C57/BL6J
SRR8474353,8 weeks,RNA-Seq,150,5549236650,PRJNA516470,SAMN10789882,4325873189,GEO,public,"fastq,sra,run.zq","gs,s3,ncbi","gs.us-east1,ncbi.public,s3.us-east-1",SRX5279953,GSM3575339,11,Illumina HiSeq 2500,5,PAIRED,cDNA,TRANSCRIPTOMIC,Mouse,Mus musculus,ILLUMINA,2019-07-16T00:00:00Z,2019-03-02T09:03:00Z,1,GSM3575339,Skin,SRP181218,C57/BL6J
SRR8474354,8 weeks,RNA-Seq,150,9114800400,PRJNA516470,SAMN10789881,4204402847,GEO,public,"run.zq,sra,fastq","s3,gs,ncbi","ncbi.public,s3.us-east-1,gs.us-east1",SRX5279954,GSM3575340,11,Illumina HiSeq 2500,6,PAIRED,cDNA,TRANSCRIPTOMIC,Mouse,Mus musculus,ILLUMINA,2019-07-16T00:00:00Z,2019-03-04T19:55:00Z,1,GSM3575340,Thyroid,SRP181218,C57/BL6J
SRR8474355,8 weeks,RNA-Seq,150,12014511300,PRJNA516470,SAMN10789880,5952694036,GEO,public,"sra,fastq,run.zq","s3,gs,ncbi","gs.us-east1,ncbi.public,s3.us-east-1",SRX5279955,GSM3575341,12,Illumina HiSeq 2500,8,PAIRED,cDNA,TRANSCRIPTOMIC,Mouse,Mus musculus,ILLUMINA,2019-07-16T00:00:00Z,2019-03-04T23:42:00Z,1,GSM3575341,Adrenal,SRP181218,C57/BL6J
SRR8474356,8 weeks,RNA-Seq,150,13066041300,PRJNA516470,SAMN10789879,6144767436,GEO,public,"run.zq,sra,fastq","ncbi,gs,s3","gs.us-east1,ncbi.public,s3.us-east-1",SRX5279956,GSM3575342,12,Illumina HiSeq 2500,6,PAIRED,cDNA,TRANSCRIPTOMIC,Mouse,Mus musculus,ILLUMINA,2019-07-16T00:00:00Z,2019-03-05T01:14:00Z,1,GSM3575342,Brain,SRP181218,C57/BL6J
SRR8474357,8 weeks,RNA-Seq,150,5849755800,PRJNA516470,SAMN10789878,2491363420,GEO,public,"fastq,run.zq,sra","gs,ncbi,s3","gs.us-east1,ncbi.public,s3.us-east-1",SRX5279957,GSM3575343,12,Illumina HiSeq 2500,5,PAIRED,cDNA,TRANSCRIPTOMIC,Mouse,Mus musculus,ILLUMINA,2019-07-16T00:00:00Z,2019-03-04T16:41:00Z,1,GSM3575343,Colon,SRP181218,C57/BL6J
SRR8474358,8 weeks,RNA-Seq,150,7623371550,PRJNA516470,SAMN10789877,6136044578,GEO,public,"fastq,sra,run.zq","s3,ncbi,gs","gs.us-east1,ncbi.public,s3.us-east-1",SRX5279958,GSM3575344,12,Illumina HiSeq 2500,5,PAIRED,cDNA,TRANSCRIPTOMIC,Mouse,Mus musculus,ILLUMINA,2019-07-16T00:00:00Z,2019-03-04T18:50:00Z,1,GSM3575344,Heart,SRP181218,C57/BL6J
SRR8474359,8 weeks,RNA-Seq,150,5566131300,PRJNA516470,SAMN10789876,2493928796,GEO,public,"sra,fastq,run.zq","gs,s3,ncbi","s3.us-east-1,ncbi.public,gs.us-east1",SRX5279959,GSM3575345,12,Illumina HiSeq 2500,4,PAIRED,cDNA,TRANSCRIPTOMIC,Mouse,Mus musculus,ILLUMINA,2019-07-16T00:00:00Z,2019-02-25T20:43:00Z,1,GSM3575345,Liver,SRP181218,C57/BL6J
SRR8474360,8 weeks,RNA-Seq,150,9863247600,PRJNA516470,SAMN10789930,4425548065,GEO,public,"run.zq,fastq,sra","ncbi,gs,s3","ncbi.public,gs.us-east1,s3.us-east-1",SRX5279960,GSM3575346,12,Illumina HiSeq 2500,3,PAIRED,cDNA,TRANSCRIPTOMIC,Mouse,Mus musculus,ILLUMINA,2019-07-16T00:00:00Z,2019-03-02T11:35:00Z,1,GSM3575346,Lung,SRP181218,C57/BL6J
SRR8474361,8 weeks,RNA-Seq,150,7000422000,PRJNA516470,SAMN10789929,3168371379,GEO,public,"run.zq,fastq,sra","s3,ncbi,gs","s3.us-east-1,gs.us-east1,ncbi.public",SRX5279961,GSM3575347,12,Illumina HiSeq 2500,4,PAIRED,cDNA,TRANSCRIPTOMIC,Mouse,Mus musculus,ILLUMINA,2019-07-16T00:00:00Z,2019-03-02T08:57:00Z,1,GSM3575347,Muscle,SRP181218,C57/BL6J
SRR8474362,8 weeks,RNA-Seq,150,15144480000,PRJNA516470,SAMN10789928,7030489016,GEO,public,"sra,run.zq,fastq","s3,ncbi,gs","ncbi.public,s3.us-east-1,gs.us-east1",SRX5279962,GSM3575348,12,Illumina HiSeq 2500,6,PAIRED,cDNA,TRANSCRIPTOMIC,Mouse,Mus musculus,ILLUMINA,2019-07-16T00:00:00Z,2019-03-05T01:08:00Z,1,GSM3575348,Pituitary,SRP181218,C57/BL6J
SRR8474363,8 weeks,RNA-Seq,150,6277963500,PRJNA516470,SAMN10789927,2870209929,GEO,public,"run.zq,fastq,sra","s3,gs,ncbi","ncbi.public,gs.us-east1,s3.us-east-1",SRX5279963,GSM3575349,12,Illumina HiSeq 2500,4,PAIRED,cDNA,TRANSCRIPTOMIC,Mouse,Mus musculus,ILLUMINA,2019-07-16T00:00:00Z,2019-03-02T11:19:00Z,1,GSM3575349,Skin,SRP181218,C57/BL6J
SRR8474364,8 weeks,RNA-Seq,150,9970360800,PRJNA516470,SAMN10789926,4680657962,GEO,public,"fastq,run.zq,sra","gs,s3,ncbi","ncbi.public,s3.us-east-1,gs.us-east1",SRX5279964,GSM3575350,12,Illumina HiSeq 2500,7,PAIRED,cDNA,TRANSCRIPTOMIC,Mouse,Mus musculus,ILLUMINA,2019-07-16T00:00:00Z,2019-03-05T00:13:00Z,1,GSM3575350,Thyroid,SRP181218,C57/BL6J
SRR8474365,8 weeks,RNA-Seq,150,4791457800,PRJNA516470,SAMN10789925,2153200962,GEO,public,"sra,fastq,run.zq","s3,gs,ncbi","gs.us-east1,ncbi.public,s3.us-east-1",SRX5279965,GSM3575351,13,Illumina HiSeq 2500,4,PAIRED,cDNA,TRANSCRIPTOMIC,Mouse,Mus musculus,ILLUMINA,2019-07-16T00:00:00Z,2019-03-02T10:05:00Z,1,GSM3575351,Pituitary,SRP181218,C57/BL6J
SRR8474366,8 weeks,RNA-Seq,150,5354934450,PRJNA516470,SAMN10789924,2415883852,GEO,public,"run.zq,fastq,sra","gs,ncbi,s3","ncbi.public,s3.us-east-1,gs.us-east1",SRX5279966,GSM3575352,13,Illumina HiSeq 2500,4,PAIRED,cDNA,TRANSCRIPTOMIC,Mouse,Mus musculus,ILLUMINA,2019-07-16T00:00:00Z,2019-03-02T09:29:00Z,1,GSM3575352,Pituitary,SRP181218,C57/BL6J
SRR8474367,8 weeks,RNA-Seq,150,5639771850,PRJNA516470,SAMN10789923,2524169089,GEO,public,"sra,run.zq,fastq","s3,ncbi,gs","gs.us-east1,s3.us-east-1,ncbi.public",SRX5279967,GSM3575353,13,Illumina HiSeq 2500,4,PAIRED,cDNA,TRANSCRIPTOMIC,Mouse,Mus musculus,ILLUMINA,2019-07-16T00:00:00Z,2019-03-02T09:30:00Z,1,GSM3575353,Thyroid,SRP181218,C57/BL6J
SRR8474368,8 weeks,RNA-Seq,150,7994312700,PRJNA516470,SAMN10789922,3667217879,GEO,public,"sra,fastq,run.zq","s3,gs,ncbi","ncbi.public,gs.us-east1,s3.us-east-1",SRX5279968,GSM3575354,14,Illumina HiSeq 2500,3,PAIRED,cDNA,TRANSCRIPTOMIC,Mouse,Mus musculus,ILLUMINA,2019-07-16T00:00:00Z,2019-03-02T09:31:00Z,1,GSM3575354,Adipose,SRP181218,C57/BL6J
SRR8474369,8 weeks,RNA-Seq,150,7119274500,PRJNA516470,SAMN10789921,3038298695,GEO,public,"fastq,run.zq,sra","ncbi,s3,gs","ncbi.public,gs.us-east1,s3.us-east-1",SRX5279969,GSM3575355,15,Illumina HiSeq 2500,5,PAIRED,cDNA,TRANSCRIPTOMIC,Mouse,Mus musculus,ILLUMINA,2019-07-16T00:00:00Z,2019-03-04T16:58:00Z,1,GSM3575355,Adipose,SRP181218,C57/BL6J
SRR8474370,8 weeks,RNA-Seq,150,5530611300,PRJNA516470,SAMN10789920,2583739240,GEO,public,"fastq,sra,run.zq","ncbi,gs,s3","ncbi.public,gs.us-east1,s3.us-east-1",SRX5279970,GSM3575356,15,Illumina HiSeq 2500,6,PAIRED,cDNA,TRANSCRIPTOMIC,Mouse,Mus musculus,ILLUMINA,2019-07-16T00:00:00Z,2019-03-04T17:26:00Z,1,GSM3575356,Adipose,SRP181218,C57/BL6J
SRR8474371,8 weeks,RNA-Seq,150,4885479900,PRJNA516470,SAMN10789919,2201047450,GEO,public,"run.zq,fastq,sra","gs,s3,ncbi","s3.us-east-1,gs.us-east1,ncbi.public",SRX5279971,GSM3575357,16,Illumina HiSeq 2500,3,PAIRED,cDNA,TRANSCRIPTOMIC,Mouse,Mus musculus,ILLUMINA,2019-07-16T00:00:00Z,2019-03-02T06:05:00Z,1,GSM3575357,Adipose,SRP181218,C57/BL6J
SRR8474372,8 weeks,RNA-Seq,200,27762014000,PRJNA516470,SAMN10789918,11269075139,GEO,public,"run.zq,sra,fastq","ncbi,gs,s3","gs.us-east1,s3.us-east-1,ncbi.public",SRX5279972,GSM3575358,16,Illumina HiSeq 2500,2,PAIRED,cDNA,TRANSCRIPTOMIC,Mouse,Mus musculus,ILLUMINA,2019-07-16T00:00:00Z,2019-03-02T08:46:00Z,1,GSM3575358,Testis,SRP181218,C57/BL6J
SRR8474373,8 weeks,RNA-Seq,200,21493786200,PRJNA516470,SAMN10789917,9031458398,GEO,public,"sra,run.zq,fastq","s3,gs,ncbi","ncbi.public,gs.us-east1,s3.us-east-1",SRX5279973,GSM3575359,16,Illumina HiSeq 2500,1,PAIRED,cDNA,TRANSCRIPTOMIC,Mouse,Mus musculus,ILLUMINA,2019-07-16T00:00:00Z,2019-03-02T22:15:00Z,1,GSM3575359,Testis,SRP181218,C57/BL6J
SRR8474374,8 weeks,RNA-Seq,150,4608934650,PRJNA516470,SAMN10789915,2095063661,GEO,public,"fastq,run.zq,sra","ncbi,s3,gs","gs.us-east1,s3.us-east-1,ncbi.public",SRX5279974,GSM3575360,16,Illumina HiSeq 2500,3,PAIRED,cDNA,TRANSCRIPTOMIC,Mouse,Mus musculus,ILLUMINA,2019-07-16T00:00:00Z,2019-03-02T08:14:00Z,1,GSM3575360,Testis,SRP181218,C57/BL6J
SRR8474375,8 weeks,RNA-Seq,150,5242859100,PRJNA516470,SAMN10789916,2300191836,GEO,public,"run.zq,fastq,sra","ncbi,s3,gs","s3.us-east-1,gs.us-east1,ncbi.public",SRX5279975,GSM3575361,16,Illumina HiSeq 2500,4,PAIRED,cDNA,TRANSCRIPTOMIC,Mouse,Mus musculus,ILLUMINA,2019-07-16T00:00:00Z,2019-03-02T09:33:00Z,1,GSM3575361,Testis,SRP181218,C57/BL6J
SRR8474376,8 weeks,RNA-Seq,150,5705591850,PRJNA516470,SAMN10789914,2437934764,GEO,public,"fastq,run.zq,sra","s3,gs,ncbi","ncbi.public,s3.us-east-1,gs.us-east1",SRX5279976,GSM3575362,16,Illumina HiSeq 2500,5,PAIRED,cDNA,TRANSCRIPTOMIC,Mouse,Mus musculus,ILLUMINA,2019-07-16T00:00:00Z,2019-03-04T16:50:00Z,1,GSM3575362,Testis,SRP181218,C57/BL6J
SRR8474377,8 weeks,RNA-Seq,150,10669331100,PRJNA516470,SAMN10789913,4971450713,GEO,public,"sra,fastq,run.zq","gs,ncbi,s3","ncbi.public,gs.us-east1,s3.us-east-1",SRX5279672,GSM3575363,16,Illumina HiSeq 2500,6,PAIRED,cDNA,TRANSCRIPTOMIC,Mouse,Mus musculus,ILLUMINA,2019-07-16T00:00:00Z,2019-03-04T23:07:00Z,1,GSM3575363,Testis,SRP181218,C57/BL6J
SRR8474378,8 weeks,RNA-Seq,150,9042456000,PRJNA516470,SAMN10789912,4432982149,GEO,public,"fastq,sra,run.zq","s3,ncbi,gs","s3.us-east-1,gs.us-east1,ncbi.public",SRX5279673,GSM3575364,16,Illumina HiSeq 2500,7,PAIRED,cDNA,TRANSCRIPTOMIC,Mouse,Mus musculus,ILLUMINA,2019-07-16T00:00:00Z,2019-03-04T22:50:00Z,1,GSM3575364,Testis,SRP181218,C57/BL6J
SRR8474379,8 weeks,RNA-Seq,150,12142197750,PRJNA516470,SAMN10789911,6238615286,GEO,public,"fastq,run.zq,sra","ncbi,s3,gs","ncbi.public,gs.us-east1,s3.us-east-1",SRX5279674,GSM3575365,16,Illumina HiSeq 2500,8,PAIRED,cDNA,TRANSCRIPTOMIC,Mouse,Mus musculus,ILLUMINA,2019-07-16T00:00:00Z,2019-03-05T00:58:00Z,1,GSM3575365,Testis,SRP181218,C57/BL6J
SRR8474380,8 weeks,RNA-Seq,150,5676264300,PRJNA516470,SAMN10789910,2548514178,GEO,public,"run.zq,fastq,sra","ncbi,s3,gs","ncbi.public,gs.us-east1,s3.us-east-1",SRX5279675,GSM3575366,17,Illumina HiSeq 2500,6,PAIRED,cDNA,TRANSCRIPTOMIC,Mouse,Mus musculus,ILLUMINA,2019-07-16T00:00:00Z,2019-03-04T17:37:00Z,1,GSM3575366,Adipose,SRP181218,C57/BL6J
SRR8474381,8 weeks,RNA-Seq,150,12036831900,PRJNA516470,SAMN10789909,5427319099,GEO,public,"run.zq,sra,fastq","ncbi,gs,s3","gs.us-east1,ncbi.public,s3.us-east-1",SRX5279676,GSM3575367,18,Illumina HiSeq 2500,6,PAIRED,cDNA,TRANSCRIPTOMIC,Mouse,Mus musculus,ILLUMINA,2019-07-16T00:00:00Z,2019-03-04T21:47:00Z,1,GSM3575367,Adipose,SRP181218,C57/BL6J
SRR8474382,9 weeks,RNA-Seq,150,8711323650,PRJNA516470,SAMN10789812,4060172281,GEO,public,"run.zq,fastq,sra","ncbi,gs,s3","ncbi.public,gs.us-east1,s3.us-east-1",SRX5279677,GSM3575368,1,Illumina HiSeq 2500,5,PAIRED,cDNA,TRANSCRIPTOMIC,Rat,Rattus norvegicus,ILLUMINA,2019-07-16T00:00:00Z,2019-03-04T19:15:00Z,1,GSM3575368,Adrenal,SRP181218,Brown Norway
SRR8474383,9 weeks,RNA-Seq,150,6301608900,PRJNA516470,SAMN10789811,2810588206,GEO,public,"run.zq,sra,fastq","gs,ncbi,s3","ncbi.public,s3.us-east-1,gs.us-east1",SRX5279678,GSM3575369,1,Illumina HiSeq 2500,3,PAIRED,cDNA,TRANSCRIPTOMIC,Rat,Rattus norvegicus,ILLUMINA,2019-07-16T00:00:00Z,2019-03-02T08:51:00Z,1,GSM3575369,Brain,SRP181218,Brown Norway
SRR8474384,9 weeks,RNA-Seq,150,5781816750,PRJNA516470,SAMN10789810,2668083016,GEO,public,"run.zq,sra,fastq","gs,s3,ncbi","s3.us-east-1,ncbi.public,gs.us-east1",SRX5279679,GSM3575370,1,Illumina HiSeq 2500,4,PAIRED,cDNA,TRANSCRIPTOMIC,Rat,Rattus norvegicus,ILLUMINA,2019-07-16T00:00:00Z,2019-03-02T09:51:00Z,1,GSM3575370,Colon,SRP181218,Brown Norway
SRR8474385,9 weeks,RNA-Seq,150,6615115950,PRJNA516470,SAMN10789809,3007697285,GEO,public,"run.zq,fastq,sra","s3,ncbi,gs","gs.us-east1,s3.us-east-1,ncbi.public",SRX5279680,GSM3575371,1,Illumina HiSeq 2500,6,PAIRED,cDNA,TRANSCRIPTOMIC,Rat,Rattus norvegicus,ILLUMINA,2019-07-16T00:00:00Z,2019-03-04T17:00:00Z,1,GSM3575371,Heart,SRP181218,Brown Norway
SRR8474386,9 weeks,RNA-Seq,200,22838382000,PRJNA516470,SAMN10789808,9513869523,GEO,public,"fastq,run.zq,sra","s3,ncbi,gs","gs.us-east1,s3.us-east-1,ncbi.public",SRX5279681,GSM3575372,1,Illumina HiSeq 2500,1,PAIRED,cDNA,TRANSCRIPTOMIC,Rat,Rattus norvegicus,ILLUMINA,2019-07-16T00:00:00Z,2019-03-02T21:47:00Z,1,GSM3575372,Liver,SRP181218,Brown Norway
SRR8474387,9 weeks,RNA-Seq,150,10036189950,PRJNA516470,SAMN10789807,4695048365,GEO,public,"sra,fastq,run.zq","s3,gs,ncbi","gs.us-east1,s3.us-east-1,ncbi.public",SRX5279682,GSM3575373,1,Illumina HiSeq 2500,7,PAIRED,cDNA,TRANSCRIPTOMIC,Rat,Rattus norvegicus,ILLUMINA,2019-07-16T00:00:00Z,2019-03-01T07:47:00Z,1,GSM3575373,Lung,SRP181218,Brown Norway
SRR8474388,9 weeks,RNA-Seq,150,8307706800,PRJNA516470,SAMN10789806,3661156508,GEO,public,"run.zq,sra,fastq","gs,ncbi,s3","ncbi.public,gs.us-east1,s3.us-east-1",SRX5279683,GSM3575374,1,Illumina HiSeq 2500,3,PAIRED,cDNA,TRANSCRIPTOMIC,Rat,Rattus norvegicus,ILLUMINA,2019-07-16T00:00:00Z,2019-03-02T11:01:00Z,1,GSM3575374,Muscle,SRP181218,Brown Norway
SRR8474389,9 weeks,RNA-Seq,150,5959627350,PRJNA516470,SAMN10789805,2639129069,GEO,public,"run.zq,sra,fastq","ncbi,gs,s3","ncbi.public,gs.us-east1,s3.us-east-1",SRX5279684,GSM3575375,1,Illumina HiSeq 2500,3,PAIRED,cDNA,TRANSCRIPTOMIC,Rat,Rattus norvegicus,ILLUMINA,2019-07-16T00:00:00Z,2019-03-02T08:29:00Z,1,GSM3575375,Skin,SRP181218,Brown Norway
SRR8474390,9 weeks,RNA-Seq,200,41918992600,PRJNA516470,SAMN10789804,17345036328,GEO,public,"fastq,run.zq,sra","s3,ncbi,gs","ncbi.public,s3.us-east-1,gs.us-east1",SRX5279685,GSM3575376,1,Illumina HiSeq 2500,2,PAIRED,cDNA,TRANSCRIPTOMIC,Rat,Rattus norvegicus,ILLUMINA,2019-07-16T00:00:00Z,2019-03-02T21:41:00Z,1,GSM3575376,Spleen,SRP181218,Brown Norway
SRR8474391,9 weeks,RNA-Seq,150,5474512950,PRJNA516470,SAMN10789803,2465760678,GEO,public,"sra,fastq,run.zq","ncbi,s3,gs","ncbi.public,s3.us-east-1,gs.us-east1",SRX5279686,GSM3575377,1,Illumina HiSeq 2500,4,PAIRED,cDNA,TRANSCRIPTOMIC,Rat,Rattus norvegicus,ILLUMINA,2019-07-16T00:00:00Z,2019-03-02T09:04:00Z,1,GSM3575377,Thyroid,SRP181218,Brown Norway
SRR8474392,9 weeks,RNA-Seq,200,39900184400,PRJNA516470,SAMN10789802,16679593559,GEO,public,"run.zq,fastq,sra","gs,ncbi,s3","s3.us-east-1,ncbi.public,gs.us-east1",SRX5279687,GSM3575378,2,Illumina HiSeq 2500,2,PAIRED,cDNA,TRANSCRIPTOMIC,Rat,Rattus norvegicus,ILLUMINA,2019-07-16T00:00:00Z,2019-03-02T20:53:00Z,1,GSM3575378,Colon,SRP181218,Brown Norway
SRR8474393,9 weeks,RNA-Seq,150,12520033200,PRJNA516470,SAMN10789801,5745084710,GEO,public,"run.zq,sra,fastq","s3,ncbi,gs","s3.us-east-1,gs.us-east1,ncbi.public",SRX5279688,GSM3575379,3,Illumina HiSeq 2500,6,PAIRED,cDNA,TRANSCRIPTOMIC,Rat,Rattus norvegicus,ILLUMINA,2019-07-16T00:00:00Z,2019-03-04T22:17:00Z,1,GSM3575379,Adrenal,SRP181218,Brown Norway
SRR8474394,9 weeks,RNA-Seq,200,35901727400,PRJNA516470,SAMN10789800,15073520023,GEO,public,"sra,run.zq,fastq","ncbi,s3,gs","ncbi.public,gs.us-east1,s3.us-east-1",SRX5279689,GSM3575380,3,Illumina HiSeq 2500,1,PAIRED,cDNA,TRANSCRIPTOMIC,Rat,Rattus norvegicus,ILLUMINA,2019-07-16T00:00:00Z,2019-02-27T02:59:00Z,1,GSM3575380,Brain,SRP181218,Brown Norway
SRR8474395,9 weeks,RNA-Seq,150,6199590150,PRJNA516470,SAMN10789799,2843620965,GEO,public,"sra,fastq,run.zq","s3,ncbi,gs","ncbi.public,gs.us-east1,s3.us-east-1",SRX5279690,GSM3575381,3,Illumina HiSeq 2500,6,PAIRED,cDNA,TRANSCRIPTOMIC,Rat,Rattus norvegicus,ILLUMINA,2019-07-16T00:00:00Z,2019-03-04T19:20:00Z,1,GSM3575381,Colon,SRP181218,Brown Norway
SRR8474396,9 weeks,RNA-Seq,150,10662473250,PRJNA516470,SAMN10789798,5095401885,GEO,public,"fastq,run.zq,sra","s3,ncbi,gs","ncbi.public,s3.us-east-1,gs.us-east1",SRX5279691,GSM3575382,3,Illumina HiSeq 2500,7,PAIRED,cDNA,TRANSCRIPTOMIC,Rat,Rattus norvegicus,ILLUMINA,2019-07-16T00:00:00Z,2019-03-04T21:51:00Z,1,GSM3575382,Heart,SRP181218,Brown Norway
SRR8474397,9 weeks,RNA-Seq,150,8732607150,PRJNA516470,SAMN10789797,3957130230,GEO,public,"sra,fastq,run.zq","gs,s3,ncbi","s3.us-east-1,gs.us-east1,ncbi.public",SRX5279692,GSM3575383,3,Illumina HiSeq 2500,6,PAIRED,cDNA,TRANSCRIPTOMIC,Rat,Rattus norvegicus,ILLUMINA,2019-07-16T00:00:00Z,2019-03-04T19:49:00Z,1,GSM3575383,Liver,SRP181218,Brown Norway
SRR8474398,9 weeks,RNA-Seq,150,6070649850,PRJNA516470,SAMN10789796,2708809630,GEO,public,"fastq,sra,run.zq","ncbi,gs,s3","s3.us-east-1,ncbi.public,gs.us-east1",SRX5279693,GSM3575384,3,Illumina HiSeq 2500,3,PAIRED,cDNA,TRANSCRIPTOMIC,Rat,Rattus norvegicus,ILLUMINA,2019-07-16T00:00:00Z,2019-02-25T15:59:00Z,1,GSM3575384,Lung,SRP181218,Brown Norway
SRR8474399,9 weeks,RNA-Seq,150,6971174400,PRJNA516470,SAMN10789795,3153618952,GEO,public,"run.zq,sra,fastq","gs,ncbi,s3","s3.us-east-1,ncbi.public,gs.us-east1",SRX5279694,GSM3575385,3,Illumina HiSeq 2500,6,PAIRED,cDNA,TRANSCRIPTOMIC,Rat,Rattus norvegicus,ILLUMINA,2019-07-16T00:00:00Z,2019-03-04T18:06:00Z,1,GSM3575385,Muscle,SRP181218,Brown Norway
SRR8474400,9 weeks,RNA-Seq,200,44699615400,PRJNA516470,SAMN10789794,18780035323,GEO,public,"sra,run.zq,fastq","gs,ncbi,s3","ncbi.public,gs.us-east1,s3.us-east-1",SRX5279695,GSM3575386,3,Illumina HiSeq 2500,2,PAIRED,cDNA,TRANSCRIPTOMIC,Rat,Rattus norvegicus,ILLUMINA,2019-07-16T00:00:00Z,2019-03-02T23:40:00Z,1,GSM3575386,Pituitary,SRP181218,Brown Norway
SRR8474401,9 weeks,RNA-Seq,200,40149098800,PRJNA516470,SAMN10789793,16851897527,GEO,public,"run.zq,sra,fastq","s3,gs,ncbi","s3.us-east-1,ncbi.public,gs.us-east1",SRX5279696,GSM3575387,3,Illumina HiSeq 2500,2,PAIRED,cDNA,TRANSCRIPTOMIC,Rat,Rattus norvegicus,ILLUMINA,2019-07-16T00:00:00Z,2019-03-02T20:54:00Z,1,GSM3575387,Skin,SRP181218,Brown Norway
SRR8474402,9 weeks,RNA-Seq,150,11152853250,PRJNA516470,SAMN10789792,5161872532,GEO,public,"fastq,sra,run.zq","s3,ncbi,gs","gs.us-east1,s3.us-east-1,ncbi.public",SRX5279697,GSM3575388,3,Illumina HiSeq 2500,6,PAIRED,cDNA,TRANSCRIPTOMIC,Rat,Rattus norvegicus,ILLUMINA,2019-07-16T00:00:00Z,2019-03-04T22:20:00Z,1,GSM3575388,Spleen,SRP181218,Brown Norway
SRR8474403,9 weeks,RNA-Seq,200,31513550400,PRJNA516470,SAMN10789791,12875694726,GEO,public,"fastq,run.zq,sra","ncbi,gs,s3","ncbi.public,s3.us-east-1,gs.us-east1",SRX5279698,GSM3575389,3,Illumina HiSeq 2500,1,PAIRED,cDNA,TRANSCRIPTOMIC,Rat,Rattus norvegicus,ILLUMINA,2019-07-16T00:00:00Z,2019-03-02T06:36:00Z,1,GSM3575389,Thyroid,SRP181218,Brown Norway
SRR8474404,9 weeks,RNA-Seq,150,5633847600,PRJNA516470,SAMN10789789,2492577617,GEO,public,"run.zq,sra,fastq","ncbi,gs,s3","ncbi.public,s3.us-east-1,gs.us-east1",SRX5279699,GSM3575390,4,Illumina HiSeq 2500,3,PAIRED,cDNA,TRANSCRIPTOMIC,Rat,Rattus norvegicus,ILLUMINA,2019-07-16T00:00:00Z,2019-03-02T08:05:00Z,1,GSM3575390,Adrenal,SRP181218,Brown Norway
SRR8474405,9 weeks,RNA-Seq,200,31435697800,PRJNA516470,SAMN10789790,12783929628,GEO,public,"run.zq,fastq,sra","ncbi,s3,gs","gs.us-east1,s3.us-east-1,ncbi.public",SRX5279700,GSM3575391,4,Illumina HiSeq 2500,1,PAIRED,cDNA,TRANSCRIPTOMIC,Rat,Rattus norvegicus,ILLUMINA,2019-07-16T00:00:00Z,2019-03-02T06:56:00Z,1,GSM3575391,Brain,SRP181218,Brown Norway
SRR8474406,9 weeks,RNA-Seq,150,6582940650,PRJNA516470,SAMN10789788,2947891827,GEO,public,"fastq,sra,run.zq","gs,s3,ncbi","s3.us-east-1,gs.us-east1,ncbi.public",SRX5279701,GSM3575392,4,Illumina HiSeq 2500,6,PAIRED,cDNA,TRANSCRIPTOMIC,Rat,Rattus norvegicus,ILLUMINA,2019-07-16T00:00:00Z,2019-03-04T20:56:00Z,1,GSM3575392,Heart,SRP181218,Brown Norway
SRR8474407,9 weeks,RNA-Seq,150,12174191250,PRJNA516470,SAMN10789787,5390646807,GEO,public,"run.zq,sra,fastq","ncbi,s3,gs","gs.us-east1,s3.us-east-1,ncbi.public",SRX5279702,GSM3575393,4,Illumina HiSeq 2500,3,PAIRED,cDNA,TRANSCRIPTOMIC,Rat,Rattus norvegicus,ILLUMINA,2019-07-16T00:00:00Z,2019-03-02T09:51:00Z,1,GSM3575393,Liver,SRP181218,Brown Norway
SRR8474408,9 weeks,RNA-Seq,150,18677999400,PRJNA516470,SAMN10789786,8420356099,GEO,public,"sra,run.zq,fastq","gs,ncbi,s3","ncbi.public,gs.us-east1,s3.us-east-1",SRX5279703,GSM3575394,4,Illumina HiSeq 2500,6,PAIRED,cDNA,TRANSCRIPTOMIC,Rat,Rattus norvegicus,ILLUMINA,2019-07-16T00:00:00Z,2019-02-26T20:45:00Z,1,GSM3575394,Lung,SRP181218,Brown Norway
SRR8474409,9 weeks,RNA-Seq,200,36806647600,PRJNA516470,SAMN10789785,15000954097,GEO,public,"fastq,run.zq,sra","gs,s3,ncbi","gs.us-east1,ncbi.public,s3.us-east-1",SRX5279704,GSM3575395,4,Illumina HiSeq 2500,2,PAIRED,cDNA,TRANSCRIPTOMIC,Rat,Rattus norvegicus,ILLUMINA,2019-07-16T00:00:00Z,2019-03-02T13:32:00Z,1,GSM3575395,Muscle,SRP181218,Brown Norway
SRR8474410,9 weeks,RNA-Seq,200,34907718600,PRJNA516470,SAMN10789784,15072755812,GEO,public,"run.zq,fastq,sra","s3,gs,ncbi","s3.us-east-1,ncbi.public,gs.us-east1",SRX5279705,GSM3575396,4,Illumina HiSeq 2500,1,PAIRED,cDNA,TRANSCRIPTOMIC,Rat,Rattus norvegicus,ILLUMINA,2019-07-16T00:00:00Z,2019-03-02T12:27:00Z,1,GSM3575396,Pituitary,SRP181218,Brown Norway
SRR8474411,9 weeks,RNA-Seq,150,8963689650,PRJNA516470,SAMN10789783,3878812867,GEO,public,"fastq,sra,run.zq","s3,ncbi,gs","gs.us-east1,ncbi.public,s3.us-east-1",SRX5279706,GSM3575397,4,Illumina HiSeq 2500,5,PAIRED,cDNA,TRANSCRIPTOMIC,Rat,Rattus norvegicus,ILLUMINA,2019-07-16T00:00:00Z,2019-03-04T20:39:00Z,1,GSM3575397,Skin,SRP181218,Brown Norway
SRR8474412,9 weeks,RNA-Seq,200,34480768800,PRJNA516470,SAMN10789818,14429238550,GEO,public,"fastq,sra,run.zq","gs,s3,ncbi","gs.us-east1,s3.us-east-1,ncbi.public",SRX5279707,GSM3575398,4,Illumina HiSeq 2500,1,PAIRED,cDNA,TRANSCRIPTOMIC,Rat,Rattus norvegicus,ILLUMINA,2019-07-16T00:00:00Z,2019-03-02T10:17:00Z,1,GSM3575398,Spleen,SRP181218,Brown Norway
SRR8474413,9 weeks,RNA-Seq,150,6297691800,PRJNA516470,SAMN10789817,2791550092,GEO,public,"sra,run.zq,fastq","gs,s3,ncbi","ncbi.public,gs.us-east1,s3.us-east-1",SRX5279708,GSM3575399,4,Illumina HiSeq 2500,3,PAIRED,cDNA,TRANSCRIPTOMIC,Rat,Rattus norvegicus,ILLUMINA,2019-07-16T00:00:00Z,2019-03-02T10:23:00Z,1,GSM3575399,Thyroid,SRP181218,Brown Norway
SRR8474414,9 weeks,RNA-Seq,200,19075175800,PRJNA516470,SAMN10789816,7397762787,GEO,public,"sra,fastq,run.zq","gs,ncbi,s3","s3.us-east-1,ncbi.public,gs.us-east1",SRX5279709,GSM3575400,5,Illumina HiSeq 2500,1,PAIRED,cDNA,TRANSCRIPTOMIC,Rat,Rattus norvegicus,ILLUMINA,2019-07-16T00:00:00Z,2019-03-01T12:53:00Z,1,GSM3575400,Adrenal,SRP181218,Brown Norway
SRR8474415,9 weeks,RNA-Seq,150,5050698750,PRJNA516470,SAMN10789815,2293202458,GEO,public,"sra,fastq,run.zq","ncbi,s3,gs","ncbi.public,s3.us-east-1,gs.us-east1",SRX5279710,GSM3575401,5,Illumina HiSeq 2500,4,PAIRED,cDNA,TRANSCRIPTOMIC,Rat,Rattus norvegicus,ILLUMINA,2019-07-16T00:00:00Z,2019-03-02T07:32:00Z,1,GSM3575401,Brain,SRP181218,Brown Norway
SRR8474416,9 weeks,RNA-Seq,200,40942134000,PRJNA516470,SAMN10789814,17102455273,GEO,public,"fastq,run.zq,sra","gs,s3,ncbi","gs.us-east1,ncbi.public,s3.us-east-1",SRX5279711,GSM3575402,5,Illumina HiSeq 2500,2,PAIRED,cDNA,TRANSCRIPTOMIC,Rat,Rattus norvegicus,ILLUMINA,2019-07-16T00:00:00Z,2019-03-03T00:16:00Z,1,GSM3575402,Colon,SRP181218,Brown Norway
SRR8474417,9 weeks,RNA-Seq,200,29368396000,PRJNA516470,SAMN10789813,12077486371,GEO,public,"sra,fastq,run.zq","s3,ncbi,gs","ncbi.public,s3.us-east-1,gs.us-east1",SRX5279712,GSM3575403,5,Illumina HiSeq 2500,1,PAIRED,cDNA,TRANSCRIPTOMIC,Rat,Rattus norvegicus,ILLUMINA,2019-07-16T00:00:00Z,2019-03-02T06:07:00Z,1,GSM3575403,Heart,SRP181218,Brown Norway
SRR8474418,9 weeks,RNA-Seq,150,6469545900,PRJNA516470,SAMN10789875,5233473310,GEO,public,"sra,fastq,run.zq","ncbi,s3,gs","gs.us-east1,s3.us-east-1,ncbi.public",SRX5279713,GSM3575404,5,Illumina HiSeq 2500,5,PAIRED,cDNA,TRANSCRIPTOMIC,Rat,Rattus norvegicus,ILLUMINA,2019-07-16T00:00:00Z,2019-03-02T11:25:00Z,1,GSM3575404,Liver,SRP181218,Brown Norway
SRR8474419,9 weeks,RNA-Seq,200,41412770000,PRJNA516470,SAMN10789874,17318938116,GEO,public,"run.zq,fastq,sra","gs,ncbi,s3","s3.us-east-1,ncbi.public,gs.us-east1",SRX5279714,GSM3575405,5,Illumina HiSeq 2500,2,PAIRED,cDNA,TRANSCRIPTOMIC,Rat,Rattus norvegicus,ILLUMINA,2019-07-16T00:00:00Z,2019-03-03T01:29:00Z,1,GSM3575405,Lung,SRP181218,Brown Norway
SRR8474420,9 weeks,RNA-Seq,200,22569094800,PRJNA516470,SAMN10789873,9423702026,GEO,public,"fastq,run.zq,sra","ncbi,gs,s3","s3.us-east-1,ncbi.public,gs.us-east1",SRX5279715,GSM3575406,5,Illumina HiSeq 2500,1,PAIRED,cDNA,TRANSCRIPTOMIC,Rat,Rattus norvegicus,ILLUMINA,2019-07-16T00:00:00Z,2019-03-02T15:02:00Z,1,GSM3575406,Muscle,SRP181218,Brown Norway
SRR8474421,9 weeks,RNA-Seq,150,5175747000,PRJNA516470,SAMN10789872,2360387715,GEO,public,"sra,run.zq,fastq","gs,ncbi,s3","s3.us-east-1,ncbi.public,gs.us-east1",SRX5279716,GSM3575407,5,Illumina HiSeq 2500,4,PAIRED,cDNA,TRANSCRIPTOMIC,Rat,Rattus norvegicus,ILLUMINA,2019-07-16T00:00:00Z,2019-03-02T09:13:00Z,1,GSM3575407,Skin,SRP181218,Brown Norway
SRR8474422,9 weeks,RNA-Seq,150,7573864650,PRJNA516470,SAMN10789871,6061311281,GEO,public,"run.zq,fastq,sra","s3,ncbi,gs","ncbi.public,s3.us-east-1,gs.us-east1",SRX5279717,GSM3575408,5,Illumina HiSeq 2500,5,PAIRED,cDNA,TRANSCRIPTOMIC,Rat,Rattus norvegicus,ILLUMINA,2019-07-16T00:00:00Z,2019-03-02T11:11:00Z,1,GSM3575408,Spleen,SRP181218,Brown Norway
SRR8474423,9 weeks,RNA-Seq,150,7560284550,PRJNA516470,SAMN10789870,3298173470,GEO,public,"run.zq,sra,fastq","ncbi,gs,s3","gs.us-east1,ncbi.public,s3.us-east-1",SRX5279718,GSM3575409,5,Illumina HiSeq 2500,4,PAIRED,cDNA,TRANSCRIPTOMIC,Rat,Rattus norvegicus,ILLUMINA,2019-07-16T00:00:00Z,2019-03-02T13:05:00Z,1,GSM3575409,Thyroid,SRP181218,Brown Norway
SRR8474424,9 weeks,RNA-Seq,200,40810211600,PRJNA516470,SAMN10789869,17976097610,GEO,public,"fastq,run.zq,sra","ncbi,gs,s3","ncbi.public,gs.us-east1,s3.us-east-1",SRX5279719,GSM3575410,6,Illumina HiSeq 2500,2,PAIRED,cDNA,TRANSCRIPTOMIC,Rat,Rattus norvegicus,ILLUMINA,2019-07-16T00:00:00Z,2019-03-02T22:01:00Z,1,GSM3575410,Adrenal,SRP181218,Brown Norway
SRR8474425,9 weeks,RNA-Seq,150,10967519100,PRJNA516470,SAMN10789868,5453740040,GEO,public,"fastq,sra,run.zq","ncbi,s3,gs","ncbi.public,s3.us-east-1,gs.us-east1",SRX5279720,GSM3575411,6,Illumina HiSeq 2500,8,PAIRED,cDNA,TRANSCRIPTOMIC,Rat,Rattus norvegicus,ILLUMINA,2019-07-16T00:00:00Z,2019-03-04T23:38:00Z,1,GSM3575411,Brain,SRP181218,Brown Norway
SRR8474426,9 weeks,RNA-Seq,150,7942359750,PRJNA516470,SAMN10789867,3420133313,GEO,public,"run.zq,fastq,sra","s3,gs,ncbi","gs.us-east1,s3.us-east-1,ncbi.public",SRX5279721,GSM3575412,6,Illumina HiSeq 2500,5,PAIRED,cDNA,TRANSCRIPTOMIC,Rat,Rattus norvegicus,ILLUMINA,2019-07-16T00:00:00Z,2019-02-25T22:31:00Z,1,GSM3575412,Colon,SRP181218,Brown Norway
SRR8474427,9 weeks,RNA-Seq,150,9415074000,PRJNA516470,SAMN10789866,4517664862,GEO,public,"sra,run.zq,fastq","ncbi,s3,gs","gs.us-east1,s3.us-east-1,ncbi.public",SRX5279722,GSM3575413,6,Illumina HiSeq 2500,3,PAIRED,cDNA,TRANSCRIPTOMIC,Rat,Rattus norvegicus,ILLUMINA,2019-07-16T00:00:00Z,2019-03-02T11:27:00Z,1,GSM3575413,Heart,SRP181218,Brown Norway
SRR8474428,9 weeks,RNA-Seq,200,31652168000,PRJNA516470,SAMN10789865,21423054506,GEO,public,"sra,fastq,run.zq","ncbi,gs,s3","ncbi.public,gs.us-east1,s3.us-east-1",SRX5279723,GSM3575414,6,Illumina HiSeq 2500,1,PAIRED,cDNA,TRANSCRIPTOMIC,Rat,Rattus norvegicus,ILLUMINA,2019-07-16T00:00:00Z,2019-03-02T08:34:00Z,1,GSM3575414,Liver,SRP181218,Brown Norway
SRR8474429,9 weeks,RNA-Seq,200,39677182800,PRJNA516470,SAMN10789864,16323840658,GEO,public,"sra,run.zq,fastq","gs,s3,ncbi","gs.us-east1,ncbi.public,s3.us-east-1",SRX5279724,GSM3575415,6,Illumina HiSeq 2500,2,PAIRED,cDNA,TRANSCRIPTOMIC,Rat,Rattus norvegicus,ILLUMINA,2019-07-16T00:00:00Z,2019-03-02T21:59:00Z,1,GSM3575415,Lung,SRP181218,Brown Norway
SRR8474430,9 weeks,RNA-Seq,150,8688182850,PRJNA516470,SAMN10789863,4031927149,GEO,public,"run.zq,sra,fastq","gs,s3,ncbi","gs.us-east1,ncbi.public,s3.us-east-1",SRX5279725,GSM3575416,6,Illumina HiSeq 2500,6,PAIRED,cDNA,TRANSCRIPTOMIC,Rat,Rattus norvegicus,ILLUMINA,2019-07-16T00:00:00Z,2019-03-04T18:30:00Z,1,GSM3575416,Muscle,SRP181218,Brown Norway
SRR8474431,9 weeks,RNA-Seq,150,6687133050,PRJNA516470,SAMN10789862,5265761795,GEO,public,"run.zq,fastq,sra","gs,ncbi,s3","s3.us-east-1,gs.us-east1,ncbi.public",SRX5279726,GSM3575417,6,Illumina HiSeq 2500,5,PAIRED,cDNA,TRANSCRIPTOMIC,Rat,Rattus norvegicus,ILLUMINA,2019-07-16T00:00:00Z,2019-02-25T21:30:00Z,1,GSM3575417,Pituitary,SRP181218,Brown Norway
SRR8474432,9 weeks,RNA-Seq,150,5693292450,PRJNA516470,SAMN10789860,2552648684,GEO,public,"fastq,sra,run.zq","gs,s3,ncbi","ncbi.public,gs.us-east1,s3.us-east-1",SRX5279727,GSM3575418,6,Illumina HiSeq 2500,3,PAIRED,cDNA,TRANSCRIPTOMIC,Rat,Rattus norvegicus,ILLUMINA,2019-07-16T00:00:00Z,2019-03-02T08:34:00Z,1,GSM3575418,Skin,SRP181218,Brown Norway
SRR8474433,9 weeks,RNA-Seq,150,10910298900,PRJNA516470,SAMN10789859,5058702223,GEO,public,"fastq,run.zq,sra","ncbi,gs,s3","s3.us-east-1,ncbi.public,gs.us-east1",SRX5279728,GSM3575419,6,Illumina HiSeq 2500,6,PAIRED,cDNA,TRANSCRIPTOMIC,Rat,Rattus norvegicus,ILLUMINA,2019-07-16T00:00:00Z,2019-03-04T22:56:00Z,1,GSM3575419,Spleen,SRP181218,Brown Norway
SRR8474434,9 weeks,RNA-Seq,150,6566016450,PRJNA516470,SAMN10789858,2966411321,GEO,public,"sra,fastq,run.zq","ncbi,s3,gs","ncbi.public,gs.us-east1,s3.us-east-1",SRX5279729,GSM3575420,6,Illumina HiSeq 2500,3,PAIRED,cDNA,TRANSCRIPTOMIC,Rat,Rattus norvegicus,ILLUMINA,2019-07-16T00:00:00Z,2019-03-02T10:56:00Z,1,GSM3575420,Thyroid,SRP181218,Brown Norway
SRR8474435,9 weeks,RNA-Seq,150,11745921150,PRJNA516470,SAMN10789861,5627124600,GEO,public,"fastq,run.zq,sra","gs,ncbi,s3","s3.us-east-1,gs.us-east1,ncbi.public",SRX5279730,GSM3575421,7,Illumina HiSeq 2500,7,PAIRED,cDNA,TRANSCRIPTOMIC,Rat,Rattus norvegicus,ILLUMINA,2019-07-16T00:00:00Z,2019-03-04T23:26:00Z,1,GSM3575421,Adrenal,SRP181218,Brown Norway
SRR8474436,9 weeks,RNA-Seq,150,8213212050,PRJNA516470,SAMN10789857,3625501278,GEO,public,"fastq,run.zq,sra","s3,ncbi,gs","s3.us-east-1,ncbi.public,gs.us-east1",SRX5279731,GSM3575422,7,Illumina HiSeq 2500,3,PAIRED,cDNA,TRANSCRIPTOMIC,Rat,Rattus norvegicus,ILLUMINA,2019-07-16T00:00:00Z,2019-02-25T22:32:00Z,1,GSM3575422,Colon,SRP181218,Brown Norway
SRR8474437,9 weeks,RNA-Seq,200,34239721600,PRJNA516470,SAMN10789856,13893921051,GEO,public,"run.zq,fastq,sra","s3,ncbi,gs","s3.us-east-1,ncbi.public,gs.us-east1",SRX5279732,GSM3575423,7,Illumina HiSeq 2500,1,PAIRED,cDNA,TRANSCRIPTOMIC,Rat,Rattus norvegicus,ILLUMINA,2019-07-16T00:00:00Z,2019-02-27T01:48:00Z,1,GSM3575423,Heart,SRP181218,Brown Norway
SRR8474438,9 weeks,RNA-Seq,150,10813818000,PRJNA516470,SAMN10789855,5164546081,GEO,public,"fastq,run.zq,sra","ncbi,s3,gs","s3.us-east-1,ncbi.public,gs.us-east1",SRX5279733,GSM3575424,7,Illumina HiSeq 2500,7,PAIRED,cDNA,TRANSCRIPTOMIC,Rat,Rattus norvegicus,ILLUMINA,2019-07-16T00:00:00Z,2019-03-04T22:18:00Z,1,GSM3575424,Liver,SRP181218,Brown Norway
SRR8474439,9 weeks,RNA-Seq,150,9857337300,PRJNA516470,SAMN10789854,4555917978,GEO,public,"sra,fastq,run.zq","gs,ncbi,s3","gs.us-east1,ncbi.public,s3.us-east-1",SRX5279734,GSM3575425,7,Illumina HiSeq 2500,6,PAIRED,cDNA,TRANSCRIPTOMIC,Rat,Rattus norvegicus,ILLUMINA,2019-07-16T00:00:00Z,2019-03-04T18:47:00Z,1,GSM3575425,Lung,SRP181218,Brown Norway
SRR8474440,9 weeks,RNA-Seq,150,6770483850,PRJNA516470,SAMN10789853,5508678722,GEO,public,"sra,run.zq,fastq","s3,ncbi,gs","s3.us-east-1,gs.us-east1,ncbi.public",SRX5279735,GSM3575426,7,Illumina HiSeq 2500,5,PAIRED,cDNA,TRANSCRIPTOMIC,Rat,Rattus norvegicus,ILLUMINA,2019-07-16T00:00:00Z,2019-03-02T10:23:00Z,1,GSM3575426,Muscle,SRP181218,Brown Norway
SRR8474441,9 weeks,RNA-Seq,150,4865787750,PRJNA516470,SAMN10789852,2091571161,GEO,public,"sra,run.zq,fastq","gs,s3,ncbi","ncbi.public,gs.us-east1,s3.us-east-1",SRX5279736,GSM3575427,7,Illumina HiSeq 2500,4,PAIRED,cDNA,TRANSCRIPTOMIC,Rat,Rattus norvegicus,ILLUMINA,2019-07-16T00:00:00Z,2019-03-02T08:26:00Z,1,GSM3575427,Pituitary,SRP181218,Brown Norway
SRR8474442,9 weeks,RNA-Seq,200,36202770800,PRJNA516470,SAMN10789851,14873275556,GEO,public,"sra,fastq,run.zq","s3,gs,ncbi","ncbi.public,gs.us-east1,s3.us-east-1",SRX5279737,GSM3575428,7,Illumina HiSeq 2500,1,PAIRED,cDNA,TRANSCRIPTOMIC,Rat,Rattus norvegicus,ILLUMINA,2019-07-16T00:00:00Z,2019-03-01T23:57:00Z,1,GSM3575428,Skin,SRP181218,Brown Norway
SRR8474443,9 weeks,RNA-Seq,150,8039410350,PRJNA516470,SAMN10789850,6523625031,GEO,public,"run.zq,fastq,sra","s3,gs,ncbi","ncbi.public,gs.us-east1,s3.us-east-1",SRX5279738,GSM3575429,7,Illumina HiSeq 2500,5,PAIRED,cDNA,TRANSCRIPTOMIC,Rat,Rattus norvegicus,ILLUMINA,2019-07-16T00:00:00Z,2019-03-02T12:13:00Z,1,GSM3575429,Spleen,SRP181218,Brown Norway
SRR8474444,9 weeks,RNA-Seq,200,39418382600,PRJNA516470,SAMN10789849,16257678190,GEO,public,"fastq,sra,run.zq","ncbi,gs,s3","ncbi.public,gs.us-east1,s3.us-east-1",SRX5279739,GSM3575430,7,Illumina HiSeq 2500,2,PAIRED,cDNA,TRANSCRIPTOMIC,Rat,Rattus norvegicus,ILLUMINA,2019-07-16T00:00:00Z,2019-03-02T23:20:00Z,1,GSM3575430,Thyroid,SRP181218,Brown Norway
SRR8474445,9 weeks,RNA-Seq,200,25950759600,PRJNA516470,SAMN10789848,10556101960,GEO,public,"sra,run.zq,fastq","ncbi,gs,s3","s3.us-east-1,gs.us-east1,ncbi.public",SRX5279740,GSM3575431,8,Illumina HiSeq 2500,1,PAIRED,cDNA,TRANSCRIPTOMIC,Rat,Rattus norvegicus,ILLUMINA,2019-07-16T00:00:00Z,2019-03-02T06:44:00Z,1,GSM3575431,Adipose,SRP181218,Brown Norway
SRR8474446,9 weeks,RNA-Seq,150,11278817850,PRJNA516470,SAMN10789847,5299382991,GEO,public,"sra,fastq,run.zq","s3,gs,ncbi","s3.us-east-1,gs.us-east1,ncbi.public",SRX5279741,GSM3575432,9,Illumina HiSeq 2500,6,PAIRED,cDNA,TRANSCRIPTOMIC,Rat,Rattus norvegicus,ILLUMINA,2019-07-16T00:00:00Z,2019-03-04T22:07:00Z,1,GSM3575432,Adipose,SRP181218,Brown Norway
SRR8474447,9 weeks,RNA-Seq,150,9868462950,PRJNA516470,SAMN10789846,4524386749,GEO,public,"fastq,sra,run.zq","ncbi,gs,s3","gs.us-east1,ncbi.public,s3.us-east-1",SRX5279742,GSM3575433,10,Illumina HiSeq 2500,6,PAIRED,cDNA,TRANSCRIPTOMIC,Rat,Rattus norvegicus,ILLUMINA,2019-07-16T00:00:00Z,2019-03-04T18:48:00Z,1,GSM3575433,Adipose,SRP181218,Brown Norway
SRR8474448,9 weeks,RNA-Seq,200,35048006200,PRJNA516470,SAMN10789845,14557069912,GEO,public,"sra,fastq,run.zq","gs,ncbi,s3","s3.us-east-1,ncbi.public,gs.us-east1",SRX5279743,GSM3575434,11,Illumina HiSeq 2500,1,PAIRED,cDNA,TRANSCRIPTOMIC,Rat,Rattus norvegicus,ILLUMINA,2019-07-16T00:00:00Z,2019-03-02T10:51:00Z,1,GSM3575434,Adipose,SRP181218,Brown Norway
SRR8474449,9 weeks,RNA-Seq,150,6845857500,PRJNA516470,SAMN10789902,2875594831,GEO,public,"run.zq,sra,fastq","gs,s3,ncbi","ncbi.public,gs.us-east1,s3.us-east-1",SRX5279744,GSM3575435,12,Illumina HiSeq 2500,5,PAIRED,cDNA,TRANSCRIPTOMIC,Rat,Rattus norvegicus,ILLUMINA,2019-07-16T00:00:00Z,2019-03-04T17:44:00Z,1,GSM3575435,Adipose,SRP181218,Brown Norway
SRR8474450,9 weeks,RNA-Seq,150,8426930850,PRJNA516470,SAMN10789901,3820700775,GEO,public,"run.zq,fastq,sra","ncbi,s3,gs","s3.us-east-1,gs.us-east1,ncbi.public",SRX5279745,GSM3575436,13,Illumina HiSeq 2500,6,PAIRED,cDNA,TRANSCRIPTOMIC,Rat,Rattus norvegicus,ILLUMINA,2019-07-16T00:00:00Z,2019-03-04T19:59:00Z,1,GSM3575436,Adipose,SRP181218,Brown Norway
SRR8474451,9 weeks,RNA-Seq,200,38506736600,PRJNA516470,SAMN10789900,16130026288,GEO,public,"sra,run.zq,fastq","ncbi,gs,s3","ncbi.public,s3.us-east-1,gs.us-east1",SRX5279746,GSM3575437,14,Illumina HiSeq 2500,1,PAIRED,cDNA,TRANSCRIPTOMIC,Rat,Rattus norvegicus,ILLUMINA,2019-07-16T00:00:00Z,2019-03-02T12:11:00Z,1,GSM3575437,Testis,SRP181218,Brown Norway
SRR8474452,9 weeks,RNA-Seq,200,38472868800,PRJNA516470,SAMN10789899,15890111950,GEO,public,"sra,fastq,run.zq","gs,ncbi,s3","s3.us-east-1,gs.us-east1,ncbi.public",SRX5279747,GSM3575438,14,Illumina HiSeq 2500,2,PAIRED,cDNA,TRANSCRIPTOMIC,Rat,Rattus norvegicus,ILLUMINA,2019-07-16T00:00:00Z,2019-03-02T22:20:00Z,1,GSM3575438,Testis,SRP181218,Brown Norway
SRR8474453,9 weeks,RNA-Seq,150,9283800000,PRJNA516470,SAMN10789898,4227138203,GEO,public,"run.zq,fastq,sra","s3,gs,ncbi","s3.us-east-1,gs.us-east1,ncbi.public",SRX5279748,GSM3575439,14,Illumina HiSeq 2500,3,PAIRED,cDNA,TRANSCRIPTOMIC,Rat,Rattus norvegicus,ILLUMINA,2019-07-16T00:00:00Z,2019-03-02T09:43:00Z,1,GSM3575439,Testis,SRP181218,Brown Norway
SRR8474454,9 weeks,RNA-Seq,150,6167911050,PRJNA516470,SAMN10789897,2605707789,GEO,public,"sra,run.zq,fastq","gs,s3,ncbi","gs.us-east1,ncbi.public,s3.us-east-1",SRX5279749,GSM3575440,14,Illumina HiSeq 2500,5,PAIRED,cDNA,TRANSCRIPTOMIC,Rat,Rattus norvegicus,ILLUMINA,2019-07-16T00:00:00Z,2019-03-04T17:01:00Z,1,GSM3575440,Testis,SRP181218,Brown Norway
SRR8474455,9 weeks,RNA-Seq,150,9854254500,PRJNA516470,SAMN10789896,4571597719,GEO,public,"sra,run.zq,fastq","s3,gs,ncbi","gs.us-east1,ncbi.public,s3.us-east-1",SRX5279750,GSM3575441,14,Illumina HiSeq 2500,6,PAIRED,cDNA,TRANSCRIPTOMIC,Rat,Rattus norvegicus,ILLUMINA,2019-07-16T00:00:00Z,2019-03-01T10:44:00Z,1,GSM3575441,Testis,SRP181218,Brown Norway
SRR8474456,9 weeks,RNA-Seq,150,9692134200,PRJNA516470,SAMN10789895,4715145790,GEO,public,"run.zq,fastq,sra","ncbi,s3,gs","gs.us-east1,s3.us-east-1,ncbi.public",SRX5279751,GSM3575442,14,Illumina HiSeq 2500,7,PAIRED,cDNA,TRANSCRIPTOMIC,Rat,Rattus norvegicus,ILLUMINA,2019-07-16T00:00:00Z,2019-03-04T22:02:00Z,1,GSM3575442,Testis,SRP181218,Brown Norway
SRR8474457,9 weeks,RNA-Seq,150,12274374000,PRJNA516470,SAMN10789894,6283461996,GEO,public,"run.zq,fastq,sra","s3,gs,ncbi","gs.us-east1,s3.us-east-1,ncbi.public",SRX5279752,GSM3575443,14,Illumina HiSeq 2500,8,PAIRED,cDNA,TRANSCRIPTOMIC,Rat,Rattus norvegicus,ILLUMINA,2019-07-16T00:00:00Z,2019-03-05T01:10:00Z,1,GSM3575443,Testis,SRP181218,Brown Norway
SRR8474270,20 months,RNA-Seq,200,49513847800,PRJNA516470,SAMN10789648,21304874581,GEO,public,"run.zq,fastq,sra","gs,s3,ncbi","gs.us-east1,ncbi.public,s3.us-east-1",SRX5279870,GSM3575256,4,Illumina HiSeq 2500,2,PAIRED,cDNA,TRANSCRIPTOMIC,Dog,Canis lupus familiaris,ILLUMINA,2019-07-16T00:00:00Z,2019-03-03T00:26:00Z,1,GSM3575256,Brain,SRP181218,Beagle (Ridglan farms)
