Run,Assay Type,AvgSpotLen,Bases,BioProject,BioSample,Bytes,Center Name,Consent,DATASTORE filetype,DATASTORE provider,DATASTORE region,Experiment,GEO_Accession (exp),Instrument,LibraryLayout,LibrarySelection,LibrarySource,Organism,Platform,ReleaseDate,Sample Name,sex,source_name,SRA Study,strain,tissue,create_date,version
SRR1169893,RNA-Seq,50,854879600,PRJNA238328,SAMN02642886,637598681,GEO,public,"fastq,run.zq,sra","gs,ncbi,s3","gs.us-east1,ncbi.public,s3.us-east-1",SRX471368,GSM1328469,Illumina HiSeq 2000,SINGLE,cDNA,TRANSCRIPTOMIC,Rattus norvegicus,ILLUMINA,2014-06-20T00:00:00Z,GSM1328469,female,Adrenal,SRP037986,Fisher 344,Adrenal,2014-02-14T12:36:00Z,1
SRR1169894,RNA-Seq,50,789816000,PRJNA238328,SAMN02642886,595302883,GEO,public,"fastq,run.zq,sra","gs,ncbi,s3","gs.us-east1,ncbi.public,s3.us-east-1",SRX471368,GSM1328469,Illumina HiSeq 2000,SINGLE,cDNA,TRANSCRIPTOMIC,Rattus norvegicus,ILLUMINA,2014-06-20T00:00:00Z,GSM1328469,female,Adrenal,SRP037986,Fisher 344,Adrenal,2014-02-14T12:41:00Z,1
SRR1169895,RNA-Seq,50,878015400,PRJNA238328,SAMN02642867,665495573,GEO,public,"fastq,run.zq,sra","gs,ncbi,s3","gs.us-east1,ncbi.public,s3.us-east-1",SRX471369,GSM1328470,Illumina HiSeq 2000,SINGLE,cDNA,TRANSCRIPTOMIC,Rattus norvegicus,ILLUMINA,2014-06-20T00:00:00Z,GSM1328470,female,Adrenal,SRP037986,Fisher 344,Adrenal,2014-02-14T12:41:00Z,1
SRR1169896,RNA-Seq,50,832797550,PRJNA238328,SAMN02642867,636479002,GEO,public,"fastq,run.zq,sra","gs,ncbi,s3","gs.us-east1,ncbi.public,s3.us-east-1",SRX471369,GSM1328470,Illumina HiSeq 2000,SINGLE,cDNA,TRANSCRIPTOMIC,Rattus norvegicus,ILLUMINA,2014-06-20T00:00:00Z,GSM1328470,female,Adrenal,SRP037986,Fisher 344,Adrenal,2014-02-14T12:37:00Z,1
SRR1169897,RNA-Seq,50,1016797250,PRJNA238328,SAMN02642894,739378211,GEO,public,"fastq,run.zq,sra","gs,ncbi,s3","gs.us-east1,ncbi.public,s3.us-east-1",SRX471370,GSM1328471,Illumina HiSeq 2000,SINGLE,cDNA,TRANSCRIPTOMIC,Rattus norvegicus,ILLUMINA,2014-06-20T00:00:00Z,GSM1328471,female,Adrenal,SRP037986,Fisher 344,Adrenal,2014-02-14T12:38:00Z,1
SRR1169898,RNA-Seq,50,1000856250,PRJNA238328,SAMN02642894,725101962,GEO,public,"fastq,run.zq,sra","gs,ncbi,s3","gs.us-east1,ncbi.public,s3.us-east-1",SRX471370,GSM1328471,Illumina HiSeq 2000,SINGLE,cDNA,TRANSCRIPTOMIC,Rattus norvegicus,ILLUMINA,2014-06-20T00:00:00Z,GSM1328471,female,Adrenal,SRP037986,Fisher 344,Adrenal,2014-02-14T12:38:00Z,1
SRR1169899,RNA-Seq,50,882934250,PRJNA238328,SAMN02642891,666876677,GEO,public,"fastq,run.zq,sra","gs,ncbi,s3","gs.us-east1,ncbi.public,s3.us-east-1",SRX471371,GSM1328472,Illumina HiSeq 2000,SINGLE,cDNA,TRANSCRIPTOMIC,Rattus norvegicus,ILLUMINA,2014-06-20T00:00:00Z,GSM1328472,female,Adrenal,SRP037986,Fisher 344,Adrenal,2014-02-14T12:42:00Z,1
SRR1169900,RNA-Seq,50,1024182250,PRJNA238328,SAMN02642891,761792052,GEO,public,"fastq,run.zq,sra","gs,ncbi,s3","gs.us-east1,ncbi.public,s3.us-east-1",SRX471371,GSM1328472,Illumina HiSeq 2000,SINGLE,cDNA,TRANSCRIPTOMIC,Rattus norvegicus,ILLUMINA,2014-06-20T00:00:00Z,GSM1328472,female,Adrenal,SRP037986,Fisher 344,Adrenal,2014-02-14T12:39:00Z,1
SRR1169901,RNA-Seq,50,1055702950,PRJNA238328,SAMN02642869,755378856,GEO,public,"fastq,run.zq,sra","gs,ncbi,s3","gs.us-east1,ncbi.public,s3.us-east-1",SRX471372,GSM1328473,Illumina HiSeq 2000,SINGLE,cDNA,TRANSCRIPTOMIC,Rattus norvegicus,ILLUMINA,2014-06-20T00:00:00Z,GSM1328473,female,Adrenal,SRP037986,Fisher 344,Adrenal,2014-02-14T12:39:00Z,1
SRR1169902,RNA-Seq,50,1052766900,PRJNA238328,SAMN02642869,748497388,GEO,public,"fastq,run.zq,sra","gs,ncbi,s3","gs.us-east1,ncbi.public,s3.us-east-1",SRX471372,GSM1328473,Illumina HiSeq 2000,SINGLE,cDNA,TRANSCRIPTOMIC,Rattus norvegicus,ILLUMINA,2014-06-20T00:00:00Z,GSM1328473,female,Adrenal,SRP037986,Fisher 344,Adrenal,2014-02-14T12:38:00Z,1
SRR1169903,RNA-Seq,50,953638300,PRJNA238328,SAMN02642897,718019930,GEO,public,"fastq,run.zq,sra","gs,ncbi,s3","gs.us-east1,ncbi.public,s3.us-east-1",SRX471373,GSM1328474,Illumina HiSeq 2000,SINGLE,cDNA,TRANSCRIPTOMIC,Rattus norvegicus,ILLUMINA,2014-06-20T00:00:00Z,GSM1328474,female,Adrenal,SRP037986,Fisher 344,Adrenal,2014-02-14T12:39:00Z,1
SRR1169904,RNA-Seq,50,1097933150,PRJNA238328,SAMN02642897,814471938,GEO,public,"fastq,run.zq,sra","gs,ncbi,s3","gs.us-east1,ncbi.public,s3.us-east-1",SRX471373,GSM1328474,Illumina HiSeq 2000,SINGLE,cDNA,TRANSCRIPTOMIC,Rattus norvegicus,ILLUMINA,2014-06-20T00:00:00Z,GSM1328474,female,Adrenal,SRP037986,Fisher 344,Adrenal,2014-02-14T12:43:00Z,1
SRR1169905,RNA-Seq,50,1144323450,PRJNA238328,SAMN02642892,867929698,GEO,public,"fastq,run.zq,sra","gs,ncbi,s3","gs.us-east1,ncbi.public,s3.us-east-1",SRX471374,GSM1328475,Illumina HiSeq 2000,SINGLE,cDNA,TRANSCRIPTOMIC,Rattus norvegicus,ILLUMINA,2014-06-20T00:00:00Z,GSM1328475,female,Adrenal,SRP037986,Fisher 344,Adrenal,2014-02-14T12:44:00Z,1
SRR1169906,RNA-Seq,50,982529200,PRJNA238328,SAMN02642892,746779161,GEO,public,"fastq,run.zq,sra","gs,ncbi,s3","gs.us-east1,ncbi.public,s3.us-east-1",SRX471374,GSM1328475,Illumina HiSeq 2000,SINGLE,cDNA,TRANSCRIPTOMIC,Rattus norvegicus,ILLUMINA,2014-06-20T00:00:00Z,GSM1328475,female,Adrenal,SRP037986,Fisher 344,Adrenal,2014-02-14T12:39:00Z,1
SRR1169907,RNA-Seq,50,913201900,PRJNA238328,SAMN02642872,661526171,GEO,public,"fastq,run.zq,sra","gs,ncbi,s3","gs.us-east1,ncbi.public,s3.us-east-1",SRX471375,GSM1328476,Illumina HiSeq 2000,SINGLE,cDNA,TRANSCRIPTOMIC,Rattus norvegicus,ILLUMINA,2014-06-20T00:00:00Z,GSM1328476,female,Adrenal,SRP037986,Fisher 344,Adrenal,2014-02-14T12:40:00Z,1
SRR1169908,RNA-Seq,50,1122974500,PRJNA238328,SAMN02642872,787926108,GEO,public,"fastq,run.zq,sra","gs,ncbi,s3","gs.us-east1,ncbi.public,s3.us-east-1",SRX471375,GSM1328476,Illumina HiSeq 2000,SINGLE,cDNA,TRANSCRIPTOMIC,Rattus norvegicus,ILLUMINA,2014-06-20T00:00:00Z,GSM1328476,female,Adrenal,SRP037986,Fisher 344,Adrenal,2014-02-14T12:39:00Z,1
SRR1169909,RNA-Seq,50,1444690350,PRJNA238328,SAMN02642893,1026448883,GEO,public,"fastq,run.zq,sra","gs,ncbi,s3","gs.us-east1,ncbi.public,s3.us-east-1",SRX471376,GSM1328477,Illumina HiSeq 2000,SINGLE,cDNA,TRANSCRIPTOMIC,Rattus norvegicus,ILLUMINA,2014-06-20T00:00:00Z,GSM1328477,female,Adrenal,SRP037986,Fisher 344,Adrenal,2014-02-14T12:42:00Z,1
SRR1169910,RNA-Seq,50,1387321400,PRJNA238328,SAMN02642893,988137819,GEO,public,"fastq,run.zq,sra","gs,ncbi,s3","gs.us-east1,ncbi.public,s3.us-east-1",SRX471376,GSM1328477,Illumina HiSeq 2000,SINGLE,cDNA,TRANSCRIPTOMIC,Rattus norvegicus,ILLUMINA,2014-06-20T00:00:00Z,GSM1328477,female,Adrenal,SRP037986,Fisher 344,Adrenal,2014-02-14T12:43:00Z,1
SRR1169911,RNA-Seq,50,1565495700,PRJNA238328,SAMN02642898,1124256050,GEO,public,"fastq,run.zq,sra","gs,ncbi,s3","gs.us-east1,ncbi.public,s3.us-east-1",SRX471377,GSM1328478,Illumina HiSeq 2000,SINGLE,cDNA,TRANSCRIPTOMIC,Rattus norvegicus,ILLUMINA,2014-06-20T00:00:00Z,GSM1328478,female,Adrenal,SRP037986,Fisher 344,Adrenal,2014-02-14T12:43:00Z,1
SRR1169912,RNA-Seq,50,1592891250,PRJNA238328,SAMN02642898,1126560258,GEO,public,"fastq,run.zq,sra","gs,ncbi,s3","gs.us-east1,ncbi.public,s3.us-east-1",SRX471377,GSM1328478,Illumina HiSeq 2000,SINGLE,cDNA,TRANSCRIPTOMIC,Rattus norvegicus,ILLUMINA,2014-06-20T00:00:00Z,GSM1328478,female,Adrenal,SRP037986,Fisher 344,Adrenal,2014-02-14T12:44:00Z,1
SRR1169913,RNA-Seq,50,702482700,PRJNA238328,SAMN02642874,530978391,GEO,public,"fastq,run.zq,sra","gs,ncbi,s3","gs.us-east1,ncbi.public,s3.us-east-1",SRX471378,GSM1328479,Illumina HiSeq 2000,SINGLE,cDNA,TRANSCRIPTOMIC,Rattus norvegicus,ILLUMINA,2014-06-20T00:00:00Z,GSM1328479,female,Adrenal,SRP037986,Fisher 344,Adrenal,2014-02-14T12:36:00Z,1
SRR1169914,RNA-Seq,50,964337400,PRJNA238328,SAMN02642874,714631623,GEO,public,"fastq,run.zq,sra","gs,ncbi,s3","gs.us-east1,ncbi.public,s3.us-east-1",SRX471378,GSM1328479,Illumina HiSeq 2000,SINGLE,cDNA,TRANSCRIPTOMIC,Rattus norvegicus,ILLUMINA,2014-06-20T00:00:00Z,GSM1328479,female,Adrenal,SRP037986,Fisher 344,Adrenal,2014-02-14T12:36:00Z,1
SRR1169915,RNA-Seq,50,1155118650,PRJNA238328,SAMN02642895,850330727,GEO,public,"fastq,run.zq,sra","gs,ncbi,s3","gs.us-east1,ncbi.public,s3.us-east-1",SRX471379,GSM1328480,Illumina HiSeq 2000,SINGLE,cDNA,TRANSCRIPTOMIC,Rattus norvegicus,ILLUMINA,2014-06-20T00:00:00Z,GSM1328480,female,Adrenal,SRP037986,Fisher 344,Adrenal,2014-02-14T12:38:00Z,1
SRR1169916,RNA-Seq,50,1343550600,PRJNA238328,SAMN02642895,941830457,GEO,public,"fastq,run.zq,sra","gs,ncbi,s3","gs.us-east1,ncbi.public,s3.us-east-1",SRX471379,GSM1328480,Illumina HiSeq 2000,SINGLE,cDNA,TRANSCRIPTOMIC,Rattus norvegicus,ILLUMINA,2014-06-20T00:00:00Z,GSM1328480,female,Adrenal,SRP037986,Fisher 344,Adrenal,2014-02-14T12:38:00Z,1
SRR1169917,RNA-Seq,50,1308845500,PRJNA238328,SAMN02642900,965244623,GEO,public,"fastq,run.zq,sra","gs,ncbi,s3","gs.us-east1,ncbi.public,s3.us-east-1",SRX471380,GSM1328481,Illumina HiSeq 2000,SINGLE,cDNA,TRANSCRIPTOMIC,Rattus norvegicus,ILLUMINA,2014-06-20T00:00:00Z,GSM1328481,female,Adrenal,SRP037986,Fisher 344,Adrenal,2014-02-14T12:37:00Z,1
SRR1169918,RNA-Seq,50,1239118800,PRJNA238328,SAMN02642900,907162678,GEO,public,"fastq,run.zq,sra","gs,ncbi,s3","gs.us-east1,ncbi.public,s3.us-east-1",SRX471380,GSM1328481,Illumina HiSeq 2000,SINGLE,cDNA,TRANSCRIPTOMIC,Rattus norvegicus,ILLUMINA,2014-06-20T00:00:00Z,GSM1328481,female,Adrenal,SRP037986,Fisher 344,Adrenal,2014-02-14T12:37:00Z,1
SRR1169919,RNA-Seq,50,1059339550,PRJNA238328,SAMN02642847,781284037,GEO,public,"fastq,run.zq,sra","gs,ncbi,s3","gs.us-east1,ncbi.public,s3.us-east-1",SRX471381,GSM1328482,Illumina HiSeq 2000,SINGLE,cDNA,TRANSCRIPTOMIC,Rattus norvegicus,ILLUMINA,2014-06-20T00:00:00Z,GSM1328482,female,Adrenal,SRP037986,Fisher 344,Adrenal,2014-02-14T12:36:00Z,1
SRR1169920,RNA-Seq,50,915652650,PRJNA238328,SAMN02642847,699280496,GEO,public,"fastq,run.zq,sra","gs,ncbi,s3","gs.us-east1,ncbi.public,s3.us-east-1",SRX471381,GSM1328482,Illumina HiSeq 2000,SINGLE,cDNA,TRANSCRIPTOMIC,Rattus norvegicus,ILLUMINA,2014-06-20T00:00:00Z,GSM1328482,female,Adrenal,SRP037986,Fisher 344,Adrenal,2014-02-14T12:36:00Z,1
SRR1169921,RNA-Seq,50,828551850,PRJNA238328,SAMN02642873,612034555,GEO,public,"fastq,run.zq,sra","gs,ncbi,s3","gs.us-east1,ncbi.public,s3.us-east-1",SRX471382,GSM1328483,Illumina HiSeq 2000,SINGLE,cDNA,TRANSCRIPTOMIC,Rattus norvegicus,ILLUMINA,2014-06-20T00:00:00Z,GSM1328483,female,Adrenal,SRP037986,Fisher 344,Adrenal,2014-02-14T12:37:00Z,1
SRR1169922,RNA-Seq,50,691764450,PRJNA238328,SAMN02642873,521176829,GEO,public,"fastq,run.zq,sra","gs,ncbi,s3","gs.us-east1,ncbi.public,s3.us-east-1",SRX471382,GSM1328483,Illumina HiSeq 2000,SINGLE,cDNA,TRANSCRIPTOMIC,Rattus norvegicus,ILLUMINA,2014-06-20T00:00:00Z,GSM1328483,female,Adrenal,SRP037986,Fisher 344,Adrenal,2014-02-14T12:36:00Z,1
SRR1169923,RNA-Seq,50,1155387150,PRJNA238328,SAMN02642871,833594776,GEO,public,"fastq,run.zq,sra","gs,ncbi,s3","gs.us-east1,ncbi.public,s3.us-east-1",SRX471383,GSM1328484,Illumina HiSeq 2000,SINGLE,cDNA,TRANSCRIPTOMIC,Rattus norvegicus,ILLUMINA,2014-06-20T00:00:00Z,GSM1328484,female,Adrenal,SRP037986,Fisher 344,Adrenal,2014-02-14T12:42:00Z,1
SRR1169924,RNA-Seq,50,1070221450,PRJNA238328,SAMN02642871,772421064,GEO,public,"fastq,run.zq,sra","gs,ncbi,s3","gs.us-east1,ncbi.public,s3.us-east-1",SRX471383,GSM1328484,Illumina HiSeq 2000,SINGLE,cDNA,TRANSCRIPTOMIC,Rattus norvegicus,ILLUMINA,2014-06-20T00:00:00Z,GSM1328484,female,Adrenal,SRP037986,Fisher 344,Adrenal,2014-02-14T12:40:00Z,1
SRR1169925,RNA-Seq,50,1171510900,PRJNA238328,SAMN02642848,848418775,GEO,public,"fastq,run.zq,sra","gs,ncbi,s3","gs.us-east1,ncbi.public,s3.us-east-1",SRX471384,GSM1328485,Illumina HiSeq 2000,SINGLE,cDNA,TRANSCRIPTOMIC,Rattus norvegicus,ILLUMINA,2014-06-20T00:00:00Z,GSM1328485,male,Adrenal,SRP037986,Fisher 344,Adrenal,2014-02-14T12:44:00Z,1
SRR1169926,RNA-Seq,50,989349350,PRJNA238328,SAMN02642848,724450318,GEO,public,"fastq,run.zq,sra","gs,ncbi,s3","gs.us-east1,ncbi.public,s3.us-east-1",SRX471384,GSM1328485,Illumina HiSeq 2000,SINGLE,cDNA,TRANSCRIPTOMIC,Rattus norvegicus,ILLUMINA,2014-06-20T00:00:00Z,GSM1328485,male,Adrenal,SRP037986,Fisher 344,Adrenal,2014-02-14T12:43:00Z,1
SRR1169927,RNA-Seq,50,847653300,PRJNA238328,SAMN02642876,615499441,GEO,public,"fastq,run.zq,sra","gs,ncbi,s3","gs.us-east1,ncbi.public,s3.us-east-1",SRX471385,GSM1328486,Illumina HiSeq 2000,SINGLE,cDNA,TRANSCRIPTOMIC,Rattus norvegicus,ILLUMINA,2014-06-20T00:00:00Z,GSM1328486,male,Adrenal,SRP037986,Fisher 344,Adrenal,2014-02-14T12:44:00Z,1
SRR1169928,RNA-Seq,50,856651650,PRJNA238328,SAMN02642876,620723794,GEO,public,"fastq,run.zq,sra","gs,ncbi,s3","gs.us-east1,ncbi.public,s3.us-east-1",SRX471385,GSM1328486,Illumina HiSeq 2000,SINGLE,cDNA,TRANSCRIPTOMIC,Rattus norvegicus,ILLUMINA,2014-06-20T00:00:00Z,GSM1328486,male,Adrenal,SRP037986,Fisher 344,Adrenal,2014-02-14T12:44:00Z,1
SRR1169929,RNA-Seq,50,1346435650,PRJNA238328,SAMN02642875,957286077,GEO,public,"fastq,run.zq,sra","gs,ncbi,s3","gs.us-east1,ncbi.public,s3.us-east-1",SRX471386,GSM1328487,Illumina HiSeq 2000,SINGLE,cDNA,TRANSCRIPTOMIC,Rattus norvegicus,ILLUMINA,2014-06-20T00:00:00Z,GSM1328487,male,Adrenal,SRP037986,Fisher 344,Adrenal,2014-02-14T12:49:00Z,1
SRR1169930,RNA-Seq,50,1384749050,PRJNA238328,SAMN02642875,974622380,GEO,public,"fastq,run.zq,sra","gs,ncbi,s3","gs.us-east1,ncbi.public,s3.us-east-1",SRX471386,GSM1328487,Illumina HiSeq 2000,SINGLE,cDNA,TRANSCRIPTOMIC,Rattus norvegicus,ILLUMINA,2014-06-20T00:00:00Z,GSM1328487,male,Adrenal,SRP037986,Fisher 344,Adrenal,2014-02-14T12:49:00Z,1
SRR1169931,RNA-Seq,50,1668152100,PRJNA238328,SAMN02642850,1214877937,GEO,public,"fastq,run.zq,sra","gs,ncbi,s3","gs.us-east1,ncbi.public,s3.us-east-1",SRX471387,GSM1328488,Illumina HiSeq 2000,SINGLE,cDNA,TRANSCRIPTOMIC,Rattus norvegicus,ILLUMINA,2014-06-20T00:00:00Z,GSM1328488,male,Adrenal,SRP037986,Fisher 344,Adrenal,2014-02-14T12:47:00Z,1
SRR1169932,RNA-Seq,50,486765500,PRJNA238328,SAMN02642850,368377890,GEO,public,"fastq,run.zq,sra","gs,ncbi,s3","gs.us-east1,ncbi.public,s3.us-east-1",SRX471387,GSM1328488,Illumina HiSeq 2000,SINGLE,cDNA,TRANSCRIPTOMIC,Rattus norvegicus,ILLUMINA,2014-06-20T00:00:00Z,GSM1328488,male,Adrenal,SRP037986,Fisher 344,Adrenal,2014-02-14T12:43:00Z,1
SRR1169933,RNA-Seq,50,764202950,PRJNA238328,SAMN02642850,587090948,GEO,public,"fastq,run.zq,sra","gs,ncbi,s3","gs.us-east1,ncbi.public,s3.us-east-1",SRX471387,GSM1328488,Illumina HiSeq 2000,SINGLE,cDNA,TRANSCRIPTOMIC,Rattus norvegicus,ILLUMINA,2014-06-20T00:00:00Z,GSM1328488,male,Adrenal,SRP037986,Fisher 344,Adrenal,2014-02-14T12:43:00Z,1
SRR1169934,RNA-Seq,50,1255885250,PRJNA238328,SAMN02642877,891771389,GEO,public,"fastq,run.zq,sra","gs,ncbi,s3","gs.us-east1,ncbi.public,s3.us-east-1",SRX471388,GSM1328489,Illumina HiSeq 2000,SINGLE,cDNA,TRANSCRIPTOMIC,Rattus norvegicus,ILLUMINA,2014-06-20T00:00:00Z,GSM1328489,male,Adrenal,SRP037986,Fisher 344,Adrenal,2014-02-14T12:49:00Z,1
SRR1169935,RNA-Seq,50,1133909050,PRJNA238328,SAMN02642877,824014238,GEO,public,"fastq,run.zq,sra","gs,ncbi,s3","gs.us-east1,ncbi.public,s3.us-east-1",SRX471388,GSM1328489,Illumina HiSeq 2000,SINGLE,cDNA,TRANSCRIPTOMIC,Rattus norvegicus,ILLUMINA,2014-06-20T00:00:00Z,GSM1328489,male,Adrenal,SRP037986,Fisher 344,Adrenal,2014-02-14T12:50:00Z,1
SRR1169936,RNA-Seq,50,961206650,PRJNA238328,SAMN02642878,692576433,GEO,public,"fastq,run.zq,sra","gs,ncbi,s3","gs.us-east1,ncbi.public,s3.us-east-1",SRX471389,GSM1328490,Illumina HiSeq 2000,SINGLE,cDNA,TRANSCRIPTOMIC,Rattus norvegicus,ILLUMINA,2014-06-20T00:00:00Z,GSM1328490,male,Adrenal,SRP037986,Fisher 344,Adrenal,2014-02-14T12:46:00Z,1
SRR1169937,RNA-Seq,50,993584200,PRJNA238328,SAMN02642878,710523689,GEO,public,"fastq,run.zq,sra","gs,ncbi,s3","gs.us-east1,ncbi.public,s3.us-east-1",SRX471389,GSM1328490,Illumina HiSeq 2000,SINGLE,cDNA,TRANSCRIPTOMIC,Rattus norvegicus,ILLUMINA,2014-06-20T00:00:00Z,GSM1328490,male,Adrenal,SRP037986,Fisher 344,Adrenal,2014-02-14T12:49:00Z,1
SRR1169938,RNA-Seq,50,1554152100,PRJNA238328,SAMN02642852,1135641289,GEO,public,"fastq,run.zq,sra","gs,ncbi,s3","gs.us-east1,ncbi.public,s3.us-east-1",SRX471390,GSM1328491,Illumina HiSeq 2000,SINGLE,cDNA,TRANSCRIPTOMIC,Rattus norvegicus,ILLUMINA,2014-06-20T00:00:00Z,GSM1328491,male,Adrenal,SRP037986,Fisher 344,Adrenal,2014-02-14T12:47:00Z,1
SRR1169939,RNA-Seq,50,1395359200,PRJNA238328,SAMN02642852,1008729320,GEO,public,"fastq,run.zq,sra","gs,ncbi,s3","gs.us-east1,ncbi.public,s3.us-east-1",SRX471390,GSM1328491,Illumina HiSeq 2000,SINGLE,cDNA,TRANSCRIPTOMIC,Rattus norvegicus,ILLUMINA,2014-06-20T00:00:00Z,GSM1328491,male,Adrenal,SRP037986,Fisher 344,Adrenal,2014-02-14T12:47:00Z,1
SRR1169940,RNA-Seq,50,1424447650,PRJNA238328,SAMN02642879,1021883628,GEO,public,"fastq,run.zq,sra","gs,ncbi,s3","gs.us-east1,ncbi.public,s3.us-east-1",SRX471391,GSM1328492,Illumina HiSeq 2000,SINGLE,cDNA,TRANSCRIPTOMIC,Rattus norvegicus,ILLUMINA,2014-06-20T00:00:00Z,GSM1328492,male,Adrenal,SRP037986,Fisher 344,Adrenal,2014-02-14T12:47:00Z,1
SRR1169941,RNA-Seq,50,1499129000,PRJNA238328,SAMN02642879,1041894005,GEO,public,"fastq,run.zq,sra","gs,ncbi,s3","gs.us-east1,ncbi.public,s3.us-east-1",SRX471391,GSM1328492,Illumina HiSeq 2000,SINGLE,cDNA,TRANSCRIPTOMIC,Rattus norvegicus,ILLUMINA,2014-06-20T00:00:00Z,GSM1328492,male,Adrenal,SRP037986,Fisher 344,Adrenal,2014-02-14T12:48:00Z,1
SRR1169942,RNA-Seq,50,893769100,PRJNA238328,SAMN02642881,664532619,GEO,public,"fastq,run.zq,sra","gs,ncbi,s3","gs.us-east1,ncbi.public,s3.us-east-1",SRX471392,GSM1328493,Illumina HiSeq 2000,SINGLE,cDNA,TRANSCRIPTOMIC,Rattus norvegicus,ILLUMINA,2014-06-20T00:00:00Z,GSM1328493,male,Adrenal,SRP037986,Fisher 344,Adrenal,2014-02-14T12:41:00Z,1
SRR1169943,RNA-Seq,50,1035878000,PRJNA238328,SAMN02642881,767783292,GEO,public,"fastq,run.zq,sra","gs,ncbi,s3","gs.us-east1,ncbi.public,s3.us-east-1",SRX471392,GSM1328493,Illumina HiSeq 2000,SINGLE,cDNA,TRANSCRIPTOMIC,Rattus norvegicus,ILLUMINA,2014-06-20T00:00:00Z,GSM1328493,male,Adrenal,SRP037986,Fisher 344,Adrenal,2014-02-14T12:42:00Z,1
SRR1169944,RNA-Seq,50,1089339950,PRJNA238328,SAMN02642851,812185273,GEO,public,"fastq,run.zq,sra","gs,ncbi,s3","gs.us-east1,ncbi.public,s3.us-east-1",SRX471393,GSM1328494,Illumina HiSeq 2000,SINGLE,cDNA,TRANSCRIPTOMIC,Rattus norvegicus,ILLUMINA,2014-06-20T00:00:00Z,GSM1328494,male,Adrenal,SRP037986,Fisher 344,Adrenal,2014-02-14T12:42:00Z,1
SRR1169945,RNA-Seq,50,1059009700,PRJNA238328,SAMN02642851,808404139,GEO,public,"fastq,run.zq,sra","gs,ncbi,s3","gs.us-east1,ncbi.public,s3.us-east-1",SRX471393,GSM1328494,Illumina HiSeq 2000,SINGLE,cDNA,TRANSCRIPTOMIC,Rattus norvegicus,ILLUMINA,2014-06-20T00:00:00Z,GSM1328494,male,Adrenal,SRP037986,Fisher 344,Adrenal,2014-02-14T12:42:00Z,1
SRR1169946,RNA-Seq,50,1310225950,PRJNA238328,SAMN02642888,939351300,GEO,public,"fastq,run.zq,sra","gs,ncbi,s3","gs.us-east1,ncbi.public,s3.us-east-1",SRX471394,GSM1328495,Illumina HiSeq 2000,SINGLE,cDNA,TRANSCRIPTOMIC,Rattus norvegicus,ILLUMINA,2014-06-20T00:00:00Z,GSM1328495,male,Adrenal,SRP037986,Fisher 344,Adrenal,2014-02-14T12:48:00Z,1
SRR1169947,RNA-Seq,50,1340448300,PRJNA238328,SAMN02642888,967539621,GEO,public,"fastq,run.zq,sra","gs,ncbi,s3","gs.us-east1,ncbi.public,s3.us-east-1",SRX471394,GSM1328495,Illumina HiSeq 2000,SINGLE,cDNA,TRANSCRIPTOMIC,Rattus norvegicus,ILLUMINA,2014-06-20T00:00:00Z,GSM1328495,male,Adrenal,SRP037986,Fisher 344,Adrenal,2014-02-14T12:43:00Z,1
SRR1169948,RNA-Seq,50,947979250,PRJNA238328,SAMN02642595,711503135,GEO,public,"fastq,run.zq,sra","gs,ncbi,s3","gs.us-east1,ncbi.public,s3.us-east-1",SRX471395,GSM1328496,Illumina HiSeq 2000,SINGLE,cDNA,TRANSCRIPTOMIC,Rattus norvegicus,ILLUMINA,2014-06-20T00:00:00Z,GSM1328496,male,Adrenal,SRP037986,Fisher 344,Adrenal,2014-02-14T12:42:00Z,1
SRR1169949,RNA-Seq,50,1067452500,PRJNA238328,SAMN02642595,785458394,GEO,public,"fastq,run.zq,sra","gs,ncbi,s3","gs.us-east1,ncbi.public,s3.us-east-1",SRX471395,GSM1328496,Illumina HiSeq 2000,SINGLE,cDNA,TRANSCRIPTOMIC,Rattus norvegicus,ILLUMINA,2014-06-20T00:00:00Z,GSM1328496,male,Adrenal,SRP037986,Fisher 344,Adrenal,2014-02-14T12:42:00Z,1
SRR1169950,RNA-Seq,50,763811850,PRJNA238328,SAMN02642600,576744239,GEO,public,"fastq,run.zq,sra","gs,ncbi,s3","gs.us-east1,ncbi.public,s3.us-east-1",SRX471396,GSM1328497,Illumina HiSeq 2000,SINGLE,cDNA,TRANSCRIPTOMIC,Rattus norvegicus,ILLUMINA,2014-06-20T00:00:00Z,GSM1328497,male,Adrenal,SRP037986,Fisher 344,Adrenal,2014-02-14T12:41:00Z,1
SRR1169951,RNA-Seq,50,949871600,PRJNA238328,SAMN02642600,706622109,GEO,public,"fastq,run.zq,sra","gs,ncbi,s3","gs.us-east1,ncbi.public,s3.us-east-1",SRX471396,GSM1328497,Illumina HiSeq 2000,SINGLE,cDNA,TRANSCRIPTOMIC,Rattus norvegicus,ILLUMINA,2014-06-20T00:00:00Z,GSM1328497,male,Adrenal,SRP037986,Fisher 344,Adrenal,2014-02-14T12:44:00Z,1
SRR1169952,RNA-Seq,50,1068155700,PRJNA238328,SAMN02642599,773529944,GEO,public,"fastq,run.zq,sra","gs,ncbi,s3","gs.us-east1,ncbi.public,s3.us-east-1",SRX471397,GSM1328498,Illumina HiSeq 2000,SINGLE,cDNA,TRANSCRIPTOMIC,Rattus norvegicus,ILLUMINA,2014-06-20T00:00:00Z,GSM1328498,male,Adrenal,SRP037986,Fisher 344,Adrenal,2014-02-14T12:44:00Z,1
SRR1169953,RNA-Seq,50,922742100,PRJNA238328,SAMN02642599,691852299,GEO,public,"fastq,run.zq,sra","gs,ncbi,s3","gs.us-east1,ncbi.public,s3.us-east-1",SRX471397,GSM1328498,Illumina HiSeq 2000,SINGLE,cDNA,TRANSCRIPTOMIC,Rattus norvegicus,ILLUMINA,2014-06-20T00:00:00Z,GSM1328498,male,Adrenal,SRP037986,Fisher 344,Adrenal,2014-02-14T12:44:00Z,1
SRR1169954,RNA-Seq,50,859391300,PRJNA238328,SAMN02642599,637582470,GEO,public,"fastq,run.zq,sra","gs,ncbi,s3","gs.us-east1,ncbi.public,s3.us-east-1",SRX471397,GSM1328498,Illumina HiSeq 2000,SINGLE,cDNA,TRANSCRIPTOMIC,Rattus norvegicus,ILLUMINA,2014-06-20T00:00:00Z,GSM1328498,male,Adrenal,SRP037986,Fisher 344,Adrenal,2014-02-14T12:42:00Z,1
SRR1169955,RNA-Seq,50,794559550,PRJNA238328,SAMN02642597,593605635,GEO,public,"fastq,run.zq,sra","gs,ncbi,s3","gs.us-east1,ncbi.public,s3.us-east-1",SRX471398,GSM1328499,Illumina HiSeq 2000,SINGLE,cDNA,TRANSCRIPTOMIC,Rattus norvegicus,ILLUMINA,2014-06-20T00:00:00Z,GSM1328499,male,Adrenal,SRP037986,Fisher 344,Adrenal,2014-02-14T12:44:00Z,1
SRR1169956,RNA-Seq,50,654230750,PRJNA238328,SAMN02642597,496776519,GEO,public,"fastq,run.zq,sra","gs,ncbi,s3","gs.us-east1,ncbi.public,s3.us-east-1",SRX471398,GSM1328499,Illumina HiSeq 2000,SINGLE,cDNA,TRANSCRIPTOMIC,Rattus norvegicus,ILLUMINA,2014-06-20T00:00:00Z,GSM1328499,male,Adrenal,SRP037986,Fisher 344,Adrenal,2014-02-14T12:43:00Z,1
SRR1169957,RNA-Seq,50,747847250,PRJNA238328,SAMN02642601,560779781,GEO,public,"fastq,run.zq,sra","gs,ncbi,s3","gs.us-east1,ncbi.public,s3.us-east-1",SRX471399,GSM1328500,Illumina HiSeq 2000,SINGLE,cDNA,TRANSCRIPTOMIC,Rattus norvegicus,ILLUMINA,2014-06-20T00:00:00Z,GSM1328500,male,Adrenal,SRP037986,Fisher 344,Adrenal,2014-02-14T12:41:00Z,1
SRR1169958,RNA-Seq,50,922838950,PRJNA238328,SAMN02642601,681985872,GEO,public,"fastq,run.zq,sra","gs,ncbi,s3","gs.us-east1,ncbi.public,s3.us-east-1",SRX471399,GSM1328500,Illumina HiSeq 2000,SINGLE,cDNA,TRANSCRIPTOMIC,Rattus norvegicus,ILLUMINA,2014-06-20T00:00:00Z,GSM1328500,male,Adrenal,SRP037986,Fisher 344,Adrenal,2014-02-14T12:44:00Z,1
SRR1169959,RNA-Seq,50,907497300,PRJNA238328,SAMN02642598,689063791,GEO,public,"fastq,run.zq,sra","gs,ncbi,s3","gs.us-east1,ncbi.public,s3.us-east-1",SRX471400,GSM1328501,Illumina HiSeq 2000,SINGLE,cDNA,TRANSCRIPTOMIC,Rattus norvegicus,ILLUMINA,2014-06-20T00:00:00Z,GSM1328501,female,Brain,SRP037986,Fisher 344,Brain,2014-02-14T12:53:00Z,1
SRR1169960,RNA-Seq,50,1104691500,PRJNA238328,SAMN02642598,817651714,GEO,public,"fastq,run.zq,sra","gs,ncbi,s3","gs.us-east1,ncbi.public,s3.us-east-1",SRX471400,GSM1328501,Illumina HiSeq 2000,SINGLE,cDNA,TRANSCRIPTOMIC,Rattus norvegicus,ILLUMINA,2014-06-20T00:00:00Z,GSM1328501,female,Brain,SRP037986,Fisher 344,Brain,2014-02-14T12:53:00Z,1
SRR1169961,RNA-Seq,50,1256687000,PRJNA238328,SAMN02642596,926389714,GEO,public,"fastq,run.zq,sra","gs,ncbi,s3","gs.us-east1,ncbi.public,s3.us-east-1",SRX471401,GSM1328502,Illumina HiSeq 2000,SINGLE,cDNA,TRANSCRIPTOMIC,Rattus norvegicus,ILLUMINA,2014-06-20T00:00:00Z,GSM1328502,female,Brain,SRP037986,Fisher 344,Brain,2014-02-14T12:50:00Z,1
SRR1169962,RNA-Seq,50,1538047850,PRJNA238328,SAMN02642596,1078830086,GEO,public,"fastq,run.zq,sra","gs,ncbi,s3","gs.us-east1,ncbi.public,s3.us-east-1",SRX471401,GSM1328502,Illumina HiSeq 2000,SINGLE,cDNA,TRANSCRIPTOMIC,Rattus norvegicus,ILLUMINA,2014-06-20T00:00:00Z,GSM1328502,female,Brain,SRP037986,Fisher 344,Brain,2014-02-14T12:51:00Z,1
SRR1169963,RNA-Seq,50,1356358950,PRJNA238328,SAMN02642686,1008000101,GEO,public,"fastq,run.zq,sra","gs,ncbi,s3","gs.us-east1,ncbi.public,s3.us-east-1",SRX471402,GSM1328503,Illumina HiSeq 2000,SINGLE,cDNA,TRANSCRIPTOMIC,Rattus norvegicus,ILLUMINA,2014-06-20T00:00:00Z,GSM1328503,female,Brain,SRP037986,Fisher 344,Brain,2014-02-14T12:54:00Z,1
SRR1169964,RNA-Seq,50,1250285150,PRJNA238328,SAMN02642686,951486091,GEO,public,"fastq,run.zq,sra","gs,ncbi,s3","gs.us-east1,ncbi.public,s3.us-east-1",SRX471402,GSM1328503,Illumina HiSeq 2000,SINGLE,cDNA,TRANSCRIPTOMIC,Rattus norvegicus,ILLUMINA,2014-06-20T00:00:00Z,GSM1328503,female,Brain,SRP037986,Fisher 344,Brain,2014-02-14T12:54:00Z,1
SRR1169965,RNA-Seq,50,1256779450,PRJNA238328,SAMN02642604,906913047,GEO,public,"fastq,run.zq,sra","gs,ncbi,s3","gs.us-east1,ncbi.public,s3.us-east-1",SRX471403,GSM1328504,Illumina HiSeq 2000,SINGLE,cDNA,TRANSCRIPTOMIC,Rattus norvegicus,ILLUMINA,2014-06-20T00:00:00Z,GSM1328504,female,Brain,SRP037986,Fisher 344,Brain,2014-02-14T12:54:00Z,1
SRR1169966,RNA-Seq,50,1058421850,PRJNA238328,SAMN02642604,772830497,GEO,public,"fastq,run.zq,sra","gs,ncbi,s3","gs.us-east1,ncbi.public,s3.us-east-1",SRX471403,GSM1328504,Illumina HiSeq 2000,SINGLE,cDNA,TRANSCRIPTOMIC,Rattus norvegicus,ILLUMINA,2014-06-20T00:00:00Z,GSM1328504,female,Brain,SRP037986,Fisher 344,Brain,2014-02-14T12:53:00Z,1
SRR1169967,RNA-Seq,50,881885450,PRJNA238328,SAMN02642603,637014709,GEO,public,"fastq,run.zq,sra","gs,ncbi,s3","gs.us-east1,ncbi.public,s3.us-east-1",SRX471404,GSM1328505,Illumina HiSeq 2000,SINGLE,cDNA,TRANSCRIPTOMIC,Rattus norvegicus,ILLUMINA,2014-06-20T00:00:00Z,GSM1328505,female,Brain,SRP037986,Fisher 344,Brain,2014-02-14T12:54:00Z,1
SRR1169968,RNA-Seq,50,956650550,PRJNA238328,SAMN02642603,668847236,GEO,public,"fastq,run.zq,sra","gs,ncbi,s3","gs.us-east1,ncbi.public,s3.us-east-1",SRX471404,GSM1328505,Illumina HiSeq 2000,SINGLE,cDNA,TRANSCRIPTOMIC,Rattus norvegicus,ILLUMINA,2014-06-20T00:00:00Z,GSM1328505,female,Brain,SRP037986,Fisher 344,Brain,2014-02-14T12:53:00Z,1
SRR1169969,RNA-Seq,50,932636050,PRJNA238328,SAMN02642602,675042246,GEO,public,"fastq,run.zq,sra","gs,ncbi,s3","gs.us-east1,ncbi.public,s3.us-east-1",SRX471405,GSM1328506,Illumina HiSeq 2000,SINGLE,cDNA,TRANSCRIPTOMIC,Rattus norvegicus,ILLUMINA,2014-06-20T00:00:00Z,GSM1328506,female,Brain,SRP037986,Fisher 344,Brain,2014-02-14T12:54:00Z,1
SRR1169970,RNA-Seq,50,1158881750,PRJNA238328,SAMN02642602,812272718,GEO,public,"fastq,run.zq,sra","gs,ncbi,s3","gs.us-east1,ncbi.public,s3.us-east-1",SRX471405,GSM1328506,Illumina HiSeq 2000,SINGLE,cDNA,TRANSCRIPTOMIC,Rattus norvegicus,ILLUMINA,2014-06-20T00:00:00Z,GSM1328506,female,Brain,SRP037986,Fisher 344,Brain,2014-02-14T12:52:00Z,1
SRR1169971,RNA-Seq,50,1096139350,PRJNA238328,SAMN02642605,780640634,GEO,public,"fastq,run.zq,sra","gs,ncbi,s3","gs.us-east1,ncbi.public,s3.us-east-1",SRX471406,GSM1328507,Illumina HiSeq 2000,SINGLE,cDNA,TRANSCRIPTOMIC,Rattus norvegicus,ILLUMINA,2014-06-20T00:00:00Z,GSM1328507,female,Brain,SRP037986,Fisher 344,Brain,2014-02-14T12:52:00Z,1
SRR1169972,RNA-Seq,50,1045829050,PRJNA238328,SAMN02642605,746586209,GEO,public,"fastq,run.zq,sra","gs,ncbi,s3","gs.us-east1,ncbi.public,s3.us-east-1",SRX471406,GSM1328507,Illumina HiSeq 2000,SINGLE,cDNA,TRANSCRIPTOMIC,Rattus norvegicus,ILLUMINA,2014-06-20T00:00:00Z,GSM1328507,female,Brain,SRP037986,Fisher 344,Brain,2014-02-14T12:52:00Z,1
SRR1169973,RNA-Seq,50,1012544600,PRJNA238328,SAMN02642608,732345143,GEO,public,"fastq,run.zq,sra","gs,ncbi,s3","gs.us-east1,ncbi.public,s3.us-east-1",SRX471407,GSM1328508,Illumina HiSeq 2000,SINGLE,cDNA,TRANSCRIPTOMIC,Rattus norvegicus,ILLUMINA,2014-06-20T00:00:00Z,GSM1328508,female,Brain,SRP037986,Fisher 344,Brain,2014-02-14T12:55:00Z,1
SRR1169974,RNA-Seq,50,1284110050,PRJNA238328,SAMN02642608,898952379,GEO,public,"fastq,run.zq,sra","gs,ncbi,s3","gs.us-east1,ncbi.public,s3.us-east-1",SRX471407,GSM1328508,Illumina HiSeq 2000,SINGLE,cDNA,TRANSCRIPTOMIC,Rattus norvegicus,ILLUMINA,2014-06-20T00:00:00Z,GSM1328508,female,Brain,SRP037986,Fisher 344,Brain,2014-02-14T12:56:00Z,1
SRR1169975,RNA-Seq,50,685212350,PRJNA238328,SAMN02642606,517204831,GEO,public,"fastq,run.zq,sra","gs,ncbi,s3","gs.us-east1,ncbi.public,s3.us-east-1",SRX471408,GSM1328509,Illumina HiSeq 2000,SINGLE,cDNA,TRANSCRIPTOMIC,Rattus norvegicus,ILLUMINA,2014-06-20T00:00:00Z,GSM1328509,female,Brain,SRP037986,Fisher 344,Brain,2014-02-14T12:49:00Z,1
SRR1169976,RNA-Seq,50,855602900,PRJNA238328,SAMN02642606,639721244,GEO,public,"fastq,run.zq,sra","gs,ncbi,s3","gs.us-east1,ncbi.public,s3.us-east-1",SRX471408,GSM1328509,Illumina HiSeq 2000,SINGLE,cDNA,TRANSCRIPTOMIC,Rattus norvegicus,ILLUMINA,2014-06-20T00:00:00Z,GSM1328509,female,Brain,SRP037986,Fisher 344,Brain,2014-02-14T12:49:00Z,1
SRR1169977,RNA-Seq,50,1455663100,PRJNA238328,SAMN02642610,1049495467,GEO,public,"fastq,run.zq,sra","gs,ncbi,s3","gs.us-east1,ncbi.public,s3.us-east-1",SRX471409,GSM1328510,Illumina HiSeq 2000,SINGLE,cDNA,TRANSCRIPTOMIC,Rattus norvegicus,ILLUMINA,2014-06-20T00:00:00Z,GSM1328510,female,Brain,SRP037986,Fisher 344,Brain,2014-02-14T12:55:00Z,1
SRR1169978,RNA-Seq,50,1348619050,PRJNA238328,SAMN02642610,972562253,GEO,public,"fastq,run.zq,sra","gs,ncbi,s3","gs.us-east1,ncbi.public,s3.us-east-1",SRX471409,GSM1328510,Illumina HiSeq 2000,SINGLE,cDNA,TRANSCRIPTOMIC,Rattus norvegicus,ILLUMINA,2014-06-20T00:00:00Z,GSM1328510,female,Brain,SRP037986,Fisher 344,Brain,2014-02-14T12:55:00Z,1
SRR1169979,RNA-Seq,50,1046605750,PRJNA238328,SAMN02642607,772087312,GEO,public,"fastq,run.zq,sra","gs,ncbi,s3","gs.us-east1,ncbi.public,s3.us-east-1",SRX471410,GSM1328511,Illumina HiSeq 2000,SINGLE,cDNA,TRANSCRIPTOMIC,Rattus norvegicus,ILLUMINA,2014-06-20T00:00:00Z,GSM1328511,female,Brain,SRP037986,Fisher 344,Brain,2014-02-14T12:50:00Z,1
SRR1169980,RNA-Seq,50,824692100,PRJNA238328,SAMN02642607,619236041,GEO,public,"fastq,run.zq,sra","gs,ncbi,s3","gs.us-east1,ncbi.public,s3.us-east-1",SRX471410,GSM1328511,Illumina HiSeq 2000,SINGLE,cDNA,TRANSCRIPTOMIC,Rattus norvegicus,ILLUMINA,2014-06-20T00:00:00Z,GSM1328511,female,Brain,SRP037986,Fisher 344,Brain,2014-02-14T12:49:00Z,1
SRR1169981,RNA-Seq,50,829304700,PRJNA238328,SAMN02642609,632014772,GEO,public,"fastq,run.zq,sra","gs,ncbi,s3","gs.us-east1,ncbi.public,s3.us-east-1",SRX471411,GSM1328512,Illumina HiSeq 2000,SINGLE,cDNA,TRANSCRIPTOMIC,Rattus norvegicus,ILLUMINA,2014-06-20T00:00:00Z,GSM1328512,female,Brain,SRP037986,Fisher 344,Brain,2014-02-14T12:49:00Z,1
SRR1169982,RNA-Seq,50,718675400,PRJNA238328,SAMN02642609,549131372,GEO,public,"fastq,run.zq,sra","gs,ncbi,s3","gs.us-east1,ncbi.public,s3.us-east-1",SRX471411,GSM1328512,Illumina HiSeq 2000,SINGLE,cDNA,TRANSCRIPTOMIC,Rattus norvegicus,ILLUMINA,2014-06-20T00:00:00Z,GSM1328512,female,Brain,SRP037986,Fisher 344,Brain,2014-02-14T12:49:00Z,1
SRR1169983,RNA-Seq,50,1598866600,PRJNA238328,SAMN02642685,1157202071,GEO,public,"fastq,run.zq,sra","gs,ncbi,s3","gs.us-east1,ncbi.public,s3.us-east-1",SRX471412,GSM1328513,Illumina HiSeq 2000,SINGLE,cDNA,TRANSCRIPTOMIC,Rattus norvegicus,ILLUMINA,2014-06-20T00:00:00Z,GSM1328513,female,Brain,SRP037986,Fisher 344,Brain,2014-02-14T12:49:00Z,1
SRR1169984,RNA-Seq,50,441858450,PRJNA238328,SAMN02642685,333131345,GEO,public,"fastq,run.zq,sra","gs,ncbi,s3","gs.us-east1,ncbi.public,s3.us-east-1",SRX471412,GSM1328513,Illumina HiSeq 2000,SINGLE,cDNA,TRANSCRIPTOMIC,Rattus norvegicus,ILLUMINA,2014-06-20T00:00:00Z,GSM1328513,female,Brain,SRP037986,Fisher 344,Brain,2014-02-14T12:46:00Z,1
SRR1169985,RNA-Seq,50,762170000,PRJNA238328,SAMN02642685,585945463,GEO,public,"fastq,run.zq,sra","gs,ncbi,s3","gs.us-east1,ncbi.public,s3.us-east-1",SRX471412,GSM1328513,Illumina HiSeq 2000,SINGLE,cDNA,TRANSCRIPTOMIC,Rattus norvegicus,ILLUMINA,2014-06-20T00:00:00Z,GSM1328513,female,Brain,SRP037986,Fisher 344,Brain,2014-02-14T12:49:00Z,1
SRR1169986,RNA-Seq,50,1181924950,PRJNA238328,SAMN02642611,852580836,GEO,public,"fastq,run.zq,sra","gs,ncbi,s3","gs.us-east1,ncbi.public,s3.us-east-1",SRX471413,GSM1328514,Illumina HiSeq 2000,SINGLE,cDNA,TRANSCRIPTOMIC,Rattus norvegicus,ILLUMINA,2014-06-20T00:00:00Z,GSM1328514,female,Brain,SRP037986,Fisher 344,Brain,2014-02-14T12:50:00Z,1
SRR1169987,RNA-Seq,50,1202135950,PRJNA238328,SAMN02642611,865420550,GEO,public,"fastq,run.zq,sra","gs,ncbi,s3","gs.us-east1,ncbi.public,s3.us-east-1",SRX471413,GSM1328514,Illumina HiSeq 2000,SINGLE,cDNA,TRANSCRIPTOMIC,Rattus norvegicus,ILLUMINA,2014-06-20T00:00:00Z,GSM1328514,female,Brain,SRP037986,Fisher 344,Brain,2014-02-14T12:52:00Z,1
SRR1169988,RNA-Seq,50,1626569850,PRJNA238328,SAMN02642612,1163574026,GEO,public,"fastq,run.zq,sra","gs,ncbi,s3","gs.us-east1,ncbi.public,s3.us-east-1",SRX471414,GSM1328515,Illumina HiSeq 2000,SINGLE,cDNA,TRANSCRIPTOMIC,Rattus norvegicus,ILLUMINA,2014-06-20T00:00:00Z,GSM1328515,female,Brain,SRP037986,Fisher 344,Brain,2014-02-14T12:53:00Z,1
SRR1169989,RNA-Seq,50,1656778950,PRJNA238328,SAMN02642612,1168032918,GEO,public,"fastq,run.zq,sra","gs,ncbi,s3","gs.us-east1,ncbi.public,s3.us-east-1",SRX471414,GSM1328515,Illumina HiSeq 2000,SINGLE,cDNA,TRANSCRIPTOMIC,Rattus norvegicus,ILLUMINA,2014-06-20T00:00:00Z,GSM1328515,female,Brain,SRP037986,Fisher 344,Brain,2014-02-14T12:51:00Z,1
SRR1169990,RNA-Seq,50,1642748250,PRJNA238328,SAMN02642614,1176133945,GEO,public,"fastq,run.zq,sra","gs,ncbi,s3","gs.us-east1,ncbi.public,s3.us-east-1",SRX471415,GSM1328516,Illumina HiSeq 2000,SINGLE,cDNA,TRANSCRIPTOMIC,Rattus norvegicus,ILLUMINA,2014-06-20T00:00:00Z,GSM1328516,female,Brain,SRP037986,Fisher 344,Brain,2014-02-14T12:53:00Z,1
SRR1169991,RNA-Seq,50,1687916150,PRJNA238328,SAMN02642614,1215803891,GEO,public,"fastq,run.zq,sra","gs,ncbi,s3","gs.us-east1,ncbi.public,s3.us-east-1",SRX471415,GSM1328516,Illumina HiSeq 2000,SINGLE,cDNA,TRANSCRIPTOMIC,Rattus norvegicus,ILLUMINA,2014-06-20T00:00:00Z,GSM1328516,female,Brain,SRP037986,Fisher 344,Brain,2014-02-14T12:51:00Z,1
SRR1169992,RNA-Seq,50,676783650,PRJNA238328,SAMN02642613,506858552,GEO,public,"fastq,run.zq,sra","gs,ncbi,s3","gs.us-east1,ncbi.public,s3.us-east-1",SRX471416,GSM1328517,Illumina HiSeq 2000,SINGLE,cDNA,TRANSCRIPTOMIC,Rattus norvegicus,ILLUMINA,2014-06-20T00:00:00Z,GSM1328517,male,Brain,SRP037986,Fisher 344,Brain,2014-02-14T12:53:00Z,1
SRR1169993,RNA-Seq,50,821498350,PRJNA238328,SAMN02642613,607315871,GEO,public,"fastq,run.zq,sra","gs,ncbi,s3","gs.us-east1,ncbi.public,s3.us-east-1",SRX471416,GSM1328517,Illumina HiSeq 2000,SINGLE,cDNA,TRANSCRIPTOMIC,Rattus norvegicus,ILLUMINA,2014-06-20T00:00:00Z,GSM1328517,male,Brain,SRP037986,Fisher 344,Brain,2014-02-14T12:54:00Z,1
SRR1169994,RNA-Seq,50,988418150,PRJNA238328,SAMN02642621,713403031,GEO,public,"fastq,run.zq,sra","gs,ncbi,s3","gs.us-east1,ncbi.public,s3.us-east-1",SRX471417,GSM1328518,Illumina HiSeq 2000,SINGLE,cDNA,TRANSCRIPTOMIC,Rattus norvegicus,ILLUMINA,2014-06-20T00:00:00Z,GSM1328518,male,Brain,SRP037986,Fisher 344,Brain,2014-02-14T12:54:00Z,1
SRR1169995,RNA-Seq,50,783893300,PRJNA238328,SAMN02642621,581568270,GEO,public,"fastq,run.zq,sra","gs,ncbi,s3","gs.us-east1,ncbi.public,s3.us-east-1",SRX471417,GSM1328518,Illumina HiSeq 2000,SINGLE,cDNA,TRANSCRIPTOMIC,Rattus norvegicus,ILLUMINA,2014-06-20T00:00:00Z,GSM1328518,male,Brain,SRP037986,Fisher 344,Brain,2014-02-14T12:54:00Z,1
SRR1169996,RNA-Seq,50,793876100,PRJNA238328,SAMN02642621,587481268,GEO,public,"fastq,run.zq,sra","gs,ncbi,s3","gs.us-east1,ncbi.public,s3.us-east-1",SRX471417,GSM1328518,Illumina HiSeq 2000,SINGLE,cDNA,TRANSCRIPTOMIC,Rattus norvegicus,ILLUMINA,2014-06-20T00:00:00Z,GSM1328518,male,Brain,SRP037986,Fisher 344,Brain,2014-02-14T12:54:00Z,1
SRR1169997,RNA-Seq,50,1420615150,PRJNA238328,SAMN02642615,1007202673,GEO,public,"fastq,run.zq,sra","gs,ncbi,s3","gs.us-east1,ncbi.public,s3.us-east-1",SRX471418,GSM1328519,Illumina HiSeq 2000,SINGLE,cDNA,TRANSCRIPTOMIC,Rattus norvegicus,ILLUMINA,2014-06-20T00:00:00Z,GSM1328519,male,Brain,SRP037986,Fisher 344,Brain,2014-02-14T12:57:00Z,1
SRR1169998,RNA-Seq,50,1456436800,PRJNA238328,SAMN02642615,1021648896,GEO,public,"fastq,run.zq,sra","gs,ncbi,s3","gs.us-east1,ncbi.public,s3.us-east-1",SRX471418,GSM1328519,Illumina HiSeq 2000,SINGLE,cDNA,TRANSCRIPTOMIC,Rattus norvegicus,ILLUMINA,2014-06-20T00:00:00Z,GSM1328519,male,Brain,SRP037986,Fisher 344,Brain,2014-02-14T12:58:00Z,1
SRR1169999,RNA-Seq,50,931467950,PRJNA238328,SAMN02642616,687467025,GEO,public,"fastq,run.zq,sra","gs,ncbi,s3","gs.us-east1,ncbi.public,s3.us-east-1",SRX471419,GSM1328520,Illumina HiSeq 2000,SINGLE,cDNA,TRANSCRIPTOMIC,Rattus norvegicus,ILLUMINA,2014-06-20T00:00:00Z,GSM1328520,male,Brain,SRP037986,Fisher 344,Brain,2014-02-14T12:59:00Z,1
SRR1170000,RNA-Seq,50,731050200,PRJNA238328,SAMN02642616,555441239,GEO,public,"fastq,run.zq,sra","gs,ncbi,s3","gs.us-east1,ncbi.public,s3.us-east-1",SRX471419,GSM1328520,Illumina HiSeq 2000,SINGLE,cDNA,TRANSCRIPTOMIC,Rattus norvegicus,ILLUMINA,2014-06-20T00:00:00Z,GSM1328520,male,Brain,SRP037986,Fisher 344,Brain,2014-02-14T12:59:00Z,1
SRR1170001,RNA-Seq,50,1146768650,PRJNA238328,SAMN02642684,815838207,GEO,public,"fastq,run.zq,sra","gs,ncbi,s3","gs.us-east1,ncbi.public,s3.us-east-1",SRX471420,GSM1328521,Illumina HiSeq 2000,SINGLE,cDNA,TRANSCRIPTOMIC,Rattus norvegicus,ILLUMINA,2014-06-20T00:00:00Z,GSM1328521,male,Brain,SRP037986,Fisher 344,Brain,2014-02-14T12:57:00Z,1
SRR1170002,RNA-Seq,50,1150883350,PRJNA238328,SAMN02642684,813175620,GEO,public,"fastq,run.zq,sra","gs,ncbi,s3","gs.us-east1,ncbi.public,s3.us-east-1",SRX471420,GSM1328521,Illumina HiSeq 2000,SINGLE,cDNA,TRANSCRIPTOMIC,Rattus norvegicus,ILLUMINA,2014-06-20T00:00:00Z,GSM1328521,male,Brain,SRP037986,Fisher 344,Brain,2014-02-14T12:58:00Z,1
SRR1170003,RNA-Seq,50,1467618250,PRJNA238328,SAMN02642617,1039433883,GEO,public,"fastq,run.zq,sra","gs,ncbi,s3","gs.us-east1,ncbi.public,s3.us-east-1",SRX471421,GSM1328522,Illumina HiSeq 2000,SINGLE,cDNA,TRANSCRIPTOMIC,Rattus norvegicus,ILLUMINA,2014-06-20T00:00:00Z,GSM1328522,male,Brain,SRP037986,Fisher 344,Brain,2014-02-14T13:00:00Z,1
SRR1170004,RNA-Seq,50,1333915700,PRJNA238328,SAMN02642617,966685651,GEO,public,"fastq,run.zq,sra","gs,ncbi,s3","gs.us-east1,ncbi.public,s3.us-east-1",SRX471421,GSM1328522,Illumina HiSeq 2000,SINGLE,cDNA,TRANSCRIPTOMIC,Rattus norvegicus,ILLUMINA,2014-06-20T00:00:00Z,GSM1328522,male,Brain,SRP037986,Fisher 344,Brain,2014-02-14T12:59:00Z,1
SRR1170005,RNA-Seq,50,942704950,PRJNA238328,SAMN02642619,713672232,GEO,public,"fastq,run.zq,sra","gs,ncbi,s3","gs.us-east1,ncbi.public,s3.us-east-1",SRX471422,GSM1328523,Illumina HiSeq 2000,SINGLE,cDNA,TRANSCRIPTOMIC,Rattus norvegicus,ILLUMINA,2014-06-20T00:00:00Z,GSM1328523,male,Brain,SRP037986,Fisher 344,Brain,2014-02-14T12:58:00Z,1
SRR1170006,RNA-Seq,50,823942500,PRJNA238328,SAMN02642619,624868631,GEO,public,"fastq,run.zq,sra","gs,ncbi,s3","gs.us-east1,ncbi.public,s3.us-east-1",SRX471422,GSM1328523,Illumina HiSeq 2000,SINGLE,cDNA,TRANSCRIPTOMIC,Rattus norvegicus,ILLUMINA,2014-06-20T00:00:00Z,GSM1328523,male,Brain,SRP037986,Fisher 344,Brain,2014-02-14T12:58:00Z,1
SRR1170007,RNA-Seq,50,882298550,PRJNA238328,SAMN02642902,638637693,GEO,public,"fastq,run.zq,sra","gs,ncbi,s3","gs.us-east1,ncbi.public,s3.us-east-1",SRX471423,GSM1328524,Illumina HiSeq 2000,SINGLE,cDNA,TRANSCRIPTOMIC,Rattus norvegicus,ILLUMINA,2014-06-20T00:00:00Z,GSM1328524,male,Brain,SRP037986,Fisher 344,Brain,2014-02-14T12:59:00Z,1
SRR1170008,RNA-Seq,50,905584500,PRJNA238328,SAMN02642902,651215595,GEO,public,"fastq,run.zq,sra","gs,ncbi,s3","gs.us-east1,ncbi.public,s3.us-east-1",SRX471423,GSM1328524,Illumina HiSeq 2000,SINGLE,cDNA,TRANSCRIPTOMIC,Rattus norvegicus,ILLUMINA,2014-06-20T00:00:00Z,GSM1328524,male,Brain,SRP037986,Fisher 344,Brain,2014-02-14T13:03:00Z,1
SRR1170009,RNA-Seq,50,1171101500,PRJNA238328,SAMN02642901,843692541,GEO,public,"fastq,run.zq,sra","gs,ncbi,s3","gs.us-east1,ncbi.public,s3.us-east-1",SRX471424,GSM1328525,Illumina HiSeq 2000,SINGLE,cDNA,TRANSCRIPTOMIC,Rattus norvegicus,ILLUMINA,2014-06-20T00:00:00Z,GSM1328525,male,Brain,SRP037986,Fisher 344,Brain,2014-02-14T12:55:00Z,1
SRR1170010,RNA-Seq,50,1159496350,PRJNA238328,SAMN02642901,832294517,GEO,public,"fastq,run.zq,sra","gs,ncbi,s3","gs.us-east1,ncbi.public,s3.us-east-1",SRX471424,GSM1328525,Illumina HiSeq 2000,SINGLE,cDNA,TRANSCRIPTOMIC,Rattus norvegicus,ILLUMINA,2014-06-20T00:00:00Z,GSM1328525,male,Brain,SRP037986,Fisher 344,Brain,2014-02-14T12:54:00Z,1
SRR1170011,RNA-Seq,50,899029950,PRJNA238328,SAMN02642882,670318198,GEO,public,"fastq,run.zq,sra","gs,ncbi,s3","gs.us-east1,ncbi.public,s3.us-east-1",SRX471425,GSM1328526,Illumina HiSeq 2000,SINGLE,cDNA,TRANSCRIPTOMIC,Rattus norvegicus,ILLUMINA,2014-06-20T00:00:00Z,GSM1328526,male,Brain,SRP037986,Fisher 344,Brain,2014-02-14T12:54:00Z,1
SRR1170012,RNA-Seq,50,783515250,PRJNA238328,SAMN02642882,588721582,GEO,public,"fastq,run.zq,sra","gs,ncbi,s3","gs.us-east1,ncbi.public,s3.us-east-1",SRX471425,GSM1328526,Illumina HiSeq 2000,SINGLE,cDNA,TRANSCRIPTOMIC,Rattus norvegicus,ILLUMINA,2014-06-20T00:00:00Z,GSM1328526,male,Brain,SRP037986,Fisher 344,Brain,2014-02-14T12:53:00Z,1
SRR1170013,RNA-Seq,50,932972900,PRJNA238328,SAMN02642905,706145940,GEO,public,"fastq,run.zq,sra","gs,ncbi,s3","gs.us-east1,ncbi.public,s3.us-east-1",SRX471426,GSM1328527,Illumina HiSeq 2000,SINGLE,cDNA,TRANSCRIPTOMIC,Rattus norvegicus,ILLUMINA,2014-06-20T00:00:00Z,GSM1328527,male,Brain,SRP037986,Fisher 344,Brain,2014-02-14T12:54:00Z,1
SRR1170014,RNA-Seq,50,1061917900,PRJNA238328,SAMN02642905,785740407,GEO,public,"fastq,run.zq,sra","gs,ncbi,s3","gs.us-east1,ncbi.public,s3.us-east-1",SRX471426,GSM1328527,Illumina HiSeq 2000,SINGLE,cDNA,TRANSCRIPTOMIC,Rattus norvegicus,ILLUMINA,2014-06-20T00:00:00Z,GSM1328527,male,Brain,SRP037986,Fisher 344,Brain,2014-02-14T12:55:00Z,1
SRR1170015,RNA-Seq,50,915101600,PRJNA238328,SAMN02642906,682405191,GEO,public,"fastq,run.zq,sra","gs,ncbi,s3","gs.us-east1,ncbi.public,s3.us-east-1",SRX471427,GSM1328528,Illumina HiSeq 2000,SINGLE,cDNA,TRANSCRIPTOMIC,Rattus norvegicus,ILLUMINA,2014-06-20T00:00:00Z,GSM1328528,male,Brain,SRP037986,Fisher 344,Brain,2014-02-14T12:55:00Z,1
SRR1170016,RNA-Seq,50,800807000,PRJNA238328,SAMN02642906,607971572,GEO,public,"fastq,run.zq,sra","gs,ncbi,s3","gs.us-east1,ncbi.public,s3.us-east-1",SRX471427,GSM1328528,Illumina HiSeq 2000,SINGLE,cDNA,TRANSCRIPTOMIC,Rattus norvegicus,ILLUMINA,2014-06-20T00:00:00Z,GSM1328528,male,Brain,SRP037986,Fisher 344,Brain,2014-02-14T12:57:00Z,1
SRR1170017,RNA-Seq,50,1155277100,PRJNA238328,SAMN02642618,849928393,GEO,public,"fastq,run.zq,sra","gs,ncbi,s3","gs.us-east1,ncbi.public,s3.us-east-1",SRX471428,GSM1328529,Illumina HiSeq 2000,SINGLE,cDNA,TRANSCRIPTOMIC,Rattus norvegicus,ILLUMINA,2014-06-20T00:00:00Z,GSM1328529,male,Brain,SRP037986,Fisher 344,Brain,2014-02-14T12:55:00Z,1
SRR1170018,RNA-Seq,50,1097165950,PRJNA238328,SAMN02642618,801517806,GEO,public,"fastq,run.zq,sra","gs,ncbi,s3","gs.us-east1,ncbi.public,s3.us-east-1",SRX471428,GSM1328529,Illumina HiSeq 2000,SINGLE,cDNA,TRANSCRIPTOMIC,Rattus norvegicus,ILLUMINA,2014-06-20T00:00:00Z,GSM1328529,male,Brain,SRP037986,Fisher 344,Brain,2014-02-14T12:57:00Z,1
SRR1170019,RNA-Seq,50,856502500,PRJNA238328,SAMN02642620,644721126,GEO,public,"fastq,run.zq,sra","gs,ncbi,s3","gs.us-east1,ncbi.public,s3.us-east-1",SRX471429,GSM1328530,Illumina HiSeq 2000,SINGLE,cDNA,TRANSCRIPTOMIC,Rattus norvegicus,ILLUMINA,2014-06-20T00:00:00Z,GSM1328530,male,Brain,SRP037986,Fisher 344,Brain,2014-02-14T12:57:00Z,1
SRR1170020,RNA-Seq,50,985870550,PRJNA238328,SAMN02642620,731212137,GEO,public,"fastq,run.zq,sra","gs,ncbi,s3","gs.us-east1,ncbi.public,s3.us-east-1",SRX471429,GSM1328530,Illumina HiSeq 2000,SINGLE,cDNA,TRANSCRIPTOMIC,Rattus norvegicus,ILLUMINA,2014-06-20T00:00:00Z,GSM1328530,male,Brain,SRP037986,Fisher 344,Brain,2014-02-14T12:57:00Z,1
SRR1170021,RNA-Seq,50,761668700,PRJNA238328,SAMN02642880,564872163,GEO,public,"fastq,run.zq,sra","gs,ncbi,s3","gs.us-east1,ncbi.public,s3.us-east-1",SRX471430,GSM1328531,Illumina HiSeq 2000,SINGLE,cDNA,TRANSCRIPTOMIC,Rattus norvegicus,ILLUMINA,2014-06-20T00:00:00Z,GSM1328531,male,Brain,SRP037986,Fisher 344,Brain,2014-02-14T12:58:00Z,1
SRR1170022,RNA-Seq,50,947980050,PRJNA238328,SAMN02642880,703461956,GEO,public,"fastq,run.zq,sra","gs,ncbi,s3","gs.us-east1,ncbi.public,s3.us-east-1",SRX471430,GSM1328531,Illumina HiSeq 2000,SINGLE,cDNA,TRANSCRIPTOMIC,Rattus norvegicus,ILLUMINA,2014-06-20T00:00:00Z,GSM1328531,male,Brain,SRP037986,Fisher 344,Brain,2014-02-14T12:59:00Z,1
SRR1170023,RNA-Seq,50,1062219850,PRJNA238328,SAMN02642883,782090150,GEO,public,"fastq,run.zq,sra","gs,ncbi,s3","gs.us-east1,ncbi.public,s3.us-east-1",SRX471431,GSM1328532,Illumina HiSeq 2000,SINGLE,cDNA,TRANSCRIPTOMIC,Rattus norvegicus,ILLUMINA,2014-06-20T00:00:00Z,GSM1328532,male,Brain,SRP037986,Fisher 344,Brain,2014-02-14T13:00:00Z,1
SRR1170024,RNA-Seq,50,954097050,PRJNA238328,SAMN02642883,694749965,GEO,public,"fastq,run.zq,sra","gs,ncbi,s3","gs.us-east1,ncbi.public,s3.us-east-1",SRX471431,GSM1328532,Illumina HiSeq 2000,SINGLE,cDNA,TRANSCRIPTOMIC,Rattus norvegicus,ILLUMINA,2014-06-20T00:00:00Z,GSM1328532,male,Brain,SRP037986,Fisher 344,Brain,2014-02-14T13:00:00Z,1
SRR1170025,RNA-Seq,50,1983909100,PRJNA238328,SAMN02642908,1436429059,GEO,public,"fastq,run.zq,sra","gs,ncbi,s3","gs.us-east1,ncbi.public,s3.us-east-1",SRX471432,GSM1328533,Illumina HiSeq 2000,SINGLE,cDNA,TRANSCRIPTOMIC,Rattus norvegicus,ILLUMINA,2014-06-20T00:00:00Z,GSM1328533,female,Heart,SRP037986,Fisher 344,Heart,2014-02-14T13:09:00Z,1
SRR1170026,RNA-Seq,50,568237700,PRJNA238328,SAMN02642908,428527959,GEO,public,"fastq,run.zq,sra","gs,ncbi,s3","gs.us-east1,ncbi.public,s3.us-east-1",SRX471432,GSM1328533,Illumina HiSeq 2000,SINGLE,cDNA,TRANSCRIPTOMIC,Rattus norvegicus,ILLUMINA,2014-06-20T00:00:00Z,GSM1328533,female,Heart,SRP037986,Fisher 344,Heart,2014-02-14T13:00:00Z,1
SRR1170027,RNA-Seq,50,1035526150,PRJNA238328,SAMN02642908,798532794,GEO,public,"fastq,run.zq,sra","gs,ncbi,s3","gs.us-east1,ncbi.public,s3.us-east-1",SRX471432,GSM1328533,Illumina HiSeq 2000,SINGLE,cDNA,TRANSCRIPTOMIC,Rattus norvegicus,ILLUMINA,2014-06-20T00:00:00Z,GSM1328533,female,Heart,SRP037986,Fisher 344,Heart,2014-02-14T13:01:00Z,1
SRR1170028,RNA-Seq,50,761389350,PRJNA238328,SAMN02642907,572299716,GEO,public,"fastq,run.zq,sra","gs,ncbi,s3","gs.us-east1,ncbi.public,s3.us-east-1",SRX471433,GSM1328534,Illumina HiSeq 2000,SINGLE,cDNA,TRANSCRIPTOMIC,Rattus norvegicus,ILLUMINA,2014-06-20T00:00:00Z,GSM1328534,female,Heart,SRP037986,Fisher 344,Heart,2014-02-14T13:01:00Z,1
SRR1170029,RNA-Seq,50,973523400,PRJNA238328,SAMN02642907,724208526,GEO,public,"fastq,run.zq,sra","gs,ncbi,s3","gs.us-east1,ncbi.public,s3.us-east-1",SRX471433,GSM1328534,Illumina HiSeq 2000,SINGLE,cDNA,TRANSCRIPTOMIC,Rattus norvegicus,ILLUMINA,2014-06-20T00:00:00Z,GSM1328534,female,Heart,SRP037986,Fisher 344,Heart,2014-02-14T13:06:00Z,1
SRR1170030,RNA-Seq,50,1311185150,PRJNA238328,SAMN02642884,937396010,GEO,public,"fastq,run.zq,sra","gs,ncbi,s3","gs.us-east1,ncbi.public,s3.us-east-1",SRX471434,GSM1328535,Illumina HiSeq 2000,SINGLE,cDNA,TRANSCRIPTOMIC,Rattus norvegicus,ILLUMINA,2014-06-20T00:00:00Z,GSM1328535,female,Heart,SRP037986,Fisher 344,Heart,2014-02-14T13:07:00Z,1
SRR1170031,RNA-Seq,50,1347582450,PRJNA238328,SAMN02642884,969482986,GEO,public,"fastq,run.zq,sra","gs,ncbi,s3","gs.us-east1,ncbi.public,s3.us-east-1",SRX471434,GSM1328535,Illumina HiSeq 2000,SINGLE,cDNA,TRANSCRIPTOMIC,Rattus norvegicus,ILLUMINA,2014-06-20T00:00:00Z,GSM1328535,female,Heart,SRP037986,Fisher 344,Heart,2014-02-14T13:07:00Z,1
SRR1170032,RNA-Seq,50,909959500,PRJNA238328,SAMN02642913,680617585,GEO,public,"fastq,run.zq,sra","gs,ncbi,s3","gs.us-east1,ncbi.public,s3.us-east-1",SRX471435,GSM1328536,Illumina HiSeq 2000,SINGLE,cDNA,TRANSCRIPTOMIC,Rattus norvegicus,ILLUMINA,2014-06-20T00:00:00Z,GSM1328536,female,Heart,SRP037986,Fisher 344,Heart,2014-02-14T13:06:00Z,1
SRR1170033,RNA-Seq,50,1152236100,PRJNA238328,SAMN02642913,848802844,GEO,public,"fastq,run.zq,sra","gs,ncbi,s3","gs.us-east1,ncbi.public,s3.us-east-1",SRX471435,GSM1328536,Illumina HiSeq 2000,SINGLE,cDNA,TRANSCRIPTOMIC,Rattus norvegicus,ILLUMINA,2014-06-20T00:00:00Z,GSM1328536,female,Heart,SRP037986,Fisher 344,Heart,2014-02-14T13:10:00Z,1
SRR1170034,RNA-Seq,50,1317292800,PRJNA238328,SAMN02642909,951266752,GEO,public,"fastq,run.zq,sra","gs,ncbi,s3","gs.us-east1,ncbi.public,s3.us-east-1",SRX471436,GSM1328537,Illumina HiSeq 2000,SINGLE,cDNA,TRANSCRIPTOMIC,Rattus norvegicus,ILLUMINA,2014-06-20T00:00:00Z,GSM1328537,female,Heart,SRP037986,Fisher 344,Heart,2014-02-14T13:02:00Z,1
SRR1170035,RNA-Seq,50,1299341100,PRJNA238328,SAMN02642909,935283555,GEO,public,"fastq,run.zq,sra","gs,ncbi,s3","gs.us-east1,ncbi.public,s3.us-east-1",SRX471436,GSM1328537,Illumina HiSeq 2000,SINGLE,cDNA,TRANSCRIPTOMIC,Rattus norvegicus,ILLUMINA,2014-06-20T00:00:00Z,GSM1328537,female,Heart,SRP037986,Fisher 344,Heart,2014-02-14T13:07:00Z,1
SRR1170036,RNA-Seq,50,994990500,PRJNA238328,SAMN02642887,755720361,GEO,public,"fastq,run.zq,sra","gs,ncbi,s3","gs.us-east1,ncbi.public,s3.us-east-1",SRX471437,GSM1328538,Illumina HiSeq 2000,SINGLE,cDNA,TRANSCRIPTOMIC,Rattus norvegicus,ILLUMINA,2014-06-20T00:00:00Z,GSM1328538,female,Heart,SRP037986,Fisher 344,Heart,2014-02-14T13:06:00Z,1
SRR1170037,RNA-Seq,50,1149110900,PRJNA238328,SAMN02642887,848491007,GEO,public,"fastq,run.zq,sra","gs,ncbi,s3","gs.us-east1,ncbi.public,s3.us-east-1",SRX471437,GSM1328538,Illumina HiSeq 2000,SINGLE,cDNA,TRANSCRIPTOMIC,Rattus norvegicus,ILLUMINA,2014-06-20T00:00:00Z,GSM1328538,female,Heart,SRP037986,Fisher 344,Heart,2014-02-14T13:03:00Z,1
SRR1170038,RNA-Seq,50,1543328250,PRJNA238328,SAMN02642915,1101251800,GEO,public,"fastq,run.zq,sra","gs,ncbi,s3","gs.us-east1,ncbi.public,s3.us-east-1",SRX471438,GSM1328539,Illumina HiSeq 2000,SINGLE,cDNA,TRANSCRIPTOMIC,Rattus norvegicus,ILLUMINA,2014-06-20T00:00:00Z,GSM1328539,female,Heart,SRP037986,Fisher 344,Heart,2014-02-14T13:08:00Z,1
SRR1170039,RNA-Seq,50,1577093700,PRJNA238328,SAMN02642915,1108711455,GEO,public,"fastq,run.zq,sra","gs,ncbi,s3","gs.us-east1,ncbi.public,s3.us-east-1",SRX471438,GSM1328539,Illumina HiSeq 2000,SINGLE,cDNA,TRANSCRIPTOMIC,Rattus norvegicus,ILLUMINA,2014-06-20T00:00:00Z,GSM1328539,female,Heart,SRP037986,Fisher 344,Heart,2014-02-14T13:04:00Z,1
SRR1170040,RNA-Seq,50,1268977150,PRJNA238328,SAMN02642912,912877101,GEO,public,"fastq,run.zq,sra","gs,ncbi,s3","gs.us-east1,ncbi.public,s3.us-east-1",SRX471439,GSM1328540,Illumina HiSeq 2000,SINGLE,cDNA,TRANSCRIPTOMIC,Rattus norvegicus,ILLUMINA,2014-06-20T00:00:00Z,GSM1328540,female,Heart,SRP037986,Fisher 344,Heart,2014-02-14T13:03:00Z,1
SRR1170041,RNA-Seq,50,1318567200,PRJNA238328,SAMN02642912,941678011,GEO,public,"fastq,run.zq,sra","gs,ncbi,s3","gs.us-east1,ncbi.public,s3.us-east-1",SRX471439,GSM1328540,Illumina HiSeq 2000,SINGLE,cDNA,TRANSCRIPTOMIC,Rattus norvegicus,ILLUMINA,2014-06-20T00:00:00Z,GSM1328540,female,Heart,SRP037986,Fisher 344,Heart,2014-02-14T13:08:00Z,1
SRR1170042,RNA-Seq,50,884133800,PRJNA238328,SAMN02642890,665721322,GEO,public,"fastq,run.zq,sra","gs,ncbi,s3","gs.us-east1,ncbi.public,s3.us-east-1",SRX471440,GSM1328541,Illumina HiSeq 2000,SINGLE,cDNA,TRANSCRIPTOMIC,Rattus norvegicus,ILLUMINA,2014-06-20T00:00:00Z,GSM1328541,female,Heart,SRP037986,Fisher 344,Heart,2014-02-14T13:03:00Z,1
SRR1170043,RNA-Seq,50,1033188800,PRJNA238328,SAMN02642890,762808976,GEO,public,"fastq,run.zq,sra","gs,ncbi,s3","gs.us-east1,ncbi.public,s3.us-east-1",SRX471440,GSM1328541,Illumina HiSeq 2000,SINGLE,cDNA,TRANSCRIPTOMIC,Rattus norvegicus,ILLUMINA,2014-06-20T00:00:00Z,GSM1328541,female,Heart,SRP037986,Fisher 344,Heart,2014-02-14T13:03:00Z,1
SRR1170044,RNA-Seq,50,1131041350,PRJNA238328,SAMN02642916,813735838,GEO,public,"fastq,run.zq,sra","gs,ncbi,s3","gs.us-east1,ncbi.public,s3.us-east-1",SRX471441,GSM1328542,Illumina HiSeq 2000,SINGLE,cDNA,TRANSCRIPTOMIC,Rattus norvegicus,ILLUMINA,2014-06-20T00:00:00Z,GSM1328542,female,Heart,SRP037986,Fisher 344,Heart,2014-02-14T13:07:00Z,1
SRR1170045,RNA-Seq,50,1160608750,PRJNA238328,SAMN02642916,833653998,GEO,public,"fastq,run.zq,sra","gs,ncbi,s3","gs.us-east1,ncbi.public,s3.us-east-1",SRX471441,GSM1328542,Illumina HiSeq 2000,SINGLE,cDNA,TRANSCRIPTOMIC,Rattus norvegicus,ILLUMINA,2014-06-20T00:00:00Z,GSM1328542,female,Heart,SRP037986,Fisher 344,Heart,2014-02-14T13:07:00Z,1
SRR1170046,RNA-Seq,50,788304700,PRJNA238328,SAMN02642910,588534518,GEO,public,"fastq,run.zq","gs,ncbi,s3","gs.us-east1,ncbi.public,s3.us-east-1",SRX471442,GSM1328543,Illumina HiSeq 2000,SINGLE,cDNA,TRANSCRIPTOMIC,Rattus norvegicus,ILLUMINA,2014-06-20T00:00:00Z,GSM1328543,female,Heart,SRP037986,Fisher 344,Heart,,
SRR1170047,RNA-Seq,50,900403400,PRJNA238328,SAMN02642910,660227872,GEO,public,"fastq,run.zq,sra","gs,ncbi,s3","gs.us-east1,ncbi.public,s3.us-east-1",SRX471442,GSM1328543,Illumina HiSeq 2000,SINGLE,cDNA,TRANSCRIPTOMIC,Rattus norvegicus,ILLUMINA,2014-06-20T00:00:00Z,GSM1328543,female,Heart,SRP037986,Fisher 344,Heart,2014-02-14T13:03:00Z,1
SRR1170048,RNA-Seq,50,1236390350,PRJNA238328,SAMN02642896,878264189,GEO,public,"fastq,run.zq,sra","gs,ncbi,s3","gs.us-east1,ncbi.public,s3.us-east-1",SRX471443,GSM1328544,Illumina HiSeq 2000,SINGLE,cDNA,TRANSCRIPTOMIC,Rattus norvegicus,ILLUMINA,2014-06-20T00:00:00Z,GSM1328544,female,Heart,SRP037986,Fisher 344,Heart,2014-02-14T13:04:00Z,1
SRR1170049,RNA-Seq,50,1247728350,PRJNA238328,SAMN02642896,880557650,GEO,public,"fastq,run.zq,sra","gs,ncbi,s3","gs.us-east1,ncbi.public,s3.us-east-1",SRX471443,GSM1328544,Illumina HiSeq 2000,SINGLE,cDNA,TRANSCRIPTOMIC,Rattus norvegicus,ILLUMINA,2014-06-20T00:00:00Z,GSM1328544,female,Heart,SRP037986,Fisher 344,Heart,2014-02-14T13:04:00Z,1
SRR1170050,RNA-Seq,50,1240811300,PRJNA238328,SAMN02642914,890974955,GEO,public,"fastq,run.zq,sra","gs,ncbi,s3","gs.us-east1,ncbi.public,s3.us-east-1",SRX471444,GSM1328545,Illumina HiSeq 2000,SINGLE,cDNA,TRANSCRIPTOMIC,Rattus norvegicus,ILLUMINA,2014-06-20T00:00:00Z,GSM1328545,female,Heart,SRP037986,Fisher 344,Heart,2014-02-14T13:00:00Z,1
SRR1170051,RNA-Seq,50,1318490050,PRJNA238328,SAMN02642914,917747162,GEO,public,"fastq,run.zq,sra","gs,ncbi,s3","gs.us-east1,ncbi.public,s3.us-east-1",SRX471444,GSM1328545,Illumina HiSeq 2000,SINGLE,cDNA,TRANSCRIPTOMIC,Rattus norvegicus,ILLUMINA,2014-06-20T00:00:00Z,GSM1328545,female,Heart,SRP037986,Fisher 344,Heart,2014-02-14T13:01:00Z,1
SRR1170052,RNA-Seq,50,859561800,PRJNA238328,SAMN02642911,647757938,GEO,public,"fastq,run.zq,sra","gs,ncbi,s3","gs.us-east1,ncbi.public,s3.us-east-1",SRX471445,GSM1328546,Illumina HiSeq 2000,SINGLE,cDNA,TRANSCRIPTOMIC,Rattus norvegicus,ILLUMINA,2014-06-20T00:00:00Z,GSM1328546,female,Heart,SRP037986,Fisher 344,Heart,2014-02-14T13:00:00Z,1
SRR1170053,RNA-Seq,50,963514050,PRJNA238328,SAMN02642911,714482577,GEO,public,"fastq,run.zq,sra","gs,ncbi,s3","gs.us-east1,ncbi.public,s3.us-east-1",SRX471445,GSM1328546,Illumina HiSeq 2000,SINGLE,cDNA,TRANSCRIPTOMIC,Rattus norvegicus,ILLUMINA,2014-06-20T00:00:00Z,GSM1328546,female,Heart,SRP037986,Fisher 344,Heart,2014-02-14T13:00:00Z,1
SRR1170054,RNA-Seq,50,1073661900,PRJNA238328,SAMN02642899,797215149,GEO,public,"fastq,run.zq,sra","gs,ncbi,s3","gs.us-east1,ncbi.public,s3.us-east-1",SRX471446,GSM1328547,Illumina HiSeq 2000,SINGLE,cDNA,TRANSCRIPTOMIC,Rattus norvegicus,ILLUMINA,2014-06-20T00:00:00Z,GSM1328547,female,Heart,SRP037986,Fisher 344,Heart,2014-02-14T13:00:00Z,1
SRR1170055,RNA-Seq,50,1060983000,PRJNA238328,SAMN02642899,800060791,GEO,public,"fastq,run.zq,sra","gs,ncbi,s3","gs.us-east1,ncbi.public,s3.us-east-1",SRX471446,GSM1328547,Illumina HiSeq 2000,SINGLE,cDNA,TRANSCRIPTOMIC,Rattus norvegicus,ILLUMINA,2014-06-20T00:00:00Z,GSM1328547,female,Heart,SRP037986,Fisher 344,Heart,2014-02-14T13:04:00Z,1
SRR1170056,RNA-Seq,50,1128689000,PRJNA238328,SAMN02642917,839443536,GEO,public,"fastq,run.zq,sra","gs,ncbi,s3","gs.us-east1,ncbi.public,s3.us-east-1",SRX471447,GSM1328548,Illumina HiSeq 2000,SINGLE,cDNA,TRANSCRIPTOMIC,Rattus norvegicus,ILLUMINA,2014-06-20T00:00:00Z,GSM1328548,female,Heart,SRP037986,Fisher 344,Heart,2014-02-14T13:07:00Z,1
SRR1170057,RNA-Seq,50,1048320750,PRJNA238328,SAMN02642917,796096468,GEO,public,"fastq,run.zq,sra","gs,ncbi,s3","gs.us-east1,ncbi.public,s3.us-east-1",SRX471447,GSM1328548,Illumina HiSeq 2000,SINGLE,cDNA,TRANSCRIPTOMIC,Rattus norvegicus,ILLUMINA,2014-06-20T00:00:00Z,GSM1328548,female,Heart,SRP037986,Fisher 344,Heart,2014-02-14T13:07:00Z,1
SRR1170058,RNA-Seq,50,1199099350,PRJNA238328,SAMN02642919,865454615,GEO,public,"fastq,run.zq,sra","gs,ncbi,s3","gs.us-east1,ncbi.public,s3.us-east-1",SRX471448,GSM1328549,Illumina HiSeq 2000,SINGLE,cDNA,TRANSCRIPTOMIC,Rattus norvegicus,ILLUMINA,2014-06-20T00:00:00Z,GSM1328549,male,Heart,SRP037986,Fisher 344,Heart,2014-02-14T13:08:00Z,1
SRR1170059,RNA-Seq,50,1470429550,PRJNA238328,SAMN02642919,1026879784,GEO,public,"fastq,run.zq,sra","gs,ncbi,s3","gs.us-east1,ncbi.public,s3.us-east-1",SRX471448,GSM1328549,Illumina HiSeq 2000,SINGLE,cDNA,TRANSCRIPTOMIC,Rattus norvegicus,ILLUMINA,2014-06-20T00:00:00Z,GSM1328549,male,Heart,SRP037986,Fisher 344,Heart,2014-02-14T13:11:00Z,1
SRR1170060,RNA-Seq,50,1550620850,PRJNA238328,SAMN02642904,1142915096,GEO,public,"fastq,run.zq,sra","gs,ncbi,s3","gs.us-east1,ncbi.public,s3.us-east-1",SRX471449,GSM1328550,Illumina HiSeq 2000,SINGLE,cDNA,TRANSCRIPTOMIC,Rattus norvegicus,ILLUMINA,2014-06-20T00:00:00Z,GSM1328550,male,Heart,SRP037986,Fisher 344,Heart,2014-02-14T13:13:00Z,1
SRR1170061,RNA-Seq,50,1470926000,PRJNA238328,SAMN02642904,1076192269,GEO,public,"fastq,run.zq,sra","gs,ncbi,s3","gs.us-east1,ncbi.public,s3.us-east-1",SRX471449,GSM1328550,Illumina HiSeq 2000,SINGLE,cDNA,TRANSCRIPTOMIC,Rattus norvegicus,ILLUMINA,2014-06-20T00:00:00Z,GSM1328550,male,Heart,SRP037986,Fisher 344,Heart,2014-02-14T13:12:00Z,1
SRR1170062,RNA-Seq,50,1271987150,PRJNA238328,SAMN02642921,916194951,GEO,public,"fastq,run.zq,sra","gs,ncbi,s3","gs.us-east1,ncbi.public,s3.us-east-1",SRX471450,GSM1328551,Illumina HiSeq 2000,SINGLE,cDNA,TRANSCRIPTOMIC,Rattus norvegicus,ILLUMINA,2014-06-20T00:00:00Z,GSM1328551,male,Heart,SRP037986,Fisher 344,Heart,2014-02-14T13:12:00Z,1
SRR1170063,RNA-Seq,50,1181236300,PRJNA238328,SAMN02642921,851230450,GEO,public,"fastq,run.zq","gs,ncbi,s3","gs.us-east1,ncbi.public,s3.us-east-1",SRX471450,GSM1328551,Illumina HiSeq 2000,SINGLE,cDNA,TRANSCRIPTOMIC,Rattus norvegicus,ILLUMINA,2014-06-20T00:00:00Z,GSM1328551,male,Heart,SRP037986,Fisher 344,Heart,,
SRR1170064,RNA-Seq,50,1185694950,PRJNA238328,SAMN02642918,873745864,GEO,public,"fastq,run.zq,sra","gs,ncbi,s3","gs.us-east1,ncbi.public,s3.us-east-1",SRX471451,GSM1328552,Illumina HiSeq 2000,SINGLE,cDNA,TRANSCRIPTOMIC,Rattus norvegicus,ILLUMINA,2014-06-20T00:00:00Z,GSM1328552,male,Heart,SRP037986,Fisher 344,Heart,2014-02-14T13:12:00Z,1
SRR1170065,RNA-Seq,50,1392614150,PRJNA238328,SAMN02642918,976186147,GEO,public,"fastq,run.zq,sra","gs,ncbi,s3","gs.us-east1,ncbi.public,s3.us-east-1",SRX471451,GSM1328552,Illumina HiSeq 2000,SINGLE,cDNA,TRANSCRIPTOMIC,Rattus norvegicus,ILLUMINA,2014-06-20T00:00:00Z,GSM1328552,male,Heart,SRP037986,Fisher 344,Heart,2014-02-14T13:12:00Z,1
SRR1170066,RNA-Seq,50,1479178250,PRJNA238328,SAMN02642903,1048959238,GEO,public,"fastq,run.zq,sra","gs,ncbi,s3","gs.us-east1,ncbi.public,s3.us-east-1",SRX471452,GSM1328553,Illumina HiSeq 2000,SINGLE,cDNA,TRANSCRIPTOMIC,Rattus norvegicus,ILLUMINA,2014-06-20T00:00:00Z,GSM1328553,male,Heart,SRP037986,Fisher 344,Heart,2014-02-14T13:12:00Z,1
SRR1170067,RNA-Seq,50,1416067450,PRJNA238328,SAMN02642903,1007145337,GEO,public,"fastq,run.zq,sra","gs,ncbi,s3","gs.us-east1,ncbi.public,s3.us-east-1",SRX471452,GSM1328553,Illumina HiSeq 2000,SINGLE,cDNA,TRANSCRIPTOMIC,Rattus norvegicus,ILLUMINA,2014-06-20T00:00:00Z,GSM1328553,male,Heart,SRP037986,Fisher 344,Heart,2014-02-14T13:16:00Z,1
SRR1170068,RNA-Seq,50,975414200,PRJNA238328,SAMN02642922,740673412,GEO,public,"fastq,run.zq,sra","gs,ncbi,s3","gs.us-east1,ncbi.public,s3.us-east-1",SRX471453,GSM1328554,Illumina HiSeq 2000,SINGLE,cDNA,TRANSCRIPTOMIC,Rattus norvegicus,ILLUMINA,2014-06-20T00:00:00Z,GSM1328554,male,Heart,SRP037986,Fisher 344,Heart,2014-02-14T13:11:00Z,1
SRR1170069,RNA-Seq,50,844415550,PRJNA238328,SAMN02642922,643699165,GEO,public,"fastq,run.zq,sra","gs,ncbi,s3","gs.us-east1,ncbi.public,s3.us-east-1",SRX471453,GSM1328554,Illumina HiSeq 2000,SINGLE,cDNA,TRANSCRIPTOMIC,Rattus norvegicus,ILLUMINA,2014-06-20T00:00:00Z,GSM1328554,male,Heart,SRP037986,Fisher 344,Heart,2014-02-14T13:11:00Z,1
SRR1170070,RNA-Seq,50,1040091700,PRJNA238328,SAMN02642920,770033589,GEO,public,"fastq,run.zq,sra","gs,ncbi,s3","gs.us-east1,ncbi.public,s3.us-east-1",SRX471454,GSM1328555,Illumina HiSeq 2000,SINGLE,cDNA,TRANSCRIPTOMIC,Rattus norvegicus,ILLUMINA,2014-06-20T00:00:00Z,GSM1328555,male,Heart,SRP037986,Fisher 344,Heart,2014-02-14T13:12:00Z,1
SRR1170071,RNA-Seq,50,931498950,PRJNA238328,SAMN02642920,704223022,GEO,public,"fastq,run.zq,sra","gs,ncbi,s3","gs.us-east1,ncbi.public,s3.us-east-1",SRX471454,GSM1328555,Illumina HiSeq 2000,SINGLE,cDNA,TRANSCRIPTOMIC,Rattus norvegicus,ILLUMINA,2014-06-20T00:00:00Z,GSM1328555,male,Heart,SRP037986,Fisher 344,Heart,2014-02-14T13:11:00Z,1
SRR1170072,RNA-Seq,50,1154080600,PRJNA238328,SAMN02642737,859638993,GEO,public,"fastq,run.zq,sra","gs,ncbi,s3","gs.us-east1,ncbi.public,s3.us-east-1",SRX471455,GSM1328556,Illumina HiSeq 2000,SINGLE,cDNA,TRANSCRIPTOMIC,Rattus norvegicus,ILLUMINA,2014-06-20T00:00:00Z,GSM1328556,male,Heart,SRP037986,Fisher 344,Heart,2014-02-14T13:13:00Z,1
SRR1170073,RNA-Seq,50,1266579850,PRJNA238328,SAMN02642737,935543096,GEO,public,"fastq,run.zq,sra","gs,ncbi,s3","gs.us-east1,ncbi.public,s3.us-east-1",SRX471455,GSM1328556,Illumina HiSeq 2000,SINGLE,cDNA,TRANSCRIPTOMIC,Rattus norvegicus,ILLUMINA,2014-06-20T00:00:00Z,GSM1328556,male,Heart,SRP037986,Fisher 344,Heart,2014-02-14T13:13:00Z,1
SRR1170074,RNA-Seq,50,1089636350,PRJNA238328,SAMN02642751,784405564,GEO,public,"fastq,run.zq,sra","gs,ncbi,s3","gs.us-east1,ncbi.public,s3.us-east-1",SRX471456,GSM1328557,Illumina HiSeq 2000,SINGLE,cDNA,TRANSCRIPTOMIC,Rattus norvegicus,ILLUMINA,2014-06-20T00:00:00Z,GSM1328557,male,Heart,SRP037986,Fisher 344,Heart,2014-02-14T13:07:00Z,1
SRR1170075,RNA-Seq,50,883282350,PRJNA238328,SAMN02642751,656543713,GEO,public,"fastq,run.zq,sra","gs,ncbi,s3","gs.us-east1,ncbi.public,s3.us-east-1",SRX471456,GSM1328557,Illumina HiSeq 2000,SINGLE,cDNA,TRANSCRIPTOMIC,Rattus norvegicus,ILLUMINA,2014-06-20T00:00:00Z,GSM1328557,male,Heart,SRP037986,Fisher 344,Heart,2014-02-14T13:07:00Z,1
SRR1170076,RNA-Seq,50,865886450,PRJNA238328,SAMN02642751,639802344,GEO,public,"fastq,run.zq,sra","gs,ncbi,s3","gs.us-east1,ncbi.public,s3.us-east-1",SRX471456,GSM1328557,Illumina HiSeq 2000,SINGLE,cDNA,TRANSCRIPTOMIC,Rattus norvegicus,ILLUMINA,2014-06-20T00:00:00Z,GSM1328557,male,Heart,SRP037986,Fisher 344,Heart,2014-02-14T13:07:00Z,1
SRR1170077,RNA-Seq,50,1031953600,PRJNA238328,SAMN02642753,781699212,GEO,public,"fastq,run.zq,sra","gs,ncbi,s3","gs.us-east1,ncbi.public,s3.us-east-1",SRX471457,GSM1328558,Illumina HiSeq 2000,SINGLE,cDNA,TRANSCRIPTOMIC,Rattus norvegicus,ILLUMINA,2014-06-20T00:00:00Z,GSM1328558,male,Heart,SRP037986,Fisher 344,Heart,2014-02-14T13:08:00Z,1
SRR1170078,RNA-Seq,50,920524500,PRJNA238328,SAMN02642753,699104098,GEO,public,"fastq,run.zq,sra","gs,ncbi,s3","gs.us-east1,ncbi.public,s3.us-east-1",SRX471457,GSM1328558,Illumina HiSeq 2000,SINGLE,cDNA,TRANSCRIPTOMIC,Rattus norvegicus,ILLUMINA,2014-06-20T00:00:00Z,GSM1328558,male,Heart,SRP037986,Fisher 344,Heart,2014-02-14T13:07:00Z,1
SRR1170079,RNA-Seq,50,1423435200,PRJNA238328,SAMN02642734,1026015133,GEO,public,"fastq,run.zq,sra","gs,ncbi,s3","gs.us-east1,ncbi.public,s3.us-east-1",SRX471458,GSM1328559,Illumina HiSeq 2000,SINGLE,cDNA,TRANSCRIPTOMIC,Rattus norvegicus,ILLUMINA,2014-06-20T00:00:00Z,GSM1328559,male,Heart,SRP037986,Fisher 344,Heart,2014-02-14T13:08:00Z,1
SRR1170080,RNA-Seq,50,1197958250,PRJNA238328,SAMN02642734,874028626,GEO,public,"fastq,run.zq,sra","gs,ncbi,s3","gs.us-east1,ncbi.public,s3.us-east-1",SRX471458,GSM1328559,Illumina HiSeq 2000,SINGLE,cDNA,TRANSCRIPTOMIC,Rattus norvegicus,ILLUMINA,2014-06-20T00:00:00Z,GSM1328559,male,Heart,SRP037986,Fisher 344,Heart,2014-02-14T13:08:00Z,1
SRR1170081,RNA-Seq,50,1427554450,PRJNA238328,SAMN02642744,1011970858,GEO,public,"fastq,run.zq,sra","gs,ncbi,s3","gs.us-east1,ncbi.public,s3.us-east-1",SRX471459,GSM1328560,Illumina HiSeq 2000,SINGLE,cDNA,TRANSCRIPTOMIC,Rattus norvegicus,ILLUMINA,2014-06-20T00:00:00Z,GSM1328560,male,Heart,SRP037986,Fisher 344,Heart,2014-02-14T13:09:00Z,1
SRR1170082,RNA-Seq,50,1466866950,PRJNA238328,SAMN02642744,1029606322,GEO,public,"fastq,run.zq,sra","gs,ncbi,s3","gs.us-east1,ncbi.public,s3.us-east-1",SRX471459,GSM1328560,Illumina HiSeq 2000,SINGLE,cDNA,TRANSCRIPTOMIC,Rattus norvegicus,ILLUMINA,2014-06-20T00:00:00Z,GSM1328560,male,Heart,SRP037986,Fisher 344,Heart,2014-02-14T13:13:00Z,1
SRR1170083,RNA-Seq,50,1447052650,PRJNA238328,SAMN02642757,1060688923,GEO,public,"fastq,run.zq,sra","gs,ncbi,s3","gs.us-east1,ncbi.public,s3.us-east-1",SRX471460,GSM1328561,Illumina HiSeq 2000,SINGLE,cDNA,TRANSCRIPTOMIC,Rattus norvegicus,ILLUMINA,2014-06-20T00:00:00Z,GSM1328561,male,Heart,SRP037986,Fisher 344,Heart,2014-02-14T13:09:00Z,1
SRR1170084,RNA-Seq,50,1299893150,PRJNA238328,SAMN02642757,942049182,GEO,public,"fastq,run.zq,sra","gs,ncbi,s3","gs.us-east1,ncbi.public,s3.us-east-1",SRX471460,GSM1328561,Illumina HiSeq 2000,SINGLE,cDNA,TRANSCRIPTOMIC,Rattus norvegicus,ILLUMINA,2014-06-20T00:00:00Z,GSM1328561,male,Heart,SRP037986,Fisher 344,Heart,2014-02-14T13:09:00Z,1
SRR1170085,RNA-Seq,50,1071485450,PRJNA238328,SAMN02642740,788867446,GEO,public,"fastq,run.zq,sra","gs,ncbi,s3","gs.us-east1,ncbi.public,s3.us-east-1",SRX471461,GSM1328562,Illumina HiSeq 2000,SINGLE,cDNA,TRANSCRIPTOMIC,Rattus norvegicus,ILLUMINA,2014-06-20T00:00:00Z,GSM1328562,male,Heart,SRP037986,Fisher 344,Heart,2014-02-14T13:08:00Z,1
SRR1170086,RNA-Seq,50,971821000,PRJNA238328,SAMN02642740,733757843,GEO,public,"fastq,run.zq,sra","gs,ncbi,s3","gs.us-east1,ncbi.public,s3.us-east-1",SRX471461,GSM1328562,Illumina HiSeq 2000,SINGLE,cDNA,TRANSCRIPTOMIC,Rattus norvegicus,ILLUMINA,2014-06-20T00:00:00Z,GSM1328562,male,Heart,SRP037986,Fisher 344,Heart,2014-02-14T13:08:00Z,1
SRR1170087,RNA-Seq,50,1083510300,PRJNA238328,SAMN02642752,799254848,GEO,public,"fastq,run.zq,sra","gs,ncbi,s3","gs.us-east1,ncbi.public,s3.us-east-1",SRX471462,GSM1328563,Illumina HiSeq 2000,SINGLE,cDNA,TRANSCRIPTOMIC,Rattus norvegicus,ILLUMINA,2014-06-20T00:00:00Z,GSM1328563,male,Heart,SRP037986,Fisher 344,Heart,2014-02-14T13:12:00Z,1
SRR1170088,RNA-Seq,50,894976300,PRJNA238328,SAMN02642752,681884062,GEO,public,"fastq,run.zq,sra","gs,ncbi,s3","gs.us-east1,ncbi.public,s3.us-east-1",SRX471462,GSM1328563,Illumina HiSeq 2000,SINGLE,cDNA,TRANSCRIPTOMIC,Rattus norvegicus,ILLUMINA,2014-06-20T00:00:00Z,GSM1328563,male,Heart,SRP037986,Fisher 344,Heart,2014-02-14T13:11:00Z,1
SRR1170089,RNA-Seq,50,1352921400,PRJNA238328,SAMN02642756,958634227,GEO,public,"fastq,run.zq,sra","gs,ncbi,s3","gs.us-east1,ncbi.public,s3.us-east-1",SRX471463,GSM1328564,Illumina HiSeq 2000,SINGLE,cDNA,TRANSCRIPTOMIC,Rattus norvegicus,ILLUMINA,2014-06-20T00:00:00Z,GSM1328564,male,Heart,SRP037986,Fisher 344,Heart,2014-02-14T13:12:00Z,1
SRR1170090,RNA-Seq,50,1231719300,PRJNA238328,SAMN02642756,893668599,GEO,public,"fastq,run.zq,sra","gs,ncbi,s3","gs.us-east1,ncbi.public,s3.us-east-1",SRX471463,GSM1328564,Illumina HiSeq 2000,SINGLE,cDNA,TRANSCRIPTOMIC,Rattus norvegicus,ILLUMINA,2014-06-20T00:00:00Z,GSM1328564,male,Heart,SRP037986,Fisher 344,Heart,2014-02-14T13:12:00Z,1
SRR1170091,RNA-Seq,50,1341471300,PRJNA238328,SAMN02642745,953619755,GEO,public,"fastq,run.zq,sra","gs,ncbi,s3","gs.us-east1,ncbi.public,s3.us-east-1",SRX471464,GSM1328565,Illumina HiSeq 2000,SINGLE,cDNA,TRANSCRIPTOMIC,Rattus norvegicus,ILLUMINA,2014-06-20T00:00:00Z,GSM1328565,female,Kidney,SRP037986,Fisher 344,Kidney,2014-02-14T13:19:00Z,1
SRR1170092,RNA-Seq,50,1348938900,PRJNA238328,SAMN02642745,952513974,GEO,public,"fastq,run.zq,sra","gs,ncbi,s3","gs.us-east1,ncbi.public,s3.us-east-1",SRX471464,GSM1328565,Illumina HiSeq 2000,SINGLE,cDNA,TRANSCRIPTOMIC,Rattus norvegicus,ILLUMINA,2014-06-20T00:00:00Z,GSM1328565,female,Kidney,SRP037986,Fisher 344,Kidney,2014-02-14T13:19:00Z,1
SRR1170093,RNA-Seq,50,766048000,PRJNA238328,SAMN02642755,578329984,GEO,public,"fastq,run.zq,sra","gs,ncbi,s3","gs.us-east1,ncbi.public,s3.us-east-1",SRX471465,GSM1328566,Illumina HiSeq 2000,SINGLE,cDNA,TRANSCRIPTOMIC,Rattus norvegicus,ILLUMINA,2014-06-20T00:00:00Z,GSM1328566,female,Kidney,SRP037986,Fisher 344,Kidney,2014-02-14T13:14:00Z,1
SRR1170094,RNA-Seq,50,889948900,PRJNA238328,SAMN02642755,658638302,GEO,public,"fastq,run.zq,sra","gs,ncbi,s3","gs.us-east1,ncbi.public,s3.us-east-1",SRX471465,GSM1328566,Illumina HiSeq 2000,SINGLE,cDNA,TRANSCRIPTOMIC,Rattus norvegicus,ILLUMINA,2014-06-20T00:00:00Z,GSM1328566,female,Kidney,SRP037986,Fisher 344,Kidney,2014-02-14T13:15:00Z,1
SRR1170095,RNA-Seq,50,952925050,PRJNA238328,SAMN02642759,719086671,GEO,public,"fastq,run.zq,sra","gs,ncbi,s3","gs.us-east1,ncbi.public,s3.us-east-1",SRX471466,GSM1328567,Illumina HiSeq 2000,SINGLE,cDNA,TRANSCRIPTOMIC,Rattus norvegicus,ILLUMINA,2014-06-20T00:00:00Z,GSM1328567,female,Kidney,SRP037986,Fisher 344,Kidney,2014-02-14T13:15:00Z,1
SRR1170096,RNA-Seq,50,1121307050,PRJNA238328,SAMN02642759,833661818,GEO,public,"fastq,run.zq,sra","gs,ncbi,s3","gs.us-east1,ncbi.public,s3.us-east-1",SRX471466,GSM1328567,Illumina HiSeq 2000,SINGLE,cDNA,TRANSCRIPTOMIC,Rattus norvegicus,ILLUMINA,2014-06-20T00:00:00Z,GSM1328567,female,Kidney,SRP037986,Fisher 344,Kidney,2014-02-14T13:19:00Z,1
SRR1170097,RNA-Seq,50,1320997050,PRJNA238328,SAMN02642747,979535279,GEO,public,"fastq,run.zq,sra","gs,ncbi,s3","gs.us-east1,ncbi.public,s3.us-east-1",SRX471467,GSM1328568,Illumina HiSeq 2000,SINGLE,cDNA,TRANSCRIPTOMIC,Rattus norvegicus,ILLUMINA,2014-06-20T00:00:00Z,GSM1328568,female,Kidney,SRP037986,Fisher 344,Kidney,2014-02-14T13:15:00Z,1
SRR1170098,RNA-Seq,50,1252072750,PRJNA238328,SAMN02642747,922046319,GEO,public,"fastq,run.zq,sra","gs,ncbi,s3","gs.us-east1,ncbi.public,s3.us-east-1",SRX471467,GSM1328568,Illumina HiSeq 2000,SINGLE,cDNA,TRANSCRIPTOMIC,Rattus norvegicus,ILLUMINA,2014-06-20T00:00:00Z,GSM1328568,female,Kidney,SRP037986,Fisher 344,Kidney,2014-02-14T13:15:00Z,1
SRR1170099,RNA-Seq,50,908119650,PRJNA238328,SAMN02642758,670556534,GEO,public,"fastq,run.zq,sra","gs,ncbi,s3","gs.us-east1,ncbi.public,s3.us-east-1",SRX471468,GSM1328569,Illumina HiSeq 2000,SINGLE,cDNA,TRANSCRIPTOMIC,Rattus norvegicus,ILLUMINA,2014-06-20T00:00:00Z,GSM1328569,female,Kidney,SRP037986,Fisher 344,Kidney,2014-02-14T13:15:00Z,1
SRR1170100,RNA-Seq,50,1046388750,PRJNA238328,SAMN02642758,735482252,GEO,public,"fastq,run.zq,sra","gs,ncbi,s3","gs.us-east1,ncbi.public,s3.us-east-1",SRX471468,GSM1328569,Illumina HiSeq 2000,SINGLE,cDNA,TRANSCRIPTOMIC,Rattus norvegicus,ILLUMINA,2014-06-20T00:00:00Z,GSM1328569,female,Kidney,SRP037986,Fisher 344,Kidney,2014-02-14T13:18:00Z,1
SRR1170101,RNA-Seq,50,978867600,PRJNA238328,SAMN02642766,709755480,GEO,public,"fastq,run.zq,sra","gs,ncbi,s3","gs.us-east1,ncbi.public,s3.us-east-1",SRX471469,GSM1328570,Illumina HiSeq 2000,SINGLE,cDNA,TRANSCRIPTOMIC,Rattus norvegicus,ILLUMINA,2014-06-20T00:00:00Z,GSM1328570,female,Kidney,SRP037986,Fisher 344,Kidney,2014-02-14T13:17:00Z,1
SRR1170102,RNA-Seq,50,1188355200,PRJNA238328,SAMN02642766,833935944,GEO,public,"fastq,run.zq,sra","gs,ncbi,s3","gs.us-east1,ncbi.public,s3.us-east-1",SRX471469,GSM1328570,Illumina HiSeq 2000,SINGLE,cDNA,TRANSCRIPTOMIC,Rattus norvegicus,ILLUMINA,2014-06-20T00:00:00Z,GSM1328570,female,Kidney,SRP037986,Fisher 344,Kidney,2014-02-14T13:17:00Z,1
SRR1170103,RNA-Seq,50,1268002700,PRJNA238328,SAMN02642748,963312897,GEO,public,"fastq,run.zq,sra","gs,ncbi,s3","gs.us-east1,ncbi.public,s3.us-east-1",SRX471470,GSM1328571,Illumina HiSeq 2000,SINGLE,cDNA,TRANSCRIPTOMIC,Rattus norvegicus,ILLUMINA,2014-06-20T00:00:00Z,GSM1328571,female,Kidney,SRP037986,Fisher 344,Kidney,2014-02-14T13:18:00Z,1
SRR1170104,RNA-Seq,50,968485450,PRJNA238328,SAMN02642748,733958932,GEO,public,"fastq,run.zq,sra","gs,ncbi,s3","gs.us-east1,ncbi.public,s3.us-east-1",SRX471470,GSM1328571,Illumina HiSeq 2000,SINGLE,cDNA,TRANSCRIPTOMIC,Rattus norvegicus,ILLUMINA,2014-06-20T00:00:00Z,GSM1328571,female,Kidney,SRP037986,Fisher 344,Kidney,2014-02-14T13:17:00Z,1
SRR1170105,RNA-Seq,50,1139396400,PRJNA238328,SAMN02642760,817972790,GEO,public,"fastq,run.zq,sra","gs,ncbi,s3","gs.us-east1,ncbi.public,s3.us-east-1",SRX471471,GSM1328572,Illumina HiSeq 2000,SINGLE,cDNA,TRANSCRIPTOMIC,Rattus norvegicus,ILLUMINA,2014-06-20T00:00:00Z,GSM1328572,female,Kidney,SRP037986,Fisher 344,Kidney,2014-02-14T13:17:00Z,1
SRR1170106,RNA-Seq,50,1163421000,PRJNA238328,SAMN02642760,823493046,GEO,public,"fastq,run.zq,sra","gs,ncbi,s3","gs.us-east1,ncbi.public,s3.us-east-1",SRX471471,GSM1328572,Illumina HiSeq 2000,SINGLE,cDNA,TRANSCRIPTOMIC,Rattus norvegicus,ILLUMINA,2014-06-20T00:00:00Z,GSM1328572,female,Kidney,SRP037986,Fisher 344,Kidney,2014-02-14T13:17:00Z,1
SRR1170107,RNA-Seq,50,1476730700,PRJNA238328,SAMN02642762,1082294487,GEO,public,"fastq,run.zq,sra","gs,ncbi,s3","gs.us-east1,ncbi.public,s3.us-east-1",SRX471472,GSM1328573,Illumina HiSeq 2000,SINGLE,cDNA,TRANSCRIPTOMIC,Rattus norvegicus,ILLUMINA,2014-06-20T00:00:00Z,GSM1328573,female,Kidney,SRP037986,Fisher 344,Kidney,2014-02-14T13:17:00Z,1
SRR1170108,RNA-Seq,50,1326828300,PRJNA238328,SAMN02642762,961576665,GEO,public,"fastq,run.zq,sra","gs,ncbi,s3","gs.us-east1,ncbi.public,s3.us-east-1",SRX471472,GSM1328573,Illumina HiSeq 2000,SINGLE,cDNA,TRANSCRIPTOMIC,Rattus norvegicus,ILLUMINA,2014-06-20T00:00:00Z,GSM1328573,female,Kidney,SRP037986,Fisher 344,Kidney,2014-02-14T13:19:00Z,1
SRR1170109,RNA-Seq,50,1215429600,PRJNA238328,SAMN02642749,863326920,GEO,public,"fastq,run.zq,sra","gs,ncbi,s3","gs.us-east1,ncbi.public,s3.us-east-1",SRX471473,GSM1328574,Illumina HiSeq 2000,SINGLE,cDNA,TRANSCRIPTOMIC,Rattus norvegicus,ILLUMINA,2014-06-20T00:00:00Z,GSM1328574,female,Kidney,SRP037986,Fisher 344,Kidney,2014-02-14T13:17:00Z,1
SRR1170110,RNA-Seq,50,1103678100,PRJNA238328,SAMN02642749,802060517,GEO,public,"fastq,run.zq,sra","gs,ncbi,s3","gs.us-east1,ncbi.public,s3.us-east-1",SRX471473,GSM1328574,Illumina HiSeq 2000,SINGLE,cDNA,TRANSCRIPTOMIC,Rattus norvegicus,ILLUMINA,2014-06-20T00:00:00Z,GSM1328574,female,Kidney,SRP037986,Fisher 344,Kidney,2014-02-14T13:13:00Z,1
SRR1170111,RNA-Seq,50,1070404250,PRJNA238328,SAMN02642764,767637867,GEO,public,"fastq,run.zq,sra","gs,ncbi,s3","gs.us-east1,ncbi.public,s3.us-east-1",SRX471474,GSM1328575,Illumina HiSeq 2000,SINGLE,cDNA,TRANSCRIPTOMIC,Rattus norvegicus,ILLUMINA,2014-06-20T00:00:00Z,GSM1328575,female,Kidney,SRP037986,Fisher 344,Kidney,2014-02-14T13:13:00Z,1
SRR1170112,RNA-Seq,50,1104019500,PRJNA238328,SAMN02642764,796856122,GEO,public,"fastq,run.zq,sra","gs,ncbi,s3","gs.us-east1,ncbi.public,s3.us-east-1",SRX471474,GSM1328575,Illumina HiSeq 2000,SINGLE,cDNA,TRANSCRIPTOMIC,Rattus norvegicus,ILLUMINA,2014-06-20T00:00:00Z,GSM1328575,female,Kidney,SRP037986,Fisher 344,Kidney,2014-02-14T13:15:00Z,1
SRR1170113,RNA-Seq,50,1176747600,PRJNA238328,SAMN02642763,847792675,GEO,public,"fastq,run.zq,sra","gs,ncbi,s3","gs.us-east1,ncbi.public,s3.us-east-1",SRX471475,GSM1328576,Illumina HiSeq 2000,SINGLE,cDNA,TRANSCRIPTOMIC,Rattus norvegicus,ILLUMINA,2014-06-20T00:00:00Z,GSM1328576,female,Kidney,SRP037986,Fisher 344,Kidney,2014-02-14T13:15:00Z,1
SRR1170114,RNA-Seq,50,1227708100,PRJNA238328,SAMN02642763,878271249,GEO,public,"fastq,run.zq,sra","gs,ncbi,s3","gs.us-east1,ncbi.public,s3.us-east-1",SRX471475,GSM1328576,Illumina HiSeq 2000,SINGLE,cDNA,TRANSCRIPTOMIC,Rattus norvegicus,ILLUMINA,2014-06-20T00:00:00Z,GSM1328576,female,Kidney,SRP037986,Fisher 344,Kidney,2014-02-14T13:19:00Z,1
SRR1170115,RNA-Seq,50,924089200,PRJNA238328,SAMN02642754,691605052,GEO,public,"fastq,run.zq,sra","gs,ncbi,s3","gs.us-east1,ncbi.public,s3.us-east-1",SRX471476,GSM1328577,Illumina HiSeq 2000,SINGLE,cDNA,TRANSCRIPTOMIC,Rattus norvegicus,ILLUMINA,2014-06-20T00:00:00Z,GSM1328577,female,Kidney,SRP037986,Fisher 344,Kidney,2014-02-14T13:13:00Z,1
SRR1170116,RNA-Seq,50,1192158700,PRJNA238328,SAMN02642754,884375036,GEO,public,"fastq,run.zq,sra","gs,ncbi,s3","gs.us-east1,ncbi.public,s3.us-east-1",SRX471476,GSM1328577,Illumina HiSeq 2000,SINGLE,cDNA,TRANSCRIPTOMIC,Rattus norvegicus,ILLUMINA,2014-06-20T00:00:00Z,GSM1328577,female,Kidney,SRP037986,Fisher 344,Kidney,2014-02-14T13:17:00Z,1
SRR1170117,RNA-Seq,50,1044028650,PRJNA238328,SAMN02642774,773521550,GEO,public,"fastq,run.zq,sra","gs,ncbi,s3","gs.us-east1,ncbi.public,s3.us-east-1",SRX471477,GSM1328578,Illumina HiSeq 2000,SINGLE,cDNA,TRANSCRIPTOMIC,Rattus norvegicus,ILLUMINA,2014-06-20T00:00:00Z,GSM1328578,female,Kidney,SRP037986,Fisher 344,Kidney,2014-02-14T13:17:00Z,1
SRR1170118,RNA-Seq,50,945148150,PRJNA238328,SAMN02642774,715990943,GEO,public,"fastq,run.zq,sra","gs,ncbi,s3","gs.us-east1,ncbi.public,s3.us-east-1",SRX471477,GSM1328578,Illumina HiSeq 2000,SINGLE,cDNA,TRANSCRIPTOMIC,Rattus norvegicus,ILLUMINA,2014-06-20T00:00:00Z,GSM1328578,female,Kidney,SRP037986,Fisher 344,Kidney,2014-02-14T13:16:00Z,1
SRR1170119,RNA-Seq,50,1459687500,PRJNA238328,SAMN02642770,1055357271,GEO,public,"fastq,run.zq,sra","gs,ncbi,s3","gs.us-east1,ncbi.public,s3.us-east-1",SRX471478,GSM1328579,Illumina HiSeq 2000,SINGLE,cDNA,TRANSCRIPTOMIC,Rattus norvegicus,ILLUMINA,2014-06-20T00:00:00Z,GSM1328579,female,Kidney,SRP037986,Fisher 344,Kidney,2014-02-14T13:18:00Z,1
SRR1170120,RNA-Seq,50,1225452750,PRJNA238328,SAMN02642770,896738122,GEO,public,"fastq,run.zq,sra","gs,ncbi,s3","gs.us-east1,ncbi.public,s3.us-east-1",SRX471478,GSM1328579,Illumina HiSeq 2000,SINGLE,cDNA,TRANSCRIPTOMIC,Rattus norvegicus,ILLUMINA,2014-06-20T00:00:00Z,GSM1328579,female,Kidney,SRP037986,Fisher 344,Kidney,2014-02-14T13:17:00Z,1
SRR1170121,RNA-Seq,50,1199936250,PRJNA238328,SAMN02642767,865868119,GEO,public,"fastq,run.zq,sra","gs,ncbi,s3","gs.us-east1,ncbi.public,s3.us-east-1",SRX471479,GSM1328580,Illumina HiSeq 2000,SINGLE,cDNA,TRANSCRIPTOMIC,Rattus norvegicus,ILLUMINA,2014-06-20T00:00:00Z,GSM1328580,female,Kidney,SRP037986,Fisher 344,Kidney,2014-02-14T13:17:00Z,1
SRR1170122,RNA-Seq,50,1106234750,PRJNA238328,SAMN02642767,797987261,GEO,public,"fastq,run.zq,sra","gs,ncbi,s3","gs.us-east1,ncbi.public,s3.us-east-1",SRX471479,GSM1328580,Illumina HiSeq 2000,SINGLE,cDNA,TRANSCRIPTOMIC,Rattus norvegicus,ILLUMINA,2014-06-20T00:00:00Z,GSM1328580,female,Kidney,SRP037986,Fisher 344,Kidney,2014-02-14T13:19:00Z,1
SRR1170123,RNA-Seq,50,1359305600,PRJNA238328,SAMN02642776,991361417,GEO,public,"fastq,run.zq,sra","gs,ncbi,s3","gs.us-east1,ncbi.public,s3.us-east-1",SRX471480,GSM1328581,Illumina HiSeq 2000,SINGLE,cDNA,TRANSCRIPTOMIC,Rattus norvegicus,ILLUMINA,2014-06-20T00:00:00Z,GSM1328581,male,Kidney,SRP037986,Fisher 344,Kidney,2014-02-14T13:24:00Z,1
SRR1170124,RNA-Seq,50,394652300,PRJNA238328,SAMN02642776,298875308,GEO,public,"fastq,run.zq,sra","gs,ncbi,s3","gs.us-east1,ncbi.public,s3.us-east-1",SRX471480,GSM1328581,Illumina HiSeq 2000,SINGLE,cDNA,TRANSCRIPTOMIC,Rattus norvegicus,ILLUMINA,2014-06-20T00:00:00Z,GSM1328581,male,Kidney,SRP037986,Fisher 344,Kidney,2014-02-14T13:21:00Z,1
SRR1170125,RNA-Seq,50,661244500,PRJNA238328,SAMN02642776,508794882,GEO,public,"fastq,run.zq,sra","gs,ncbi,s3","gs.us-east1,ncbi.public,s3.us-east-1",SRX471480,GSM1328581,Illumina HiSeq 2000,SINGLE,cDNA,TRANSCRIPTOMIC,Rattus norvegicus,ILLUMINA,2014-06-20T00:00:00Z,GSM1328581,male,Kidney,SRP037986,Fisher 344,Kidney,2014-02-14T13:22:00Z,1
SRR1170126,RNA-Seq,50,1082704550,PRJNA238328,SAMN02642769,773315734,GEO,public,"fastq,run.zq,sra","gs,ncbi,s3","gs.us-east1,ncbi.public,s3.us-east-1",SRX471481,GSM1328582,Illumina HiSeq 2000,SINGLE,cDNA,TRANSCRIPTOMIC,Rattus norvegicus,ILLUMINA,2014-06-20T00:00:00Z,GSM1328582,male,Kidney,SRP037986,Fisher 344,Kidney,2014-02-14T13:24:00Z,1
SRR1170127,RNA-Seq,50,1109776100,PRJNA238328,SAMN02642769,785163712,GEO,public,"fastq,run.zq,sra","gs,ncbi,s3","gs.us-east1,ncbi.public,s3.us-east-1",SRX471481,GSM1328582,Illumina HiSeq 2000,SINGLE,cDNA,TRANSCRIPTOMIC,Rattus norvegicus,ILLUMINA,2014-06-20T00:00:00Z,GSM1328582,male,Kidney,SRP037986,Fisher 344,Kidney,2014-02-14T13:24:00Z,1
SRR1170128,RNA-Seq,50,977382650,PRJNA238328,SAMN02642772,707339954,GEO,public,"fastq,run.zq,sra","gs,ncbi,s3","gs.us-east1,ncbi.public,s3.us-east-1",SRX471482,GSM1328583,Illumina HiSeq 2000,SINGLE,cDNA,TRANSCRIPTOMIC,Rattus norvegicus,ILLUMINA,2014-06-20T00:00:00Z,GSM1328583,male,Kidney,SRP037986,Fisher 344,Kidney,2014-02-14T13:23:00Z,1
SRR1170129,RNA-Seq,50,720277600,PRJNA238328,SAMN02642772,536948261,GEO,public,"fastq,run.zq,sra","gs,ncbi,s3","gs.us-east1,ncbi.public,s3.us-east-1",SRX471482,GSM1328583,Illumina HiSeq 2000,SINGLE,cDNA,TRANSCRIPTOMIC,Rattus norvegicus,ILLUMINA,2014-06-20T00:00:00Z,GSM1328583,male,Kidney,SRP037986,Fisher 344,Kidney,2014-02-14T13:23:00Z,1
SRR1170130,RNA-Seq,50,737975150,PRJNA238328,SAMN02642772,549074316,GEO,public,"fastq,run.zq,sra","gs,ncbi,s3","gs.us-east1,ncbi.public,s3.us-east-1",SRX471482,GSM1328583,Illumina HiSeq 2000,SINGLE,cDNA,TRANSCRIPTOMIC,Rattus norvegicus,ILLUMINA,2014-06-20T00:00:00Z,GSM1328583,male,Kidney,SRP037986,Fisher 344,Kidney,2014-02-14T13:23:00Z,1
SRR1170131,RNA-Seq,50,1238379950,PRJNA238328,SAMN02642761,892156874,GEO,public,"fastq,run.zq,sra","gs,ncbi,s3","gs.us-east1,ncbi.public,s3.us-east-1",SRX471483,GSM1328584,Illumina HiSeq 2000,SINGLE,cDNA,TRANSCRIPTOMIC,Rattus norvegicus,ILLUMINA,2014-06-20T00:00:00Z,GSM1328584,male,Kidney,SRP037986,Fisher 344,Kidney,2014-02-14T13:29:00Z,1
SRR1170132,RNA-Seq,50,1266063750,PRJNA238328,SAMN02642761,910206155,GEO,public,"fastq,run.zq,sra","gs,ncbi,s3","gs.us-east1,ncbi.public,s3.us-east-1",SRX471483,GSM1328584,Illumina HiSeq 2000,SINGLE,cDNA,TRANSCRIPTOMIC,Rattus norvegicus,ILLUMINA,2014-06-20T00:00:00Z,GSM1328584,male,Kidney,SRP037986,Fisher 344,Kidney,2014-02-14T13:30:00Z,1
SRR1170133,RNA-Seq,50,1068256650,PRJNA238328,SAMN02642781,811369699,GEO,public,"fastq,run.zq,sra","gs,ncbi,s3","gs.us-east1,ncbi.public,s3.us-east-1",SRX471484,GSM1328585,Illumina HiSeq 2000,SINGLE,cDNA,TRANSCRIPTOMIC,Rattus norvegicus,ILLUMINA,2014-06-20T00:00:00Z,GSM1328585,male,Kidney,SRP037986,Fisher 344,Kidney,2014-02-14T13:24:00Z,1
SRR1170134,RNA-Seq,50,999675750,PRJNA238328,SAMN02642781,765201788,GEO,public,"fastq,run.zq,sra","gs,ncbi,s3","gs.us-east1,ncbi.public,s3.us-east-1",SRX471484,GSM1328585,Illumina HiSeq 2000,SINGLE,cDNA,TRANSCRIPTOMIC,Rattus norvegicus,ILLUMINA,2014-06-20T00:00:00Z,GSM1328585,male,Kidney,SRP037986,Fisher 344,Kidney,2014-02-14T13:28:00Z,1
SRR1170135,RNA-Seq,50,765418050,PRJNA238328,SAMN02642773,573004084,GEO,public,"fastq,run.zq,sra","gs,ncbi,s3","gs.us-east1,ncbi.public,s3.us-east-1",SRX471485,GSM1328586,Illumina HiSeq 2000,SINGLE,cDNA,TRANSCRIPTOMIC,Rattus norvegicus,ILLUMINA,2014-06-20T00:00:00Z,GSM1328586,male,Kidney,SRP037986,Fisher 344,Kidney,2014-02-14T13:23:00Z,1
SRR1170136,RNA-Seq,50,672449450,PRJNA238328,SAMN02642773,511805129,GEO,public,"fastq,run.zq,sra","gs,ncbi,s3","gs.us-east1,ncbi.public,s3.us-east-1",SRX471485,GSM1328586,Illumina HiSeq 2000,SINGLE,cDNA,TRANSCRIPTOMIC,Rattus norvegicus,ILLUMINA,2014-06-20T00:00:00Z,GSM1328586,male,Kidney,SRP037986,Fisher 344,Kidney,2014-02-14T13:23:00Z,1
SRR1170137,RNA-Seq,50,1525347750,PRJNA238328,SAMN02642768,1099118319,GEO,public,"fastq,run.zq,sra","gs,ncbi,s3","gs.us-east1,ncbi.public,s3.us-east-1",SRX471486,GSM1328587,Illumina HiSeq 2000,SINGLE,cDNA,TRANSCRIPTOMIC,Rattus norvegicus,ILLUMINA,2014-06-20T00:00:00Z,GSM1328587,male,Kidney,SRP037986,Fisher 344,Kidney,2014-02-14T13:27:00Z,1
SRR1170138,RNA-Seq,50,1505411200,PRJNA238328,SAMN02642768,1081071069,GEO,public,"fastq,run.zq,sra","gs,ncbi,s3","gs.us-east1,ncbi.public,s3.us-east-1",SRX471486,GSM1328587,Illumina HiSeq 2000,SINGLE,cDNA,TRANSCRIPTOMIC,Rattus norvegicus,ILLUMINA,2014-06-20T00:00:00Z,GSM1328587,male,Kidney,SRP037986,Fisher 344,Kidney,2014-02-14T13:29:00Z,1
SRR1170139,RNA-Seq,50,968395950,PRJNA238328,SAMN02642788,727261249,GEO,public,"fastq,run.zq,sra","gs,ncbi,s3","gs.us-east1,ncbi.public,s3.us-east-1",SRX471487,GSM1328588,Illumina HiSeq 2000,SINGLE,cDNA,TRANSCRIPTOMIC,Rattus norvegicus,ILLUMINA,2014-06-20T00:00:00Z,GSM1328588,male,Kidney,SRP037986,Fisher 344,Kidney,2014-02-14T13:25:00Z,1
SRR1170140,RNA-Seq,50,1102133450,PRJNA238328,SAMN02642788,810437201,GEO,public,"fastq,run.zq,sra","gs,ncbi,s3","gs.us-east1,ncbi.public,s3.us-east-1",SRX471487,GSM1328588,Illumina HiSeq 2000,SINGLE,cDNA,TRANSCRIPTOMIC,Rattus norvegicus,ILLUMINA,2014-06-20T00:00:00Z,GSM1328588,male,Kidney,SRP037986,Fisher 344,Kidney,2014-02-14T13:28:00Z,1
SRR1170141,RNA-Seq,50,1370290700,PRJNA238328,SAMN02642765,975718258,GEO,public,"fastq,run.zq,sra","gs,ncbi,s3","gs.us-east1,ncbi.public,s3.us-east-1",SRX471488,GSM1328589,Illumina HiSeq 2000,SINGLE,cDNA,TRANSCRIPTOMIC,Rattus norvegicus,ILLUMINA,2014-06-20T00:00:00Z,GSM1328589,male,Kidney,SRP037986,Fisher 344,Kidney,2014-02-14T13:20:00Z,1
SRR1170142,RNA-Seq,50,1312551950,PRJNA238328,SAMN02642765,937229463,GEO,public,"fastq,run.zq,sra","gs,ncbi,s3","gs.us-east1,ncbi.public,s3.us-east-1",SRX471488,GSM1328589,Illumina HiSeq 2000,SINGLE,cDNA,TRANSCRIPTOMIC,Rattus norvegicus,ILLUMINA,2014-06-20T00:00:00Z,GSM1328589,male,Kidney,SRP037986,Fisher 344,Kidney,2014-02-14T13:22:00Z,1
SRR1170143,RNA-Seq,50,1067237600,PRJNA238328,SAMN02642780,798243951,GEO,public,"fastq,run.zq,sra","gs,ncbi,s3","gs.us-east1,ncbi.public,s3.us-east-1",SRX471489,GSM1328590,Illumina HiSeq 2000,SINGLE,cDNA,TRANSCRIPTOMIC,Rattus norvegicus,ILLUMINA,2014-06-20T00:00:00Z,GSM1328590,male,Kidney,SRP037986,Fisher 344,Kidney,2014-02-14T13:26:00Z,1
SRR1170144,RNA-Seq,50,1157902050,PRJNA238328,SAMN02642780,858081765,GEO,public,"fastq,run.zq,sra","gs,ncbi,s3","gs.us-east1,ncbi.public,s3.us-east-1",SRX471489,GSM1328590,Illumina HiSeq 2000,SINGLE,cDNA,TRANSCRIPTOMIC,Rattus norvegicus,ILLUMINA,2014-06-20T00:00:00Z,GSM1328590,male,Kidney,SRP037986,Fisher 344,Kidney,2014-02-14T13:21:00Z,1
SRR1170145,RNA-Seq,50,937423450,PRJNA238328,SAMN02642777,705177214,GEO,public,"fastq,run.zq,sra","gs,ncbi,s3","gs.us-east1,ncbi.public,s3.us-east-1",SRX471490,GSM1328591,Illumina HiSeq 2000,SINGLE,cDNA,TRANSCRIPTOMIC,Rattus norvegicus,ILLUMINA,2014-06-20T00:00:00Z,GSM1328591,male,Kidney,SRP037986,Fisher 344,Kidney,2014-02-14T13:21:00Z,1
SRR1170146,RNA-Seq,50,1078341050,PRJNA238328,SAMN02642777,795591297,GEO,public,"fastq,run.zq,sra","gs,ncbi,s3","gs.us-east1,ncbi.public,s3.us-east-1",SRX471490,GSM1328591,Illumina HiSeq 2000,SINGLE,cDNA,TRANSCRIPTOMIC,Rattus norvegicus,ILLUMINA,2014-06-20T00:00:00Z,GSM1328591,male,Kidney,SRP037986,Fisher 344,Kidney,2014-02-14T13:26:00Z,1
SRR1170147,RNA-Seq,50,831311700,PRJNA238328,SAMN02642771,615510324,GEO,public,"fastq,run.zq,sra","gs,ncbi,s3","gs.us-east1,ncbi.public,s3.us-east-1",SRX471491,GSM1328592,Illumina HiSeq 2000,SINGLE,cDNA,TRANSCRIPTOMIC,Rattus norvegicus,ILLUMINA,2014-06-20T00:00:00Z,GSM1328592,male,Kidney,SRP037986,Fisher 344,Kidney,2014-02-14T13:25:00Z,1
SRR1170148,RNA-Seq,50,653490050,PRJNA238328,SAMN02642771,497864868,GEO,public,"fastq,run.zq,sra","gs,ncbi,s3","gs.us-east1,ncbi.public,s3.us-east-1",SRX471491,GSM1328592,Illumina HiSeq 2000,SINGLE,cDNA,TRANSCRIPTOMIC,Rattus norvegicus,ILLUMINA,2014-06-20T00:00:00Z,GSM1328592,male,Kidney,SRP037986,Fisher 344,Kidney,2014-02-14T13:20:00Z,1
SRR1170149,RNA-Seq,50,1366861600,PRJNA238328,SAMN02642785,980943453,GEO,public,"fastq,run.zq,sra","gs,ncbi,s3","gs.us-east1,ncbi.public,s3.us-east-1",SRX471492,GSM1328593,Illumina HiSeq 2000,SINGLE,cDNA,TRANSCRIPTOMIC,Rattus norvegicus,ILLUMINA,2014-06-20T00:00:00Z,GSM1328593,male,Kidney,SRP037986,Fisher 344,Kidney,2014-02-14T13:19:00Z,1
SRR1170150,RNA-Seq,50,1474935400,PRJNA238328,SAMN02642785,1025645263,GEO,public,"fastq,run.zq,sra","gs,ncbi,s3","gs.us-east1,ncbi.public,s3.us-east-1",SRX471492,GSM1328593,Illumina HiSeq 2000,SINGLE,cDNA,TRANSCRIPTOMIC,Rattus norvegicus,ILLUMINA,2014-06-20T00:00:00Z,GSM1328593,male,Kidney,SRP037986,Fisher 344,Kidney,2014-02-14T13:22:00Z,1
SRR1170151,RNA-Seq,50,2826968850,PRJNA238328,SAMN02642782,2026181677,GEO,public,"fastq,run.zq,sra","gs,ncbi,s3","gs.us-east1,ncbi.public,s3.us-east-1",SRX471493,GSM1328594,Illumina HiSeq 2000,SINGLE,cDNA,TRANSCRIPTOMIC,Rattus norvegicus,ILLUMINA,2014-06-20T00:00:00Z,GSM1328594,male,Kidney,SRP037986,Fisher 344,Kidney,2014-02-14T13:29:00Z,1
SRR1170152,RNA-Seq,101,2631192208,PRJNA238328,SAMN02642782,1902042940,GEO,public,"fastq,run.zq,sra","gs,ncbi,s3","gs.us-east1,ncbi.public,s3.us-east-1",SRX471493,GSM1328594,Illumina HiSeq 2000,SINGLE,cDNA,TRANSCRIPTOMIC,Rattus norvegicus,ILLUMINA,2014-06-20T00:00:00Z,GSM1328594,male,Kidney,SRP037986,Fisher 344,Kidney,2014-02-14T13:20:00Z,1
SRR1170153,RNA-Seq,50,2433360850,PRJNA238328,SAMN02642775,1743136108,GEO,public,"fastq,run.zq,sra","gs,ncbi,s3","gs.us-east1,ncbi.public,s3.us-east-1",SRX471494,GSM1328595,Illumina HiSeq 2000,SINGLE,cDNA,TRANSCRIPTOMIC,Rattus norvegicus,ILLUMINA,2014-06-20T00:00:00Z,GSM1328595,male,Kidney,SRP037986,Fisher 344,Kidney,2014-02-14T13:22:00Z,1
SRR1170154,RNA-Seq,101,2216293803,PRJNA238328,SAMN02642775,1600937200,GEO,public,"fastq,run.zq,sra","gs,ncbi,s3","gs.us-east1,ncbi.public,s3.us-east-1",SRX471494,GSM1328595,Illumina HiSeq 2000,SINGLE,cDNA,TRANSCRIPTOMIC,Rattus norvegicus,ILLUMINA,2014-06-20T00:00:00Z,GSM1328595,male,Kidney,SRP037986,Fisher 344,Kidney,2014-02-14T13:20:00Z,1
SRR1170155,RNA-Seq,50,1116445900,PRJNA238328,SAMN02642787,824629290,GEO,public,"fastq,run.zq,sra","gs,ncbi,s3","gs.us-east1,ncbi.public,s3.us-east-1",SRX471495,GSM1328596,Illumina HiSeq 2000,SINGLE,cDNA,TRANSCRIPTOMIC,Rattus norvegicus,ILLUMINA,2014-06-20T00:00:00Z,GSM1328596,male,Kidney,SRP037986,Fisher 344,Kidney,2014-02-14T13:26:00Z,1
SRR1170156,RNA-Seq,50,1017006050,PRJNA238328,SAMN02642787,770726683,GEO,public,"fastq,run.zq,sra","gs,ncbi,s3","gs.us-east1,ncbi.public,s3.us-east-1",SRX471495,GSM1328596,Illumina HiSeq 2000,SINGLE,cDNA,TRANSCRIPTOMIC,Rattus norvegicus,ILLUMINA,2014-06-20T00:00:00Z,GSM1328596,male,Kidney,SRP037986,Fisher 344,Kidney,2014-02-14T13:19:00Z,1
SRR1170157,RNA-Seq,50,985501250,PRJNA238328,SAMN02642789,744043381,GEO,public,"fastq,run.zq,sra","gs,ncbi,s3","gs.us-east1,ncbi.public,s3.us-east-1",SRX471496,GSM1328597,Illumina HiSeq 2000,SINGLE,cDNA,TRANSCRIPTOMIC,Rattus norvegicus,ILLUMINA,2014-06-20T00:00:00Z,GSM1328597,female,Lung,SRP037986,Fisher 344,Lung,2014-02-14T13:39:00Z,1
SRR1170158,RNA-Seq,50,1091187600,PRJNA238328,SAMN02642789,805995775,GEO,public,"fastq,run.zq,sra","gs,ncbi,s3","gs.us-east1,ncbi.public,s3.us-east-1",SRX471496,GSM1328597,Illumina HiSeq 2000,SINGLE,cDNA,TRANSCRIPTOMIC,Rattus norvegicus,ILLUMINA,2014-06-20T00:00:00Z,GSM1328597,female,Lung,SRP037986,Fisher 344,Lung,2014-02-14T13:39:00Z,1
SRR1170159,RNA-Seq,50,1204598200,PRJNA238328,SAMN02642778,868866142,GEO,public,"fastq,run.zq,sra","gs,ncbi,s3","gs.us-east1,ncbi.public,s3.us-east-1",SRX471497,GSM1328598,Illumina HiSeq 2000,SINGLE,cDNA,TRANSCRIPTOMIC,Rattus norvegicus,ILLUMINA,2014-06-20T00:00:00Z,GSM1328598,female,Lung,SRP037986,Fisher 344,Lung,2014-02-14T13:43:00Z,1
SRR1170160,RNA-Seq,50,1232106550,PRJNA238328,SAMN02642778,886932397,GEO,public,"fastq,run.zq,sra","gs,ncbi,s3","gs.us-east1,ncbi.public,s3.us-east-1",SRX471497,GSM1328598,Illumina HiSeq 2000,SINGLE,cDNA,TRANSCRIPTOMIC,Rattus norvegicus,ILLUMINA,2014-06-20T00:00:00Z,GSM1328598,female,Lung,SRP037986,Fisher 344,Lung,2014-02-14T13:43:00Z,1
SRR1170161,RNA-Seq,50,1459259200,PRJNA238328,SAMN02642791,1046218958,GEO,public,"fastq,run.zq,sra","gs,ncbi,s3","gs.us-east1,ncbi.public,s3.us-east-1",SRX471498,GSM1328599,Illumina HiSeq 2000,SINGLE,cDNA,TRANSCRIPTOMIC,Rattus norvegicus,ILLUMINA,2014-06-20T00:00:00Z,GSM1328599,female,Lung,SRP037986,Fisher 344,Lung,2014-02-14T13:44:00Z,1
SRR1170162,RNA-Seq,50,1499207100,PRJNA238328,SAMN02642791,1081263278,GEO,public,"fastq,run.zq,sra","gs,ncbi,s3","gs.us-east1,ncbi.public,s3.us-east-1",SRX471498,GSM1328599,Illumina HiSeq 2000,SINGLE,cDNA,TRANSCRIPTOMIC,Rattus norvegicus,ILLUMINA,2014-06-20T00:00:00Z,GSM1328599,female,Lung,SRP037986,Fisher 344,Lung,2014-02-14T13:44:00Z,1
SRR1170163,RNA-Seq,50,1129330150,PRJNA238328,SAMN02642800,805062863,GEO,public,"fastq,run.zq,sra","gs,ncbi,s3","gs.us-east1,ncbi.public,s3.us-east-1",SRX471499,GSM1328600,Illumina HiSeq 2000,SINGLE,cDNA,TRANSCRIPTOMIC,Rattus norvegicus,ILLUMINA,2014-06-20T00:00:00Z,GSM1328600,female,Lung,SRP037986,Fisher 344,Lung,2014-02-14T13:43:00Z,1
SRR1170164,RNA-Seq,50,1158641200,PRJNA238328,SAMN02642800,817865846,GEO,public,"fastq,run.zq,sra","gs,ncbi,s3","gs.us-east1,ncbi.public,s3.us-east-1",SRX471499,GSM1328600,Illumina HiSeq 2000,SINGLE,cDNA,TRANSCRIPTOMIC,Rattus norvegicus,ILLUMINA,2014-06-20T00:00:00Z,GSM1328600,female,Lung,SRP037986,Fisher 344,Lung,2014-02-14T13:43:00Z,1
SRR1170165,RNA-Seq,50,1210808300,PRJNA238328,SAMN02642779,895859606,GEO,public,"fastq,run.zq,sra","gs,ncbi,s3","gs.us-east1,ncbi.public,s3.us-east-1",SRX471500,GSM1328601,Illumina HiSeq 2000,SINGLE,cDNA,TRANSCRIPTOMIC,Rattus norvegicus,ILLUMINA,2014-06-20T00:00:00Z,GSM1328601,female,Lung,SRP037986,Fisher 344,Lung,2014-02-14T13:43:00Z,1
SRR1170166,RNA-Seq,50,1468282400,PRJNA238328,SAMN02642779,1053425100,GEO,public,"fastq,run.zq,sra","gs,ncbi,s3","gs.us-east1,ncbi.public,s3.us-east-1",SRX471500,GSM1328601,Illumina HiSeq 2000,SINGLE,cDNA,TRANSCRIPTOMIC,Rattus norvegicus,ILLUMINA,2014-06-20T00:00:00Z,GSM1328601,female,Lung,SRP037986,Fisher 344,Lung,2014-02-14T13:40:00Z,1
SRR1170167,RNA-Seq,50,1285310850,PRJNA238328,SAMN02642795,943017146,GEO,public,"fastq,run.zq,sra","gs,ncbi,s3","gs.us-east1,ncbi.public,s3.us-east-1",SRX471501,GSM1328602,Illumina HiSeq 2000,SINGLE,cDNA,TRANSCRIPTOMIC,Rattus norvegicus,ILLUMINA,2014-06-20T00:00:00Z,GSM1328602,female,Lung,SRP037986,Fisher 344,Lung,2014-02-14T13:43:00Z,1
SRR1170168,RNA-Seq,50,1161152100,PRJNA238328,SAMN02642795,842734381,GEO,public,"fastq,run.zq,sra","gs,ncbi,s3","gs.us-east1,ncbi.public,s3.us-east-1",SRX471501,GSM1328602,Illumina HiSeq 2000,SINGLE,cDNA,TRANSCRIPTOMIC,Rattus norvegicus,ILLUMINA,2014-06-20T00:00:00Z,GSM1328602,female,Lung,SRP037986,Fisher 344,Lung,2014-02-14T13:42:00Z,1
SRR1170169,RNA-Seq,50,885412550,PRJNA238328,SAMN02642797,653780223,GEO,public,"fastq,run.zq,sra","gs,ncbi,s3","gs.us-east1,ncbi.public,s3.us-east-1",SRX471502,GSM1328603,Illumina HiSeq 2000,SINGLE,cDNA,TRANSCRIPTOMIC,Rattus norvegicus,ILLUMINA,2014-06-20T00:00:00Z,GSM1328603,female,Lung,SRP037986,Fisher 344,Lung,2014-02-14T13:42:00Z,1
SRR1170170,RNA-Seq,50,787274150,PRJNA238328,SAMN02642797,595615553,GEO,public,"fastq,run.zq,sra","gs,ncbi,s3","gs.us-east1,ncbi.public,s3.us-east-1",SRX471502,GSM1328603,Illumina HiSeq 2000,SINGLE,cDNA,TRANSCRIPTOMIC,Rattus norvegicus,ILLUMINA,2014-06-20T00:00:00Z,GSM1328603,female,Lung,SRP037986,Fisher 344,Lung,2014-02-14T13:39:00Z,1
SRR1170171,RNA-Seq,50,1119029500,PRJNA238328,SAMN02642783,804995722,GEO,public,"fastq,run.zq,sra","gs,ncbi,s3","gs.us-east1,ncbi.public,s3.us-east-1",SRX471503,GSM1328604,Illumina HiSeq 2000,SINGLE,cDNA,TRANSCRIPTOMIC,Rattus norvegicus,ILLUMINA,2014-06-20T00:00:00Z,GSM1328604,female,Lung,SRP037986,Fisher 344,Lung,2014-02-14T13:39:00Z,1
SRR1170172,RNA-Seq,50,1140954650,PRJNA238328,SAMN02642783,808262676,GEO,public,"fastq,run.zq,sra","gs,ncbi,s3","gs.us-east1,ncbi.public,s3.us-east-1",SRX471503,GSM1328604,Illumina HiSeq 2000,SINGLE,cDNA,TRANSCRIPTOMIC,Rattus norvegicus,ILLUMINA,2014-06-20T00:00:00Z,GSM1328604,female,Lung,SRP037986,Fisher 344,Lung,2014-02-14T13:41:00Z,1
SRR1170173,RNA-Seq,50,755925050,PRJNA238328,SAMN02642798,563964667,GEO,public,"fastq,run.zq,sra","gs,ncbi,s3","gs.us-east1,ncbi.public,s3.us-east-1",SRX471504,GSM1328605,Illumina HiSeq 2000,SINGLE,cDNA,TRANSCRIPTOMIC,Rattus norvegicus,ILLUMINA,2014-06-20T00:00:00Z,GSM1328605,female,Lung,SRP037986,Fisher 344,Lung,2014-02-14T13:36:00Z,1
SRR1170174,RNA-Seq,50,703213600,PRJNA238328,SAMN02642798,537261908,GEO,public,"fastq,run.zq,sra","gs,ncbi,s3","gs.us-east1,ncbi.public,s3.us-east-1",SRX471504,GSM1328605,Illumina HiSeq 2000,SINGLE,cDNA,TRANSCRIPTOMIC,Rattus norvegicus,ILLUMINA,2014-06-20T00:00:00Z,GSM1328605,female,Lung,SRP037986,Fisher 344,Lung,2014-02-14T13:36:00Z,1
SRR1170175,RNA-Seq,50,1027929500,PRJNA238328,SAMN02642801,776608680,GEO,public,"fastq,run.zq,sra","gs,ncbi,s3","gs.us-east1,ncbi.public,s3.us-east-1",SRX471505,GSM1328606,Illumina HiSeq 2000,SINGLE,cDNA,TRANSCRIPTOMIC,Rattus norvegicus,ILLUMINA,2014-06-20T00:00:00Z,GSM1328606,female,Lung,SRP037986,Fisher 344,Lung,2014-02-14T13:39:00Z,1
SRR1170176,RNA-Seq,50,1161423500,PRJNA238328,SAMN02642801,862698160,GEO,public,"fastq,run.zq,sra","gs,ncbi,s3","gs.us-east1,ncbi.public,s3.us-east-1",SRX471505,GSM1328606,Illumina HiSeq 2000,SINGLE,cDNA,TRANSCRIPTOMIC,Rattus norvegicus,ILLUMINA,2014-06-20T00:00:00Z,GSM1328606,female,Lung,SRP037986,Fisher 344,Lung,2014-02-14T13:39:00Z,1
SRR1170177,RNA-Seq,50,1178230950,PRJNA238328,SAMN02642784,840075674,GEO,public,"fastq,run.zq,sra","gs,ncbi,s3","gs.us-east1,ncbi.public,s3.us-east-1",SRX471506,GSM1328607,Illumina HiSeq 2000,SINGLE,cDNA,TRANSCRIPTOMIC,Rattus norvegicus,ILLUMINA,2014-06-20T00:00:00Z,GSM1328607,female,Lung,SRP037986,Fisher 344,Lung,2014-02-14T13:43:00Z,1
SRR1170178,RNA-Seq,50,1188039750,PRJNA238328,SAMN02642784,841336268,GEO,public,"fastq,run.zq,sra","gs,ncbi,s3","gs.us-east1,ncbi.public,s3.us-east-1",SRX471506,GSM1328607,Illumina HiSeq 2000,SINGLE,cDNA,TRANSCRIPTOMIC,Rattus norvegicus,ILLUMINA,2014-06-20T00:00:00Z,GSM1328607,female,Lung,SRP037986,Fisher 344,Lung,2014-02-14T13:44:00Z,1
SRR1170179,RNA-Seq,50,992294200,PRJNA238328,SAMN02642799,734925189,GEO,public,"fastq,run.zq,sra","gs,ncbi,s3","gs.us-east1,ncbi.public,s3.us-east-1",SRX471507,GSM1328608,Illumina HiSeq 2000,SINGLE,cDNA,TRANSCRIPTOMIC,Rattus norvegicus,ILLUMINA,2014-06-20T00:00:00Z,GSM1328608,female,Lung,SRP037986,Fisher 344,Lung,2014-02-14T13:43:00Z,1
SRR1170180,RNA-Seq,50,766437200,PRJNA238328,SAMN02642799,584427432,GEO,public,"fastq,run.zq,sra","gs,ncbi,s3","gs.us-east1,ncbi.public,s3.us-east-1",SRX471507,GSM1328608,Illumina HiSeq 2000,SINGLE,cDNA,TRANSCRIPTOMIC,Rattus norvegicus,ILLUMINA,2014-06-20T00:00:00Z,GSM1328608,female,Lung,SRP037986,Fisher 344,Lung,2014-02-14T13:39:00Z,1
SRR1170181,RNA-Seq,50,1489919500,PRJNA238328,SAMN02642806,1058912054,GEO,public,"fastq,run.zq,sra","gs,ncbi,s3","gs.us-east1,ncbi.public,s3.us-east-1",SRX471508,GSM1328609,Illumina HiSeq 2000,SINGLE,cDNA,TRANSCRIPTOMIC,Rattus norvegicus,ILLUMINA,2014-06-20T00:00:00Z,GSM1328609,female,Lung,SRP037986,Fisher 344,Lung,2014-02-14T13:40:00Z,1
SRR1170182,RNA-Seq,50,1343918250,PRJNA238328,SAMN02642806,977427284,GEO,public,"fastq,run.zq,sra","gs,ncbi,s3","gs.us-east1,ncbi.public,s3.us-east-1",SRX471508,GSM1328609,Illumina HiSeq 2000,SINGLE,cDNA,TRANSCRIPTOMIC,Rattus norvegicus,ILLUMINA,2014-06-20T00:00:00Z,GSM1328609,female,Lung,SRP037986,Fisher 344,Lung,2014-02-14T13:40:00Z,1
SRR1170183,RNA-Seq,50,1044861150,PRJNA238328,SAMN02642786,777379014,GEO,public,"fastq,run.zq,sra","gs,ncbi,s3","gs.us-east1,ncbi.public,s3.us-east-1",SRX471509,GSM1328610,Illumina HiSeq 2000,SINGLE,cDNA,TRANSCRIPTOMIC,Rattus norvegicus,ILLUMINA,2014-06-20T00:00:00Z,GSM1328610,female,Lung,SRP037986,Fisher 344,Lung,2014-02-14T13:39:00Z,1
SRR1170184,RNA-Seq,50,1005967150,PRJNA238328,SAMN02642786,758906654,GEO,public,"fastq,run.zq,sra","gs,ncbi,s3","gs.us-east1,ncbi.public,s3.us-east-1",SRX471509,GSM1328610,Illumina HiSeq 2000,SINGLE,cDNA,TRANSCRIPTOMIC,Rattus norvegicus,ILLUMINA,2014-06-20T00:00:00Z,GSM1328610,female,Lung,SRP037986,Fisher 344,Lung,2014-02-14T13:39:00Z,1
SRR1170185,RNA-Seq,50,1272386900,PRJNA238328,SAMN02642807,906975630,GEO,public,"fastq,run.zq,sra","gs,ncbi,s3","gs.us-east1,ncbi.public,s3.us-east-1",SRX471510,GSM1328611,Illumina HiSeq 2000,SINGLE,cDNA,TRANSCRIPTOMIC,Rattus norvegicus,ILLUMINA,2014-06-20T00:00:00Z,GSM1328611,female,Lung,SRP037986,Fisher 344,Lung,2014-02-14T13:44:00Z,1
SRR1170186,RNA-Seq,50,1214918250,PRJNA238328,SAMN02642807,868247476,GEO,public,"fastq,run.zq,sra","gs,ncbi,s3","gs.us-east1,ncbi.public,s3.us-east-1",SRX471510,GSM1328611,Illumina HiSeq 2000,SINGLE,cDNA,TRANSCRIPTOMIC,Rattus norvegicus,ILLUMINA,2014-06-20T00:00:00Z,GSM1328611,female,Lung,SRP037986,Fisher 344,Lung,2014-02-14T13:44:00Z,1
SRR1170187,RNA-Seq,50,808991850,PRJNA238328,SAMN02642809,603813659,GEO,public,"fastq,run.zq,sra","gs,ncbi,s3","gs.us-east1,ncbi.public,s3.us-east-1",SRX471511,GSM1328612,Illumina HiSeq 2000,SINGLE,cDNA,TRANSCRIPTOMIC,Rattus norvegicus,ILLUMINA,2014-06-20T00:00:00Z,GSM1328612,female,Lung,SRP037986,Fisher 344,Lung,2014-02-14T13:39:00Z,1
SRR1170188,RNA-Seq,50,899327000,PRJNA238328,SAMN02642809,667513564,GEO,public,"fastq,run.zq,sra","gs,ncbi,s3","gs.us-east1,ncbi.public,s3.us-east-1",SRX471511,GSM1328612,Illumina HiSeq 2000,SINGLE,cDNA,TRANSCRIPTOMIC,Rattus norvegicus,ILLUMINA,2014-06-20T00:00:00Z,GSM1328612,female,Lung,SRP037986,Fisher 344,Lung,2014-02-14T13:40:00Z,1
SRR1170189,RNA-Seq,50,1344642950,PRJNA238328,SAMN02642792,966562981,GEO,public,"fastq,run.zq,sra","gs,ncbi,s3","gs.us-east1,ncbi.public,s3.us-east-1",SRX471512,GSM1328613,Illumina HiSeq 2000,SINGLE,cDNA,TRANSCRIPTOMIC,Rattus norvegicus,ILLUMINA,2014-06-20T00:00:00Z,GSM1328613,male,Lung,SRP037986,Fisher 344,Lung,2014-02-14T13:46:00Z,1
SRR1170190,RNA-Seq,50,1403640950,PRJNA238328,SAMN02642792,977613414,GEO,public,"fastq,run.zq,sra","gs,ncbi,s3","gs.us-east1,ncbi.public,s3.us-east-1",SRX471512,GSM1328613,Illumina HiSeq 2000,SINGLE,cDNA,TRANSCRIPTOMIC,Rattus norvegicus,ILLUMINA,2014-06-20T00:00:00Z,GSM1328613,male,Lung,SRP037986,Fisher 344,Lung,2014-02-14T13:46:00Z,1
SRR1170191,RNA-Seq,50,1652129100,PRJNA238328,SAMN02642804,1206153437,GEO,public,"fastq,run.zq,sra","gs,ncbi,s3","gs.us-east1,ncbi.public,s3.us-east-1",SRX471513,GSM1328614,Illumina HiSeq 2000,SINGLE,cDNA,TRANSCRIPTOMIC,Rattus norvegicus,ILLUMINA,2014-06-20T00:00:00Z,GSM1328614,male,Lung,SRP037986,Fisher 344,Lung,2014-02-14T13:48:00Z,1
SRR1170192,RNA-Seq,50,467343100,PRJNA238328,SAMN02642804,354044946,GEO,public,"fastq,run.zq,sra","gs,ncbi,s3","gs.us-east1,ncbi.public,s3.us-east-1",SRX471513,GSM1328614,Illumina HiSeq 2000,SINGLE,cDNA,TRANSCRIPTOMIC,Rattus norvegicus,ILLUMINA,2014-06-20T00:00:00Z,GSM1328614,male,Lung,SRP037986,Fisher 344,Lung,2014-02-14T13:48:00Z,1
SRR1170193,RNA-Seq,50,795427900,PRJNA238328,SAMN02642804,613555825,GEO,public,"fastq,run.zq,sra","gs,ncbi,s3","gs.us-east1,ncbi.public,s3.us-east-1",SRX471513,GSM1328614,Illumina HiSeq 2000,SINGLE,cDNA,TRANSCRIPTOMIC,Rattus norvegicus,ILLUMINA,2014-06-20T00:00:00Z,GSM1328614,male,Lung,SRP037986,Fisher 344,Lung,2014-02-14T13:47:00Z,1
SRR1170194,RNA-Seq,50,1199225850,PRJNA238328,SAMN02642819,866049900,GEO,public,"fastq,run.zq,sra","gs,ncbi,s3","gs.us-east1,ncbi.public,s3.us-east-1",SRX471514,GSM1328615,Illumina HiSeq 2000,SINGLE,cDNA,TRANSCRIPTOMIC,Rattus norvegicus,ILLUMINA,2014-06-20T00:00:00Z,GSM1328615,male,Lung,SRP037986,Fisher 344,Lung,2014-02-14T13:47:00Z,1
SRR1170195,RNA-Seq,50,1187253250,PRJNA238328,SAMN02642819,854010625,GEO,public,"fastq,run.zq,sra","gs,ncbi,s3","gs.us-east1,ncbi.public,s3.us-east-1",SRX471514,GSM1328615,Illumina HiSeq 2000,SINGLE,cDNA,TRANSCRIPTOMIC,Rattus norvegicus,ILLUMINA,2014-06-20T00:00:00Z,GSM1328615,male,Lung,SRP037986,Fisher 344,Lung,2014-02-14T13:48:00Z,1
SRR1170196,RNA-Seq,50,1150292550,PRJNA238328,SAMN02642811,832992010,GEO,public,"fastq,run.zq,sra","gs,ncbi,s3","gs.us-east1,ncbi.public,s3.us-east-1",SRX471515,GSM1328616,Illumina HiSeq 2000,SINGLE,cDNA,TRANSCRIPTOMIC,Rattus norvegicus,ILLUMINA,2014-06-20T00:00:00Z,GSM1328616,male,Lung,SRP037986,Fisher 344,Lung,2014-02-14T13:53:00Z,1
SRR1170197,RNA-Seq,50,863479750,PRJNA238328,SAMN02642811,643784923,GEO,public,"fastq,run.zq,sra","gs,ncbi,s3","gs.us-east1,ncbi.public,s3.us-east-1",SRX471515,GSM1328616,Illumina HiSeq 2000,SINGLE,cDNA,TRANSCRIPTOMIC,Rattus norvegicus,ILLUMINA,2014-06-20T00:00:00Z,GSM1328616,male,Lung,SRP037986,Fisher 344,Lung,2014-02-14T13:48:00Z,1
SRR1170198,RNA-Seq,50,895545200,PRJNA238328,SAMN02642811,664802900,GEO,public,"fastq,run.zq,sra","gs,ncbi,s3","gs.us-east1,ncbi.public,s3.us-east-1",SRX471515,GSM1328616,Illumina HiSeq 2000,SINGLE,cDNA,TRANSCRIPTOMIC,Rattus norvegicus,ILLUMINA,2014-06-20T00:00:00Z,GSM1328616,male,Lung,SRP037986,Fisher 344,Lung,2014-02-14T13:48:00Z,1
SRR1170199,RNA-Seq,50,931371350,PRJNA238328,SAMN02642841,706027077,GEO,public,"fastq,run.zq,sra","gs,ncbi,s3","gs.us-east1,ncbi.public,s3.us-east-1",SRX471516,GSM1328617,Illumina HiSeq 2000,SINGLE,cDNA,TRANSCRIPTOMIC,Rattus norvegicus,ILLUMINA,2014-06-20T00:00:00Z,GSM1328617,male,Lung,SRP037986,Fisher 344,Lung,2014-02-14T13:48:00Z,1
SRR1170200,RNA-Seq,50,1044906200,PRJNA238328,SAMN02642841,778499840,GEO,public,"fastq,run.zq,sra","gs,ncbi,s3","gs.us-east1,ncbi.public,s3.us-east-1",SRX471516,GSM1328617,Illumina HiSeq 2000,SINGLE,cDNA,TRANSCRIPTOMIC,Rattus norvegicus,ILLUMINA,2014-06-20T00:00:00Z,GSM1328617,male,Lung,SRP037986,Fisher 344,Lung,2014-02-14T13:48:00Z,1
SRR1170201,RNA-Seq,50,839562500,PRJNA238328,SAMN02642844,627887472,GEO,public,"fastq,run.zq,sra","gs,ncbi,s3","gs.us-east1,ncbi.public,s3.us-east-1",SRX471517,GSM1328618,Illumina HiSeq 2000,SINGLE,cDNA,TRANSCRIPTOMIC,Rattus norvegicus,ILLUMINA,2014-06-20T00:00:00Z,GSM1328618,male,Lung,SRP037986,Fisher 344,Lung,2014-02-14T13:48:00Z,1
SRR1170202,RNA-Seq,50,740345350,PRJNA238328,SAMN02642844,563597602,GEO,public,"fastq,run.zq,sra","gs,ncbi,s3","gs.us-east1,ncbi.public,s3.us-east-1",SRX471517,GSM1328618,Illumina HiSeq 2000,SINGLE,cDNA,TRANSCRIPTOMIC,Rattus norvegicus,ILLUMINA,2014-06-20T00:00:00Z,GSM1328618,male,Lung,SRP037986,Fisher 344,Lung,2014-02-14T13:48:00Z,1
SRR1170203,RNA-Seq,50,875757850,PRJNA238328,SAMN02642826,636127244,GEO,public,"fastq,run.zq,sra","gs,ncbi,s3","gs.us-east1,ncbi.public,s3.us-east-1",SRX471518,GSM1328619,Illumina HiSeq 2000,SINGLE,cDNA,TRANSCRIPTOMIC,Rattus norvegicus,ILLUMINA,2014-06-20T00:00:00Z,GSM1328619,male,Lung,SRP037986,Fisher 344,Lung,2014-02-14T13:49:00Z,1
SRR1170204,RNA-Seq,50,1101235050,PRJNA238328,SAMN02642826,774433403,GEO,public,"fastq,run.zq,sra","gs,ncbi,s3","gs.us-east1,ncbi.public,s3.us-east-1",SRX471518,GSM1328619,Illumina HiSeq 2000,SINGLE,cDNA,TRANSCRIPTOMIC,Rattus norvegicus,ILLUMINA,2014-06-20T00:00:00Z,GSM1328619,male,Lung,SRP037986,Fisher 344,Lung,2014-02-14T13:52:00Z,1
SRR1170205,RNA-Seq,50,1275393350,PRJNA238328,SAMN02642839,923793337,GEO,public,"fastq,run.zq,sra","gs,ncbi,s3","gs.us-east1,ncbi.public,s3.us-east-1",SRX471519,GSM1328620,Illumina HiSeq 2000,SINGLE,cDNA,TRANSCRIPTOMIC,Rattus norvegicus,ILLUMINA,2014-06-20T00:00:00Z,GSM1328620,male,Lung,SRP037986,Fisher 344,Lung,2014-02-14T13:50:00Z,1
SRR1170206,RNA-Seq,50,1178156650,PRJNA238328,SAMN02642839,853006133,GEO,public,"fastq,run.zq,sra","gs,ncbi,s3","gs.us-east1,ncbi.public,s3.us-east-1",SRX471519,GSM1328620,Illumina HiSeq 2000,SINGLE,cDNA,TRANSCRIPTOMIC,Rattus norvegicus,ILLUMINA,2014-06-20T00:00:00Z,GSM1328620,male,Lung,SRP037986,Fisher 344,Lung,2014-02-14T13:53:00Z,1
SRR1170207,RNA-Seq,50,1387158450,PRJNA238328,SAMN02642853,1053190438,GEO,public,"fastq,run.zq,sra","gs,ncbi,s3","gs.us-east1,ncbi.public,s3.us-east-1",SRX471520,GSM1328621,Illumina HiSeq 2000,SINGLE,cDNA,TRANSCRIPTOMIC,Rattus norvegicus,ILLUMINA,2014-06-20T00:00:00Z,GSM1328621,male,Lung,SRP037986,Fisher 344,Lung,2014-02-14T13:45:00Z,1
SRR1170208,RNA-Seq,50,1222200150,PRJNA238328,SAMN02642853,932427985,GEO,public,"fastq,run.zq,sra","gs,ncbi,s3","gs.us-east1,ncbi.public,s3.us-east-1",SRX471520,GSM1328621,Illumina HiSeq 2000,SINGLE,cDNA,TRANSCRIPTOMIC,Rattus norvegicus,ILLUMINA,2014-06-20T00:00:00Z,GSM1328621,male,Lung,SRP037986,Fisher 344,Lung,2014-02-14T13:44:00Z,1
SRR1170209,RNA-Seq,50,815921000,PRJNA238328,SAMN02642829,615217228,GEO,public,"fastq,run.zq,sra","gs,ncbi,s3","gs.us-east1,ncbi.public,s3.us-east-1",SRX471521,GSM1328622,Illumina HiSeq 2000,SINGLE,cDNA,TRANSCRIPTOMIC,Rattus norvegicus,ILLUMINA,2014-06-20T00:00:00Z,GSM1328622,male,Lung,SRP037986,Fisher 344,Lung,2014-02-14T13:43:00Z,1
SRR1170210,RNA-Seq,50,905973000,PRJNA238328,SAMN02642829,667615220,GEO,public,"fastq,run.zq,sra","gs,ncbi,s3","gs.us-east1,ncbi.public,s3.us-east-1",SRX471521,GSM1328622,Illumina HiSeq 2000,SINGLE,cDNA,TRANSCRIPTOMIC,Rattus norvegicus,ILLUMINA,2014-06-20T00:00:00Z,GSM1328622,male,Lung,SRP037986,Fisher 344,Lung,2014-02-14T13:43:00Z,1
SRR1170211,RNA-Seq,50,844612650,PRJNA238328,SAMN02642846,627688182,GEO,public,"fastq,run.zq,sra","gs,ncbi,s3","gs.us-east1,ncbi.public,s3.us-east-1",SRX471522,GSM1328623,Illumina HiSeq 2000,SINGLE,cDNA,TRANSCRIPTOMIC,Rattus norvegicus,ILLUMINA,2014-06-20T00:00:00Z,GSM1328623,male,Lung,SRP037986,Fisher 344,Lung,2014-02-14T13:43:00Z,1
SRR1170212,RNA-Seq,50,802546100,PRJNA238328,SAMN02642846,592242191,GEO,public,"fastq,run.zq,sra","gs,ncbi,s3","gs.us-east1,ncbi.public,s3.us-east-1",SRX471522,GSM1328623,Illumina HiSeq 2000,SINGLE,cDNA,TRANSCRIPTOMIC,Rattus norvegicus,ILLUMINA,2014-06-20T00:00:00Z,GSM1328623,male,Lung,SRP037986,Fisher 344,Lung,2014-02-14T13:45:00Z,1
SRR1170213,RNA-Seq,50,639159350,PRJNA238328,SAMN02642855,488286190,GEO,public,"fastq,run.zq,sra","gs,ncbi,s3","gs.us-east1,ncbi.public,s3.us-east-1",SRX471523,GSM1328624,Illumina HiSeq 2000,SINGLE,cDNA,TRANSCRIPTOMIC,Rattus norvegicus,ILLUMINA,2014-06-20T00:00:00Z,GSM1328624,male,Lung,SRP037986,Fisher 344,Lung,2014-02-14T13:45:00Z,1
SRR1170214,RNA-Seq,50,788366300,PRJNA238328,SAMN02642855,588092900,GEO,public,"fastq,run.zq,sra","gs,ncbi,s3","gs.us-east1,ncbi.public,s3.us-east-1",SRX471523,GSM1328624,Illumina HiSeq 2000,SINGLE,cDNA,TRANSCRIPTOMIC,Rattus norvegicus,ILLUMINA,2014-06-20T00:00:00Z,GSM1328624,male,Lung,SRP037986,Fisher 344,Lung,2014-02-14T13:45:00Z,1
SRR1170215,RNA-Seq,50,1516648850,PRJNA238328,SAMN02642828,1099674917,GEO,public,"fastq,run.zq,sra","gs,ncbi,s3","gs.us-east1,ncbi.public,s3.us-east-1",SRX471524,GSM1328625,Illumina HiSeq 2000,SINGLE,cDNA,TRANSCRIPTOMIC,Rattus norvegicus,ILLUMINA,2014-06-20T00:00:00Z,GSM1328625,male,Lung,SRP037986,Fisher 344,Lung,2014-02-14T13:50:00Z,1
SRR1170216,RNA-Seq,50,1258043200,PRJNA238328,SAMN02642828,922878329,GEO,public,"fastq,run.zq,sra","gs,ncbi,s3","gs.us-east1,ncbi.public,s3.us-east-1",SRX471524,GSM1328625,Illumina HiSeq 2000,SINGLE,cDNA,TRANSCRIPTOMIC,Rattus norvegicus,ILLUMINA,2014-06-20T00:00:00Z,GSM1328625,male,Lung,SRP037986,Fisher 344,Lung,2014-02-14T13:50:00Z,1
SRR1170217,RNA-Seq,50,883280300,PRJNA238328,SAMN02642849,670115443,GEO,public,"fastq,run.zq,sra","gs,ncbi,s3","gs.us-east1,ncbi.public,s3.us-east-1",SRX471525,GSM1328626,Illumina HiSeq 2000,SINGLE,cDNA,TRANSCRIPTOMIC,Rattus norvegicus,ILLUMINA,2014-06-20T00:00:00Z,GSM1328626,male,Lung,SRP037986,Fisher 344,Lung,2014-02-14T13:43:00Z,1
SRR1170218,RNA-Seq,50,1008036750,PRJNA238328,SAMN02642849,747291593,GEO,public,"fastq,run.zq,sra","gs,ncbi,s3","gs.us-east1,ncbi.public,s3.us-east-1",SRX471525,GSM1328626,Illumina HiSeq 2000,SINGLE,cDNA,TRANSCRIPTOMIC,Rattus norvegicus,ILLUMINA,2014-06-20T00:00:00Z,GSM1328626,male,Lung,SRP037986,Fisher 344,Lung,2014-02-14T13:43:00Z,1
SRR1170219,RNA-Seq,50,1206023600,PRJNA238328,SAMN02642856,919081623,GEO,public,"fastq,run.zq,sra","gs,ncbi,s3","gs.us-east1,ncbi.public,s3.us-east-1",SRX471526,GSM1328627,Illumina HiSeq 2000,SINGLE,cDNA,TRANSCRIPTOMIC,Rattus norvegicus,ILLUMINA,2014-06-20T00:00:00Z,GSM1328627,male,Lung,SRP037986,Fisher 344,Lung,2014-02-14T13:50:00Z,1
SRR1170220,RNA-Seq,50,1175064150,PRJNA238328,SAMN02642856,904608793,GEO,public,"fastq,run.zq,sra","gs,ncbi,s3","gs.us-east1,ncbi.public,s3.us-east-1",SRX471526,GSM1328627,Illumina HiSeq 2000,SINGLE,cDNA,TRANSCRIPTOMIC,Rattus norvegicus,ILLUMINA,2014-06-20T00:00:00Z,GSM1328627,male,Lung,SRP037986,Fisher 344,Lung,2014-02-14T13:44:00Z,1
SRR1170221,RNA-Seq,50,1249895500,PRJNA238328,SAMN02642831,901554283,GEO,public,"fastq,run.zq,sra","gs,ncbi,s3","gs.us-east1,ncbi.public,s3.us-east-1",SRX471527,GSM1328628,Illumina HiSeq 2000,SINGLE,cDNA,TRANSCRIPTOMIC,Rattus norvegicus,ILLUMINA,2014-06-20T00:00:00Z,GSM1328628,male,Lung,SRP037986,Fisher 344,Lung,2014-02-14T13:44:00Z,1
SRR1170222,RNA-Seq,50,1296336850,PRJNA238328,SAMN02642831,928083944,GEO,public,"fastq,run.zq,sra","gs,ncbi,s3","gs.us-east1,ncbi.public,s3.us-east-1",SRX471527,GSM1328628,Illumina HiSeq 2000,SINGLE,cDNA,TRANSCRIPTOMIC,Rattus norvegicus,ILLUMINA,2014-06-20T00:00:00Z,GSM1328628,male,Lung,SRP037986,Fisher 344,Lung,2014-02-14T13:45:00Z,1
SRR1170223,RNA-Seq,50,838986300,PRJNA238328,SAMN02642857,608651606,GEO,public,"fastq,run.zq,sra","gs,ncbi,s3","gs.us-east1,ncbi.public,s3.us-east-1",SRX471528,GSM1328629,Illumina HiSeq 2000,SINGLE,cDNA,TRANSCRIPTOMIC,Rattus norvegicus,ILLUMINA,2014-06-20T00:00:00Z,GSM1328629,female,Liver,SRP037986,Fisher 344,Liver,2014-02-14T13:26:00Z,1
SRR1170224,RNA-Seq,50,858371450,PRJNA238328,SAMN02642857,621390086,GEO,public,"fastq,run.zq,sra","gs,ncbi,s3","gs.us-east1,ncbi.public,s3.us-east-1",SRX471528,GSM1328629,Illumina HiSeq 2000,SINGLE,cDNA,TRANSCRIPTOMIC,Rattus norvegicus,ILLUMINA,2014-06-20T00:00:00Z,GSM1328629,female,Liver,SRP037986,Fisher 344,Liver,2014-02-14T13:26:00Z,1
SRR1170225,RNA-Seq,50,701201800,PRJNA238328,SAMN02642862,509826064,GEO,public,"fastq,run.zq,sra","gs,ncbi,s3","gs.us-east1,ncbi.public,s3.us-east-1",SRX471529,GSM1328630,Illumina HiSeq 2000,SINGLE,cDNA,TRANSCRIPTOMIC,Rattus norvegicus,ILLUMINA,2014-06-20T00:00:00Z,GSM1328630,female,Liver,SRP037986,Fisher 344,Liver,2014-02-14T13:26:00Z,1
SRR1170226,RNA-Seq,50,585057250,PRJNA238328,SAMN02642862,430581366,GEO,public,"fastq,run.zq,sra","gs,ncbi,s3","gs.us-east1,ncbi.public,s3.us-east-1",SRX471529,GSM1328630,Illumina HiSeq 2000,SINGLE,cDNA,TRANSCRIPTOMIC,Rattus norvegicus,ILLUMINA,2014-06-20T00:00:00Z,GSM1328630,female,Liver,SRP037986,Fisher 344,Liver,2014-02-14T13:25:00Z,1
SRR1170227,RNA-Seq,50,558835900,PRJNA238328,SAMN02642836,417032451,GEO,public,"fastq,run.zq,sra","gs,ncbi,s3","gs.us-east1,ncbi.public,s3.us-east-1",SRX471530,GSM1328631,Illumina HiSeq 2000,SINGLE,cDNA,TRANSCRIPTOMIC,Rattus norvegicus,ILLUMINA,2014-06-20T00:00:00Z,GSM1328631,female,Liver,SRP037986,Fisher 344,Liver,2014-02-14T13:25:00Z,1
SRR1170228,RNA-Seq,50,679749300,PRJNA238328,SAMN02642836,483527292,GEO,public,"fastq,run.zq,sra","gs,ncbi,s3","gs.us-east1,ncbi.public,s3.us-east-1",SRX471530,GSM1328631,Illumina HiSeq 2000,SINGLE,cDNA,TRANSCRIPTOMIC,Rattus norvegicus,ILLUMINA,2014-06-20T00:00:00Z,GSM1328631,female,Liver,SRP037986,Fisher 344,Liver,2014-02-14T13:26:00Z,1
SRR1170229,RNA-Seq,50,1017543850,PRJNA238328,SAMN02642854,766461301,GEO,public,"fastq,run.zq,sra","gs,ncbi,s3","gs.us-east1,ncbi.public,s3.us-east-1",SRX471531,GSM1328632,Illumina HiSeq 2000,SINGLE,cDNA,TRANSCRIPTOMIC,Rattus norvegicus,ILLUMINA,2014-06-20T00:00:00Z,GSM1328632,female,Liver,SRP037986,Fisher 344,Liver,2014-02-14T13:29:00Z,1
SRR1170230,RNA-Seq,50,1160025400,PRJNA238328,SAMN02642854,854473002,GEO,public,"fastq,run.zq,sra","gs,ncbi,s3","gs.us-east1,ncbi.public,s3.us-east-1",SRX471531,GSM1328632,Illumina HiSeq 2000,SINGLE,cDNA,TRANSCRIPTOMIC,Rattus norvegicus,ILLUMINA,2014-06-20T00:00:00Z,GSM1328632,female,Liver,SRP037986,Fisher 344,Liver,2014-02-14T13:27:00Z,1
SRR1170231,RNA-Seq,50,753574000,PRJNA238328,SAMN02642861,560907905,GEO,public,"fastq,run.zq,sra","gs,ncbi,s3","gs.us-east1,ncbi.public,s3.us-east-1",SRX471532,GSM1328633,Illumina HiSeq 2000,SINGLE,cDNA,TRANSCRIPTOMIC,Rattus norvegicus,ILLUMINA,2014-06-20T00:00:00Z,GSM1328633,female,Liver,SRP037986,Fisher 344,Liver,2014-02-14T13:29:00Z,1
SRR1170232,RNA-Seq,50,655024650,PRJNA238328,SAMN02642861,504913364,GEO,public,"fastq,run.zq,sra","gs,ncbi,s3","gs.us-east1,ncbi.public,s3.us-east-1",SRX471532,GSM1328633,Illumina HiSeq 2000,SINGLE,cDNA,TRANSCRIPTOMIC,Rattus norvegicus,ILLUMINA,2014-06-20T00:00:00Z,GSM1328633,female,Liver,SRP037986,Fisher 344,Liver,2014-02-14T13:29:00Z,1
SRR1170233,RNA-Seq,50,762829500,PRJNA238328,SAMN02642842,574022607,GEO,public,"fastq,run.zq,sra","gs,ncbi,s3","gs.us-east1,ncbi.public,s3.us-east-1",SRX471533,GSM1328634,Illumina HiSeq 2000,SINGLE,cDNA,TRANSCRIPTOMIC,Rattus norvegicus,ILLUMINA,2014-06-20T00:00:00Z,GSM1328634,female,Liver,SRP037986,Fisher 344,Liver,2014-02-14T13:31:00Z,1
SRR1170234,RNA-Seq,50,905994200,PRJNA238328,SAMN02642842,670103238,GEO,public,"fastq,run.zq,sra","gs,ncbi,s3","gs.us-east1,ncbi.public,s3.us-east-1",SRX471533,GSM1328634,Illumina HiSeq 2000,SINGLE,cDNA,TRANSCRIPTOMIC,Rattus norvegicus,ILLUMINA,2014-06-20T00:00:00Z,GSM1328634,female,Liver,SRP037986,Fisher 344,Liver,2014-02-14T13:26:00Z,1
SRR1170235,RNA-Seq,50,931212300,PRJNA238328,SAMN02642858,687057428,GEO,public,"fastq,run.zq,sra","gs,ncbi,s3","gs.us-east1,ncbi.public,s3.us-east-1",SRX471534,GSM1328635,Illumina HiSeq 2000,SINGLE,cDNA,TRANSCRIPTOMIC,Rattus norvegicus,ILLUMINA,2014-06-20T00:00:00Z,GSM1328635,female,Liver,SRP037986,Fisher 344,Liver,2014-02-14T13:27:00Z,1
SRR1170236,RNA-Seq,50,833186250,PRJNA238328,SAMN02642858,607978765,GEO,public,"fastq,run.zq,sra","gs,ncbi,s3","gs.us-east1,ncbi.public,s3.us-east-1",SRX471534,GSM1328635,Illumina HiSeq 2000,SINGLE,cDNA,TRANSCRIPTOMIC,Rattus norvegicus,ILLUMINA,2014-06-20T00:00:00Z,GSM1328635,female,Liver,SRP037986,Fisher 344,Liver,2014-02-14T13:28:00Z,1
SRR1170237,RNA-Seq,50,806091150,PRJNA238328,SAMN02642859,602481222,GEO,public,"fastq,run.zq,sra","gs,ncbi,s3","gs.us-east1,ncbi.public,s3.us-east-1",SRX471535,GSM1328636,Illumina HiSeq 2000,SINGLE,cDNA,TRANSCRIPTOMIC,Rattus norvegicus,ILLUMINA,2014-06-20T00:00:00Z,GSM1328636,female,Liver,SRP037986,Fisher 344,Liver,2014-02-14T13:31:00Z,1
SRR1170238,RNA-Seq,50,730214850,PRJNA238328,SAMN02642859,558339182,GEO,public,"fastq,run.zq,sra","gs,ncbi,s3","gs.us-east1,ncbi.public,s3.us-east-1",SRX471535,GSM1328636,Illumina HiSeq 2000,SINGLE,cDNA,TRANSCRIPTOMIC,Rattus norvegicus,ILLUMINA,2014-06-20T00:00:00Z,GSM1328636,female,Liver,SRP037986,Fisher 344,Liver,2014-02-14T13:27:00Z,1
SRR1170239,RNA-Seq,50,612867350,PRJNA238328,SAMN02642840,466758891,GEO,public,"fastq,run.zq,sra","gs,ncbi,s3","gs.us-east1,ncbi.public,s3.us-east-1",SRX471536,GSM1328637,Illumina HiSeq 2000,SINGLE,cDNA,TRANSCRIPTOMIC,Rattus norvegicus,ILLUMINA,2014-06-20T00:00:00Z,GSM1328637,female,Liver,SRP037986,Fisher 344,Liver,2014-02-14T13:28:00Z,1
SRR1170240,RNA-Seq,50,810930350,PRJNA238328,SAMN02642840,604136038,GEO,public,"fastq,run.zq,sra","gs,ncbi,s3","gs.us-east1,ncbi.public,s3.us-east-1",SRX471536,GSM1328637,Illumina HiSeq 2000,SINGLE,cDNA,TRANSCRIPTOMIC,Rattus norvegicus,ILLUMINA,2014-06-20T00:00:00Z,GSM1328637,female,Liver,SRP037986,Fisher 344,Liver,2014-02-14T13:28:00Z,1
SRR1170241,RNA-Seq,50,686577850,PRJNA238328,SAMN02642864,491745139,GEO,public,"fastq,run.zq,sra","gs,ncbi,s3","gs.us-east1,ncbi.public,s3.us-east-1",SRX471537,GSM1328638,Illumina HiSeq 2000,SINGLE,cDNA,TRANSCRIPTOMIC,Rattus norvegicus,ILLUMINA,2014-06-20T00:00:00Z,GSM1328638,female,Liver,SRP037986,Fisher 344,Liver,2014-02-14T13:28:00Z,1
SRR1170242,RNA-Seq,50,623224800,PRJNA238328,SAMN02642864,456525204,GEO,public,"fastq,run.zq,sra","gs,ncbi,s3","gs.us-east1,ncbi.public,s3.us-east-1",SRX471537,GSM1328638,Illumina HiSeq 2000,SINGLE,cDNA,TRANSCRIPTOMIC,Rattus norvegicus,ILLUMINA,2014-06-20T00:00:00Z,GSM1328638,female,Liver,SRP037986,Fisher 344,Liver,2014-02-14T13:28:00Z,1
SRR1170243,RNA-Seq,50,831841150,PRJNA238328,SAMN02642863,623294001,GEO,public,"fastq,run.zq,sra","gs,ncbi,s3","gs.us-east1,ncbi.public,s3.us-east-1",SRX471538,GSM1328639,Illumina HiSeq 2000,SINGLE,cDNA,TRANSCRIPTOMIC,Rattus norvegicus,ILLUMINA,2014-06-20T00:00:00Z,GSM1328639,female,Liver,SRP037986,Fisher 344,Liver,2014-02-14T13:28:00Z,1
SRR1170244,RNA-Seq,50,819067500,PRJNA238328,SAMN02642863,628260268,GEO,public,"fastq,run.zq,sra","gs,ncbi,s3","gs.us-east1,ncbi.public,s3.us-east-1",SRX471538,GSM1328639,Illumina HiSeq 2000,SINGLE,cDNA,TRANSCRIPTOMIC,Rattus norvegicus,ILLUMINA,2014-06-20T00:00:00Z,GSM1328639,female,Liver,SRP037986,Fisher 344,Liver,2014-02-14T13:28:00Z,1
SRR1170245,RNA-Seq,50,718217900,PRJNA238328,SAMN02642843,540557129,GEO,public,"fastq,run.zq,sra","gs,ncbi,s3","gs.us-east1,ncbi.public,s3.us-east-1",SRX471539,GSM1328640,Illumina HiSeq 2000,SINGLE,cDNA,TRANSCRIPTOMIC,Rattus norvegicus,ILLUMINA,2014-06-20T00:00:00Z,GSM1328640,female,Liver,SRP037986,Fisher 344,Liver,2014-02-14T13:27:00Z,1
SRR1170246,RNA-Seq,50,782976250,PRJNA238328,SAMN02642843,584261729,GEO,public,"fastq,run.zq,sra","gs,ncbi,s3","gs.us-east1,ncbi.public,s3.us-east-1",SRX471539,GSM1328640,Illumina HiSeq 2000,SINGLE,cDNA,TRANSCRIPTOMIC,Rattus norvegicus,ILLUMINA,2014-06-20T00:00:00Z,GSM1328640,female,Liver,SRP037986,Fisher 344,Liver,2014-02-14T13:27:00Z,1
SRR1170247,RNA-Seq,50,875370450,PRJNA238328,SAMN02642870,626320960,GEO,public,"fastq,run.zq,sra","gs,ncbi,s3","gs.us-east1,ncbi.public,s3.us-east-1",SRX471540,GSM1328641,Illumina HiSeq 2000,SINGLE,cDNA,TRANSCRIPTOMIC,Rattus norvegicus,ILLUMINA,2014-06-20T00:00:00Z,GSM1328641,female,Liver,SRP037986,Fisher 344,Liver,2014-02-14T13:27:00Z,1
SRR1170248,RNA-Seq,50,879609850,PRJNA238328,SAMN02642870,625421066,GEO,public,"fastq,run.zq,sra","gs,ncbi,s3","gs.us-east1,ncbi.public,s3.us-east-1",SRX471540,GSM1328641,Illumina HiSeq 2000,SINGLE,cDNA,TRANSCRIPTOMIC,Rattus norvegicus,ILLUMINA,2014-06-20T00:00:00Z,GSM1328641,female,Liver,SRP037986,Fisher 344,Liver,2014-02-14T13:29:00Z,1
SRR1170249,RNA-Seq,50,847332450,PRJNA238328,SAMN02642865,618916175,GEO,public,"fastq,run.zq,sra","gs,ncbi,s3","gs.us-east1,ncbi.public,s3.us-east-1",SRX471541,GSM1328642,Illumina HiSeq 2000,SINGLE,cDNA,TRANSCRIPTOMIC,Rattus norvegicus,ILLUMINA,2014-06-20T00:00:00Z,GSM1328642,female,Liver,SRP037986,Fisher 344,Liver,2014-02-14T13:29:00Z,1
SRR1170250,RNA-Seq,50,781577750,PRJNA238328,SAMN02642865,570663694,GEO,public,"fastq,run.zq,sra","gs,ncbi,s3","gs.us-east1,ncbi.public,s3.us-east-1",SRX471541,GSM1328642,Illumina HiSeq 2000,SINGLE,cDNA,TRANSCRIPTOMIC,Rattus norvegicus,ILLUMINA,2014-06-20T00:00:00Z,GSM1328642,female,Liver,SRP037986,Fisher 344,Liver,2014-02-14T13:28:00Z,1
SRR1170251,RNA-Seq,50,476751800,PRJNA238328,SAMN02642845,344558210,GEO,public,"fastq,run.zq,sra","gs,ncbi,s3","gs.us-east1,ncbi.public,s3.us-east-1",SRX471542,GSM1328643,Illumina HiSeq 2000,SINGLE,cDNA,TRANSCRIPTOMIC,Rattus norvegicus,ILLUMINA,2014-06-20T00:00:00Z,GSM1328643,female,Liver,SRP037986,Fisher 344,Liver,2014-02-14T13:28:00Z,1
SRR1170252,RNA-Seq,50,453967250,PRJNA238328,SAMN02642845,332631501,GEO,public,"fastq,run.zq,sra","gs,ncbi,s3","gs.us-east1,ncbi.public,s3.us-east-1",SRX471542,GSM1328643,Illumina HiSeq 2000,SINGLE,cDNA,TRANSCRIPTOMIC,Rattus norvegicus,ILLUMINA,2014-06-20T00:00:00Z,GSM1328643,female,Liver,SRP037986,Fisher 344,Liver,2014-02-14T13:28:00Z,1
SRR1170253,RNA-Seq,50,448853850,PRJNA238328,SAMN02642868,343329586,GEO,public,"fastq,run.zq,sra","gs,ncbi,s3","gs.us-east1,ncbi.public,s3.us-east-1",SRX471543,GSM1328644,Illumina HiSeq 2000,SINGLE,cDNA,TRANSCRIPTOMIC,Rattus norvegicus,ILLUMINA,2014-06-20T00:00:00Z,GSM1328644,female,Liver,SRP037986,Fisher 344,Liver,2014-02-14T13:28:00Z,1
SRR1170254,RNA-Seq,50,359757100,PRJNA238328,SAMN02642868,275893534,GEO,public,"fastq,run.zq,sra","gs,ncbi,s3","gs.us-east1,ncbi.public,s3.us-east-1",SRX471543,GSM1328644,Illumina HiSeq 2000,SINGLE,cDNA,TRANSCRIPTOMIC,Rattus norvegicus,ILLUMINA,2014-06-20T00:00:00Z,GSM1328644,female,Liver,SRP037986,Fisher 344,Liver,2014-02-14T13:28:00Z,1
SRR1170255,RNA-Seq,50,716358750,PRJNA238328,SAMN02642866,513617305,GEO,public,"fastq,run.zq,sra","gs,ncbi,s3","gs.us-east1,ncbi.public,s3.us-east-1",SRX471544,GSM1328645,Illumina HiSeq 2000,SINGLE,cDNA,TRANSCRIPTOMIC,Rattus norvegicus,ILLUMINA,2014-06-20T00:00:00Z,GSM1328645,male,Liver,SRP037986,Fisher 344,Liver,2014-02-14T13:34:00Z,1
SRR1170256,RNA-Seq,50,683624950,PRJNA238328,SAMN02642866,491416054,GEO,public,"fastq,run.zq,sra","gs,ncbi,s3","gs.us-east1,ncbi.public,s3.us-east-1",SRX471544,GSM1328645,Illumina HiSeq 2000,SINGLE,cDNA,TRANSCRIPTOMIC,Rattus norvegicus,ILLUMINA,2014-06-20T00:00:00Z,GSM1328645,male,Liver,SRP037986,Fisher 344,Liver,2014-02-14T13:34:00Z,1
SRR1170257,RNA-Seq,50,578986000,PRJNA238328,SAMN02642790,417895194,GEO,public,"fastq,run.zq,sra","gs,ncbi,s3","gs.us-east1,ncbi.public,s3.us-east-1",SRX471545,GSM1328646,Illumina HiSeq 2000,SINGLE,cDNA,TRANSCRIPTOMIC,Rattus norvegicus,ILLUMINA,2014-06-20T00:00:00Z,GSM1328646,male,Liver,SRP037986,Fisher 344,Liver,2014-02-14T13:29:00Z,1
SRR1170258,RNA-Seq,50,567307050,PRJNA238328,SAMN02642790,406024324,GEO,public,"fastq,run.zq,sra","gs,ncbi,s3","gs.us-east1,ncbi.public,s3.us-east-1",SRX471545,GSM1328646,Illumina HiSeq 2000,SINGLE,cDNA,TRANSCRIPTOMIC,Rattus norvegicus,ILLUMINA,2014-06-20T00:00:00Z,GSM1328646,male,Liver,SRP037986,Fisher 344,Liver,2014-02-14T13:29:00Z,1
SRR1170259,RNA-Seq,50,543636400,PRJNA238328,SAMN02642813,396676837,GEO,public,"fastq,run.zq,sra","gs,ncbi,s3","gs.us-east1,ncbi.public,s3.us-east-1",SRX471546,GSM1328647,Illumina HiSeq 2000,SINGLE,cDNA,TRANSCRIPTOMIC,Rattus norvegicus,ILLUMINA,2014-06-20T00:00:00Z,GSM1328647,male,Liver,SRP037986,Fisher 344,Liver,2014-02-14T13:29:00Z,1
SRR1170260,RNA-Seq,50,689749600,PRJNA238328,SAMN02642813,487638425,GEO,public,"fastq,run.zq,sra","gs,ncbi,s3","gs.us-east1,ncbi.public,s3.us-east-1",SRX471546,GSM1328647,Illumina HiSeq 2000,SINGLE,cDNA,TRANSCRIPTOMIC,Rattus norvegicus,ILLUMINA,2014-06-20T00:00:00Z,GSM1328647,male,Liver,SRP037986,Fisher 344,Liver,2014-02-14T13:30:00Z,1
SRR1170261,RNA-Seq,50,597387150,PRJNA238328,SAMN02642817,443866175,GEO,public,"fastq,run.zq,sra","gs,ncbi,s3","gs.us-east1,ncbi.public,s3.us-east-1",SRX471547,GSM1328648,Illumina HiSeq 2000,SINGLE,cDNA,TRANSCRIPTOMIC,Rattus norvegicus,ILLUMINA,2014-06-20T00:00:00Z,GSM1328648,male,Liver,SRP037986,Fisher 344,Liver,2014-02-14T13:30:00Z,1
SRR1170262,RNA-Seq,50,564276600,PRJNA238328,SAMN02642817,416517263,GEO,public,"fastq,run.zq,sra","gs,ncbi,s3","gs.us-east1,ncbi.public,s3.us-east-1",SRX471547,GSM1328648,Illumina HiSeq 2000,SINGLE,cDNA,TRANSCRIPTOMIC,Rattus norvegicus,ILLUMINA,2014-06-20T00:00:00Z,GSM1328648,male,Liver,SRP037986,Fisher 344,Liver,2014-02-14T13:30:00Z,1
SRR1170263,RNA-Seq,50,614605850,PRJNA238328,SAMN02642793,463184971,GEO,public,"fastq,run.zq,sra","gs,ncbi,s3","gs.us-east1,ncbi.public,s3.us-east-1",SRX471548,GSM1328649,Illumina HiSeq 2000,SINGLE,cDNA,TRANSCRIPTOMIC,Rattus norvegicus,ILLUMINA,2014-06-20T00:00:00Z,GSM1328649,male,Liver,SRP037986,Fisher 344,Liver,2014-02-14T13:30:00Z,1
SRR1170264,RNA-Seq,50,722334750,PRJNA238328,SAMN02642793,537893562,GEO,public,"fastq,run.zq,sra","gs,ncbi,s3","gs.us-east1,ncbi.public,s3.us-east-1",SRX471548,GSM1328649,Illumina HiSeq 2000,SINGLE,cDNA,TRANSCRIPTOMIC,Rattus norvegicus,ILLUMINA,2014-06-20T00:00:00Z,GSM1328649,male,Liver,SRP037986,Fisher 344,Liver,2014-02-14T13:31:00Z,1
SRR1170265,RNA-Seq,50,650224150,PRJNA238328,SAMN02642814,491757576,GEO,public,"fastq,run.zq,sra","gs,ncbi,s3","gs.us-east1,ncbi.public,s3.us-east-1",SRX471549,GSM1328650,Illumina HiSeq 2000,SINGLE,cDNA,TRANSCRIPTOMIC,Rattus norvegicus,ILLUMINA,2014-06-20T00:00:00Z,GSM1328650,male,Liver,SRP037986,Fisher 344,Liver,2014-02-14T13:32:00Z,1
SRR1170266,RNA-Seq,50,791169450,PRJNA238328,SAMN02642814,591001576,GEO,public,"fastq,run.zq,sra","gs,ncbi,s3","gs.us-east1,ncbi.public,s3.us-east-1",SRX471549,GSM1328650,Illumina HiSeq 2000,SINGLE,cDNA,TRANSCRIPTOMIC,Rattus norvegicus,ILLUMINA,2014-06-20T00:00:00Z,GSM1328650,male,Liver,SRP037986,Fisher 344,Liver,2014-02-14T13:33:00Z,1
SRR1170267,RNA-Seq,50,691240000,PRJNA238328,SAMN02642818,513532928,GEO,public,"fastq,run.zq,sra","gs,ncbi,s3","gs.us-east1,ncbi.public,s3.us-east-1",SRX471550,GSM1328651,Illumina HiSeq 2000,SINGLE,cDNA,TRANSCRIPTOMIC,Rattus norvegicus,ILLUMINA,2014-06-20T00:00:00Z,GSM1328651,male,Liver,SRP037986,Fisher 344,Liver,2014-02-14T13:32:00Z,1
SRR1170268,RNA-Seq,50,633109100,PRJNA238328,SAMN02642818,482740694,GEO,public,"fastq,run.zq,sra","gs,ncbi,s3","gs.us-east1,ncbi.public,s3.us-east-1",SRX471550,GSM1328651,Illumina HiSeq 2000,SINGLE,cDNA,TRANSCRIPTOMIC,Rattus norvegicus,ILLUMINA,2014-06-20T00:00:00Z,GSM1328651,male,Liver,SRP037986,Fisher 344,Liver,2014-02-14T13:35:00Z,1
SRR1170269,RNA-Seq,50,694714200,PRJNA238328,SAMN02642796,519708637,GEO,public,"fastq,run.zq,sra","gs,ncbi,s3","gs.us-east1,ncbi.public,s3.us-east-1",SRX471551,GSM1328652,Illumina HiSeq 2000,SINGLE,cDNA,TRANSCRIPTOMIC,Rattus norvegicus,ILLUMINA,2014-06-20T00:00:00Z,GSM1328652,male,Liver,SRP037986,Fisher 344,Liver,2014-02-14T13:39:00Z,1
SRR1170270,RNA-Seq,50,692907000,PRJNA238328,SAMN02642796,526670900,GEO,public,"fastq,run.zq,sra","gs,ncbi,s3","gs.us-east1,ncbi.public,s3.us-east-1",SRX471551,GSM1328652,Illumina HiSeq 2000,SINGLE,cDNA,TRANSCRIPTOMIC,Rattus norvegicus,ILLUMINA,2014-06-20T00:00:00Z,GSM1328652,male,Liver,SRP037986,Fisher 344,Liver,2014-02-14T13:39:00Z,1
SRR1170271,RNA-Seq,50,395992850,PRJNA238328,SAMN02642815,284667769,GEO,public,"fastq,run.zq,sra","gs,ncbi,s3","gs.us-east1,ncbi.public,s3.us-east-1",SRX471552,GSM1328653,Illumina HiSeq 2000,SINGLE,cDNA,TRANSCRIPTOMIC,Rattus norvegicus,ILLUMINA,2014-06-20T00:00:00Z,GSM1328653,male,Liver,SRP037986,Fisher 344,Liver,2014-02-14T13:28:00Z,1
SRR1170272,RNA-Seq,50,405934500,PRJNA238328,SAMN02642815,288863345,GEO,public,"fastq,run.zq,sra","gs,ncbi,s3","gs.us-east1,ncbi.public,s3.us-east-1",SRX471552,GSM1328653,Illumina HiSeq 2000,SINGLE,cDNA,TRANSCRIPTOMIC,Rattus norvegicus,ILLUMINA,2014-06-20T00:00:00Z,GSM1328653,male,Liver,SRP037986,Fisher 344,Liver,2014-02-14T13:30:00Z,1
SRR1170273,RNA-Seq,50,741313950,PRJNA238328,SAMN02642816,537353108,GEO,public,"fastq,run.zq,sra","gs,ncbi,s3","gs.us-east1,ncbi.public,s3.us-east-1",SRX471553,GSM1328654,Illumina HiSeq 2000,SINGLE,cDNA,TRANSCRIPTOMIC,Rattus norvegicus,ILLUMINA,2014-06-20T00:00:00Z,GSM1328654,male,Liver,SRP037986,Fisher 344,Liver,2014-02-14T13:31:00Z,1
SRR1170274,RNA-Seq,50,784930300,PRJNA238328,SAMN02642816,551743318,GEO,public,"fastq,run.zq,sra","gs,ncbi,s3","gs.us-east1,ncbi.public,s3.us-east-1",SRX471553,GSM1328654,Illumina HiSeq 2000,SINGLE,cDNA,TRANSCRIPTOMIC,Rattus norvegicus,ILLUMINA,2014-06-20T00:00:00Z,GSM1328654,male,Liver,SRP037986,Fisher 344,Liver,2014-02-14T13:31:00Z,1
SRR1170275,RNA-Seq,50,628611700,PRJNA238328,SAMN02642794,480235237,GEO,public,"fastq,run.zq,sra","gs,ncbi,s3","gs.us-east1,ncbi.public,s3.us-east-1",SRX471554,GSM1328655,Illumina HiSeq 2000,SINGLE,cDNA,TRANSCRIPTOMIC,Rattus norvegicus,ILLUMINA,2014-06-20T00:00:00Z,GSM1328655,male,Liver,SRP037986,Fisher 344,Liver,2014-02-14T13:30:00Z,1
SRR1170276,RNA-Seq,50,566924650,PRJNA238328,SAMN02642794,435274105,GEO,public,"fastq,run.zq,sra","gs,ncbi,s3","gs.us-east1,ncbi.public,s3.us-east-1",SRX471554,GSM1328655,Illumina HiSeq 2000,SINGLE,cDNA,TRANSCRIPTOMIC,Rattus norvegicus,ILLUMINA,2014-06-20T00:00:00Z,GSM1328655,male,Liver,SRP037986,Fisher 344,Liver,2014-02-14T13:33:00Z,1
SRR1170277,RNA-Seq,50,735091700,PRJNA238328,SAMN02642822,533107725,GEO,public,"fastq,run.zq,sra","gs,ncbi,s3","gs.us-east1,ncbi.public,s3.us-east-1",SRX471555,GSM1328656,Illumina HiSeq 2000,SINGLE,cDNA,TRANSCRIPTOMIC,Rattus norvegicus,ILLUMINA,2014-06-20T00:00:00Z,GSM1328656,male,Liver,SRP037986,Fisher 344,Liver,2014-02-14T13:33:00Z,1
SRR1170278,RNA-Seq,50,762550950,PRJNA238328,SAMN02642822,549377606,GEO,public,"fastq,run.zq,sra","gs,ncbi,s3","gs.us-east1,ncbi.public,s3.us-east-1",SRX471555,GSM1328656,Illumina HiSeq 2000,SINGLE,cDNA,TRANSCRIPTOMIC,Rattus norvegicus,ILLUMINA,2014-06-20T00:00:00Z,GSM1328656,male,Liver,SRP037986,Fisher 344,Liver,2014-02-14T13:34:00Z,1
SRR1170279,RNA-Seq,50,823377700,PRJNA238328,SAMN02642820,625466831,GEO,public,"fastq,run.zq,sra","gs,ncbi,s3","gs.us-east1,ncbi.public,s3.us-east-1",SRX471556,GSM1328657,Illumina HiSeq 2000,SINGLE,cDNA,TRANSCRIPTOMIC,Rattus norvegicus,ILLUMINA,2014-06-20T00:00:00Z,GSM1328657,male,Liver,SRP037986,Fisher 344,Liver,2014-02-14T13:31:00Z,1
SRR1170280,RNA-Seq,50,951353850,PRJNA238328,SAMN02642820,706952780,GEO,public,"fastq,run.zq,sra","gs,ncbi,s3","gs.us-east1,ncbi.public,s3.us-east-1",SRX471556,GSM1328657,Illumina HiSeq 2000,SINGLE,cDNA,TRANSCRIPTOMIC,Rattus norvegicus,ILLUMINA,2014-06-20T00:00:00Z,GSM1328657,male,Liver,SRP037986,Fisher 344,Liver,2014-02-14T13:31:00Z,1
SRR1170281,RNA-Seq,50,1027245000,PRJNA238328,SAMN02642802,748691548,GEO,public,"fastq,run.zq,sra","gs,ncbi,s3","gs.us-east1,ncbi.public,s3.us-east-1",SRX471557,GSM1328658,Illumina HiSeq 2000,SINGLE,cDNA,TRANSCRIPTOMIC,Rattus norvegicus,ILLUMINA,2014-06-20T00:00:00Z,GSM1328658,male,Liver,SRP037986,Fisher 344,Liver,2014-02-14T13:31:00Z,1
SRR1170282,RNA-Seq,50,280938650,PRJNA238328,SAMN02642802,213974732,GEO,public,"fastq,run.zq,sra","gs,ncbi,s3","gs.us-east1,ncbi.public,s3.us-east-1",SRX471557,GSM1328658,Illumina HiSeq 2000,SINGLE,cDNA,TRANSCRIPTOMIC,Rattus norvegicus,ILLUMINA,2014-06-20T00:00:00Z,GSM1328658,male,Liver,SRP037986,Fisher 344,Liver,2014-02-14T13:29:00Z,1
SRR1170283,RNA-Seq,50,455168450,PRJNA238328,SAMN02642802,352292063,GEO,public,"fastq,run.zq,sra","gs,ncbi,s3","gs.us-east1,ncbi.public,s3.us-east-1",SRX471557,GSM1328658,Illumina HiSeq 2000,SINGLE,cDNA,TRANSCRIPTOMIC,Rattus norvegicus,ILLUMINA,2014-06-20T00:00:00Z,GSM1328658,male,Liver,SRP037986,Fisher 344,Liver,2014-02-14T13:30:00Z,1
SRR1170284,RNA-Seq,50,1156941300,PRJNA238328,SAMN02642823,839212119,GEO,public,"fastq,run.zq,sra","gs,ncbi,s3","gs.us-east1,ncbi.public,s3.us-east-1",SRX471558,GSM1328659,Illumina HiSeq 2000,SINGLE,cDNA,TRANSCRIPTOMIC,Rattus norvegicus,ILLUMINA,2014-06-20T00:00:00Z,GSM1328659,male,Liver,SRP037986,Fisher 344,Liver,2014-02-14T13:33:00Z,1
SRR1170285,RNA-Seq,50,989911900,PRJNA238328,SAMN02642823,743947284,GEO,public,"fastq,run.zq,sra","gs,ncbi,s3","gs.us-east1,ncbi.public,s3.us-east-1",SRX471558,GSM1328659,Illumina HiSeq 2000,SINGLE,cDNA,TRANSCRIPTOMIC,Rattus norvegicus,ILLUMINA,2014-06-20T00:00:00Z,GSM1328659,male,Liver,SRP037986,Fisher 344,Liver,2014-02-14T13:33:00Z,1
SRR1170286,RNA-Seq,50,921742200,PRJNA238328,SAMN02642823,685533383,GEO,public,"fastq,run.zq,sra","gs,ncbi,s3","gs.us-east1,ncbi.public,s3.us-east-1",SRX471558,GSM1328659,Illumina HiSeq 2000,SINGLE,cDNA,TRANSCRIPTOMIC,Rattus norvegicus,ILLUMINA,2014-06-20T00:00:00Z,GSM1328659,male,Liver,SRP037986,Fisher 344,Liver,2014-02-14T13:33:00Z,1
SRR1170287,RNA-Seq,50,662941050,PRJNA238328,SAMN02642821,482524926,GEO,public,"fastq,run.zq,sra","gs,ncbi,s3","gs.us-east1,ncbi.public,s3.us-east-1",SRX471559,GSM1328660,Illumina HiSeq 2000,SINGLE,cDNA,TRANSCRIPTOMIC,Rattus norvegicus,ILLUMINA,2014-06-20T00:00:00Z,GSM1328660,male,Liver,SRP037986,Fisher 344,Liver,2014-02-14T13:32:00Z,1
SRR1170288,RNA-Seq,50,652585450,PRJNA238328,SAMN02642821,473338211,GEO,public,"fastq,run.zq,sra","gs,ncbi,s3","gs.us-east1,ncbi.public,s3.us-east-1",SRX471559,GSM1328660,Illumina HiSeq 2000,SINGLE,cDNA,TRANSCRIPTOMIC,Rattus norvegicus,ILLUMINA,2014-06-20T00:00:00Z,GSM1328660,male,Liver,SRP037986,Fisher 344,Liver,2014-02-14T13:33:00Z,1
SRR1170289,RNA-Seq,50,985269900,PRJNA238328,SAMN02642803,740880177,GEO,public,"fastq,run.zq,sra","gs,ncbi,s3","gs.us-east1,ncbi.public,s3.us-east-1",SRX471560,GSM1328661,Illumina HiSeq 2000,SINGLE,cDNA,TRANSCRIPTOMIC,Rattus norvegicus,ILLUMINA,2014-06-20T00:00:00Z,GSM1328661,female,Muscle,SRP037986,Fisher 344,Muscle,2014-02-14T13:50:00Z,1
SRR1170290,RNA-Seq,50,1068296100,PRJNA238328,SAMN02642803,795699132,GEO,public,"fastq,run.zq,sra","gs,ncbi,s3","gs.us-east1,ncbi.public,s3.us-east-1",SRX471560,GSM1328661,Illumina HiSeq 2000,SINGLE,cDNA,TRANSCRIPTOMIC,Rattus norvegicus,ILLUMINA,2014-06-20T00:00:00Z,GSM1328661,female,Muscle,SRP037986,Fisher 344,Muscle,2014-02-14T13:50:00Z,1
SRR1170291,RNA-Seq,50,1048101050,PRJNA238328,SAMN02642825,763259869,GEO,public,"fastq,run.zq,sra","gs,ncbi,s3","gs.us-east1,ncbi.public,s3.us-east-1",SRX471561,GSM1328662,Illumina HiSeq 2000,SINGLE,cDNA,TRANSCRIPTOMIC,Rattus norvegicus,ILLUMINA,2014-06-20T00:00:00Z,GSM1328662,female,Muscle,SRP037986,Fisher 344,Muscle,2014-02-14T13:54:00Z,1
SRR1170292,RNA-Seq,50,293474150,PRJNA238328,SAMN02642825,222814422,GEO,public,"fastq,run.zq,sra","gs,ncbi,s3","gs.us-east1,ncbi.public,s3.us-east-1",SRX471561,GSM1328662,Illumina HiSeq 2000,SINGLE,cDNA,TRANSCRIPTOMIC,Rattus norvegicus,ILLUMINA,2014-06-20T00:00:00Z,GSM1328662,female,Muscle,SRP037986,Fisher 344,Muscle,2014-02-14T13:48:00Z,1
SRR1170293,RNA-Seq,50,529100550,PRJNA238328,SAMN02642825,410302403,GEO,public,"fastq,run.zq,sra","gs,ncbi,s3","gs.us-east1,ncbi.public,s3.us-east-1",SRX471561,GSM1328662,Illumina HiSeq 2000,SINGLE,cDNA,TRANSCRIPTOMIC,Rattus norvegicus,ILLUMINA,2014-06-20T00:00:00Z,GSM1328662,female,Muscle,SRP037986,Fisher 344,Muscle,2014-02-14T13:49:00Z,1
SRR1170294,RNA-Seq,50,926420600,PRJNA238328,SAMN02642824,662361481,GEO,public,"fastq,run.zq,sra","gs,ncbi,s3","gs.us-east1,ncbi.public,s3.us-east-1",SRX471562,GSM1328663,Illumina HiSeq 2000,SINGLE,cDNA,TRANSCRIPTOMIC,Rattus norvegicus,ILLUMINA,2014-06-20T00:00:00Z,GSM1328663,female,Muscle,SRP037986,Fisher 344,Muscle,2014-02-14T13:49:00Z,1
SRR1170295,RNA-Seq,50,951061700,PRJNA238328,SAMN02642824,673173137,GEO,public,"fastq,run.zq,sra","gs,ncbi,s3","gs.us-east1,ncbi.public,s3.us-east-1",SRX471562,GSM1328663,Illumina HiSeq 2000,SINGLE,cDNA,TRANSCRIPTOMIC,Rattus norvegicus,ILLUMINA,2014-06-20T00:00:00Z,GSM1328663,female,Muscle,SRP037986,Fisher 344,Muscle,2014-02-14T13:54:00Z,1
SRR1170296,RNA-Seq,50,822889300,PRJNA238328,SAMN02642812,618518106,GEO,public,"fastq,run.zq,sra","gs,ncbi,s3","gs.us-east1,ncbi.public,s3.us-east-1",SRX471563,GSM1328664,Illumina HiSeq 2000,SINGLE,cDNA,TRANSCRIPTOMIC,Rattus norvegicus,ILLUMINA,2014-06-20T00:00:00Z,GSM1328664,female,Muscle,SRP037986,Fisher 344,Muscle,2014-02-14T13:49:00Z,1
SRR1170297,RNA-Seq,50,963842650,PRJNA238328,SAMN02642812,710565492,GEO,public,"fastq,run.zq,sra","gs,ncbi,s3","gs.us-east1,ncbi.public,s3.us-east-1",SRX471563,GSM1328664,Illumina HiSeq 2000,SINGLE,cDNA,TRANSCRIPTOMIC,Rattus norvegicus,ILLUMINA,2014-06-20T00:00:00Z,GSM1328664,female,Muscle,SRP037986,Fisher 344,Muscle,2014-02-14T13:54:00Z,1
SRR1170298,RNA-Seq,50,656448850,PRJNA238328,SAMN02642827,502007489,GEO,public,"fastq,run.zq,sra","gs,ncbi,s3","gs.us-east1,ncbi.public,s3.us-east-1",SRX471564,GSM1328665,Illumina HiSeq 2000,SINGLE,cDNA,TRANSCRIPTOMIC,Rattus norvegicus,ILLUMINA,2014-06-20T00:00:00Z,GSM1328665,female,Muscle,SRP037986,Fisher 344,Muscle,2014-02-14T13:53:00Z,1
SRR1170299,RNA-Seq,50,765115400,PRJNA238328,SAMN02642827,569482704,GEO,public,"fastq,run.zq,sra","gs,ncbi,s3","gs.us-east1,ncbi.public,s3.us-east-1",SRX471564,GSM1328665,Illumina HiSeq 2000,SINGLE,cDNA,TRANSCRIPTOMIC,Rattus norvegicus,ILLUMINA,2014-06-20T00:00:00Z,GSM1328665,female,Muscle,SRP037986,Fisher 344,Muscle,2014-02-14T13:49:00Z,1
SRR1170300,RNA-Seq,50,890186450,PRJNA238328,SAMN02642830,672760076,GEO,public,"fastq,run.zq,sra","gs,ncbi,s3","gs.us-east1,ncbi.public,s3.us-east-1",SRX471565,GSM1328666,Illumina HiSeq 2000,SINGLE,cDNA,TRANSCRIPTOMIC,Rattus norvegicus,ILLUMINA,2014-06-20T00:00:00Z,GSM1328666,female,Muscle,SRP037986,Fisher 344,Muscle,2014-02-14T13:54:00Z,1
SRR1170301,RNA-Seq,50,986881000,PRJNA238328,SAMN02642830,728422298,GEO,public,"fastq,run.zq,sra","gs,ncbi,s3","gs.us-east1,ncbi.public,s3.us-east-1",SRX471565,GSM1328666,Illumina HiSeq 2000,SINGLE,cDNA,TRANSCRIPTOMIC,Rattus norvegicus,ILLUMINA,2014-06-20T00:00:00Z,GSM1328666,female,Muscle,SRP037986,Fisher 344,Muscle,2014-02-14T13:54:00Z,1
SRR1170302,RNA-Seq,50,1168489900,PRJNA238328,SAMN02642805,844553503,GEO,public,"fastq,run.zq,sra","gs,ncbi,s3","gs.us-east1,ncbi.public,s3.us-east-1",SRX471566,GSM1328667,Illumina HiSeq 2000,SINGLE,cDNA,TRANSCRIPTOMIC,Rattus norvegicus,ILLUMINA,2014-06-20T00:00:00Z,GSM1328667,female,Muscle,SRP037986,Fisher 344,Muscle,2014-02-14T13:55:00Z,1
SRR1170303,RNA-Seq,50,993866850,PRJNA238328,SAMN02642805,744415607,GEO,public,"fastq,run.zq,sra","gs,ncbi,s3","gs.us-east1,ncbi.public,s3.us-east-1",SRX471566,GSM1328667,Illumina HiSeq 2000,SINGLE,cDNA,TRANSCRIPTOMIC,Rattus norvegicus,ILLUMINA,2014-06-20T00:00:00Z,GSM1328667,female,Muscle,SRP037986,Fisher 344,Muscle,2014-02-14T13:54:00Z,1
SRR1170304,RNA-Seq,50,933980450,PRJNA238328,SAMN02642805,692704894,GEO,public,"fastq,run.zq,sra","gs,ncbi,s3","gs.us-east1,ncbi.public,s3.us-east-1",SRX471566,GSM1328667,Illumina HiSeq 2000,SINGLE,cDNA,TRANSCRIPTOMIC,Rattus norvegicus,ILLUMINA,2014-06-20T00:00:00Z,GSM1328667,female,Muscle,SRP037986,Fisher 344,Muscle,2014-02-14T13:50:00Z,1
SRR1170305,RNA-Seq,50,824504250,PRJNA238328,SAMN02642834,597912926,GEO,public,"fastq,run.zq,sra","gs,ncbi,s3","gs.us-east1,ncbi.public,s3.us-east-1",SRX471567,GSM1328668,Illumina HiSeq 2000,SINGLE,cDNA,TRANSCRIPTOMIC,Rattus norvegicus,ILLUMINA,2014-06-20T00:00:00Z,GSM1328668,female,Muscle,SRP037986,Fisher 344,Muscle,2014-02-14T13:50:00Z,1
SRR1170306,RNA-Seq,50,839928200,PRJNA238328,SAMN02642834,612796187,GEO,public,"fastq,run.zq,sra","gs,ncbi,s3","gs.us-east1,ncbi.public,s3.us-east-1",SRX471567,GSM1328668,Illumina HiSeq 2000,SINGLE,cDNA,TRANSCRIPTOMIC,Rattus norvegicus,ILLUMINA,2014-06-20T00:00:00Z,GSM1328668,female,Muscle,SRP037986,Fisher 344,Muscle,2014-02-14T13:49:00Z,1
SRR1170307,RNA-Seq,50,1153973000,PRJNA238328,SAMN02642832,836585446,GEO,public,"fastq,run.zq,sra","gs,ncbi,s3","gs.us-east1,ncbi.public,s3.us-east-1",SRX471568,GSM1328669,Illumina HiSeq 2000,SINGLE,cDNA,TRANSCRIPTOMIC,Rattus norvegicus,ILLUMINA,2014-06-20T00:00:00Z,GSM1328669,female,Muscle,SRP037986,Fisher 344,Muscle,2014-02-14T13:55:00Z,1
SRR1170308,RNA-Seq,50,1142279900,PRJNA238328,SAMN02642832,825305801,GEO,public,"fastq,run.zq,sra","gs,ncbi,s3","gs.us-east1,ncbi.public,s3.us-east-1",SRX471568,GSM1328669,Illumina HiSeq 2000,SINGLE,cDNA,TRANSCRIPTOMIC,Rattus norvegicus,ILLUMINA,2014-06-20T00:00:00Z,GSM1328669,female,Muscle,SRP037986,Fisher 344,Muscle,2014-02-14T13:54:00Z,1
SRR1170309,RNA-Seq,50,946626550,PRJNA238328,SAMN02642810,685743347,GEO,public,"fastq,run.zq,sra","gs,ncbi,s3","gs.us-east1,ncbi.public,s3.us-east-1",SRX471569,GSM1328670,Illumina HiSeq 2000,SINGLE,cDNA,TRANSCRIPTOMIC,Rattus norvegicus,ILLUMINA,2014-06-20T00:00:00Z,GSM1328670,female,Muscle,SRP037986,Fisher 344,Muscle,2014-02-14T14:34:00Z,1
SRR1170310,RNA-Seq,50,961100800,PRJNA238328,SAMN02642810,685549926,GEO,public,"fastq,run.zq,sra","gs,ncbi,s3","gs.us-east1,ncbi.public,s3.us-east-1",SRX471569,GSM1328670,Illumina HiSeq 2000,SINGLE,cDNA,TRANSCRIPTOMIC,Rattus norvegicus,ILLUMINA,2014-06-20T00:00:00Z,GSM1328670,female,Muscle,SRP037986,Fisher 344,Muscle,2014-02-14T14:39:00Z,1
SRR1170311,RNA-Seq,50,753526300,PRJNA238328,SAMN02642833,568155815,GEO,public,"fastq,run.zq,sra","gs,ncbi,s3","gs.us-east1,ncbi.public,s3.us-east-1",SRX471570,GSM1328671,Illumina HiSeq 2000,SINGLE,cDNA,TRANSCRIPTOMIC,Rattus norvegicus,ILLUMINA,2014-06-20T00:00:00Z,GSM1328671,female,Muscle,SRP037986,Fisher 344,Muscle,2014-02-14T14:34:00Z,1
SRR1170312,RNA-Seq,50,930902150,PRJNA238328,SAMN02642833,694255728,GEO,public,"fastq,run.zq,sra","gs,ncbi,s3","gs.us-east1,ncbi.public,s3.us-east-1",SRX471570,GSM1328671,Illumina HiSeq 2000,SINGLE,cDNA,TRANSCRIPTOMIC,Rattus norvegicus,ILLUMINA,2014-06-20T00:00:00Z,GSM1328671,female,Muscle,SRP037986,Fisher 344,Muscle,2014-02-14T14:39:00Z,1
SRR1170313,RNA-Seq,50,1043675100,PRJNA238328,SAMN02642837,756984438,GEO,public,"fastq,run.zq,sra","gs,ncbi,s3","gs.us-east1,ncbi.public,s3.us-east-1",SRX471571,GSM1328672,Illumina HiSeq 2000,SINGLE,cDNA,TRANSCRIPTOMIC,Rattus norvegicus,ILLUMINA,2014-06-20T00:00:00Z,GSM1328672,female,Muscle,SRP037986,Fisher 344,Muscle,2014-02-14T13:50:00Z,1
SRR1170314,RNA-Seq,50,966158150,PRJNA238328,SAMN02642837,700792116,GEO,public,"fastq,run.zq,sra","gs,ncbi,s3","gs.us-east1,ncbi.public,s3.us-east-1",SRX471571,GSM1328672,Illumina HiSeq 2000,SINGLE,cDNA,TRANSCRIPTOMIC,Rattus norvegicus,ILLUMINA,2014-06-20T00:00:00Z,GSM1328672,female,Muscle,SRP037986,Fisher 344,Muscle,2014-02-14T13:51:00Z,1
SRR1170315,RNA-Seq,50,974173100,PRJNA238328,SAMN02642808,721483620,GEO,public,"fastq,run.zq,sra","gs,ncbi,s3","gs.us-east1,ncbi.public,s3.us-east-1",SRX471572,GSM1328673,Illumina HiSeq 2000,SINGLE,cDNA,TRANSCRIPTOMIC,Rattus norvegicus,ILLUMINA,2014-06-20T00:00:00Z,GSM1328673,female,Muscle,SRP037986,Fisher 344,Muscle,2014-02-14T13:52:00Z,1
SRR1170316,RNA-Seq,50,897447850,PRJNA238328,SAMN02642808,682472226,GEO,public,"fastq,run.zq,sra","gs,ncbi,s3","gs.us-east1,ncbi.public,s3.us-east-1",SRX471572,GSM1328673,Illumina HiSeq 2000,SINGLE,cDNA,TRANSCRIPTOMIC,Rattus norvegicus,ILLUMINA,2014-06-20T00:00:00Z,GSM1328673,female,Muscle,SRP037986,Fisher 344,Muscle,2014-02-14T13:52:00Z,1
SRR1170317,RNA-Seq,50,742439350,PRJNA238328,SAMN02642838,567224286,GEO,public,"fastq,run.zq,sra","gs,ncbi,s3","gs.us-east1,ncbi.public,s3.us-east-1",SRX471573,GSM1328674,Illumina HiSeq 2000,SINGLE,cDNA,TRANSCRIPTOMIC,Rattus norvegicus,ILLUMINA,2014-06-20T00:00:00Z,GSM1328674,female,Muscle,SRP037986,Fisher 344,Muscle,2014-02-14T13:52:00Z,1
SRR1170318,RNA-Seq,50,589607350,PRJNA238328,SAMN02642838,449955297,GEO,public,"fastq,run.zq,sra","gs,ncbi,s3","gs.us-east1,ncbi.public,s3.us-east-1",SRX471573,GSM1328674,Illumina HiSeq 2000,SINGLE,cDNA,TRANSCRIPTOMIC,Rattus norvegicus,ILLUMINA,2014-06-20T00:00:00Z,GSM1328674,female,Muscle,SRP037986,Fisher 344,Muscle,2014-02-14T13:50:00Z,1
SRR1170319,RNA-Seq,50,767656850,PRJNA238328,SAMN02642835,568694171,GEO,public,"fastq,run.zq,sra","gs,ncbi,s3","gs.us-east1,ncbi.public,s3.us-east-1",SRX471574,GSM1328675,Illumina HiSeq 2000,SINGLE,cDNA,TRANSCRIPTOMIC,Rattus norvegicus,ILLUMINA,2014-06-20T00:00:00Z,GSM1328675,female,Muscle,SRP037986,Fisher 344,Muscle,2014-02-14T13:50:00Z,1
SRR1170320,RNA-Seq,50,727603200,PRJNA238328,SAMN02642835,535298249,GEO,public,"fastq,run.zq,sra","gs,ncbi,s3","gs.us-east1,ncbi.public,s3.us-east-1",SRX471574,GSM1328675,Illumina HiSeq 2000,SINGLE,cDNA,TRANSCRIPTOMIC,Rattus norvegicus,ILLUMINA,2014-06-20T00:00:00Z,GSM1328675,female,Muscle,SRP037986,Fisher 344,Muscle,2014-02-14T13:52:00Z,1
SRR1170321,RNA-Seq,50,713594500,PRJNA238328,SAMN02642622,537046364,GEO,public,"fastq,run.zq,sra","gs,ncbi,s3","gs.us-east1,ncbi.public,s3.us-east-1",SRX471575,GSM1328676,Illumina HiSeq 2000,SINGLE,cDNA,TRANSCRIPTOMIC,Rattus norvegicus,ILLUMINA,2014-06-20T00:00:00Z,GSM1328676,female,Muscle,SRP037986,Fisher 344,Muscle,2014-02-14T13:52:00Z,1
SRR1170322,RNA-Seq,50,816778800,PRJNA238328,SAMN02642622,603934329,GEO,public,"fastq,run.zq,sra","gs,ncbi,s3","gs.us-east1,ncbi.public,s3.us-east-1",SRX471575,GSM1328676,Illumina HiSeq 2000,SINGLE,cDNA,TRANSCRIPTOMIC,Rattus norvegicus,ILLUMINA,2014-06-20T00:00:00Z,GSM1328676,female,Muscle,SRP037986,Fisher 344,Muscle,2014-02-14T13:52:00Z,1
SRR1170323,RNA-Seq,50,916719300,PRJNA238328,SAMN02642624,656240728,GEO,public,"fastq,run.zq,sra","gs,ncbi,s3","gs.us-east1,ncbi.public,s3.us-east-1",SRX471576,GSM1328677,Illumina HiSeq 2000,SINGLE,cDNA,TRANSCRIPTOMIC,Rattus norvegicus,ILLUMINA,2014-06-20T00:00:00Z,GSM1328677,male,Muscle,SRP037986,Fisher 344,Muscle,2014-02-14T13:52:00Z,1
SRR1170324,RNA-Seq,50,921462650,PRJNA238328,SAMN02642624,655569862,GEO,public,"fastq,run.zq,sra","gs,ncbi,s3","gs.us-east1,ncbi.public,s3.us-east-1",SRX471576,GSM1328677,Illumina HiSeq 2000,SINGLE,cDNA,TRANSCRIPTOMIC,Rattus norvegicus,ILLUMINA,2014-06-20T00:00:00Z,GSM1328677,male,Muscle,SRP037986,Fisher 344,Muscle,2014-02-14T13:58:00Z,1
SRR1170325,RNA-Seq,50,871741400,PRJNA238328,SAMN02642623,629816094,GEO,public,"fastq,run.zq,sra","gs,ncbi,s3","gs.us-east1,ncbi.public,s3.us-east-1",SRX471577,GSM1328678,Illumina HiSeq 2000,SINGLE,cDNA,TRANSCRIPTOMIC,Rattus norvegicus,ILLUMINA,2014-06-20T00:00:00Z,GSM1328678,male,Muscle,SRP037986,Fisher 344,Muscle,2014-02-14T13:57:00Z,1
SRR1170326,RNA-Seq,50,928412250,PRJNA238328,SAMN02642623,650875189,GEO,public,"fastq,run.zq,sra","gs,ncbi,s3","gs.us-east1,ncbi.public,s3.us-east-1",SRX471577,GSM1328678,Illumina HiSeq 2000,SINGLE,cDNA,TRANSCRIPTOMIC,Rattus norvegicus,ILLUMINA,2014-06-20T00:00:00Z,GSM1328678,male,Muscle,SRP037986,Fisher 344,Muscle,2014-02-14T13:58:00Z,1
SRR1170327,RNA-Seq,50,674945900,PRJNA238328,SAMN02642625,510768536,GEO,public,"fastq,run.zq,sra","gs,ncbi,s3","gs.us-east1,ncbi.public,s3.us-east-1",SRX471578,GSM1328679,Illumina HiSeq 2000,SINGLE,cDNA,TRANSCRIPTOMIC,Rattus norvegicus,ILLUMINA,2014-06-20T00:00:00Z,GSM1328679,male,Muscle,SRP037986,Fisher 344,Muscle,2014-02-14T13:57:00Z,1
SRR1170328,RNA-Seq,50,792001150,PRJNA238328,SAMN02642625,591374488,GEO,public,"fastq,run.zq,sra","gs,ncbi,s3","gs.us-east1,ncbi.public,s3.us-east-1",SRX471578,GSM1328679,Illumina HiSeq 2000,SINGLE,cDNA,TRANSCRIPTOMIC,Rattus norvegicus,ILLUMINA,2014-06-20T00:00:00Z,GSM1328679,male,Muscle,SRP037986,Fisher 344,Muscle,2014-02-14T13:55:00Z,1
SRR1170329,RNA-Seq,50,728874750,PRJNA238328,SAMN02642629,551591058,GEO,public,"fastq,run.zq,sra","gs,ncbi,s3","gs.us-east1,ncbi.public,s3.us-east-1",SRX471579,GSM1328680,Illumina HiSeq 2000,SINGLE,cDNA,TRANSCRIPTOMIC,Rattus norvegicus,ILLUMINA,2014-06-20T00:00:00Z,GSM1328680,male,Muscle,SRP037986,Fisher 344,Muscle,2014-02-14T13:57:00Z,1
SRR1170330,RNA-Seq,50,869372700,PRJNA238328,SAMN02642629,645373608,GEO,public,"fastq,run.zq,sra","gs,ncbi,s3","gs.us-east1,ncbi.public,s3.us-east-1",SRX471579,GSM1328680,Illumina HiSeq 2000,SINGLE,cDNA,TRANSCRIPTOMIC,Rattus norvegicus,ILLUMINA,2014-06-20T00:00:00Z,GSM1328680,male,Muscle,SRP037986,Fisher 344,Muscle,2014-02-14T13:57:00Z,1
SRR1170331,RNA-Seq,50,850569900,PRJNA238328,SAMN02642630,618343021,GEO,public,"fastq,run.zq,sra","gs,ncbi,s3","gs.us-east1,ncbi.public,s3.us-east-1",SRX471580,GSM1328681,Illumina HiSeq 2000,SINGLE,cDNA,TRANSCRIPTOMIC,Rattus norvegicus,ILLUMINA,2014-06-20T00:00:00Z,GSM1328681,male,Muscle,SRP037986,Fisher 344,Muscle,2014-02-14T13:55:00Z,1
SRR1170332,RNA-Seq,50,710492050,PRJNA238328,SAMN02642630,522801050,GEO,public,"fastq,run.zq,sra","gs,ncbi,s3","gs.us-east1,ncbi.public,s3.us-east-1",SRX471580,GSM1328681,Illumina HiSeq 2000,SINGLE,cDNA,TRANSCRIPTOMIC,Rattus norvegicus,ILLUMINA,2014-06-20T00:00:00Z,GSM1328681,male,Muscle,SRP037986,Fisher 344,Muscle,2014-02-14T13:54:00Z,1
SRR1170333,RNA-Seq,50,727050200,PRJNA238328,SAMN02642627,520957301,GEO,public,"fastq,run.zq,sra","gs,ncbi,s3","gs.us-east1,ncbi.public,s3.us-east-1",SRX471581,GSM1328682,Illumina HiSeq 2000,SINGLE,cDNA,TRANSCRIPTOMIC,Rattus norvegicus,ILLUMINA,2014-06-20T00:00:00Z,GSM1328682,male,Muscle,SRP037986,Fisher 344,Muscle,2014-02-14T13:55:00Z,1
SRR1170334,RNA-Seq,50,693801000,PRJNA238328,SAMN02642627,498639767,GEO,public,"fastq,run.zq,sra","gs,ncbi,s3","gs.us-east1,ncbi.public,s3.us-east-1",SRX471581,GSM1328682,Illumina HiSeq 2000,SINGLE,cDNA,TRANSCRIPTOMIC,Rattus norvegicus,ILLUMINA,2014-06-20T00:00:00Z,GSM1328682,male,Muscle,SRP037986,Fisher 344,Muscle,2014-02-14T13:54:00Z,1
SRR1170335,RNA-Seq,50,566455900,PRJNA238328,SAMN02642687,419934690,GEO,public,"fastq,run.zq,sra","gs,ncbi,s3","gs.us-east1,ncbi.public,s3.us-east-1",SRX471582,GSM1328683,Illumina HiSeq 2000,SINGLE,cDNA,TRANSCRIPTOMIC,Rattus norvegicus,ILLUMINA,2014-06-20T00:00:00Z,GSM1328683,male,Muscle,SRP037986,Fisher 344,Muscle,2014-02-14T13:54:00Z,1
SRR1170336,RNA-Seq,50,672404200,PRJNA238328,SAMN02642687,474948875,GEO,public,"fastq,run.zq,sra","gs,ncbi,s3","gs.us-east1,ncbi.public,s3.us-east-1",SRX471582,GSM1328683,Illumina HiSeq 2000,SINGLE,cDNA,TRANSCRIPTOMIC,Rattus norvegicus,ILLUMINA,2014-06-20T00:00:00Z,GSM1328683,male,Muscle,SRP037986,Fisher 344,Muscle,2014-02-14T13:54:00Z,1
SRR1170337,RNA-Seq,50,725641200,PRJNA238328,SAMN02642626,525755915,GEO,public,"fastq,run.zq,sra","gs,ncbi,s3","gs.us-east1,ncbi.public,s3.us-east-1",SRX471583,GSM1328684,Illumina HiSeq 2000,SINGLE,cDNA,TRANSCRIPTOMIC,Rattus norvegicus,ILLUMINA,2014-06-20T00:00:00Z,GSM1328684,male,Muscle,SRP037986,Fisher 344,Muscle,2014-02-14T13:54:00Z,1
SRR1170338,RNA-Seq,50,751037250,PRJNA238328,SAMN02642626,540270367,GEO,public,"fastq,run.zq,sra","gs,ncbi,s3","gs.us-east1,ncbi.public,s3.us-east-1",SRX471583,GSM1328684,Illumina HiSeq 2000,SINGLE,cDNA,TRANSCRIPTOMIC,Rattus norvegicus,ILLUMINA,2014-06-20T00:00:00Z,GSM1328684,male,Muscle,SRP037986,Fisher 344,Muscle,2014-02-14T13:55:00Z,1
SRR1170339,RNA-Seq,50,815922350,PRJNA238328,SAMN02642628,592244195,GEO,public,"fastq,run.zq,sra","gs,ncbi,s3","gs.us-east1,ncbi.public,s3.us-east-1",SRX471584,GSM1328685,Illumina HiSeq 2000,SINGLE,cDNA,TRANSCRIPTOMIC,Rattus norvegicus,ILLUMINA,2014-06-20T00:00:00Z,GSM1328685,male,Muscle,SRP037986,Fisher 344,Muscle,2014-02-14T13:52:00Z,1
SRR1170340,RNA-Seq,50,833829500,PRJNA238328,SAMN02642628,603853043,GEO,public,"fastq,run.zq,sra","gs,ncbi,s3","gs.us-east1,ncbi.public,s3.us-east-1",SRX471584,GSM1328685,Illumina HiSeq 2000,SINGLE,cDNA,TRANSCRIPTOMIC,Rattus norvegicus,ILLUMINA,2014-06-20T00:00:00Z,GSM1328685,male,Muscle,SRP037986,Fisher 344,Muscle,2014-02-14T13:52:00Z,1
SRR1170341,RNA-Seq,50,461404450,PRJNA238328,SAMN02642637,352635388,GEO,public,"fastq,run.zq,sra","gs,ncbi,s3","gs.us-east1,ncbi.public,s3.us-east-1",SRX471585,GSM1328686,Illumina HiSeq 2000,SINGLE,cDNA,TRANSCRIPTOMIC,Rattus norvegicus,ILLUMINA,2014-06-20T00:00:00Z,GSM1328686,male,Muscle,SRP037986,Fisher 344,Muscle,2014-02-14T13:51:00Z,1
SRR1170342,RNA-Seq,50,418890550,PRJNA238328,SAMN02642637,322544626,GEO,public,"fastq,run.zq,sra","gs,ncbi,s3","gs.us-east1,ncbi.public,s3.us-east-1",SRX471585,GSM1328686,Illumina HiSeq 2000,SINGLE,cDNA,TRANSCRIPTOMIC,Rattus norvegicus,ILLUMINA,2014-06-20T00:00:00Z,GSM1328686,male,Muscle,SRP037986,Fisher 344,Muscle,2014-02-14T13:51:00Z,1
SRR1170343,RNA-Seq,50,802124500,PRJNA238328,SAMN02642632,591116214,GEO,public,"fastq,run.zq,sra","gs,ncbi,s3","gs.us-east1,ncbi.public,s3.us-east-1",SRX471586,GSM1328687,Illumina HiSeq 2000,SINGLE,cDNA,TRANSCRIPTOMIC,Rattus norvegicus,ILLUMINA,2014-06-20T00:00:00Z,GSM1328687,male,Muscle,SRP037986,Fisher 344,Muscle,2014-02-14T13:52:00Z,1
SRR1170344,RNA-Seq,50,704056050,PRJNA238328,SAMN02642632,514134704,GEO,public,"fastq,run.zq,sra","gs,ncbi,s3","gs.us-east1,ncbi.public,s3.us-east-1",SRX471586,GSM1328687,Illumina HiSeq 2000,SINGLE,cDNA,TRANSCRIPTOMIC,Rattus norvegicus,ILLUMINA,2014-06-20T00:00:00Z,GSM1328687,male,Muscle,SRP037986,Fisher 344,Muscle,2014-02-14T13:52:00Z,1
SRR1170345,RNA-Seq,50,1031338750,PRJNA238328,SAMN02642634,769490775,GEO,public,"fastq,run.zq,sra","gs,ncbi,s3","gs.us-east1,ncbi.public,s3.us-east-1",SRX471587,GSM1328688,Illumina HiSeq 2000,SINGLE,cDNA,TRANSCRIPTOMIC,Rattus norvegicus,ILLUMINA,2014-06-20T00:00:00Z,GSM1328688,male,Muscle,SRP037986,Fisher 344,Muscle,2014-02-14T13:55:00Z,1
SRR1170346,RNA-Seq,50,905749700,PRJNA238328,SAMN02642634,689787301,GEO,public,"fastq,run.zq,sra","gs,ncbi,s3","gs.us-east1,ncbi.public,s3.us-east-1",SRX471587,GSM1328688,Illumina HiSeq 2000,SINGLE,cDNA,TRANSCRIPTOMIC,Rattus norvegicus,ILLUMINA,2014-06-20T00:00:00Z,GSM1328688,male,Muscle,SRP037986,Fisher 344,Muscle,2014-02-14T13:55:00Z,1
SRR1170347,RNA-Seq,50,836691650,PRJNA238328,SAMN02642635,625629580,GEO,public,"fastq,run.zq,sra","gs,ncbi,s3","gs.us-east1,ncbi.public,s3.us-east-1",SRX471588,GSM1328689,Illumina HiSeq 2000,SINGLE,cDNA,TRANSCRIPTOMIC,Rattus norvegicus,ILLUMINA,2014-06-20T00:00:00Z,GSM1328689,male,Muscle,SRP037986,Fisher 344,Muscle,2014-02-14T13:55:00Z,1
SRR1170348,RNA-Seq,50,814360700,PRJNA238328,SAMN02642635,623127283,GEO,public,"fastq,run.zq,sra","gs,ncbi,s3","gs.us-east1,ncbi.public,s3.us-east-1",SRX471588,GSM1328689,Illumina HiSeq 2000,SINGLE,cDNA,TRANSCRIPTOMIC,Rattus norvegicus,ILLUMINA,2014-06-20T00:00:00Z,GSM1328689,male,Muscle,SRP037986,Fisher 344,Muscle,2014-02-14T13:55:00Z,1
SRR1170349,RNA-Seq,50,899648000,PRJNA238328,SAMN02642631,672615478,GEO,public,"fastq,run.zq,sra","gs,ncbi,s3","gs.us-east1,ncbi.public,s3.us-east-1",SRX471589,GSM1328690,Illumina HiSeq 2000,SINGLE,cDNA,TRANSCRIPTOMIC,Rattus norvegicus,ILLUMINA,2014-06-20T00:00:00Z,GSM1328690,male,Muscle,SRP037986,Fisher 344,Muscle,2014-02-14T13:55:00Z,1
SRR1170350,RNA-Seq,50,901312950,PRJNA238328,SAMN02642631,684728699,GEO,public,"fastq,run.zq,sra","gs,ncbi,s3","gs.us-east1,ncbi.public,s3.us-east-1",SRX471589,GSM1328690,Illumina HiSeq 2000,SINGLE,cDNA,TRANSCRIPTOMIC,Rattus norvegicus,ILLUMINA,2014-06-20T00:00:00Z,GSM1328690,male,Muscle,SRP037986,Fisher 344,Muscle,2014-02-14T13:55:00Z,1
SRR1170351,RNA-Seq,50,840180000,PRJNA238328,SAMN02642633,621609736,GEO,public,"fastq,run.zq,sra","gs,ncbi,s3","gs.us-east1,ncbi.public,s3.us-east-1",SRX471590,GSM1328691,Illumina HiSeq 2000,SINGLE,cDNA,TRANSCRIPTOMIC,Rattus norvegicus,ILLUMINA,2014-06-20T00:00:00Z,GSM1328691,male,Muscle,SRP037986,Fisher 344,Muscle,2014-02-14T13:55:00Z,1
SRR1170352,RNA-Seq,50,727487850,PRJNA238328,SAMN02642633,557331473,GEO,public,"fastq,run.zq,sra","gs,ncbi,s3","gs.us-east1,ncbi.public,s3.us-east-1",SRX471590,GSM1328691,Illumina HiSeq 2000,SINGLE,cDNA,TRANSCRIPTOMIC,Rattus norvegicus,ILLUMINA,2014-06-20T00:00:00Z,GSM1328691,male,Muscle,SRP037986,Fisher 344,Muscle,2014-02-14T13:55:00Z,1
SRR1170353,RNA-Seq,50,896373450,PRJNA238328,SAMN02642636,641711538,GEO,public,"fastq,run.zq,sra","gs,ncbi,s3","gs.us-east1,ncbi.public,s3.us-east-1",SRX471591,GSM1328692,Illumina HiSeq 2000,SINGLE,cDNA,TRANSCRIPTOMIC,Rattus norvegicus,ILLUMINA,2014-06-20T00:00:00Z,GSM1328692,male,Muscle,SRP037986,Fisher 344,Muscle,2014-02-14T13:55:00Z,1
SRR1170354,RNA-Seq,50,800851950,PRJNA238328,SAMN02642636,586730540,GEO,public,"fastq,run.zq,sra","gs,ncbi,s3","gs.us-east1,ncbi.public,s3.us-east-1",SRX471591,GSM1328692,Illumina HiSeq 2000,SINGLE,cDNA,TRANSCRIPTOMIC,Rattus norvegicus,ILLUMINA,2014-06-20T00:00:00Z,GSM1328692,male,Muscle,SRP037986,Fisher 344,Muscle,2014-02-14T13:55:00Z,1
SRR1170355,RNA-Seq,50,801627650,PRJNA238328,SAMN02642641,612489129,GEO,public,"fastq,run.zq,sra","gs,ncbi,s3","gs.us-east1,ncbi.public,s3.us-east-1",SRX471592,GSM1328693,Illumina HiSeq 2000,SINGLE,cDNA,TRANSCRIPTOMIC,Rattus norvegicus,ILLUMINA,2014-06-20T00:00:00Z,GSM1328693,female,Spleen,SRP037986,Fisher 344,Spleen,2014-02-14T14:03:00Z,1
SRR1170356,RNA-Seq,50,634181800,PRJNA238328,SAMN02642641,482830377,GEO,public,"fastq,run.zq,sra","gs,ncbi,s3","gs.us-east1,ncbi.public,s3.us-east-1",SRX471592,GSM1328693,Illumina HiSeq 2000,SINGLE,cDNA,TRANSCRIPTOMIC,Rattus norvegicus,ILLUMINA,2014-06-20T00:00:00Z,GSM1328693,female,Spleen,SRP037986,Fisher 344,Spleen,2014-02-14T14:02:00Z,1
SRR1170357,RNA-Seq,50,907364500,PRJNA238328,SAMN02642639,657901687,GEO,public,"fastq,run.zq,sra","gs,ncbi,s3","gs.us-east1,ncbi.public,s3.us-east-1",SRX471593,GSM1328694,Illumina HiSeq 2000,SINGLE,cDNA,TRANSCRIPTOMIC,Rattus norvegicus,ILLUMINA,2014-06-20T00:00:00Z,GSM1328694,female,Spleen,SRP037986,Fisher 344,Spleen,2014-02-14T14:02:00Z,1
SRR1170358,RNA-Seq,50,910209800,PRJNA238328,SAMN02642639,658144724,GEO,public,"fastq,run.zq,sra","gs,ncbi,s3","gs.us-east1,ncbi.public,s3.us-east-1",SRX471593,GSM1328694,Illumina HiSeq 2000,SINGLE,cDNA,TRANSCRIPTOMIC,Rattus norvegicus,ILLUMINA,2014-06-20T00:00:00Z,GSM1328694,female,Spleen,SRP037986,Fisher 344,Spleen,2014-02-14T14:02:00Z,1
SRR1170359,RNA-Seq,50,869357150,PRJNA238328,SAMN02642638,664468987,GEO,public,"fastq,run.zq,sra","gs,ncbi,s3","gs.us-east1,ncbi.public,s3.us-east-1",SRX471594,GSM1328695,Illumina HiSeq 2000,SINGLE,cDNA,TRANSCRIPTOMIC,Rattus norvegicus,ILLUMINA,2014-06-20T00:00:00Z,GSM1328695,female,Spleen,SRP037986,Fisher 344,Spleen,2014-02-14T14:02:00Z,1
SRR1170360,RNA-Seq,50,843567150,PRJNA238328,SAMN02642638,651155491,GEO,public,"fastq,run.zq,sra","gs,ncbi,s3","gs.us-east1,ncbi.public,s3.us-east-1",SRX471594,GSM1328695,Illumina HiSeq 2000,SINGLE,cDNA,TRANSCRIPTOMIC,Rattus norvegicus,ILLUMINA,2014-06-20T00:00:00Z,GSM1328695,female,Spleen,SRP037986,Fisher 344,Spleen,2014-02-14T14:00:00Z,1
SRR1170361,RNA-Seq,50,1013859250,PRJNA238328,SAMN02642643,736640806,GEO,public,"fastq,run.zq,sra","gs,ncbi,s3","gs.us-east1,ncbi.public,s3.us-east-1",SRX471595,GSM1328696,Illumina HiSeq 2000,SINGLE,cDNA,TRANSCRIPTOMIC,Rattus norvegicus,ILLUMINA,2014-06-20T00:00:00Z,GSM1328696,female,Spleen,SRP037986,Fisher 344,Spleen,2014-02-14T14:01:00Z,1
SRR1170362,RNA-Seq,50,1575629950,PRJNA238328,SAMN02642643,1119282887,GEO,public,"fastq,run.zq,sra","gs,ncbi,s3","gs.us-east1,ncbi.public,s3.us-east-1",SRX471595,GSM1328696,Illumina HiSeq 2000,SINGLE,cDNA,TRANSCRIPTOMIC,Rattus norvegicus,ILLUMINA,2014-06-20T00:00:00Z,GSM1328696,female,Spleen,SRP037986,Fisher 344,Spleen,2014-02-14T14:02:00Z,1
SRR1170363,RNA-Seq,50,1128394250,PRJNA238328,SAMN02642640,814333264,GEO,public,"fastq,run.zq,sra","gs,ncbi,s3","gs.us-east1,ncbi.public,s3.us-east-1",SRX471596,GSM1328697,Illumina HiSeq 2000,SINGLE,cDNA,TRANSCRIPTOMIC,Rattus norvegicus,ILLUMINA,2014-06-20T00:00:00Z,GSM1328697,female,Spleen,SRP037986,Fisher 344,Spleen,2014-02-14T14:01:00Z,1
SRR1170364,RNA-Seq,50,1573877450,PRJNA238328,SAMN02642640,1112220682,GEO,public,"fastq,run.zq,sra","gs,ncbi,s3","gs.us-east1,ncbi.public,s3.us-east-1",SRX471596,GSM1328697,Illumina HiSeq 2000,SINGLE,cDNA,TRANSCRIPTOMIC,Rattus norvegicus,ILLUMINA,2014-06-20T00:00:00Z,GSM1328697,female,Spleen,SRP037986,Fisher 344,Spleen,2014-02-14T14:03:00Z,1
SRR1170365,RNA-Seq,50,815217650,PRJNA238328,SAMN02642642,616895949,GEO,public,"fastq,run.zq,sra","gs,ncbi,s3","gs.us-east1,ncbi.public,s3.us-east-1",SRX471597,GSM1328698,Illumina HiSeq 2000,SINGLE,cDNA,TRANSCRIPTOMIC,Rattus norvegicus,ILLUMINA,2014-06-20T00:00:00Z,GSM1328698,female,Spleen,SRP037986,Fisher 344,Spleen,2014-02-14T14:01:00Z,1
SRR1170366,RNA-Seq,50,900266100,PRJNA238328,SAMN02642642,666307697,GEO,public,"fastq,run.zq,sra","gs,ncbi,s3","gs.us-east1,ncbi.public,s3.us-east-1",SRX471597,GSM1328698,Illumina HiSeq 2000,SINGLE,cDNA,TRANSCRIPTOMIC,Rattus norvegicus,ILLUMINA,2014-06-20T00:00:00Z,GSM1328698,female,Spleen,SRP037986,Fisher 344,Spleen,2014-02-14T14:02:00Z,1
SRR1170367,RNA-Seq,50,949224950,PRJNA238328,SAMN02642651,687362148,GEO,public,"fastq,run.zq,sra","gs,ncbi,s3","gs.us-east1,ncbi.public,s3.us-east-1",SRX471598,GSM1328699,Illumina HiSeq 2000,SINGLE,cDNA,TRANSCRIPTOMIC,Rattus norvegicus,ILLUMINA,2014-06-20T00:00:00Z,GSM1328699,female,Spleen,SRP037986,Fisher 344,Spleen,2014-02-14T14:02:00Z,1
SRR1170368,RNA-Seq,50,978581800,PRJNA238328,SAMN02642651,703510898,GEO,public,"fastq,run.zq,sra","gs,ncbi,s3","gs.us-east1,ncbi.public,s3.us-east-1",SRX471598,GSM1328699,Illumina HiSeq 2000,SINGLE,cDNA,TRANSCRIPTOMIC,Rattus norvegicus,ILLUMINA,2014-06-20T00:00:00Z,GSM1328699,female,Spleen,SRP037986,Fisher 344,Spleen,2014-02-14T14:02:00Z,1
SRR1170369,RNA-Seq,50,673620200,PRJNA238328,SAMN02642644,507203152,GEO,public,"fastq,run.zq,sra","gs,ncbi,s3","gs.us-east1,ncbi.public,s3.us-east-1",SRX471599,GSM1328700,Illumina HiSeq 2000,SINGLE,cDNA,TRANSCRIPTOMIC,Rattus norvegicus,ILLUMINA,2014-06-20T00:00:00Z,GSM1328700,female,Spleen,SRP037986,Fisher 344,Spleen,2014-02-14T14:01:00Z,1
SRR1170370,RNA-Seq,50,835615050,PRJNA238328,SAMN02642644,619761196,GEO,public,"fastq,run.zq,sra","gs,ncbi,s3","gs.us-east1,ncbi.public,s3.us-east-1",SRX471599,GSM1328700,Illumina HiSeq 2000,SINGLE,cDNA,TRANSCRIPTOMIC,Rattus norvegicus,ILLUMINA,2014-06-20T00:00:00Z,GSM1328700,female,Spleen,SRP037986,Fisher 344,Spleen,2014-02-14T14:01:00Z,1
SRR1170371,RNA-Seq,50,821836150,PRJNA238328,SAMN02642653,594400062,GEO,public,"fastq,run.zq,sra","gs,ncbi,s3","gs.us-east1,ncbi.public,s3.us-east-1",SRX471600,GSM1328701,Illumina HiSeq 2000,SINGLE,cDNA,TRANSCRIPTOMIC,Rattus norvegicus,ILLUMINA,2014-06-20T00:00:00Z,GSM1328701,female,Spleen,SRP037986,Fisher 344,Spleen,2014-02-14T13:58:00Z,1
SRR1170372,RNA-Seq,50,732270400,PRJNA238328,SAMN02642653,540303419,GEO,public,"fastq,run.zq,sra","gs,ncbi,s3","gs.us-east1,ncbi.public,s3.us-east-1",SRX471600,GSM1328701,Illumina HiSeq 2000,SINGLE,cDNA,TRANSCRIPTOMIC,Rattus norvegicus,ILLUMINA,2014-06-20T00:00:00Z,GSM1328701,female,Spleen,SRP037986,Fisher 344,Spleen,2014-02-14T13:58:00Z,1
SRR1170373,RNA-Seq,50,910324950,PRJNA238328,SAMN02642646,667603744,GEO,public,"fastq,run.zq,sra","gs,ncbi,s3","gs.us-east1,ncbi.public,s3.us-east-1",SRX471601,GSM1328702,Illumina HiSeq 2000,SINGLE,cDNA,TRANSCRIPTOMIC,Rattus norvegicus,ILLUMINA,2014-06-20T00:00:00Z,GSM1328702,female,Spleen,SRP037986,Fisher 344,Spleen,2014-02-14T13:58:00Z,1
SRR1170374,RNA-Seq,50,814857850,PRJNA238328,SAMN02642646,591229390,GEO,public,"fastq,run.zq,sra","gs,ncbi,s3","gs.us-east1,ncbi.public,s3.us-east-1",SRX471601,GSM1328702,Illumina HiSeq 2000,SINGLE,cDNA,TRANSCRIPTOMIC,Rattus norvegicus,ILLUMINA,2014-06-20T00:00:00Z,GSM1328702,female,Spleen,SRP037986,Fisher 344,Spleen,2014-02-14T13:58:00Z,1
SRR1170375,RNA-Seq,50,657816950,PRJNA238328,SAMN02642654,495363772,GEO,public,"fastq,run.zq,sra","gs,ncbi,s3","gs.us-east1,ncbi.public,s3.us-east-1",SRX471602,GSM1328703,Illumina HiSeq 2000,SINGLE,cDNA,TRANSCRIPTOMIC,Rattus norvegicus,ILLUMINA,2014-06-20T00:00:00Z,GSM1328703,female,Spleen,SRP037986,Fisher 344,Spleen,2014-02-14T13:58:00Z,1
SRR1170376,RNA-Seq,50,821325850,PRJNA238328,SAMN02642654,613244845,GEO,public,"fastq,run.zq,sra","gs,ncbi,s3","gs.us-east1,ncbi.public,s3.us-east-1",SRX471602,GSM1328703,Illumina HiSeq 2000,SINGLE,cDNA,TRANSCRIPTOMIC,Rattus norvegicus,ILLUMINA,2014-06-20T00:00:00Z,GSM1328703,female,Spleen,SRP037986,Fisher 344,Spleen,2014-02-14T13:58:00Z,1
SRR1170377,RNA-Seq,50,1055510050,PRJNA238328,SAMN02642652,756188002,GEO,public,"fastq,run.zq,sra","gs,ncbi,s3","gs.us-east1,ncbi.public,s3.us-east-1",SRX471603,GSM1328704,Illumina HiSeq 2000,SINGLE,cDNA,TRANSCRIPTOMIC,Rattus norvegicus,ILLUMINA,2014-06-20T00:00:00Z,GSM1328704,female,Spleen,SRP037986,Fisher 344,Spleen,2014-02-14T13:59:00Z,1
SRR1170378,RNA-Seq,50,1007296200,PRJNA238328,SAMN02642652,723191337,GEO,public,"fastq,run.zq,sra","gs,ncbi,s3","gs.us-east1,ncbi.public,s3.us-east-1",SRX471603,GSM1328704,Illumina HiSeq 2000,SINGLE,cDNA,TRANSCRIPTOMIC,Rattus norvegicus,ILLUMINA,2014-06-20T00:00:00Z,GSM1328704,female,Spleen,SRP037986,Fisher 344,Spleen,2014-02-14T13:59:00Z,1
SRR1170379,RNA-Seq,50,942654650,PRJNA238328,SAMN02642649,680757420,GEO,public,"fastq,run.zq,sra","gs,ncbi,s3","gs.us-east1,ncbi.public,s3.us-east-1",SRX471604,GSM1328705,Illumina HiSeq 2000,SINGLE,cDNA,TRANSCRIPTOMIC,Rattus norvegicus,ILLUMINA,2014-06-20T00:00:00Z,GSM1328705,female,Spleen,SRP037986,Fisher 344,Spleen,2014-02-14T13:55:00Z,1
SRR1170380,RNA-Seq,50,932388250,PRJNA238328,SAMN02642649,663976743,GEO,public,"fastq,run.zq,sra","gs,ncbi,s3","gs.us-east1,ncbi.public,s3.us-east-1",SRX471604,GSM1328705,Illumina HiSeq 2000,SINGLE,cDNA,TRANSCRIPTOMIC,Rattus norvegicus,ILLUMINA,2014-06-20T00:00:00Z,GSM1328705,female,Spleen,SRP037986,Fisher 344,Spleen,2014-02-14T13:58:00Z,1
SRR1170381,RNA-Seq,50,742964400,PRJNA238328,SAMN02642647,565044265,GEO,public,"fastq,run.zq,sra","gs,ncbi,s3","gs.us-east1,ncbi.public,s3.us-east-1",SRX471605,GSM1328706,Illumina HiSeq 2000,SINGLE,cDNA,TRANSCRIPTOMIC,Rattus norvegicus,ILLUMINA,2014-06-20T00:00:00Z,GSM1328706,female,Spleen,SRP037986,Fisher 344,Spleen,2014-02-14T13:58:00Z,1
SRR1170382,RNA-Seq,50,881479400,PRJNA238328,SAMN02642647,653732299,GEO,public,"fastq,run.zq,sra","gs,ncbi,s3","gs.us-east1,ncbi.public,s3.us-east-1",SRX471605,GSM1328706,Illumina HiSeq 2000,SINGLE,cDNA,TRANSCRIPTOMIC,Rattus norvegicus,ILLUMINA,2014-06-20T00:00:00Z,GSM1328706,female,Spleen,SRP037986,Fisher 344,Spleen,2014-02-14T14:01:00Z,1
SRR1170383,RNA-Seq,50,913389800,PRJNA238328,SAMN02642658,695633194,GEO,public,"fastq,run.zq,sra","gs,ncbi,s3","gs.us-east1,ncbi.public,s3.us-east-1",SRX471606,GSM1328707,Illumina HiSeq 2000,SINGLE,cDNA,TRANSCRIPTOMIC,Rattus norvegicus,ILLUMINA,2014-06-20T00:00:00Z,GSM1328707,female,Spleen,SRP037986,Fisher 344,Spleen,2014-02-14T13:58:00Z,1
SRR1170384,RNA-Seq,50,1042519900,PRJNA238328,SAMN02642658,780163153,GEO,public,"fastq,run.zq,sra","gs,ncbi,s3","gs.us-east1,ncbi.public,s3.us-east-1",SRX471606,GSM1328707,Illumina HiSeq 2000,SINGLE,cDNA,TRANSCRIPTOMIC,Rattus norvegicus,ILLUMINA,2014-06-20T00:00:00Z,GSM1328707,female,Spleen,SRP037986,Fisher 344,Spleen,2014-02-14T13:59:00Z,1
SRR1170385,RNA-Seq,50,1522393600,PRJNA238328,SAMN02642648,1104341728,GEO,public,"fastq,run.zq,sra","gs,ncbi,s3","gs.us-east1,ncbi.public,s3.us-east-1",SRX471607,GSM1328708,Illumina HiSeq 2000,SINGLE,cDNA,TRANSCRIPTOMIC,Rattus norvegicus,ILLUMINA,2014-06-20T00:00:00Z,GSM1328708,female,Spleen,SRP037986,Fisher 344,Spleen,2014-02-14T14:00:00Z,1
SRR1170386,RNA-Seq,50,427605600,PRJNA238328,SAMN02642648,322853334,GEO,public,"fastq,run.zq,sra","gs,ncbi,s3","gs.us-east1,ncbi.public,s3.us-east-1",SRX471607,GSM1328708,Illumina HiSeq 2000,SINGLE,cDNA,TRANSCRIPTOMIC,Rattus norvegicus,ILLUMINA,2014-06-20T00:00:00Z,GSM1328708,female,Spleen,SRP037986,Fisher 344,Spleen,2014-02-14T13:57:00Z,1
SRR1170387,RNA-Seq,50,753651250,PRJNA238328,SAMN02642648,580668030,GEO,public,"fastq,run.zq,sra","gs,ncbi,s3","gs.us-east1,ncbi.public,s3.us-east-1",SRX471607,GSM1328708,Illumina HiSeq 2000,SINGLE,cDNA,TRANSCRIPTOMIC,Rattus norvegicus,ILLUMINA,2014-06-20T00:00:00Z,GSM1328708,female,Spleen,SRP037986,Fisher 344,Spleen,2014-02-14T14:01:00Z,1
SRR1170388,RNA-Seq,50,992320000,PRJNA238328,SAMN02642645,722049039,GEO,public,"fastq,run.zq,sra","gs,ncbi,s3","gs.us-east1,ncbi.public,s3.us-east-1",SRX471608,GSM1328709,Illumina HiSeq 2000,SINGLE,cDNA,TRANSCRIPTOMIC,Rattus norvegicus,ILLUMINA,2014-06-20T00:00:00Z,GSM1328709,male,Spleen,SRP037986,Fisher 344,Spleen,2014-02-14T14:02:00Z,1
SRR1170389,RNA-Seq,50,913279100,PRJNA238328,SAMN02642645,664290925,GEO,public,"fastq,run.zq,sra","gs,ncbi,s3","gs.us-east1,ncbi.public,s3.us-east-1",SRX471608,GSM1328709,Illumina HiSeq 2000,SINGLE,cDNA,TRANSCRIPTOMIC,Rattus norvegicus,ILLUMINA,2014-06-20T00:00:00Z,GSM1328709,male,Spleen,SRP037986,Fisher 344,Spleen,2014-02-14T14:02:00Z,1
SRR1170390,RNA-Seq,50,809667100,PRJNA238328,SAMN02642662,606432803,GEO,public,"fastq,run.zq,sra","gs,ncbi,s3","gs.us-east1,ncbi.public,s3.us-east-1",SRX471609,GSM1328710,Illumina HiSeq 2000,SINGLE,cDNA,TRANSCRIPTOMIC,Rattus norvegicus,ILLUMINA,2014-06-20T00:00:00Z,GSM1328710,male,Spleen,SRP037986,Fisher 344,Spleen,2014-02-14T14:02:00Z,1
SRR1170391,RNA-Seq,50,1006051600,PRJNA238328,SAMN02642662,741893076,GEO,public,"fastq,run.zq,sra","gs,ncbi,s3","gs.us-east1,ncbi.public,s3.us-east-1",SRX471609,GSM1328710,Illumina HiSeq 2000,SINGLE,cDNA,TRANSCRIPTOMIC,Rattus norvegicus,ILLUMINA,2014-06-20T00:00:00Z,GSM1328710,male,Spleen,SRP037986,Fisher 344,Spleen,2014-02-14T14:07:00Z,1
SRR1170392,RNA-Seq,50,1108326800,PRJNA238328,SAMN02642660,803484014,GEO,public,"fastq,run.zq,sra","gs,ncbi,s3","gs.us-east1,ncbi.public,s3.us-east-1",SRX471610,GSM1328711,Illumina HiSeq 2000,SINGLE,cDNA,TRANSCRIPTOMIC,Rattus norvegicus,ILLUMINA,2014-06-20T00:00:00Z,GSM1328711,male,Spleen,SRP037986,Fisher 344,Spleen,2014-02-14T14:04:00Z,1
SRR1170393,RNA-Seq,50,916205650,PRJNA238328,SAMN02642660,671935271,GEO,public,"fastq,run.zq,sra","gs,ncbi,s3","gs.us-east1,ncbi.public,s3.us-east-1",SRX471610,GSM1328711,Illumina HiSeq 2000,SINGLE,cDNA,TRANSCRIPTOMIC,Rattus norvegicus,ILLUMINA,2014-06-20T00:00:00Z,GSM1328711,male,Spleen,SRP037986,Fisher 344,Spleen,2014-02-14T14:04:00Z,1
SRR1170394,RNA-Seq,50,1069483300,PRJNA238328,SAMN02642650,774306349,GEO,public,"fastq,run.zq,sra","gs,ncbi,s3","gs.us-east1,ncbi.public,s3.us-east-1",SRX471611,GSM1328712,Illumina HiSeq 2000,SINGLE,cDNA,TRANSCRIPTOMIC,Rattus norvegicus,ILLUMINA,2014-06-20T00:00:00Z,GSM1328712,male,Spleen,SRP037986,Fisher 344,Spleen,2014-02-14T14:04:00Z,1
SRR1170395,RNA-Seq,50,1092447700,PRJNA238328,SAMN02642650,795925608,GEO,public,"fastq,run.zq,sra","gs,ncbi,s3","gs.us-east1,ncbi.public,s3.us-east-1",SRX471611,GSM1328712,Illumina HiSeq 2000,SINGLE,cDNA,TRANSCRIPTOMIC,Rattus norvegicus,ILLUMINA,2014-06-20T00:00:00Z,GSM1328712,male,Spleen,SRP037986,Fisher 344,Spleen,2014-02-14T14:07:00Z,1
SRR1170396,RNA-Seq,50,971809950,PRJNA238328,SAMN02642663,727297032,GEO,public,"fastq,run.zq,sra","gs,ncbi,s3","gs.us-east1,ncbi.public,s3.us-east-1",SRX471612,GSM1328713,Illumina HiSeq 2000,SINGLE,cDNA,TRANSCRIPTOMIC,Rattus norvegicus,ILLUMINA,2014-06-20T00:00:00Z,GSM1328713,male,Spleen,SRP037986,Fisher 344,Spleen,2014-02-14T14:04:00Z,1
SRR1170397,RNA-Seq,50,1092201700,PRJNA238328,SAMN02642663,811958772,GEO,public,"fastq,run.zq,sra","gs,ncbi,s3","gs.us-east1,ncbi.public,s3.us-east-1",SRX471612,GSM1328713,Illumina HiSeq 2000,SINGLE,cDNA,TRANSCRIPTOMIC,Rattus norvegicus,ILLUMINA,2014-06-20T00:00:00Z,GSM1328713,male,Spleen,SRP037986,Fisher 344,Spleen,2014-02-14T14:07:00Z,1
SRR1170398,RNA-Seq,50,835865900,PRJNA238328,SAMN02642664,624391605,GEO,public,"fastq,run.zq,sra","gs,ncbi,s3","gs.us-east1,ncbi.public,s3.us-east-1",SRX471613,GSM1328714,Illumina HiSeq 2000,SINGLE,cDNA,TRANSCRIPTOMIC,Rattus norvegicus,ILLUMINA,2014-06-20T00:00:00Z,GSM1328714,male,Spleen,SRP037986,Fisher 344,Spleen,2014-02-14T14:06:00Z,1
SRR1170399,RNA-Seq,50,696100650,PRJNA238328,SAMN02642664,529431351,GEO,public,"fastq,run.zq,sra","gs,ncbi,s3","gs.us-east1,ncbi.public,s3.us-east-1",SRX471613,GSM1328714,Illumina HiSeq 2000,SINGLE,cDNA,TRANSCRIPTOMIC,Rattus norvegicus,ILLUMINA,2014-06-20T00:00:00Z,GSM1328714,male,Spleen,SRP037986,Fisher 344,Spleen,2014-02-14T14:06:00Z,1
SRR1170400,RNA-Seq,50,1098192100,PRJNA238328,SAMN02642655,782938521,GEO,public,"fastq,run.zq,sra","gs,ncbi,s3","gs.us-east1,ncbi.public,s3.us-east-1",SRX471614,GSM1328715,Illumina HiSeq 2000,SINGLE,cDNA,TRANSCRIPTOMIC,Rattus norvegicus,ILLUMINA,2014-06-20T00:00:00Z,GSM1328715,male,Spleen,SRP037986,Fisher 344,Spleen,2014-02-14T14:04:00Z,1
SRR1170401,RNA-Seq,50,1097968750,PRJNA238328,SAMN02642655,777631538,GEO,public,"fastq,run.zq,sra","gs,ncbi,s3","gs.us-east1,ncbi.public,s3.us-east-1",SRX471614,GSM1328715,Illumina HiSeq 2000,SINGLE,cDNA,TRANSCRIPTOMIC,Rattus norvegicus,ILLUMINA,2014-06-20T00:00:00Z,GSM1328715,male,Spleen,SRP037986,Fisher 344,Spleen,2014-02-14T14:05:00Z,1
SRR1170402,RNA-Seq,50,965885450,PRJNA238328,SAMN02642665,698912872,GEO,public,"fastq,run.zq,sra","gs,ncbi,s3","gs.us-east1,ncbi.public,s3.us-east-1",SRX471615,GSM1328716,Illumina HiSeq 2000,SINGLE,cDNA,TRANSCRIPTOMIC,Rattus norvegicus,ILLUMINA,2014-06-20T00:00:00Z,GSM1328716,male,Spleen,SRP037986,Fisher 344,Spleen,2014-02-14T14:05:00Z,1
SRR1170403,RNA-Seq,50,946367900,PRJNA238328,SAMN02642665,681909357,GEO,public,"fastq,run.zq,sra","gs,ncbi,s3","gs.us-east1,ncbi.public,s3.us-east-1",SRX471615,GSM1328716,Illumina HiSeq 2000,SINGLE,cDNA,TRANSCRIPTOMIC,Rattus norvegicus,ILLUMINA,2014-06-20T00:00:00Z,GSM1328716,male,Spleen,SRP037986,Fisher 344,Spleen,2014-02-14T14:07:00Z,1
SRR1170404,RNA-Seq,50,918859850,PRJNA238328,SAMN02642668,680526194,GEO,public,"fastq,run.zq,sra","gs,ncbi,s3","gs.us-east1,ncbi.public,s3.us-east-1",SRX471616,GSM1328717,Illumina HiSeq 2000,SINGLE,cDNA,TRANSCRIPTOMIC,Rattus norvegicus,ILLUMINA,2014-06-20T00:00:00Z,GSM1328717,male,Spleen,SRP037986,Fisher 344,Spleen,2014-02-14T14:05:00Z,1
SRR1170405,RNA-Seq,50,696043650,PRJNA238328,SAMN02642668,529510140,GEO,public,"fastq,run.zq,sra","gs,ncbi,s3","gs.us-east1,ncbi.public,s3.us-east-1",SRX471616,GSM1328717,Illumina HiSeq 2000,SINGLE,cDNA,TRANSCRIPTOMIC,Rattus norvegicus,ILLUMINA,2014-06-20T00:00:00Z,GSM1328717,male,Spleen,SRP037986,Fisher 344,Spleen,2014-02-14T14:04:00Z,1
SRR1170406,RNA-Seq,50,849859150,PRJNA238328,SAMN02642657,635999066,GEO,public,"fastq,run.zq,sra","gs,ncbi,s3","gs.us-east1,ncbi.public,s3.us-east-1",SRX471617,GSM1328718,Illumina HiSeq 2000,SINGLE,cDNA,TRANSCRIPTOMIC,Rattus norvegicus,ILLUMINA,2014-06-20T00:00:00Z,GSM1328718,male,Spleen,SRP037986,Fisher 344,Spleen,2014-02-14T14:05:00Z,1
SRR1170407,RNA-Seq,50,729203900,PRJNA238328,SAMN02642657,554214041,GEO,public,"fastq,run.zq,sra","gs,ncbi,s3","gs.us-east1,ncbi.public,s3.us-east-1",SRX471617,GSM1328718,Illumina HiSeq 2000,SINGLE,cDNA,TRANSCRIPTOMIC,Rattus norvegicus,ILLUMINA,2014-06-20T00:00:00Z,GSM1328718,male,Spleen,SRP037986,Fisher 344,Spleen,2014-02-14T14:04:00Z,1
SRR1170408,RNA-Seq,50,1065996700,PRJNA238328,SAMN02642666,772955802,GEO,public,"fastq,run.zq,sra","gs,ncbi,s3","gs.us-east1,ncbi.public,s3.us-east-1",SRX471618,GSM1328719,Illumina HiSeq 2000,SINGLE,cDNA,TRANSCRIPTOMIC,Rattus norvegicus,ILLUMINA,2014-06-20T00:00:00Z,GSM1328719,male,Spleen,SRP037986,Fisher 344,Spleen,2014-02-14T14:05:00Z,1
SRR1170409,RNA-Seq,50,805379900,PRJNA238328,SAMN02642666,598761062,GEO,public,"fastq,run.zq","gs,ncbi,s3","gs.us-east1,ncbi.public,s3.us-east-1",SRX471618,GSM1328719,Illumina HiSeq 2000,SINGLE,cDNA,TRANSCRIPTOMIC,Rattus norvegicus,ILLUMINA,2014-06-20T00:00:00Z,GSM1328719,male,Spleen,SRP037986,Fisher 344,Spleen,,
SRR1170410,RNA-Seq,50,856996150,PRJNA238328,SAMN02642666,636761170,GEO,public,"fastq,run.zq,sra","gs,ncbi,s3","gs.us-east1,ncbi.public,s3.us-east-1",SRX471618,GSM1328719,Illumina HiSeq 2000,SINGLE,cDNA,TRANSCRIPTOMIC,Rattus norvegicus,ILLUMINA,2014-06-20T00:00:00Z,GSM1328719,male,Spleen,SRP037986,Fisher 344,Spleen,2014-02-14T14:05:00Z,1
SRR1170411,RNA-Seq,50,1080918900,PRJNA238328,SAMN02642669,798021096,GEO,public,"fastq,run.zq,sra","gs,ncbi,s3","gs.us-east1,ncbi.public,s3.us-east-1",SRX471619,GSM1328720,Illumina HiSeq 2000,SINGLE,cDNA,TRANSCRIPTOMIC,Rattus norvegicus,ILLUMINA,2014-06-20T00:00:00Z,GSM1328720,male,Spleen,SRP037986,Fisher 344,Spleen,2014-02-14T14:06:00Z,1
SRR1170412,RNA-Seq,50,1551340350,PRJNA238328,SAMN02642669,1107574168,GEO,public,"fastq,run.zq,sra","gs,ncbi,s3","gs.us-east1,ncbi.public,s3.us-east-1",SRX471619,GSM1328720,Illumina HiSeq 2000,SINGLE,cDNA,TRANSCRIPTOMIC,Rattus norvegicus,ILLUMINA,2014-06-20T00:00:00Z,GSM1328720,male,Spleen,SRP037986,Fisher 344,Spleen,2014-02-14T14:08:00Z,1
SRR1170413,RNA-Seq,50,958110150,PRJNA238328,SAMN02642656,715523272,GEO,public,"sra,fastq,run.zq","gs,ncbi,s3","gs.us-east1,ncbi.public,s3.us-east-1",SRX471620,GSM1328721,Illumina HiSeq 2000,SINGLE,cDNA,TRANSCRIPTOMIC,Rattus norvegicus,ILLUMINA,2014-06-20T00:00:00Z,GSM1328721,male,Spleen,SRP037986,Fisher 344,Spleen,2014-02-14T14:02:00Z,1
SRR1170414,RNA-Seq,50,916829300,PRJNA238328,SAMN02642656,693814210,GEO,public,"fastq,run.zq,sra","gs,ncbi,s3","gs.us-east1,ncbi.public,s3.us-east-1",SRX471620,GSM1328721,Illumina HiSeq 2000,SINGLE,cDNA,TRANSCRIPTOMIC,Rattus norvegicus,ILLUMINA,2014-06-20T00:00:00Z,GSM1328721,male,Spleen,SRP037986,Fisher 344,Spleen,2014-02-14T14:02:00Z,1
SRR1170415,RNA-Seq,50,1095201200,PRJNA238328,SAMN02642667,809682383,GEO,public,"fastq,run.zq,sra","gs,ncbi,s3","gs.us-east1,ncbi.public,s3.us-east-1",SRX471621,GSM1328722,Illumina HiSeq 2000,SINGLE,cDNA,TRANSCRIPTOMIC,Rattus norvegicus,ILLUMINA,2014-06-20T00:00:00Z,GSM1328722,male,Spleen,SRP037986,Fisher 344,Spleen,2014-02-14T14:07:00Z,1
SRR1170416,RNA-Seq,50,1037655100,PRJNA238328,SAMN02642667,762401786,GEO,public,"fastq,run.zq,sra","gs,ncbi,s3","gs.us-east1,ncbi.public,s3.us-east-1",SRX471621,GSM1328722,Illumina HiSeq 2000,SINGLE,cDNA,TRANSCRIPTOMIC,Rattus norvegicus,ILLUMINA,2014-06-20T00:00:00Z,GSM1328722,male,Spleen,SRP037986,Fisher 344,Spleen,2014-02-14T14:02:00Z,1
SRR1170417,RNA-Seq,50,905578000,PRJNA238328,SAMN02642671,671921356,GEO,public,"fastq,run.zq,sra","gs,ncbi,s3","gs.us-east1,ncbi.public,s3.us-east-1",SRX471622,GSM1328723,Illumina HiSeq 2000,SINGLE,cDNA,TRANSCRIPTOMIC,Rattus norvegicus,ILLUMINA,2014-06-20T00:00:00Z,GSM1328723,male,Spleen,SRP037986,Fisher 344,Spleen,2014-02-14T14:02:00Z,1
SRR1170418,RNA-Seq,50,792750600,PRJNA238328,SAMN02642671,601971244,GEO,public,"fastq,run.zq,sra","gs,ncbi,s3","gs.us-east1,ncbi.public,s3.us-east-1",SRX471622,GSM1328723,Illumina HiSeq 2000,SINGLE,cDNA,TRANSCRIPTOMIC,Rattus norvegicus,ILLUMINA,2014-06-20T00:00:00Z,GSM1328723,male,Spleen,SRP037986,Fisher 344,Spleen,2014-02-14T14:06:00Z,1
SRR1170419,RNA-Seq,50,1006627400,PRJNA238328,SAMN02642661,717544662,GEO,public,"fastq,run.zq,sra","gs,ncbi,s3","gs.us-east1,ncbi.public,s3.us-east-1",SRX471623,GSM1328724,Illumina HiSeq 2000,SINGLE,cDNA,TRANSCRIPTOMIC,Rattus norvegicus,ILLUMINA,2014-06-20T00:00:00Z,GSM1328724,male,Spleen,SRP037986,Fisher 344,Spleen,2014-02-14T14:06:00Z,1
SRR1170420,RNA-Seq,50,1031088700,PRJNA238328,SAMN02642661,727550605,GEO,public,"fastq,run.zq,sra","gs,ncbi,s3","gs.us-east1,ncbi.public,s3.us-east-1",SRX471623,GSM1328724,Illumina HiSeq 2000,SINGLE,cDNA,TRANSCRIPTOMIC,Rattus norvegicus,ILLUMINA,2014-06-20T00:00:00Z,GSM1328724,male,Spleen,SRP037986,Fisher 344,Spleen,2014-02-14T14:07:00Z,1
SRR1170421,RNA-Seq,50,1209716500,PRJNA238328,SAMN02642689,886259631,GEO,public,"fastq,run.zq,sra","gs,ncbi,s3","gs.us-east1,ncbi.public,s3.us-east-1",SRX471624,GSM1328725,Illumina HiSeq 2000,SINGLE,cDNA,TRANSCRIPTOMIC,Rattus norvegicus,ILLUMINA,2014-06-20T00:00:00Z,GSM1328725,female,Thymus,SRP037986,Fisher 344,Thymus,2014-02-14T14:14:00Z,1
SRR1170422,RNA-Seq,50,1096952200,PRJNA238328,SAMN02642689,795313030,GEO,public,"fastq,run.zq,sra","gs,ncbi,s3","gs.us-east1,ncbi.public,s3.us-east-1",SRX471624,GSM1328725,Illumina HiSeq 2000,SINGLE,cDNA,TRANSCRIPTOMIC,Rattus norvegicus,ILLUMINA,2014-06-20T00:00:00Z,GSM1328725,female,Thymus,SRP037986,Fisher 344,Thymus,2014-02-14T14:14:00Z,1
SRR1170423,RNA-Seq,50,914231400,PRJNA238328,SAMN02642676,657840686,GEO,public,"fastq,run.zq,sra","gs,ncbi,s3","gs.us-east1,ncbi.public,s3.us-east-1",SRX471625,GSM1328726,Illumina HiSeq 2000,SINGLE,cDNA,TRANSCRIPTOMIC,Rattus norvegicus,ILLUMINA,2014-06-20T00:00:00Z,GSM1328726,female,Thymus,SRP037986,Fisher 344,Thymus,2014-02-14T14:13:00Z,1
SRR1170424,RNA-Seq,50,925597400,PRJNA238328,SAMN02642676,655892092,GEO,public,"fastq,run.zq,sra","gs,ncbi,s3","gs.us-east1,ncbi.public,s3.us-east-1",SRX471625,GSM1328726,Illumina HiSeq 2000,SINGLE,cDNA,TRANSCRIPTOMIC,Rattus norvegicus,ILLUMINA,2014-06-20T00:00:00Z,GSM1328726,female,Thymus,SRP037986,Fisher 344,Thymus,2014-02-14T14:14:00Z,1
SRR1170425,RNA-Seq,50,1120487650,PRJNA238328,SAMN02642659,808640308,GEO,public,"fastq,run.zq,sra","gs,ncbi,s3","gs.us-east1,ncbi.public,s3.us-east-1",SRX471626,GSM1328727,Illumina HiSeq 2000,SINGLE,cDNA,TRANSCRIPTOMIC,Rattus norvegicus,ILLUMINA,2014-06-20T00:00:00Z,GSM1328727,female,Thymus,SRP037986,Fisher 344,Thymus,2014-02-14T14:16:00Z,1
SRR1170426,RNA-Seq,50,1155101150,PRJNA238328,SAMN02642659,832051864,GEO,public,"fastq,run.zq,sra","gs,ncbi,s3","gs.us-east1,ncbi.public,s3.us-east-1",SRX471626,GSM1328727,Illumina HiSeq 2000,SINGLE,cDNA,TRANSCRIPTOMIC,Rattus norvegicus,ILLUMINA,2014-06-20T00:00:00Z,GSM1328727,female,Thymus,SRP037986,Fisher 344,Thymus,2014-02-14T14:21:00Z,1
SRR1170427,RNA-Seq,50,846482300,PRJNA238328,SAMN02642672,627373678,GEO,public,"fastq,run.zq,sra","gs,ncbi,s3","gs.us-east1,ncbi.public,s3.us-east-1",SRX471627,GSM1328728,Illumina HiSeq 2000,SINGLE,cDNA,TRANSCRIPTOMIC,Rattus norvegicus,ILLUMINA,2014-06-20T00:00:00Z,GSM1328728,female,Thymus,SRP037986,Fisher 344,Thymus,2014-02-14T14:16:00Z,1
SRR1170428,RNA-Seq,50,703650500,PRJNA238328,SAMN02642672,531408584,GEO,public,"fastq,run.zq,sra","gs,ncbi,s3","gs.us-east1,ncbi.public,s3.us-east-1",SRX471627,GSM1328728,Illumina HiSeq 2000,SINGLE,cDNA,TRANSCRIPTOMIC,Rattus norvegicus,ILLUMINA,2014-06-20T00:00:00Z,GSM1328728,female,Thymus,SRP037986,Fisher 344,Thymus,2014-02-14T14:16:00Z,1
SRR1170429,RNA-Seq,50,908731650,PRJNA238328,SAMN02642678,692306327,GEO,public,"fastq,run.zq,sra","gs,ncbi,s3","gs.us-east1,ncbi.public,s3.us-east-1",SRX471628,GSM1328729,Illumina HiSeq 2000,SINGLE,cDNA,TRANSCRIPTOMIC,Rattus norvegicus,ILLUMINA,2014-06-20T00:00:00Z,GSM1328729,female,Thymus,SRP037986,Fisher 344,Thymus,2014-02-14T14:17:00Z,1
SRR1170430,RNA-Seq,50,732736050,PRJNA238328,SAMN02642678,556734047,GEO,public,"fastq,run.zq,sra","gs,ncbi,s3","gs.us-east1,ncbi.public,s3.us-east-1",SRX471628,GSM1328729,Illumina HiSeq 2000,SINGLE,cDNA,TRANSCRIPTOMIC,Rattus norvegicus,ILLUMINA,2014-06-20T00:00:00Z,GSM1328729,female,Thymus,SRP037986,Fisher 344,Thymus,2014-02-14T14:17:00Z,1
SRR1170431,RNA-Seq,50,917586600,PRJNA238328,SAMN02642670,689724342,GEO,public,"fastq,run.zq,sra","gs,ncbi,s3","gs.us-east1,ncbi.public,s3.us-east-1",SRX471629,GSM1328730,Illumina HiSeq 2000,SINGLE,cDNA,TRANSCRIPTOMIC,Rattus norvegicus,ILLUMINA,2014-06-20T00:00:00Z,GSM1328730,female,Thymus,SRP037986,Fisher 344,Thymus,2014-02-14T14:17:00Z,1
SRR1170432,RNA-Seq,50,1065321150,PRJNA238328,SAMN02642670,784727525,GEO,public,"fastq,run.zq,sra","gs,ncbi,s3","gs.us-east1,ncbi.public,s3.us-east-1",SRX471629,GSM1328730,Illumina HiSeq 2000,SINGLE,cDNA,TRANSCRIPTOMIC,Rattus norvegicus,ILLUMINA,2014-06-20T00:00:00Z,GSM1328730,female,Thymus,SRP037986,Fisher 344,Thymus,2014-02-14T14:17:00Z,1
SRR1170433,RNA-Seq,50,829381600,PRJNA238328,SAMN02642677,616587799,GEO,public,"fastq,run.zq,sra","gs,ncbi,s3","gs.us-east1,ncbi.public,s3.us-east-1",SRX471630,GSM1328731,Illumina HiSeq 2000,SINGLE,cDNA,TRANSCRIPTOMIC,Rattus norvegicus,ILLUMINA,2014-06-20T00:00:00Z,GSM1328731,female,Thymus,SRP037986,Fisher 344,Thymus,2014-02-14T14:17:00Z,1
SRR1170434,RNA-Seq,50,736745450,PRJNA238328,SAMN02642677,559398688,GEO,public,"fastq,run.zq,sra","gs,ncbi,s3","gs.us-east1,ncbi.public,s3.us-east-1",SRX471630,GSM1328731,Illumina HiSeq 2000,SINGLE,cDNA,TRANSCRIPTOMIC,Rattus norvegicus,ILLUMINA,2014-06-20T00:00:00Z,GSM1328731,female,Thymus,SRP037986,Fisher 344,Thymus,2014-02-14T14:17:00Z,1
SRR1170435,RNA-Seq,50,712491000,PRJNA238328,SAMN02642679,535434492,GEO,public,"fastq,run.zq,sra","gs,ncbi,s3","gs.us-east1,ncbi.public,s3.us-east-1",SRX471631,GSM1328732,Illumina HiSeq 2000,SINGLE,cDNA,TRANSCRIPTOMIC,Rattus norvegicus,ILLUMINA,2014-06-20T00:00:00Z,GSM1328732,female,Thymus,SRP037986,Fisher 344,Thymus,2014-02-14T14:16:00Z,1
SRR1170436,RNA-Seq,50,953908850,PRJNA238328,SAMN02642679,710927914,GEO,public,"fastq,run.zq,sra","gs,ncbi,s3","gs.us-east1,ncbi.public,s3.us-east-1",SRX471631,GSM1328732,Illumina HiSeq 2000,SINGLE,cDNA,TRANSCRIPTOMIC,Rattus norvegicus,ILLUMINA,2014-06-20T00:00:00Z,GSM1328732,female,Thymus,SRP037986,Fisher 344,Thymus,2014-02-14T14:18:00Z,1
SRR1170437,RNA-Seq,50,1288390700,PRJNA238328,SAMN02642673,930817517,GEO,public,"fastq,run.zq","gs,ncbi,s3","gs.us-east1,ncbi.public,s3.us-east-1",SRX471632,GSM1328733,Illumina HiSeq 2000,SINGLE,cDNA,TRANSCRIPTOMIC,Rattus norvegicus,ILLUMINA,2014-06-20T00:00:00Z,GSM1328733,female,Thymus,SRP037986,Fisher 344,Thymus,,
SRR1170438,RNA-Seq,50,1197664200,PRJNA238328,SAMN02642673,865442798,GEO,public,"fastq,run.zq,sra","gs,ncbi,s3","gs.us-east1,ncbi.public,s3.us-east-1",SRX471632,GSM1328733,Illumina HiSeq 2000,SINGLE,cDNA,TRANSCRIPTOMIC,Rattus norvegicus,ILLUMINA,2014-06-20T00:00:00Z,GSM1328733,female,Thymus,SRP037986,Fisher 344,Thymus,2014-02-14T14:21:00Z,1
SRR1170439,RNA-Seq,50,909924000,PRJNA238328,SAMN02642674,656575727,GEO,public,"fastq,run.zq,sra","gs,ncbi,s3","gs.us-east1,ncbi.public,s3.us-east-1",SRX471633,GSM1328734,Illumina HiSeq 2000,SINGLE,cDNA,TRANSCRIPTOMIC,Rattus norvegicus,ILLUMINA,2014-06-20T00:00:00Z,GSM1328734,female,Thymus,SRP037986,Fisher 344,Thymus,2014-02-14T14:13:00Z,1
SRR1170440,RNA-Seq,50,936286550,PRJNA238328,SAMN02642674,670534331,GEO,public,"fastq,run.zq,sra","gs,ncbi,s3","gs.us-east1,ncbi.public,s3.us-east-1",SRX471633,GSM1328734,Illumina HiSeq 2000,SINGLE,cDNA,TRANSCRIPTOMIC,Rattus norvegicus,ILLUMINA,2014-06-20T00:00:00Z,GSM1328734,female,Thymus,SRP037986,Fisher 344,Thymus,2014-02-14T14:13:00Z,1
SRR1170441,RNA-Seq,50,877051900,PRJNA238328,SAMN02642681,629019788,GEO,public,"fastq,run.zq,sra","gs,ncbi,s3","gs.us-east1,ncbi.public,s3.us-east-1",SRX471634,GSM1328735,Illumina HiSeq 2000,SINGLE,cDNA,TRANSCRIPTOMIC,Rattus norvegicus,ILLUMINA,2014-06-20T00:00:00Z,GSM1328735,female,Thymus,SRP037986,Fisher 344,Thymus,2014-02-14T14:17:00Z,1
SRR1170442,RNA-Seq,50,837379250,PRJNA238328,SAMN02642681,602071791,GEO,public,"fastq,run.zq,sra","gs,ncbi,s3","gs.us-east1,ncbi.public,s3.us-east-1",SRX471634,GSM1328735,Illumina HiSeq 2000,SINGLE,cDNA,TRANSCRIPTOMIC,Rattus norvegicus,ILLUMINA,2014-06-20T00:00:00Z,GSM1328735,female,Thymus,SRP037986,Fisher 344,Thymus,2014-02-14T14:17:00Z,1
SRR1170443,RNA-Seq,50,764991600,PRJNA238328,SAMN02642683,572629159,GEO,public,"fastq,run.zq,sra","gs,ncbi,s3","gs.us-east1,ncbi.public,s3.us-east-1",SRX471635,GSM1328736,Illumina HiSeq 2000,SINGLE,cDNA,TRANSCRIPTOMIC,Rattus norvegicus,ILLUMINA,2014-06-20T00:00:00Z,GSM1328736,female,Thymus,SRP037986,Fisher 344,Thymus,2014-02-14T14:17:00Z,1
SRR1170444,RNA-Seq,50,1006790800,PRJNA238328,SAMN02642683,744464799,GEO,public,"fastq,run.zq,sra","gs,ncbi,s3","gs.us-east1,ncbi.public,s3.us-east-1",SRX471635,GSM1328736,Illumina HiSeq 2000,SINGLE,cDNA,TRANSCRIPTOMIC,Rattus norvegicus,ILLUMINA,2014-06-20T00:00:00Z,GSM1328736,female,Thymus,SRP037986,Fisher 344,Thymus,2014-02-14T14:18:00Z,1
SRR1170445,RNA-Seq,50,955714200,PRJNA238328,SAMN02642675,728679844,GEO,public,"fastq,run.zq,sra","gs,ncbi,s3","gs.us-east1,ncbi.public,s3.us-east-1",SRX471636,GSM1328737,Illumina HiSeq 2000,SINGLE,cDNA,TRANSCRIPTOMIC,Rattus norvegicus,ILLUMINA,2014-06-20T00:00:00Z,GSM1328737,female,Thymus,SRP037986,Fisher 344,Thymus,2014-02-14T14:13:00Z,1
SRR1170446,RNA-Seq,50,1110349200,PRJNA238328,SAMN02642675,822829247,GEO,public,"fastq,run.zq,sra","gs,ncbi,s3","gs.us-east1,ncbi.public,s3.us-east-1",SRX471636,GSM1328737,Illumina HiSeq 2000,SINGLE,cDNA,TRANSCRIPTOMIC,Rattus norvegicus,ILLUMINA,2014-06-20T00:00:00Z,GSM1328737,female,Thymus,SRP037986,Fisher 344,Thymus,2014-02-14T14:14:00Z,1
SRR1170447,RNA-Seq,50,830386150,PRJNA238328,SAMN02642692,620170867,GEO,public,"fastq,run.zq,sra","gs,ncbi,s3","gs.us-east1,ncbi.public,s3.us-east-1",SRX471637,GSM1328738,Illumina HiSeq 2000,SINGLE,cDNA,TRANSCRIPTOMIC,Rattus norvegicus,ILLUMINA,2014-06-20T00:00:00Z,GSM1328738,female,Thymus,SRP037986,Fisher 344,Thymus,2014-02-14T14:11:00Z,1
SRR1170448,RNA-Seq,50,743031700,PRJNA238328,SAMN02642692,560080780,GEO,public,"fastq,run.zq,sra","gs,ncbi,s3","gs.us-east1,ncbi.public,s3.us-east-1",SRX471637,GSM1328738,Illumina HiSeq 2000,SINGLE,cDNA,TRANSCRIPTOMIC,Rattus norvegicus,ILLUMINA,2014-06-20T00:00:00Z,GSM1328738,female,Thymus,SRP037986,Fisher 344,Thymus,2014-02-14T14:17:00Z,1
SRR1170449,RNA-Seq,50,1004031150,PRJNA238328,SAMN02642680,741896236,GEO,public,"fastq,run.zq,sra","gs,ncbi,s3","gs.us-east1,ncbi.public,s3.us-east-1",SRX471638,GSM1328739,Illumina HiSeq 2000,SINGLE,cDNA,TRANSCRIPTOMIC,Rattus norvegicus,ILLUMINA,2014-06-20T00:00:00Z,GSM1328739,female,Thymus,SRP037986,Fisher 344,Thymus,2014-02-14T14:13:00Z,1
SRR1170450,RNA-Seq,50,1533811900,PRJNA238328,SAMN02642680,1091412307,GEO,public,"fastq,run.zq,sra","gs,ncbi,s3","gs.us-east1,ncbi.public,s3.us-east-1",SRX471638,GSM1328739,Illumina HiSeq 2000,SINGLE,cDNA,TRANSCRIPTOMIC,Rattus norvegicus,ILLUMINA,2014-06-20T00:00:00Z,GSM1328739,female,Thymus,SRP037986,Fisher 344,Thymus,2014-02-14T14:20:00Z,1
SRR1170451,RNA-Seq,50,1309492000,PRJNA238328,SAMN02642682,965810407,GEO,public,"fastq,run.zq,sra","gs,ncbi,s3","gs.us-east1,ncbi.public,s3.us-east-1",SRX471639,GSM1328740,Illumina HiSeq 2000,SINGLE,cDNA,TRANSCRIPTOMIC,Rattus norvegicus,ILLUMINA,2014-06-20T00:00:00Z,GSM1328740,female,Thymus,SRP037986,Fisher 344,Thymus,2014-02-14T14:18:00Z,1
SRR1170452,RNA-Seq,50,1240215350,PRJNA238328,SAMN02642682,908629609,GEO,public,"fastq,run.zq,sra","gs,ncbi,s3","gs.us-east1,ncbi.public,s3.us-east-1",SRX471639,GSM1328740,Illumina HiSeq 2000,SINGLE,cDNA,TRANSCRIPTOMIC,Rattus norvegicus,ILLUMINA,2014-06-20T00:00:00Z,GSM1328740,female,Thymus,SRP037986,Fisher 344,Thymus,2014-02-14T14:14:00Z,1
SRR1170453,RNA-Seq,50,1169165250,PRJNA238328,SAMN02642688,832167841,GEO,public,"fastq,run.zq,sra","gs,ncbi,s3","gs.us-east1,ncbi.public,s3.us-east-1",SRX471640,GSM1328741,Illumina HiSeq 2000,SINGLE,cDNA,TRANSCRIPTOMIC,Rattus norvegicus,ILLUMINA,2014-06-20T00:00:00Z,GSM1328741,male,Thymus,SRP037986,Fisher 344,Thymus,2014-02-14T14:27:00Z,1
SRR1170454,RNA-Seq,50,1067700150,PRJNA238328,SAMN02642688,777423362,GEO,public,"fastq,run.zq,sra","gs,ncbi,s3","gs.us-east1,ncbi.public,s3.us-east-1",SRX471640,GSM1328741,Illumina HiSeq 2000,SINGLE,cDNA,TRANSCRIPTOMIC,Rattus norvegicus,ILLUMINA,2014-06-20T00:00:00Z,GSM1328741,male,Thymus,SRP037986,Fisher 344,Thymus,2014-02-14T14:27:00Z,1
SRR1170455,RNA-Seq,50,907361800,PRJNA238328,SAMN02642694,685368037,GEO,public,"fastq,run.zq,sra","gs,ncbi,s3","gs.us-east1,ncbi.public,s3.us-east-1",SRX471641,GSM1328742,Illumina HiSeq 2000,SINGLE,cDNA,TRANSCRIPTOMIC,Rattus norvegicus,ILLUMINA,2014-06-20T00:00:00Z,GSM1328742,male,Thymus,SRP037986,Fisher 344,Thymus,2014-02-14T14:23:00Z,1
SRR1170456,RNA-Seq,50,1075379900,PRJNA238328,SAMN02642694,796069006,GEO,public,"fastq,run.zq,sra","gs,ncbi,s3","gs.us-east1,ncbi.public,s3.us-east-1",SRX471641,GSM1328742,Illumina HiSeq 2000,SINGLE,cDNA,TRANSCRIPTOMIC,Rattus norvegicus,ILLUMINA,2014-06-20T00:00:00Z,GSM1328742,male,Thymus,SRP037986,Fisher 344,Thymus,2014-02-14T14:27:00Z,1
SRR1170457,RNA-Seq,50,643636000,PRJNA238328,SAMN02642690,480978289,GEO,public,"fastq,run.zq,sra","gs,ncbi,s3","gs.us-east1,ncbi.public,s3.us-east-1",SRX471642,GSM1328743,Illumina HiSeq 2000,SINGLE,cDNA,TRANSCRIPTOMIC,Rattus norvegicus,ILLUMINA,2014-06-20T00:00:00Z,GSM1328743,male,Thymus,SRP037986,Fisher 344,Thymus,2014-02-14T14:22:00Z,1
SRR1170458,RNA-Seq,50,768067750,PRJNA238328,SAMN02642690,573724889,GEO,public,"fastq,run.zq,sra","gs,ncbi,s3","gs.us-east1,ncbi.public,s3.us-east-1",SRX471642,GSM1328743,Illumina HiSeq 2000,SINGLE,cDNA,TRANSCRIPTOMIC,Rattus norvegicus,ILLUMINA,2014-06-20T00:00:00Z,GSM1328743,male,Thymus,SRP037986,Fisher 344,Thymus,2014-02-14T14:22:00Z,1
SRR1170459,RNA-Seq,50,1006039500,PRJNA238328,SAMN02642691,723302165,GEO,public,"fastq,run.zq,sra","gs,ncbi,s3","gs.us-east1,ncbi.public,s3.us-east-1",SRX471643,GSM1328744,Illumina HiSeq 2000,SINGLE,cDNA,TRANSCRIPTOMIC,Rattus norvegicus,ILLUMINA,2014-06-20T00:00:00Z,GSM1328744,male,Thymus,SRP037986,Fisher 344,Thymus,2014-02-14T14:23:00Z,1
SRR1170460,RNA-Seq,50,1029487550,PRJNA238328,SAMN02642691,744147738,GEO,public,"fastq,run.zq,sra","gs,ncbi,s3","gs.us-east1,ncbi.public,s3.us-east-1",SRX471643,GSM1328744,Illumina HiSeq 2000,SINGLE,cDNA,TRANSCRIPTOMIC,Rattus norvegicus,ILLUMINA,2014-06-20T00:00:00Z,GSM1328744,male,Thymus,SRP037986,Fisher 344,Thymus,2014-02-14T14:23:00Z,1
SRR1170461,RNA-Seq,50,926965700,PRJNA238328,SAMN02642693,660543663,GEO,public,"fastq,run.zq,sra","gs,ncbi,s3","gs.us-east1,ncbi.public,s3.us-east-1",SRX471644,GSM1328745,Illumina HiSeq 2000,SINGLE,cDNA,TRANSCRIPTOMIC,Rattus norvegicus,ILLUMINA,2014-06-20T00:00:00Z,GSM1328745,male,Thymus,SRP037986,Fisher 344,Thymus,2014-02-14T14:23:00Z,1
SRR1170462,RNA-Seq,50,951309500,PRJNA238328,SAMN02642693,670858151,GEO,public,"fastq,run.zq,sra","gs,ncbi,s3","gs.us-east1,ncbi.public,s3.us-east-1",SRX471644,GSM1328745,Illumina HiSeq 2000,SINGLE,cDNA,TRANSCRIPTOMIC,Rattus norvegicus,ILLUMINA,2014-06-20T00:00:00Z,GSM1328745,male,Thymus,SRP037986,Fisher 344,Thymus,2014-02-14T14:24:00Z,1
SRR1170463,RNA-Seq,50,949330350,PRJNA238328,SAMN02642698,688756764,GEO,public,"fastq,run.zq,sra","gs,ncbi,s3","gs.us-east1,ncbi.public,s3.us-east-1",SRX471645,GSM1328746,Illumina HiSeq 2000,SINGLE,cDNA,TRANSCRIPTOMIC,Rattus norvegicus,ILLUMINA,2014-06-20T00:00:00Z,GSM1328746,male,Thymus,SRP037986,Fisher 344,Thymus,2014-02-14T14:27:00Z,1
SRR1170464,RNA-Seq,50,1574060200,PRJNA238328,SAMN02642698,1117245554,GEO,public,"fastq,run.zq,sra","gs,ncbi,s3","gs.us-east1,ncbi.public,s3.us-east-1",SRX471645,GSM1328746,Illumina HiSeq 2000,SINGLE,cDNA,TRANSCRIPTOMIC,Rattus norvegicus,ILLUMINA,2014-06-20T00:00:00Z,GSM1328746,male,Thymus,SRP037986,Fisher 344,Thymus,2014-02-14T14:29:00Z,1
SRR1170465,RNA-Seq,50,1191086200,PRJNA238328,SAMN02642699,861810384,GEO,public,"fastq,run.zq,sra","gs,ncbi,s3","gs.us-east1,ncbi.public,s3.us-east-1",SRX471646,GSM1328747,Illumina HiSeq 2000,SINGLE,cDNA,TRANSCRIPTOMIC,Rattus norvegicus,ILLUMINA,2014-06-20T00:00:00Z,GSM1328747,male,Thymus,SRP037986,Fisher 344,Thymus,2014-02-14T14:29:00Z,1
SRR1170466,RNA-Seq,50,994347750,PRJNA238328,SAMN02642699,744024378,GEO,public,"fastq,run.zq,sra","gs,ncbi,s3","gs.us-east1,ncbi.public,s3.us-east-1",SRX471646,GSM1328747,Illumina HiSeq 2000,SINGLE,cDNA,TRANSCRIPTOMIC,Rattus norvegicus,ILLUMINA,2014-06-20T00:00:00Z,GSM1328747,male,Thymus,SRP037986,Fisher 344,Thymus,2014-02-14T14:24:00Z,1
SRR1170467,RNA-Seq,50,948008050,PRJNA238328,SAMN02642699,703313840,GEO,public,"fastq,run.zq,sra","gs,ncbi,s3","gs.us-east1,ncbi.public,s3.us-east-1",SRX471646,GSM1328747,Illumina HiSeq 2000,SINGLE,cDNA,TRANSCRIPTOMIC,Rattus norvegicus,ILLUMINA,2014-06-20T00:00:00Z,GSM1328747,male,Thymus,SRP037986,Fisher 344,Thymus,2014-02-14T14:24:00Z,1
SRR1170468,RNA-Seq,50,1091244400,PRJNA238328,SAMN02642695,795013648,GEO,public,"fastq,run.zq,sra","gs,ncbi,s3","gs.us-east1,ncbi.public,s3.us-east-1",SRX471647,GSM1328748,Illumina HiSeq 2000,SINGLE,cDNA,TRANSCRIPTOMIC,Rattus norvegicus,ILLUMINA,2014-06-20T00:00:00Z,GSM1328748,male,Thymus,SRP037986,Fisher 344,Thymus,2014-02-14T14:24:00Z,1
SRR1170469,RNA-Seq,50,915666550,PRJNA238328,SAMN02642695,674435818,GEO,public,"fastq,run.zq,sra","gs,ncbi,s3","gs.us-east1,ncbi.public,s3.us-east-1",SRX471647,GSM1328748,Illumina HiSeq 2000,SINGLE,cDNA,TRANSCRIPTOMIC,Rattus norvegicus,ILLUMINA,2014-06-20T00:00:00Z,GSM1328748,male,Thymus,SRP037986,Fisher 344,Thymus,2014-02-14T14:24:00Z,1
SRR1170470,RNA-Seq,50,686980500,PRJNA238328,SAMN02642701,515749141,GEO,public,"fastq,run.zq,sra","gs,ncbi,s3","gs.us-east1,ncbi.public,s3.us-east-1",SRX471648,GSM1328749,Illumina HiSeq 2000,SINGLE,cDNA,TRANSCRIPTOMIC,Rattus norvegicus,ILLUMINA,2014-06-20T00:00:00Z,GSM1328749,male,Thymus,SRP037986,Fisher 344,Thymus,2014-02-14T14:20:00Z,1
SRR1170471,RNA-Seq,50,833979700,PRJNA238328,SAMN02642701,619874497,GEO,public,"fastq,run.zq,sra","gs,ncbi,s3","gs.us-east1,ncbi.public,s3.us-east-1",SRX471648,GSM1328749,Illumina HiSeq 2000,SINGLE,cDNA,TRANSCRIPTOMIC,Rattus norvegicus,ILLUMINA,2014-06-20T00:00:00Z,GSM1328749,male,Thymus,SRP037986,Fisher 344,Thymus,2014-02-14T14:27:00Z,1
SRR1170472,RNA-Seq,50,765993750,PRJNA238328,SAMN02642696,564095369,GEO,public,"fastq,run.zq,sra","gs,ncbi,s3","gs.us-east1,ncbi.public,s3.us-east-1",SRX471649,GSM1328750,Illumina HiSeq 2000,SINGLE,cDNA,TRANSCRIPTOMIC,Rattus norvegicus,ILLUMINA,2014-06-20T00:00:00Z,GSM1328750,male,Thymus,SRP037986,Fisher 344,Thymus,2014-02-14T14:20:00Z,1
SRR1170473,RNA-Seq,50,656467500,PRJNA238328,SAMN02642696,499754581,GEO,public,"fastq,run.zq,sra","gs,ncbi,s3","gs.us-east1,ncbi.public,s3.us-east-1",SRX471649,GSM1328750,Illumina HiSeq 2000,SINGLE,cDNA,TRANSCRIPTOMIC,Rattus norvegicus,ILLUMINA,2014-06-20T00:00:00Z,GSM1328750,male,Thymus,SRP037986,Fisher 344,Thymus,2014-02-14T14:20:00Z,1
SRR1170474,RNA-Seq,50,1002997950,PRJNA238328,SAMN02642700,714563664,GEO,public,"fastq,run.zq,sra","gs,ncbi,s3","gs.us-east1,ncbi.public,s3.us-east-1",SRX471650,GSM1328751,Illumina HiSeq 2000,SINGLE,cDNA,TRANSCRIPTOMIC,Rattus norvegicus,ILLUMINA,2014-06-20T00:00:00Z,GSM1328751,male,Thymus,SRP037986,Fisher 344,Thymus,2014-02-14T14:23:00Z,1
SRR1170475,RNA-Seq,50,1017976800,PRJNA238328,SAMN02642700,720550814,GEO,public,"fastq,run.zq,sra","gs,ncbi,s3","gs.us-east1,ncbi.public,s3.us-east-1",SRX471650,GSM1328751,Illumina HiSeq 2000,SINGLE,cDNA,TRANSCRIPTOMIC,Rattus norvegicus,ILLUMINA,2014-06-20T00:00:00Z,GSM1328751,male,Thymus,SRP037986,Fisher 344,Thymus,2014-02-14T14:23:00Z,1
SRR1170476,RNA-Seq,50,983424000,PRJNA238328,SAMN02642697,749315105,GEO,public,"fastq,run.zq,sra","gs,ncbi,s3","gs.us-east1,ncbi.public,s3.us-east-1",SRX471651,GSM1328752,Illumina HiSeq 2000,SINGLE,cDNA,TRANSCRIPTOMIC,Rattus norvegicus,ILLUMINA,2014-06-20T00:00:00Z,GSM1328752,male,Thymus,SRP037986,Fisher 344,Thymus,2014-02-14T14:23:00Z,1
SRR1170477,RNA-Seq,50,815039450,PRJNA238328,SAMN02642697,622449247,GEO,public,"fastq,run.zq,sra","gs,ncbi,s3","gs.us-east1,ncbi.public,s3.us-east-1",SRX471651,GSM1328752,Illumina HiSeq 2000,SINGLE,cDNA,TRANSCRIPTOMIC,Rattus norvegicus,ILLUMINA,2014-06-20T00:00:00Z,GSM1328752,male,Thymus,SRP037986,Fisher 344,Thymus,2014-02-14T14:23:00Z,1
SRR1170478,RNA-Seq,50,865142050,PRJNA238328,SAMN02642703,621826536,GEO,public,"fastq,run.zq,sra","gs,ncbi,s3","gs.us-east1,ncbi.public,s3.us-east-1",SRX471652,GSM1328753,Illumina HiSeq 2000,SINGLE,cDNA,TRANSCRIPTOMIC,Rattus norvegicus,ILLUMINA,2014-06-20T00:00:00Z,GSM1328753,male,Thymus,SRP037986,Fisher 344,Thymus,2014-02-14T14:18:00Z,1
SRR1170479,RNA-Seq,50,1638239000,PRJNA238328,SAMN02642703,1148177201,GEO,public,"fastq,run.zq,sra","gs,ncbi,s3","gs.us-east1,ncbi.public,s3.us-east-1",SRX471652,GSM1328753,Illumina HiSeq 2000,SINGLE,cDNA,TRANSCRIPTOMIC,Rattus norvegicus,ILLUMINA,2014-06-20T00:00:00Z,GSM1328753,male,Thymus,SRP037986,Fisher 344,Thymus,2014-02-14T14:23:00Z,1
SRR1170480,RNA-Seq,50,1277366250,PRJNA238328,SAMN02642702,932250163,GEO,public,"fastq,run.zq,sra","gs,ncbi,s3","gs.us-east1,ncbi.public,s3.us-east-1",SRX471653,GSM1328754,Illumina HiSeq 2000,SINGLE,cDNA,TRANSCRIPTOMIC,Rattus norvegicus,ILLUMINA,2014-06-20T00:00:00Z,GSM1328754,male,Thymus,SRP037986,Fisher 344,Thymus,2014-02-14T14:22:00Z,1
SRR1170481,RNA-Seq,50,369494750,PRJNA238328,SAMN02642702,279767712,GEO,public,"fastq,run.zq,sra","gs,ncbi,s3","gs.us-east1,ncbi.public,s3.us-east-1",SRX471653,GSM1328754,Illumina HiSeq 2000,SINGLE,cDNA,TRANSCRIPTOMIC,Rattus norvegicus,ILLUMINA,2014-06-20T00:00:00Z,GSM1328754,male,Thymus,SRP037986,Fisher 344,Thymus,2014-02-14T14:19:00Z,1
SRR1170482,RNA-Seq,50,673166500,PRJNA238328,SAMN02642702,520935093,GEO,public,"fastq,run.zq,sra","gs,ncbi,s3","gs.us-east1,ncbi.public,s3.us-east-1",SRX471653,GSM1328754,Illumina HiSeq 2000,SINGLE,cDNA,TRANSCRIPTOMIC,Rattus norvegicus,ILLUMINA,2014-06-20T00:00:00Z,GSM1328754,male,Thymus,SRP037986,Fisher 344,Thymus,2014-02-14T14:20:00Z,1
SRR1170483,RNA-Seq,50,1466952350,PRJNA238328,SAMN02642704,1057877580,GEO,public,"fastq,run.zq,sra","gs,ncbi,s3","gs.us-east1,ncbi.public,s3.us-east-1",SRX471654,GSM1328755,Illumina HiSeq 2000,SINGLE,cDNA,TRANSCRIPTOMIC,Rattus norvegicus,ILLUMINA,2014-06-20T00:00:00Z,GSM1328755,male,Thymus,SRP037986,Fisher 344,Thymus,2014-02-14T14:25:00Z,1
SRR1170484,RNA-Seq,50,1453610700,PRJNA238328,SAMN02642704,1044466074,GEO,public,"fastq,run.zq,sra","gs,ncbi,s3","gs.us-east1,ncbi.public,s3.us-east-1",SRX471654,GSM1328755,Illumina HiSeq 2000,SINGLE,cDNA,TRANSCRIPTOMIC,Rattus norvegicus,ILLUMINA,2014-06-20T00:00:00Z,GSM1328755,male,Thymus,SRP037986,Fisher 344,Thymus,2014-02-14T14:22:00Z,1
SRR1170485,RNA-Seq,50,772143000,PRJNA238328,SAMN02642707,574157974,GEO,public,"fastq,run.zq,sra","gs,ncbi,s3","gs.us-east1,ncbi.public,s3.us-east-1",SRX471655,GSM1328756,Illumina HiSeq 2000,SINGLE,cDNA,TRANSCRIPTOMIC,Rattus norvegicus,ILLUMINA,2014-06-20T00:00:00Z,GSM1328756,male,Thymus,SRP037986,Fisher 344,Thymus,2014-02-14T14:20:00Z,1
SRR1170486,RNA-Seq,50,741198400,PRJNA238328,SAMN02642707,563746878,GEO,public,"fastq,run.zq,sra","gs,ncbi,s3","gs.us-east1,ncbi.public,s3.us-east-1",SRX471655,GSM1328756,Illumina HiSeq 2000,SINGLE,cDNA,TRANSCRIPTOMIC,Rattus norvegicus,ILLUMINA,2014-06-20T00:00:00Z,GSM1328756,male,Thymus,SRP037986,Fisher 344,Thymus,2014-02-14T14:22:00Z,1
SRR1170487,RNA-Seq,50,1053591750,PRJNA238328,SAMN02642706,784986195,GEO,public,"fastq,run.zq,sra","gs,ncbi,s3","gs.us-east1,ncbi.public,s3.us-east-1",SRX471656,GSM1328757,Illumina HiSeq 2000,SINGLE,cDNA,TRANSCRIPTOMIC,Rattus norvegicus,ILLUMINA,2014-06-20T00:00:00Z,GSM1328757,male,Testes,SRP037986,Fisher 344,Testes,2014-02-14T14:13:00Z,1
SRR1170488,RNA-Seq,50,885727150,PRJNA238328,SAMN02642706,671703534,GEO,public,"fastq,run.zq,sra","gs,ncbi,s3","gs.us-east1,ncbi.public,s3.us-east-1",SRX471656,GSM1328757,Illumina HiSeq 2000,SINGLE,cDNA,TRANSCRIPTOMIC,Rattus norvegicus,ILLUMINA,2014-06-20T00:00:00Z,GSM1328757,male,Testes,SRP037986,Fisher 344,Testes,2014-02-14T14:13:00Z,1
SRR1170489,RNA-Seq,50,1153702150,PRJNA238328,SAMN02642705,822669413,GEO,public,"fastq,run.zq,sra","gs,ncbi,s3","gs.us-east1,ncbi.public,s3.us-east-1",SRX471657,GSM1328758,Illumina HiSeq 2000,SINGLE,cDNA,TRANSCRIPTOMIC,Rattus norvegicus,ILLUMINA,2014-06-20T00:00:00Z,GSM1328758,male,Testes,SRP037986,Fisher 344,Testes,2014-02-14T14:14:00Z,1
SRR1170490,RNA-Seq,50,1171818300,PRJNA238328,SAMN02642705,830429176,GEO,public,"fastq,run.zq,sra","gs,ncbi,s3","gs.us-east1,ncbi.public,s3.us-east-1",SRX471657,GSM1328758,Illumina HiSeq 2000,SINGLE,cDNA,TRANSCRIPTOMIC,Rattus norvegicus,ILLUMINA,2014-06-20T00:00:00Z,GSM1328758,male,Testes,SRP037986,Fisher 344,Testes,2014-02-14T14:19:00Z,1
SRR1170491,RNA-Seq,50,1468123850,PRJNA238328,SAMN02642714,1042422599,GEO,public,"fastq,run.zq,sra","gs,ncbi,s3","gs.us-east1,ncbi.public,s3.us-east-1",SRX471658,GSM1328759,Illumina HiSeq 2000,SINGLE,cDNA,TRANSCRIPTOMIC,Rattus norvegicus,ILLUMINA,2014-06-20T00:00:00Z,GSM1328759,male,Testes,SRP037986,Fisher 344,Testes,2014-02-14T14:19:00Z,1
SRR1170492,RNA-Seq,50,1328827900,PRJNA238328,SAMN02642714,965532738,GEO,public,"fastq,run.zq,sra","gs,ncbi,s3","gs.us-east1,ncbi.public,s3.us-east-1",SRX471658,GSM1328759,Illumina HiSeq 2000,SINGLE,cDNA,TRANSCRIPTOMIC,Rattus norvegicus,ILLUMINA,2014-06-20T00:00:00Z,GSM1328759,male,Testes,SRP037986,Fisher 344,Testes,2014-02-14T14:19:00Z,1
SRR1170493,RNA-Seq,50,1247600050,PRJNA238328,SAMN02642709,920237477,GEO,public,"fastq,run.zq,sra","gs,ncbi,s3","gs.us-east1,ncbi.public,s3.us-east-1",SRX471659,GSM1328760,Illumina HiSeq 2000,SINGLE,cDNA,TRANSCRIPTOMIC,Rattus norvegicus,ILLUMINA,2014-06-20T00:00:00Z,GSM1328760,male,Testes,SRP037986,Fisher 344,Testes,2014-02-14T14:19:00Z,1
SRR1170494,RNA-Seq,50,779167800,PRJNA238328,SAMN02642709,547753806,GEO,public,"fastq,run.zq,sra","gs,ncbi,s3","gs.us-east1,ncbi.public,s3.us-east-1",SRX471659,GSM1328760,Illumina HiSeq 2000,SINGLE,cDNA,TRANSCRIPTOMIC,Rattus norvegicus,ILLUMINA,2014-06-20T00:00:00Z,GSM1328760,male,Testes,SRP037986,Fisher 344,Testes,2014-02-20T11:11:00Z,1
SRR1170495,RNA-Seq,50,720889300,PRJNA238328,SAMN02642711,543749300,GEO,public,"fastq,run.zq,sra","gs,ncbi,s3","gs.us-east1,ncbi.public,s3.us-east-1",SRX471660,GSM1328761,Illumina HiSeq 2000,SINGLE,cDNA,TRANSCRIPTOMIC,Rattus norvegicus,ILLUMINA,2014-06-20T00:00:00Z,GSM1328761,male,Testes,SRP037986,Fisher 344,Testes,2014-02-14T14:13:00Z,1
SRR1170496,RNA-Seq,50,901694900,PRJNA238328,SAMN02642711,668808243,GEO,public,"fastq,run.zq,sra","gs,ncbi,s3","gs.us-east1,ncbi.public,s3.us-east-1",SRX471660,GSM1328761,Illumina HiSeq 2000,SINGLE,cDNA,TRANSCRIPTOMIC,Rattus norvegicus,ILLUMINA,2014-06-20T00:00:00Z,GSM1328761,male,Testes,SRP037986,Fisher 344,Testes,2014-02-14T14:13:00Z,1
SRR1170497,RNA-Seq,50,780955150,PRJNA238328,SAMN02642717,588761379,GEO,public,"fastq,run.zq,sra","gs,ncbi,s3","gs.us-east1,ncbi.public,s3.us-east-1",SRX471661,GSM1328762,Illumina HiSeq 2000,SINGLE,cDNA,TRANSCRIPTOMIC,Rattus norvegicus,ILLUMINA,2014-06-20T00:00:00Z,GSM1328762,male,Testes,SRP037986,Fisher 344,Testes,2014-02-14T14:13:00Z,1
SRR1170498,RNA-Seq,50,943533100,PRJNA238328,SAMN02642717,703281765,GEO,public,"fastq,run.zq,sra","gs,ncbi,s3","gs.us-east1,ncbi.public,s3.us-east-1",SRX471661,GSM1328762,Illumina HiSeq 2000,SINGLE,cDNA,TRANSCRIPTOMIC,Rattus norvegicus,ILLUMINA,2014-06-20T00:00:00Z,GSM1328762,male,Testes,SRP037986,Fisher 344,Testes,2014-02-14T14:14:00Z,1
SRR1170499,RNA-Seq,50,1598952950,PRJNA238328,SAMN02642710,1145810670,GEO,public,"fastq,run.zq,sra","gs,ncbi,s3","gs.us-east1,ncbi.public,s3.us-east-1",SRX471662,GSM1328763,Illumina HiSeq 2000,SINGLE,cDNA,TRANSCRIPTOMIC,Rattus norvegicus,ILLUMINA,2014-06-20T00:00:00Z,GSM1328763,male,Testes,SRP037986,Fisher 344,Testes,2014-02-14T14:20:00Z,1
SRR1170500,RNA-Seq,50,1643318350,PRJNA238328,SAMN02642710,1185028589,GEO,public,"fastq,run.zq,sra","gs,ncbi,s3","gs.us-east1,ncbi.public,s3.us-east-1",SRX471662,GSM1328763,Illumina HiSeq 2000,SINGLE,cDNA,TRANSCRIPTOMIC,Rattus norvegicus,ILLUMINA,2014-06-20T00:00:00Z,GSM1328763,male,Testes,SRP037986,Fisher 344,Testes,2014-02-14T14:19:00Z,1
SRR1170501,RNA-Seq,50,1209544700,PRJNA238328,SAMN02642719,893937029,GEO,public,"fastq,run.zq,sra","gs,ncbi,s3","gs.us-east1,ncbi.public,s3.us-east-1",SRX471663,GSM1328764,Illumina HiSeq 2000,SINGLE,cDNA,TRANSCRIPTOMIC,Rattus norvegicus,ILLUMINA,2014-06-20T00:00:00Z,GSM1328764,male,Testes,SRP037986,Fisher 344,Testes,2014-02-14T14:19:00Z,1
SRR1170502,RNA-Seq,50,1054472400,PRJNA238328,SAMN02642719,797507560,GEO,public,"fastq,run.zq,sra","gs,ncbi,s3","gs.us-east1,ncbi.public,s3.us-east-1",SRX471663,GSM1328764,Illumina HiSeq 2000,SINGLE,cDNA,TRANSCRIPTOMIC,Rattus norvegicus,ILLUMINA,2014-06-20T00:00:00Z,GSM1328764,male,Testes,SRP037986,Fisher 344,Testes,2014-02-14T14:18:00Z,1
SRR1170503,RNA-Seq,50,1202646700,PRJNA238328,SAMN02642712,887231835,GEO,public,"fastq,run.zq,sra","gs,ncbi,s3","gs.us-east1,ncbi.public,s3.us-east-1",SRX471664,GSM1328765,Illumina HiSeq 2000,SINGLE,cDNA,TRANSCRIPTOMIC,Rattus norvegicus,ILLUMINA,2014-06-20T00:00:00Z,GSM1328765,male,Testes,SRP037986,Fisher 344,Testes,2014-02-14T14:08:00Z,1
SRR1170504,RNA-Seq,50,1010680250,PRJNA238328,SAMN02642712,770521576,GEO,public,"fastq,run.zq,sra","gs,ncbi,s3","gs.us-east1,ncbi.public,s3.us-east-1",SRX471664,GSM1328765,Illumina HiSeq 2000,SINGLE,cDNA,TRANSCRIPTOMIC,Rattus norvegicus,ILLUMINA,2014-06-20T00:00:00Z,GSM1328765,male,Testes,SRP037986,Fisher 344,Testes,2014-02-14T14:08:00Z,1
SRR1170505,RNA-Seq,50,1004419500,PRJNA238328,SAMN02642708,766075514,GEO,public,"fastq,run.zq,sra","gs,ncbi,s3","gs.us-east1,ncbi.public,s3.us-east-1",SRX471665,GSM1328766,Illumina HiSeq 2000,SINGLE,cDNA,TRANSCRIPTOMIC,Rattus norvegicus,ILLUMINA,2014-06-20T00:00:00Z,GSM1328766,male,Testes,SRP037986,Fisher 344,Testes,2014-02-14T14:08:00Z,1
SRR1170506,RNA-Seq,50,1189870700,PRJNA238328,SAMN02642708,882581277,GEO,public,"fastq,run.zq,sra","gs,ncbi,s3","gs.us-east1,ncbi.public,s3.us-east-1",SRX471665,GSM1328766,Illumina HiSeq 2000,SINGLE,cDNA,TRANSCRIPTOMIC,Rattus norvegicus,ILLUMINA,2014-06-20T00:00:00Z,GSM1328766,male,Testes,SRP037986,Fisher 344,Testes,2014-02-14T14:09:00Z,1
SRR1170507,RNA-Seq,50,1317597150,PRJNA238328,SAMN02642715,950305581,GEO,public,"fastq,run.zq","gs,ncbi,s3","gs.us-east1,ncbi.public,s3.us-east-1",SRX471666,GSM1328767,Illumina HiSeq 2000,SINGLE,cDNA,TRANSCRIPTOMIC,Rattus norvegicus,ILLUMINA,2014-06-20T00:00:00Z,GSM1328767,male,Testes,SRP037986,Fisher 344,Testes,,
SRR1170508,RNA-Seq,50,1373583300,PRJNA238328,SAMN02642715,983509185,GEO,public,"fastq,run.zq,sra","gs,ncbi,s3","gs.us-east1,ncbi.public,s3.us-east-1",SRX471666,GSM1328767,Illumina HiSeq 2000,SINGLE,cDNA,TRANSCRIPTOMIC,Rattus norvegicus,ILLUMINA,2014-06-20T00:00:00Z,GSM1328767,male,Testes,SRP037986,Fisher 344,Testes,2014-02-14T14:10:00Z,1
SRR1170509,RNA-Seq,50,1196115050,PRJNA238328,SAMN02642718,851442275,GEO,public,"fastq,run.zq,sra","gs,ncbi,s3","gs.us-east1,ncbi.public,s3.us-east-1",SRX471667,GSM1328768,Illumina HiSeq 2000,SINGLE,cDNA,TRANSCRIPTOMIC,Rattus norvegicus,ILLUMINA,2014-06-20T00:00:00Z,GSM1328768,male,Testes,SRP037986,Fisher 344,Testes,2014-02-14T14:10:00Z,1
SRR1170510,RNA-Seq,50,1226033500,PRJNA238328,SAMN02642718,863997774,GEO,public,"fastq,run.zq,sra","gs,ncbi,s3","gs.us-east1,ncbi.public,s3.us-east-1",SRX471667,GSM1328768,Illumina HiSeq 2000,SINGLE,cDNA,TRANSCRIPTOMIC,Rattus norvegicus,ILLUMINA,2014-06-20T00:00:00Z,GSM1328768,male,Testes,SRP037986,Fisher 344,Testes,2014-02-14T14:11:00Z,1
SRR1170511,RNA-Seq,50,942548200,PRJNA238328,SAMN02642713,712173114,GEO,public,"fastq,run.zq,sra","gs,ncbi,s3","gs.us-east1,ncbi.public,s3.us-east-1",SRX471668,GSM1328769,Illumina HiSeq 2000,SINGLE,cDNA,TRANSCRIPTOMIC,Rattus norvegicus,ILLUMINA,2014-06-20T00:00:00Z,GSM1328769,male,Testes,SRP037986,Fisher 344,Testes,2014-02-14T14:08:00Z,1
SRR1170512,RNA-Seq,50,1054210900,PRJNA238328,SAMN02642713,783057844,GEO,public,"fastq,run.zq,sra","gs,ncbi,s3","gs.us-east1,ncbi.public,s3.us-east-1",SRX471668,GSM1328769,Illumina HiSeq 2000,SINGLE,cDNA,TRANSCRIPTOMIC,Rattus norvegicus,ILLUMINA,2014-06-20T00:00:00Z,GSM1328769,male,Testes,SRP037986,Fisher 344,Testes,2014-02-14T14:08:00Z,1
SRR1170513,RNA-Seq,50,869604750,PRJNA238328,SAMN02642727,648497156,GEO,public,"fastq,run.zq,sra","gs,ncbi,s3","gs.us-east1,ncbi.public,s3.us-east-1",SRX471669,GSM1328770,Illumina HiSeq 2000,SINGLE,cDNA,TRANSCRIPTOMIC,Rattus norvegicus,ILLUMINA,2014-06-20T00:00:00Z,GSM1328770,male,Testes,SRP037986,Fisher 344,Testes,2014-02-14T14:09:00Z,1
SRR1170514,RNA-Seq,50,988923450,PRJNA238328,SAMN02642727,733893708,GEO,public,"fastq,run.zq,sra","gs,ncbi,s3","gs.us-east1,ncbi.public,s3.us-east-1",SRX471669,GSM1328770,Illumina HiSeq 2000,SINGLE,cDNA,TRANSCRIPTOMIC,Rattus norvegicus,ILLUMINA,2014-06-20T00:00:00Z,GSM1328770,male,Testes,SRP037986,Fisher 344,Testes,2014-02-14T14:09:00Z,1
SRR1170515,RNA-Seq,50,1138429750,PRJNA238328,SAMN02642724,813747137,GEO,public,"fastq,run.zq,sra","gs,ncbi,s3","gs.us-east1,ncbi.public,s3.us-east-1",SRX471670,GSM1328771,Illumina HiSeq 2000,SINGLE,cDNA,TRANSCRIPTOMIC,Rattus norvegicus,ILLUMINA,2014-06-20T00:00:00Z,GSM1328771,male,Testes,SRP037986,Fisher 344,Testes,2014-02-14T14:09:00Z,1
SRR1170516,RNA-Seq,50,1084154150,PRJNA238328,SAMN02642724,776890884,GEO,public,"fastq,run.zq,sra","gs,ncbi,s3","gs.us-east1,ncbi.public,s3.us-east-1",SRX471670,GSM1328771,Illumina HiSeq 2000,SINGLE,cDNA,TRANSCRIPTOMIC,Rattus norvegicus,ILLUMINA,2014-06-20T00:00:00Z,GSM1328771,male,Testes,SRP037986,Fisher 344,Testes,2014-02-14T14:09:00Z,1
SRR1170517,RNA-Seq,50,1298447250,PRJNA238328,SAMN02642716,932089994,GEO,public,"fastq,run.zq,sra","gs,ncbi,s3","gs.us-east1,ncbi.public,s3.us-east-1",SRX471671,GSM1328772,Illumina HiSeq 2000,SINGLE,cDNA,TRANSCRIPTOMIC,Rattus norvegicus,ILLUMINA,2014-06-20T00:00:00Z,GSM1328772,male,Testes,SRP037986,Fisher 344,Testes,2014-02-14T14:10:00Z,1
SRR1170518,RNA-Seq,50,1325108200,PRJNA238328,SAMN02642716,937271205,GEO,public,"fastq,run.zq,sra","gs,ncbi,s3","gs.us-east1,ncbi.public,s3.us-east-1",SRX471671,GSM1328772,Illumina HiSeq 2000,SINGLE,cDNA,TRANSCRIPTOMIC,Rattus norvegicus,ILLUMINA,2014-06-20T00:00:00Z,GSM1328772,male,Testes,SRP037986,Fisher 344,Testes,2014-02-14T14:11:00Z,1
SRR1170519,RNA-Seq,50,891717850,PRJNA238328,SAMN02642729,667965858,GEO,public,"fastq,run.zq,sra","gs,ncbi,s3","gs.us-east1,ncbi.public,s3.us-east-1",SRX471672,GSM1328773,Illumina HiSeq 2000,SINGLE,cDNA,TRANSCRIPTOMIC,Rattus norvegicus,ILLUMINA,2014-06-20T00:00:00Z,GSM1328773,female,Uterus,SRP037986,Fisher 344,Uterus,2014-02-14T14:27:00Z,1
SRR1170520,RNA-Seq,50,1064613400,PRJNA238328,SAMN02642729,785352802,GEO,public,"fastq,run.zq,sra","gs,ncbi,s3","gs.us-east1,ncbi.public,s3.us-east-1",SRX471672,GSM1328773,Illumina HiSeq 2000,SINGLE,cDNA,TRANSCRIPTOMIC,Rattus norvegicus,ILLUMINA,2014-06-20T00:00:00Z,GSM1328773,female,Uterus,SRP037986,Fisher 344,Uterus,2014-02-14T14:27:00Z,1
SRR1170521,RNA-Seq,50,873412800,PRJNA238328,SAMN02642725,650538617,GEO,public,"fastq,run.zq,sra","gs,ncbi,s3","gs.us-east1,ncbi.public,s3.us-east-1",SRX471673,GSM1328774,Illumina HiSeq 2000,SINGLE,cDNA,TRANSCRIPTOMIC,Rattus norvegicus,ILLUMINA,2014-06-20T00:00:00Z,GSM1328774,female,Uterus,SRP037986,Fisher 344,Uterus,2014-02-14T14:30:00Z,1
SRR1170522,RNA-Seq,50,824390500,PRJNA238328,SAMN02642725,627396830,GEO,public,"fastq,run.zq,sra","gs,ncbi,s3","gs.us-east1,ncbi.public,s3.us-east-1",SRX471673,GSM1328774,Illumina HiSeq 2000,SINGLE,cDNA,TRANSCRIPTOMIC,Rattus norvegicus,ILLUMINA,2014-06-20T00:00:00Z,GSM1328774,female,Uterus,SRP037986,Fisher 344,Uterus,2014-02-14T14:27:00Z,1
SRR1170523,RNA-Seq,50,806275050,PRJNA238328,SAMN02642720,601881867,GEO,public,"fastq,run.zq,sra","gs,ncbi,s3","gs.us-east1,ncbi.public,s3.us-east-1",SRX471674,GSM1328775,Illumina HiSeq 2000,SINGLE,cDNA,TRANSCRIPTOMIC,Rattus norvegicus,ILLUMINA,2014-06-20T00:00:00Z,GSM1328775,female,Uterus,SRP037986,Fisher 344,Uterus,2014-02-14T14:27:00Z,1
SRR1170524,RNA-Seq,50,765838750,PRJNA238328,SAMN02642720,578748771,GEO,public,"fastq,run.zq,sra","gs,ncbi,s3","gs.us-east1,ncbi.public,s3.us-east-1",SRX471674,GSM1328775,Illumina HiSeq 2000,SINGLE,cDNA,TRANSCRIPTOMIC,Rattus norvegicus,ILLUMINA,2014-06-20T00:00:00Z,GSM1328775,female,Uterus,SRP037986,Fisher 344,Uterus,2014-02-14T14:26:00Z,1
SRR1170525,RNA-Seq,50,1170345100,PRJNA238328,SAMN02642731,850390868,GEO,public,"fastq,run.zq,sra","gs,ncbi,s3","gs.us-east1,ncbi.public,s3.us-east-1",SRX471675,GSM1328776,Illumina HiSeq 2000,SINGLE,cDNA,TRANSCRIPTOMIC,Rattus norvegicus,ILLUMINA,2014-06-20T00:00:00Z,GSM1328776,female,Uterus,SRP037986,Fisher 344,Uterus,2014-02-14T14:30:00Z,1
SRR1170526,RNA-Seq,50,971307950,PRJNA238328,SAMN02642731,713312212,GEO,public,"fastq,run.zq,sra","gs,ncbi,s3","gs.us-east1,ncbi.public,s3.us-east-1",SRX471675,GSM1328776,Illumina HiSeq 2000,SINGLE,cDNA,TRANSCRIPTOMIC,Rattus norvegicus,ILLUMINA,2014-06-20T00:00:00Z,GSM1328776,female,Uterus,SRP037986,Fisher 344,Uterus,2014-02-14T14:27:00Z,1
SRR1170527,RNA-Seq,50,1363075100,PRJNA238328,SAMN02642728,1034884954,GEO,public,"fastq,run.zq,sra","gs,ncbi,s3","gs.us-east1,ncbi.public,s3.us-east-1",SRX471676,GSM1328777,Illumina HiSeq 2000,SINGLE,cDNA,TRANSCRIPTOMIC,Rattus norvegicus,ILLUMINA,2014-06-20T00:00:00Z,GSM1328777,female,Uterus,SRP037986,Fisher 344,Uterus,2014-02-14T14:30:00Z,1
SRR1170528,RNA-Seq,50,1222399600,PRJNA238328,SAMN02642728,932401530,GEO,public,"fastq,run.zq,sra","gs,ncbi,s3","gs.us-east1,ncbi.public,s3.us-east-1",SRX471676,GSM1328777,Illumina HiSeq 2000,SINGLE,cDNA,TRANSCRIPTOMIC,Rattus norvegicus,ILLUMINA,2014-06-20T00:00:00Z,GSM1328777,female,Uterus,SRP037986,Fisher 344,Uterus,2014-02-14T14:29:00Z,1
SRR1170529,RNA-Seq,50,1268642650,PRJNA238328,SAMN02642721,916844543,GEO,public,"fastq,run.zq,sra","gs,ncbi,s3","gs.us-east1,ncbi.public,s3.us-east-1",SRX471677,GSM1328778,Illumina HiSeq 2000,SINGLE,cDNA,TRANSCRIPTOMIC,Rattus norvegicus,ILLUMINA,2014-06-20T00:00:00Z,GSM1328778,female,Uterus,SRP037986,Fisher 344,Uterus,2014-02-14T14:30:00Z,1
SRR1170530,RNA-Seq,50,1178056450,PRJNA238328,SAMN02642721,851250672,GEO,public,"fastq,run.zq,sra","gs,ncbi,s3","gs.us-east1,ncbi.public,s3.us-east-1",SRX471677,GSM1328778,Illumina HiSeq 2000,SINGLE,cDNA,TRANSCRIPTOMIC,Rattus norvegicus,ILLUMINA,2014-06-20T00:00:00Z,GSM1328778,female,Uterus,SRP037986,Fisher 344,Uterus,2014-02-14T14:35:00Z,1
SRR1170531,RNA-Seq,50,1363063200,PRJNA238328,SAMN02642736,986742561,GEO,public,"fastq,run.zq,sra","gs,ncbi,s3","gs.us-east1,ncbi.public,s3.us-east-1",SRX471678,GSM1328779,Illumina HiSeq 2000,SINGLE,cDNA,TRANSCRIPTOMIC,Rattus norvegicus,ILLUMINA,2014-06-20T00:00:00Z,GSM1328779,female,Uterus,SRP037986,Fisher 344,Uterus,2014-02-14T14:36:00Z,1
SRR1170532,RNA-Seq,50,1352771950,PRJNA238328,SAMN02642736,975352760,GEO,public,"fastq,run.zq,sra","gs,ncbi,s3","gs.us-east1,ncbi.public,s3.us-east-1",SRX471678,GSM1328779,Illumina HiSeq 2000,SINGLE,cDNA,TRANSCRIPTOMIC,Rattus norvegicus,ILLUMINA,2014-06-20T00:00:00Z,GSM1328779,female,Uterus,SRP037986,Fisher 344,Uterus,2014-02-14T14:36:00Z,1
SRR1170533,RNA-Seq,50,812052000,PRJNA238328,SAMN02642730,609097739,GEO,public,"fastq,run.zq,sra","gs,ncbi,s3","gs.us-east1,ncbi.public,s3.us-east-1",SRX471679,GSM1328780,Illumina HiSeq 2000,SINGLE,cDNA,TRANSCRIPTOMIC,Rattus norvegicus,ILLUMINA,2014-06-20T00:00:00Z,GSM1328780,female,Uterus,SRP037986,Fisher 344,Uterus,2014-02-14T14:29:00Z,1
SRR1170534,RNA-Seq,50,1006511650,PRJNA238328,SAMN02642730,742354688,GEO,public,"fastq,run.zq,sra","gs,ncbi,s3","gs.us-east1,ncbi.public,s3.us-east-1",SRX471679,GSM1328780,Illumina HiSeq 2000,SINGLE,cDNA,TRANSCRIPTOMIC,Rattus norvegicus,ILLUMINA,2014-06-20T00:00:00Z,GSM1328780,female,Uterus,SRP037986,Fisher 344,Uterus,2014-02-14T14:29:00Z,1
SRR1170535,RNA-Seq,50,736074400,PRJNA238328,SAMN02642722,561244111,GEO,public,"fastq,run.zq,sra","gs,ncbi,s3","gs.us-east1,ncbi.public,s3.us-east-1",SRX471680,GSM1328781,Illumina HiSeq 2000,SINGLE,cDNA,TRANSCRIPTOMIC,Rattus norvegicus,ILLUMINA,2014-06-20T00:00:00Z,GSM1328781,female,Uterus,SRP037986,Fisher 344,Uterus,2014-02-14T14:29:00Z,1
SRR1170536,RNA-Seq,50,665520250,PRJNA238328,SAMN02642722,509184227,GEO,public,"fastq,run.zq","gs,ncbi,s3","gs.us-east1,ncbi.public,s3.us-east-1",SRX471680,GSM1328781,Illumina HiSeq 2000,SINGLE,cDNA,TRANSCRIPTOMIC,Rattus norvegicus,ILLUMINA,2014-06-20T00:00:00Z,GSM1328781,female,Uterus,SRP037986,Fisher 344,Uterus,,
SRR1170537,RNA-Seq,50,1451574200,PRJNA238328,SAMN02642739,1073191988,GEO,public,"fastq,run.zq,sra","gs,ncbi,s3","gs.us-east1,ncbi.public,s3.us-east-1",SRX471681,GSM1328782,Illumina HiSeq 2000,SINGLE,cDNA,TRANSCRIPTOMIC,Rattus norvegicus,ILLUMINA,2014-06-20T00:00:00Z,GSM1328782,female,Uterus,SRP037986,Fisher 344,Uterus,2014-02-14T14:30:00Z,1
SRR1170538,RNA-Seq,50,1370196500,PRJNA238328,SAMN02642739,1005874556,GEO,public,"fastq,run.zq,sra","gs,ncbi,s3","gs.us-east1,ncbi.public,s3.us-east-1",SRX471681,GSM1328782,Illumina HiSeq 2000,SINGLE,cDNA,TRANSCRIPTOMIC,Rattus norvegicus,ILLUMINA,2014-06-20T00:00:00Z,GSM1328782,female,Uterus,SRP037986,Fisher 344,Uterus,2014-02-14T14:28:00Z,1
SRR1170539,RNA-Seq,50,1796922600,PRJNA238328,SAMN02642733,1304773724,GEO,public,"fastq,run.zq,sra","gs,ncbi,s3","gs.us-east1,ncbi.public,s3.us-east-1",SRX471682,GSM1328783,Illumina HiSeq 2000,SINGLE,cDNA,TRANSCRIPTOMIC,Rattus norvegicus,ILLUMINA,2014-06-20T00:00:00Z,GSM1328783,female,Uterus,SRP037986,Fisher 344,Uterus,2014-02-14T14:30:00Z,1
SRR1170540,RNA-Seq,50,512071550,PRJNA238328,SAMN02642733,386976620,GEO,public,"fastq,run.zq,sra","gs,ncbi,s3","gs.us-east1,ncbi.public,s3.us-east-1",SRX471682,GSM1328783,Illumina HiSeq 2000,SINGLE,cDNA,TRANSCRIPTOMIC,Rattus norvegicus,ILLUMINA,2014-06-20T00:00:00Z,GSM1328783,female,Uterus,SRP037986,Fisher 344,Uterus,2014-02-14T14:28:00Z,1
SRR1170541,RNA-Seq,50,915538000,PRJNA238328,SAMN02642733,706791946,GEO,public,"fastq,run.zq,sra","gs,ncbi,s3","gs.us-east1,ncbi.public,s3.us-east-1",SRX471682,GSM1328783,Illumina HiSeq 2000,SINGLE,cDNA,TRANSCRIPTOMIC,Rattus norvegicus,ILLUMINA,2014-06-20T00:00:00Z,GSM1328783,female,Uterus,SRP037986,Fisher 344,Uterus,2014-02-14T14:27:00Z,1
SRR1170542,RNA-Seq,50,1207918000,PRJNA238328,SAMN02642723,868302956,GEO,public,"fastq,run.zq,sra","gs,ncbi,s3","gs.us-east1,ncbi.public,s3.us-east-1",SRX471683,GSM1328784,Illumina HiSeq 2000,SINGLE,cDNA,TRANSCRIPTOMIC,Rattus norvegicus,ILLUMINA,2014-06-20T00:00:00Z,GSM1328784,female,Uterus,SRP037986,Fisher 344,Uterus,2014-02-14T14:29:00Z,1
SRR1170543,RNA-Seq,50,1275805150,PRJNA238328,SAMN02642723,901887178,GEO,public,"fastq,run.zq,sra","gs,ncbi,s3","gs.us-east1,ncbi.public,s3.us-east-1",SRX471683,GSM1328784,Illumina HiSeq 2000,SINGLE,cDNA,TRANSCRIPTOMIC,Rattus norvegicus,ILLUMINA,2014-06-20T00:00:00Z,GSM1328784,female,Uterus,SRP037986,Fisher 344,Uterus,2014-02-14T14:28:00Z,1
SRR1170544,RNA-Seq,50,1155988400,PRJNA238328,SAMN02642741,847778335,GEO,public,"fastq,run.zq,sra","gs,ncbi,s3","gs.us-east1,ncbi.public,s3.us-east-1",SRX471684,GSM1328785,Illumina HiSeq 2000,SINGLE,cDNA,TRANSCRIPTOMIC,Rattus norvegicus,ILLUMINA,2014-06-20T00:00:00Z,GSM1328785,female,Uterus,SRP037986,Fisher 344,Uterus,2014-02-14T14:28:00Z,1
SRR1170545,RNA-Seq,50,1033606650,PRJNA238328,SAMN02642741,749550830,GEO,public,"fastq,run.zq,sra","gs,ncbi,s3","gs.us-east1,ncbi.public,s3.us-east-1",SRX471684,GSM1328785,Illumina HiSeq 2000,SINGLE,cDNA,TRANSCRIPTOMIC,Rattus norvegicus,ILLUMINA,2014-06-20T00:00:00Z,GSM1328785,female,Uterus,SRP037986,Fisher 344,Uterus,2014-02-14T14:27:00Z,1
SRR1170546,RNA-Seq,50,1058611300,PRJNA238328,SAMN02642735,765681724,GEO,public,"fastq,run.zq,sra","gs,ncbi,s3","gs.us-east1,ncbi.public,s3.us-east-1",SRX471685,GSM1328786,Illumina HiSeq 2000,SINGLE,cDNA,TRANSCRIPTOMIC,Rattus norvegicus,ILLUMINA,2014-06-20T00:00:00Z,GSM1328786,female,Uterus,SRP037986,Fisher 344,Uterus,2014-02-14T14:24:00Z,1
SRR1170547,RNA-Seq,50,1085646200,PRJNA238328,SAMN02642735,783916199,GEO,public,"fastq,run.zq,sra","gs,ncbi,s3","gs.us-east1,ncbi.public,s3.us-east-1",SRX471685,GSM1328786,Illumina HiSeq 2000,SINGLE,cDNA,TRANSCRIPTOMIC,Rattus norvegicus,ILLUMINA,2014-06-20T00:00:00Z,GSM1328786,female,Uterus,SRP037986,Fisher 344,Uterus,2014-02-14T14:29:00Z,1
SRR1170548,RNA-Seq,50,1139471850,PRJNA238328,SAMN02642726,825386047,GEO,public,"fastq,run.zq,sra","gs,ncbi,s3","gs.us-east1,ncbi.public,s3.us-east-1",SRX471686,GSM1328787,Illumina HiSeq 2000,SINGLE,cDNA,TRANSCRIPTOMIC,Rattus norvegicus,ILLUMINA,2014-06-20T00:00:00Z,GSM1328787,female,Uterus,SRP037986,Fisher 344,Uterus,2014-02-14T14:29:00Z,1
SRR1170549,RNA-Seq,50,1580395250,PRJNA238328,SAMN02642726,1118880267,GEO,public,"fastq,run.zq,sra","gs,ncbi,s3","gs.us-east1,ncbi.public,s3.us-east-1",SRX471686,GSM1328787,Illumina HiSeq 2000,SINGLE,cDNA,TRANSCRIPTOMIC,Rattus norvegicus,ILLUMINA,2014-06-20T00:00:00Z,GSM1328787,female,Uterus,SRP037986,Fisher 344,Uterus,2014-02-14T14:32:00Z,1
SRR1170550,RNA-Seq,50,887463350,PRJNA238328,SAMN02642742,641595342,GEO,public,"fastq,run.zq,sra","gs,ncbi,s3","gs.us-east1,ncbi.public,s3.us-east-1",SRX471687,GSM1328788,Illumina HiSeq 2000,SINGLE,cDNA,TRANSCRIPTOMIC,Rattus norvegicus,ILLUMINA,2014-06-20T00:00:00Z,GSM1328788,female,Uterus,SRP037986,Fisher 344,Uterus,2014-02-14T14:30:00Z,1
SRR1170551,RNA-Seq,50,717319550,PRJNA238328,SAMN02642742,535136413,GEO,public,"fastq,run.zq,sra","gs,ncbi,s3","gs.us-east1,ncbi.public,s3.us-east-1",SRX471687,GSM1328788,Illumina HiSeq 2000,SINGLE,cDNA,TRANSCRIPTOMIC,Rattus norvegicus,ILLUMINA,2014-06-20T00:00:00Z,GSM1328788,female,Uterus,SRP037986,Fisher 344,Uterus,2014-02-14T14:23:00Z,1
SRR1170552,RNA-Seq,50,689124150,PRJNA238328,SAMN02642742,510970545,GEO,public,"fastq,run.zq,sra","gs,ncbi,s3","gs.us-east1,ncbi.public,s3.us-east-1",SRX471687,GSM1328788,Illumina HiSeq 2000,SINGLE,cDNA,TRANSCRIPTOMIC,Rattus norvegicus,ILLUMINA,2014-06-20T00:00:00Z,GSM1328788,female,Uterus,SRP037986,Fisher 344,Uterus,2014-02-14T14:23:00Z,1
