Run,AGE,Assay Type,AvgSpotLen,Bases,BioProject,BioSample,Broker_name,Bytes,Center Name,common_name,Consent,DATASTORE filetype,DATASTORE provider,DATASTORE region,Developmental_stage,ENA-FIRST-PUBLIC (run),ENA-FIRST-PUBLIC,ENA-LAST-UPDATE (run),ENA-LAST-UPDATE,Experiment,Experimental_Factor:_developmental_stage (exp),Experimental_Factor:_organism_part (exp),Experimental_Factor:_sex (exp),external_id,genotype,INSDC_center_name,INSDC_first_public,INSDC_last_update,INSDC_status,Instrument,Library Name,LibraryLayout,LibrarySelection,LibrarySource,Organism_part,Organism,Platform,ReleaseDate,create_date,version,Sample Name,Sample_name,Scientific_Name,sex,SRA Study,strain,Submitter_Id
ERR2587349,12,RNA-Seq,101,3398745041,PRJEB26840,SAMEA4670040,ArrayExpress,1220180151,"Lausanne Genomics Technology Facility ",rabbit,public,"fastq,run.zq,sra","ena,gs,ncbi,s3","ena,gs.us-east1,ncbi.public,s3.us-east-1",embryo,2019-02-18,2018-12-30T17:01:52Z,2018-11-16,2018-05-18T21:19:56Z,ERX2603625,embryonic day 12,heart,male,SAMEA4670040,wild type genotype,The University of Heidelberg,2018-12-30T17:01:52Z,2018-05-18T21:19:56Z,public,Illumina HiSeq 2500,4746sTS.Rabbit.Heart.12.Male_s,SINGLE,PolyA,TRANSCRIPTOMIC,heart,Oryctolagus cuniculus,ILLUMINA,2019-02-19T00:00:00Z,2021-10-25T01:38:00Z,2,SAMEA4670040,E-MTAB-6782:4746sTS.Rabbit.Heart.12.Male,Oryctolagus cuniculus,male,ERP108867,New Zealand,E-MTAB-6782:4746sTS.Rabbit.Heart.12.Male
ERR2587350,12,RNA-Seq,101,1761026001,PRJEB26840,SAMEA4670041,ArrayExpress,637850532,"Lausanne Genomics Technology Facility ",rabbit,public,"fastq,run.zq,sra","ena,gs,ncbi,s3","ena,gs.us-east1,ncbi.public,s3.us-east-1",embryo,2019-02-18,2018-12-30T17:01:52Z,2018-11-16,2018-05-18T21:19:56Z,ERX2603626,embryonic day 12,heart,male,SAMEA4670041,wild type genotype,The University of Heidelberg,2018-12-30T17:01:52Z,2018-05-18T21:19:56Z,public,Illumina HiSeq 2500,4749sTS.Rabbit.Heart.12.Male_s,SINGLE,PolyA,TRANSCRIPTOMIC,heart,Oryctolagus cuniculus,ILLUMINA,2019-02-19T00:00:00Z,2021-10-25T01:13:00Z,2,SAMEA4670041,E-MTAB-6782:4749sTS.Rabbit.Heart.12.Male,Oryctolagus cuniculus,male,ERP108867,New Zealand,E-MTAB-6782:4749sTS.Rabbit.Heart.12.Male
ERR2587351,12,RNA-Seq,101,5961128979,PRJEB26840,SAMEA4670042,ArrayExpress,2258043287,"Lausanne Genomics Technology Facility ",rabbit,public,"fastq,run.zq,sra","ena,gs,ncbi,s3","ena,gs.us-east1,ncbi.public,s3.us-east-1",embryo,2019-02-18,2018-12-30T17:01:52Z,2018-11-16,2018-05-18T21:19:57Z,ERX2603627,embryonic day 12,heart,female,SAMEA4670042,wild type genotype,The University of Heidelberg,2018-12-30T17:01:52Z,2018-05-18T21:19:57Z,public,Illumina HiSeq 2500,4754sTS.Rabbit.Heart.12.Female_s,SINGLE,PolyA,TRANSCRIPTOMIC,heart,Oryctolagus cuniculus,ILLUMINA,2019-02-19T00:00:00Z,2021-10-25T01:26:00Z,2,SAMEA4670042,E-MTAB-6782:4754sTS.Rabbit.Heart.12.Female,Oryctolagus cuniculus,female,ERP108867,New Zealand,E-MTAB-6782:4754sTS.Rabbit.Heart.12.Female
ERR2587352,13,RNA-Seq,101,2875944195,PRJEB26840,SAMEA4670043,ArrayExpress,1109627200,"Lausanne Genomics Technology Facility ",rabbit,public,"fastq,run.zq,sra","ena,gs,ncbi,s3","ena,gs.us-east1,ncbi.public,s3.us-east-1",embryo,2019-02-18,2018-12-30T17:01:52Z,2018-11-16,2018-05-18T21:19:57Z,ERX2603628,embryonic day 12,heart,female,SAMEA4670043,wild type genotype,The University of Heidelberg,2018-12-30T17:01:52Z,2018-05-18T21:19:57Z,public,Illumina HiSeq 2500,4793sTS.Rabbit.Heart.12.Female_s,SINGLE,PolyA,TRANSCRIPTOMIC,heart,Oryctolagus cuniculus,ILLUMINA,2019-02-19T00:00:00Z,2022-07-26T05:50:00Z,2,SAMEA4670043,E-MTAB-6782:4793sTS.Rabbit.Heart.12.Female,Oryctolagus cuniculus,female,ERP108867,New Zealand,E-MTAB-6782:4793sTS.Rabbit.Heart.12.Female
ERR2587353,12,RNA-Seq,101,3267570382,PRJEB26840,SAMEA4670044,ArrayExpress,1243534899,"Lausanne Genomics Technology Facility ",rabbit,public,"fastq,run.zq,sra","ena,gs,ncbi,s3","ena,gs.us-east1,ncbi.public,s3.us-east-1",embryo,2019-02-18,2018-12-30T17:01:52Z,2018-11-16,2018-05-18T21:19:57Z,ERX2603629,embryonic day 12,ovary,female,SAMEA4670044,wild type genotype,The University of Heidelberg,2018-12-30T17:01:52Z,2018-05-18T21:19:57Z,public,Illumina HiSeq 2500,4752sTS.Rabbit.Ovary.12.Female_s,SINGLE,PolyA,TRANSCRIPTOMIC,ovary,Oryctolagus cuniculus,ILLUMINA,2019-02-19T00:00:00Z,2022-07-17T23:35:00Z,2,SAMEA4670044,E-MTAB-6782:4752sTS.Rabbit.Ovary.12.Female,Oryctolagus cuniculus,female,ERP108867,New Zealand,E-MTAB-6782:4752sTS.Rabbit.Ovary.12.Female
ERR2587354,12,RNA-Seq,101,2794126418,PRJEB26840,SAMEA4670045,ArrayExpress,1066454501,"Lausanne Genomics Technology Facility ",rabbit,public,"fastq,run.zq,sra","ena,gs,ncbi,s3","ena,gs.us-east1,ncbi.public,s3.us-east-1",embryo,2019-02-18,2018-12-30T17:01:52Z,2018-11-16,2018-05-18T21:19:57Z,ERX2603630,embryonic day 12,ovary,female,SAMEA4670045,wild type genotype,The University of Heidelberg,2018-12-30T17:01:52Z,2018-05-18T21:19:57Z,public,Illumina HiSeq 2500,4755sTS.Rabbit.Ovary.12.Female_s,SINGLE,PolyA,TRANSCRIPTOMIC,ovary,Oryctolagus cuniculus,ILLUMINA,2019-02-19T00:00:00Z,2021-10-25T01:32:00Z,2,SAMEA4670045,E-MTAB-6782:4755sTS.Rabbit.Ovary.12.Female,Oryctolagus cuniculus,female,ERP108867,New Zealand,E-MTAB-6782:4755sTS.Rabbit.Ovary.12.Female
ERR2587355,12,RNA-Seq,101,2266874704,PRJEB26840,SAMEA4670046,ArrayExpress,817449741,"Lausanne Genomics Technology Facility ",rabbit,public,"fastq,run.zq,sra","ena,gs,ncbi,s3","ena,gs.us-east1,ncbi.public,s3.us-east-1",embryo,2019-02-18,2018-12-30T17:01:52Z,2018-11-16,2018-05-18T21:19:57Z,ERX2603631,embryonic day 12,testis,male,SAMEA4670046,wild type genotype,The University of Heidelberg,2018-12-30T17:01:52Z,2018-05-18T21:19:57Z,public,Illumina HiSeq 2500,4747sTS.Rabbit.Testis.12.Male_s,SINGLE,PolyA,TRANSCRIPTOMIC,testis,Oryctolagus cuniculus,ILLUMINA,2019-02-19T00:00:00Z,2022-07-15T18:13:00Z,2,SAMEA4670046,E-MTAB-6782:4747sTS.Rabbit.Testis.12.Male,Oryctolagus cuniculus,male,ERP108867,New Zealand,E-MTAB-6782:4747sTS.Rabbit.Testis.12.Male
ERR2587356,12,RNA-Seq,101,1214398750,PRJEB26840,SAMEA4670047,ArrayExpress,470108956,"Lausanne Genomics Technology Facility ",rabbit,public,"fastq,run.zq,sra","ena,gs,ncbi,s3","ena,gs.us-east1,ncbi.public,s3.us-east-1",embryo,2019-02-18,2018-12-30T17:01:52Z,2018-11-16,2018-05-18T21:19:57Z,ERX2603632,embryonic day 12,testis,male,SAMEA4670047,wild type genotype,The University of Heidelberg,2018-12-30T17:01:52Z,2018-05-18T21:19:57Z,public,Illumina HiSeq 2500,4750sTS.Rabbit.Testis.12.Male_s,SINGLE,PolyA,TRANSCRIPTOMIC,testis,Oryctolagus cuniculus,ILLUMINA,2019-02-19T00:00:00Z,2022-07-26T05:47:00Z,2,SAMEA4670047,E-MTAB-6782:4750sTS.Rabbit.Testis.12.Male,Oryctolagus cuniculus,male,ERP108867,New Zealand,E-MTAB-6782:4750sTS.Rabbit.Testis.12.Male
ERR2587357,12,RNA-Seq,101,8083539040,PRJEB26840,SAMEA4670048,ArrayExpress,2883541569,"Lausanne Genomics Technology Facility ",rabbit,public,"fastq,run.zq,sra","ena,gs,ncbi,s3","ena,gs.us-east1,ncbi.public,s3.us-east-1",embryo,2019-02-18,2018-12-30T17:01:52Z,2018-11-16,2018-05-18T21:19:57Z,ERX2603633,embryonic day 12,brain,male,SAMEA4670048,wild type genotype,The University of Heidelberg,2018-12-30T17:01:52Z,2018-05-18T21:19:57Z,public,Illumina HiSeq 2500,4745sTS.Rabbit.WholeBrain.12.Male_s,SINGLE,PolyA,TRANSCRIPTOMIC,brain,Oryctolagus cuniculus,ILLUMINA,2019-02-19T00:00:00Z,2021-10-25T02:16:00Z,2,SAMEA4670048,E-MTAB-6782:4745sTS.Rabbit.WholeBrain.12.Male,Oryctolagus cuniculus,male,ERP108867,New Zealand,E-MTAB-6782:4745sTS.Rabbit.WholeBrain.12.Male
ERR2587358,12,RNA-Seq,101,2164107103,PRJEB26840,SAMEA4670049,ArrayExpress,783239981,"Lausanne Genomics Technology Facility ",rabbit,public,"fastq,run.zq,sra","ena,gs,ncbi,s3","ena,gs.us-east1,ncbi.public,s3.us-east-1",embryo,2019-02-18,2018-12-30T17:01:52Z,2018-11-16,2018-05-18T21:19:57Z,ERX2603634,embryonic day 12,brain,male,SAMEA4670049,wild type genotype,The University of Heidelberg,2018-12-30T17:01:52Z,2018-05-18T21:19:57Z,public,Illumina HiSeq 2500,4748sTS.Rabbit.WholeBrain.12.Male_s,SINGLE,PolyA,TRANSCRIPTOMIC,brain,Oryctolagus cuniculus,ILLUMINA,2019-02-19T00:00:00Z,2022-07-16T22:35:00Z,2,SAMEA4670049,E-MTAB-6782:4748sTS.Rabbit.WholeBrain.12.Male,Oryctolagus cuniculus,male,ERP108867,New Zealand,E-MTAB-6782:4748sTS.Rabbit.WholeBrain.12.Male
ERR2587359,12,RNA-Seq,101,2935846083,PRJEB26840,SAMEA4670050,ArrayExpress,1126592186,"Lausanne Genomics Technology Facility ",rabbit,public,"fastq,run.zq,sra","ena,gs,ncbi,s3","ena,gs.us-east1,ncbi.public,s3.us-east-1",embryo,2019-02-18,2018-12-30T17:01:52Z,2018-11-16,2018-05-18T21:19:57Z,ERX2603635,embryonic day 12,brain,female,SAMEA4670050,wild type genotype,The University of Heidelberg,2018-12-30T17:01:52Z,2018-05-18T21:19:57Z,public,Illumina HiSeq 2500,4751sTS.Rabbit.WholeBrain.12.Female_s,SINGLE,PolyA,TRANSCRIPTOMIC,brain,Oryctolagus cuniculus,ILLUMINA,2019-02-19T00:00:00Z,2022-07-18T06:38:00Z,2,SAMEA4670050,E-MTAB-6782:4751sTS.Rabbit.WholeBrain.12.Female,Oryctolagus cuniculus,female,ERP108867,New Zealand,E-MTAB-6782:4751sTS.Rabbit.WholeBrain.12.Female
ERR2587360,12,RNA-Seq,101,2863096995,PRJEB26840,SAMEA4670051,ArrayExpress,1093496025,"Lausanne Genomics Technology Facility ",rabbit,public,"fastq,run.zq,sra","ena,gs,ncbi,s3","ena,gs.us-east1,ncbi.public,s3.us-east-1",embryo,2019-02-18,2018-12-30T17:01:52Z,2018-11-16,2018-05-18T21:19:57Z,ERX2603636,embryonic day 12,brain,female,SAMEA4670051,wild type genotype,The University of Heidelberg,2018-12-30T17:01:52Z,2018-05-18T21:19:57Z,public,Illumina HiSeq 2500,4753sTS.Rabbit.WholeBrain.12.Female_s,SINGLE,PolyA,TRANSCRIPTOMIC,brain,Oryctolagus cuniculus,ILLUMINA,2019-02-19T00:00:00Z,2022-07-26T05:51:00Z,2,SAMEA4670051,E-MTAB-6782:4753sTS.Rabbit.WholeBrain.12.Female,Oryctolagus cuniculus,female,ERP108867,New Zealand,E-MTAB-6782:4753sTS.Rabbit.WholeBrain.12.Female
ERR2587361,13,RNA-Seq,101,4734082605,PRJEB26840,SAMEA4670052,ArrayExpress,1721532038,"Lausanne Genomics Technology Facility ",rabbit,public,"fastq,run.zq,sra","ena,gs,ncbi,s3","ena,gs.us-east1,ncbi.public,s3.us-east-1",embryo,2019-02-18,2018-12-30T17:01:52Z,2018-11-16,2018-05-18T21:19:57Z,ERX2603637,embryonic day 13,heart,female,SAMEA4670052,wild type genotype,The University of Heidelberg,2018-12-30T17:01:52Z,2018-05-18T21:19:57Z,public,Illumina HiSeq 2500,4736sTS.Rabbit.Heart.13.Female_s,SINGLE,PolyA,TRANSCRIPTOMIC,heart,Oryctolagus cuniculus,ILLUMINA,2019-02-19T00:00:00Z,2022-07-14T06:42:00Z,2,SAMEA4670052,E-MTAB-6782:4736sTS.Rabbit.Heart.13.Female,Oryctolagus cuniculus,female,ERP108867,New Zealand,E-MTAB-6782:4736sTS.Rabbit.Heart.13.Female
ERR2587362,13,RNA-Seq,101,2378719983,PRJEB26840,SAMEA4670053,ArrayExpress,910056666,"Lausanne Genomics Technology Facility ",rabbit,public,"fastq,run.zq,sra","ena,gs,ncbi,s3","ena,gs.us-east1,ncbi.public,s3.us-east-1",embryo,2019-02-18,2018-12-30T17:01:52Z,2018-11-16,2018-05-18T21:19:57Z,ERX2603638,embryonic day 13,heart,male,SAMEA4670053,wild type genotype,The University of Heidelberg,2018-12-30T17:01:52Z,2018-05-18T21:19:57Z,public,Illumina HiSeq 2500,4827sTS.Rabbit.Heart.13.Male_s,SINGLE,PolyA,TRANSCRIPTOMIC,heart,Oryctolagus cuniculus,ILLUMINA,2019-02-19T00:00:00Z,2022-07-13T19:14:00Z,2,SAMEA4670053,E-MTAB-6782:4827sTS.Rabbit.Heart.13.Male,Oryctolagus cuniculus,male,ERP108867,New Zealand,E-MTAB-6782:4827sTS.Rabbit.Heart.13.Male
ERR2587363,13,RNA-Seq,101,3861010325,PRJEB26840,SAMEA4670054,ArrayExpress,1538917634,"Lausanne Genomics Technology Facility ",rabbit,public,"fastq,run.zq,sra","ena,gs,ncbi,s3","ena,gs.us-east1,ncbi.public,s3.us-east-1",embryo,2019-02-18,2018-12-30T17:01:52Z,2018-11-16,2018-05-18T21:19:57Z,ERX2603639,embryonic day 13,heart,male,SAMEA4670054,wild type genotype,The University of Heidelberg,2018-12-30T17:01:52Z,2018-05-18T21:19:57Z,public,Illumina HiSeq 2500,4925sTS.Rabbit.Heart.13.Male_s,SINGLE,PolyA,TRANSCRIPTOMIC,heart,Oryctolagus cuniculus,ILLUMINA,2019-02-19T00:00:00Z,2022-07-26T05:52:00Z,2,SAMEA4670054,E-MTAB-6782:4925sTS.Rabbit.Heart.13.Male,Oryctolagus cuniculus,male,ERP108867,New Zealand,E-MTAB-6782:4925sTS.Rabbit.Heart.13.Male
ERR2587364,13,RNA-Seq,101,2947112330,PRJEB26840,SAMEA4670055,ArrayExpress,1065692210,"Lausanne Genomics Technology Facility ",rabbit,public,"fastq,run.zq,sra","ena,gs,ncbi,s3","ena,gs.us-east1,ncbi.public,s3.us-east-1",embryo,2019-02-18,2018-12-30T17:01:52Z,2018-11-16,2018-05-18T21:19:57Z,ERX2603640,embryonic day 13,liver,female,SAMEA4670055,wild type genotype,The University of Heidelberg,2018-12-30T17:01:52Z,2018-05-18T21:19:57Z,public,Illumina HiSeq 2500,4737sTS.Rabbit.Liver.13.Female_s,SINGLE,PolyA,TRANSCRIPTOMIC,liver,Oryctolagus cuniculus,ILLUMINA,2019-02-19T00:00:00Z,2022-07-15T21:46:00Z,2,SAMEA4670055,E-MTAB-6782:4737sTS.Rabbit.Liver.13.Female,Oryctolagus cuniculus,female,ERP108867,New Zealand,E-MTAB-6782:4737sTS.Rabbit.Liver.13.Female
ERR2587365,13,RNA-Seq,101,2338908510,PRJEB26840,SAMEA4670056,ArrayExpress,851683169,"Lausanne Genomics Technology Facility ",rabbit,public,"fastq,run.zq,sra","ena,gs,ncbi,s3","ena,gs.us-east1,ncbi.public,s3.us-east-1",embryo,2019-02-18,2018-12-30T17:01:52Z,2018-11-16,2018-05-18T21:19:57Z,ERX2603641,embryonic day 13,liver,female,SAMEA4670056,wild type genotype,The University of Heidelberg,2018-12-30T17:01:52Z,2018-05-18T21:19:57Z,public,Illumina HiSeq 2500,4743sTS.Rabbit.Liver.13.Female_s,SINGLE,PolyA,TRANSCRIPTOMIC,liver,Oryctolagus cuniculus,ILLUMINA,2019-02-19T00:00:00Z,2021-10-25T01:15:00Z,2,SAMEA4670056,E-MTAB-6782:4743sTS.Rabbit.Liver.13.Female,Oryctolagus cuniculus,female,ERP108867,New Zealand,E-MTAB-6782:4743sTS.Rabbit.Liver.13.Female
ERR2587366,13,RNA-Seq,101,3634467426,PRJEB26840,SAMEA4670057,ArrayExpress,1381916695,"Lausanne Genomics Technology Facility ",rabbit,public,"fastq,run.zq,sra","ena,gs,ncbi,s3","ena,gs.us-east1,ncbi.public,s3.us-east-1",embryo,2019-02-18,2018-12-30T17:01:52Z,2018-11-16,2018-05-18T21:19:57Z,ERX2603642,embryonic day 13,liver,male,SAMEA4670057,wild type genotype,The University of Heidelberg,2018-12-30T17:01:52Z,2018-05-18T21:19:57Z,public,Illumina HiSeq 2500,4828sTS.Rabbit.Liver.13.Male_s,SINGLE,PolyA,TRANSCRIPTOMIC,liver,Oryctolagus cuniculus,ILLUMINA,2019-02-19T00:00:00Z,2022-07-26T05:51:00Z,2,SAMEA4670057,E-MTAB-6782:4828sTS.Rabbit.Liver.13.Male,Oryctolagus cuniculus,male,ERP108867,New Zealand,E-MTAB-6782:4828sTS.Rabbit.Liver.13.Male
ERR2587367,13,RNA-Seq,101,3517581136,PRJEB26840,SAMEA4670058,ArrayExpress,1394472132,"Lausanne Genomics Technology Facility ",rabbit,public,"fastq,run.zq,sra","ena,gs,ncbi,s3","ena,gs.us-east1,ncbi.public,s3.us-east-1",embryo,2019-02-18,2018-12-30T17:01:52Z,2018-11-16,2018-05-18T21:19:57Z,ERX2603643,embryonic day 13,liver,male,SAMEA4670058,wild type genotype,The University of Heidelberg,2018-12-30T17:01:52Z,2018-05-18T21:19:57Z,public,Illumina HiSeq 2500,4926sTS.Rabbit.Liver.13.Male_s,SINGLE,PolyA,TRANSCRIPTOMIC,liver,Oryctolagus cuniculus,ILLUMINA,2019-02-19T00:00:00Z,2021-10-25T01:46:00Z,2,SAMEA4670058,E-MTAB-6782:4926sTS.Rabbit.Liver.13.Male,Oryctolagus cuniculus,male,ERP108867,New Zealand,E-MTAB-6782:4926sTS.Rabbit.Liver.13.Male
ERR2587368,13,RNA-Seq,101,3941539140,PRJEB26840,SAMEA4670059,ArrayExpress,1414570334,"Lausanne Genomics Technology Facility ",rabbit,public,"fastq,run.zq,sra","ena,gs,ncbi,s3","ena,gs.us-east1,ncbi.public,s3.us-east-1",embryo,2019-02-18,2018-12-30T17:01:52Z,2018-11-16,2018-05-18T21:19:58Z,ERX2603644,embryonic day 13,ovary,female,SAMEA4670059,wild type genotype,The University of Heidelberg,2018-12-30T17:01:52Z,2018-05-18T21:19:58Z,public,Illumina HiSeq 2500,4738sTS.Rabbit.Ovary.13.Female_s,SINGLE,PolyA,TRANSCRIPTOMIC,ovary,Oryctolagus cuniculus,ILLUMINA,2019-02-19T00:00:00Z,2022-07-21T14:05:00Z,2,SAMEA4670059,E-MTAB-6782:4738sTS.Rabbit.Ovary.13.Female,Oryctolagus cuniculus,female,ERP108867,New Zealand,E-MTAB-6782:4738sTS.Rabbit.Ovary.13.Female
ERR2587369,13,RNA-Seq,101,3420882019,PRJEB26840,SAMEA4670060,ArrayExpress,1301507290,"Lausanne Genomics Technology Facility ",rabbit,public,"fastq,run.zq,sra","ena,gs,ncbi,s3","ena,gs.us-east1,ncbi.public,s3.us-east-1",embryo,2019-02-18,2018-12-30T17:01:52Z,2018-11-16,2018-05-18T21:19:58Z,ERX2603645,embryonic day 13,ovary,female,SAMEA4670060,wild type genotype,The University of Heidelberg,2018-12-30T17:01:52Z,2018-05-18T21:19:58Z,public,Illumina HiSeq 2500,4804sTS.Rabbit.Ovary.13.Female_s,SINGLE,PolyA,TRANSCRIPTOMIC,ovary,Oryctolagus cuniculus,ILLUMINA,2019-02-19T00:00:00Z,2021-10-25T01:35:00Z,2,SAMEA4670060,E-MTAB-6782:4804sTS.Rabbit.Ovary.13.Female,Oryctolagus cuniculus,female,ERP108867,New Zealand,E-MTAB-6782:4804sTS.Rabbit.Ovary.13.Female
ERR2587370,13,RNA-Seq,101,4319392159,PRJEB26840,SAMEA4670061,ArrayExpress,1650794387,"Lausanne Genomics Technology Facility ",rabbit,public,"fastq,run.zq,sra","ena,gs,ncbi,s3","ena,gs.us-east1,ncbi.public,s3.us-east-1",embryo,2019-02-18,2018-12-30T17:01:52Z,2018-11-16,2018-05-18T21:19:58Z,ERX2603646,embryonic day 13,testis,male,SAMEA4670061,wild type genotype,The University of Heidelberg,2018-12-30T17:01:52Z,2018-05-18T21:19:58Z,public,Illumina HiSeq 2500,4800sTS.Rabbit.Testis.13.Male_s,SINGLE,PolyA,TRANSCRIPTOMIC,testis,Oryctolagus cuniculus,ILLUMINA,2019-02-19T00:00:00Z,2022-07-17T23:37:00Z,2,SAMEA4670061,E-MTAB-6782:4800sTS.Rabbit.Testis.13.Male,Oryctolagus cuniculus,male,ERP108867,New Zealand,E-MTAB-6782:4800sTS.Rabbit.Testis.13.Male
ERR2587371,13,RNA-Seq,101,5042651947,PRJEB26840,SAMEA4670062,ArrayExpress,1996751384,"Lausanne Genomics Technology Facility ",rabbit,public,"fastq,run.zq,sra","ena,gs,ncbi,s3","ena,gs.us-east1,ncbi.public,s3.us-east-1",embryo,2019-02-18,2018-12-30T17:01:52Z,2018-11-16,2018-05-18T21:19:58Z,ERX2603647,embryonic day 13,testis,male,SAMEA4670062,wild type genotype,The University of Heidelberg,2018-12-30T17:01:52Z,2018-05-18T21:19:58Z,public,Illumina HiSeq 2500,4927sTS.Rabbit.Testis.13.Male_s,SINGLE,PolyA,TRANSCRIPTOMIC,testis,Oryctolagus cuniculus,ILLUMINA,2019-02-19T00:00:00Z,2022-07-26T05:53:00Z,2,SAMEA4670062,E-MTAB-6782:4927sTS.Rabbit.Testis.13.Male,Oryctolagus cuniculus,male,ERP108867,New Zealand,E-MTAB-6782:4927sTS.Rabbit.Testis.13.Male
ERR2587372,13,RNA-Seq,101,4786176991,PRJEB26840,SAMEA4670063,ArrayExpress,1718086876,"Lausanne Genomics Technology Facility ",rabbit,public,"fastq,run.zq,sra","ena,gs,ncbi,s3","ena,gs.us-east1,ncbi.public,s3.us-east-1",embryo,2019-02-18,2018-12-30T17:01:52Z,2018-11-16,2018-05-18T21:19:58Z,ERX2603648,embryonic day 13,brain,female,SAMEA4670063,wild type genotype,The University of Heidelberg,2018-12-30T17:01:52Z,2018-05-18T21:19:58Z,public,Illumina HiSeq 2500,4735sTS.Rabbit.WholeBrain.13.Female_s,SINGLE,PolyA,TRANSCRIPTOMIC,brain,Oryctolagus cuniculus,ILLUMINA,2019-02-19T00:00:00Z,2022-07-26T05:52:00Z,2,SAMEA4670063,E-MTAB-6782:4735sTS.Rabbit.WholeBrain.13.Female,Oryctolagus cuniculus,female,ERP108867,New Zealand,E-MTAB-6782:4735sTS.Rabbit.WholeBrain.13.Female
ERR2587373,13,RNA-Seq,101,3061266671,PRJEB26840,SAMEA4670064,ArrayExpress,1177483131,"Lausanne Genomics Technology Facility ",rabbit,public,"fastq,run.zq,sra","ena,gs,ncbi,s3","ena,gs.us-east1,ncbi.public,s3.us-east-1",embryo,2019-02-18,2018-12-30T17:01:52Z,2018-11-16,2018-05-18T21:19:58Z,ERX2603649,embryonic day 13,brain,male,SAMEA4670064,wild type genotype,The University of Heidelberg,2018-12-30T17:01:52Z,2018-05-18T21:19:58Z,public,Illumina HiSeq 2500,4799sTS.Rabbit.WholeBrain.13.Male_s,SINGLE,PolyA,TRANSCRIPTOMIC,brain,Oryctolagus cuniculus,ILLUMINA,2019-02-19T00:00:00Z,2022-07-13T12:16:00Z,2,SAMEA4670064,E-MTAB-6782:4799sTS.Rabbit.WholeBrain.13.Male,Oryctolagus cuniculus,male,ERP108867,New Zealand,E-MTAB-6782:4799sTS.Rabbit.WholeBrain.13.Male
ERR2587374,13,RNA-Seq,101,2874447779,PRJEB26840,SAMEA4670065,ArrayExpress,1094488096,"Lausanne Genomics Technology Facility ",rabbit,public,"fastq,run.zq,sra","ena,gs,ncbi,s3","ena,gs.us-east1,ncbi.public,s3.us-east-1",embryo,2019-02-18,2018-12-30T17:01:52Z,2018-11-16,2018-05-18T21:19:58Z,ERX2603650,embryonic day 13,brain,female,SAMEA4670065,wild type genotype,The University of Heidelberg,2018-12-30T17:01:52Z,2018-05-18T21:19:58Z,public,Illumina HiSeq 2500,4803sTS.Rabbit.WholeBrain.13.Female_s,SINGLE,PolyA,TRANSCRIPTOMIC,brain,Oryctolagus cuniculus,ILLUMINA,2019-02-19T00:00:00Z,2022-07-26T05:50:00Z,2,SAMEA4670065,E-MTAB-6782:4803sTS.Rabbit.WholeBrain.13.Female,Oryctolagus cuniculus,female,ERP108867,New Zealand,E-MTAB-6782:4803sTS.Rabbit.WholeBrain.13.Female
ERR2587375,13,RNA-Seq,101,2978627562,PRJEB26840,SAMEA4670066,ArrayExpress,1132341707,"Lausanne Genomics Technology Facility ",rabbit,public,"fastq,run.zq,sra","ena,gs,ncbi,s3","ena,gs.us-east1,ncbi.public,s3.us-east-1",embryo,2019-02-18,2018-12-30T17:01:52Z,2018-11-16,2018-05-18T21:19:58Z,ERX2603651,embryonic day 13,brain,male,SAMEA4670066,wild type genotype,The University of Heidelberg,2018-12-30T17:01:52Z,2018-05-18T21:19:58Z,public,Illumina HiSeq 2500,4924sTS.Rabbit.WholeBrain.13.Male_s,SINGLE,PolyA,TRANSCRIPTOMIC,brain,Oryctolagus cuniculus,ILLUMINA,2019-02-19T00:00:00Z,2022-07-13T12:17:00Z,2,SAMEA4670066,E-MTAB-6782:4924sTS.Rabbit.WholeBrain.13.Male,Oryctolagus cuniculus,male,ERP108867,New Zealand,E-MTAB-6782:4924sTS.Rabbit.WholeBrain.13.Male
ERR2587376,14,RNA-Seq,101,3419510439,PRJEB26840,SAMEA4670067,ArrayExpress,1318462886,"Lausanne Genomics Technology Facility ",rabbit,public,"fastq,run.zq,sra","ena,gs,ncbi,s3","ena,gs.us-east1,ncbi.public,s3.us-east-1",embryo,2019-02-18,2018-12-30T17:01:52Z,2018-11-16,2018-05-18T21:19:58Z,ERX2603652,embryonic day 14,heart,female,SAMEA4670067,wild type genotype,The University of Heidelberg,2018-12-30T17:01:52Z,2018-05-18T21:19:58Z,public,Illumina HiSeq 2500,4818sTS.Rabbit.Heart.14.Female_s,SINGLE,PolyA,TRANSCRIPTOMIC,heart,Oryctolagus cuniculus,ILLUMINA,2019-02-19T00:00:00Z,2021-10-25T01:44:00Z,2,SAMEA4670067,E-MTAB-6782:4818sTS.Rabbit.Heart.14.Female,Oryctolagus cuniculus,female,ERP108867,New Zealand,E-MTAB-6782:4818sTS.Rabbit.Heart.14.Female
ERR2587377,14,RNA-Seq,101,4209661820,PRJEB26840,SAMEA4670068,ArrayExpress,1605399396,"Lausanne Genomics Technology Facility ",rabbit,public,"fastq,run.zq,sra","ena,gs,ncbi,s3","ena,gs.us-east1,ncbi.public,s3.us-east-1",embryo,2019-02-18,2018-12-30T17:01:52Z,2018-11-16,2018-05-18T21:19:58Z,ERX2603653,embryonic day 14,heart,male,SAMEA4670068,wild type genotype,The University of Heidelberg,2018-12-30T17:01:52Z,2018-05-18T21:19:58Z,public,Illumina HiSeq 2500,4824sTS.Rabbit.Heart.14.Male_s,SINGLE,PolyA,TRANSCRIPTOMIC,heart,Oryctolagus cuniculus,ILLUMINA,2019-02-19T00:00:00Z,2021-10-25T02:00:00Z,2,SAMEA4670068,E-MTAB-6782:4824sTS.Rabbit.Heart.14.Male,Oryctolagus cuniculus,male,ERP108867,New Zealand,E-MTAB-6782:4824sTS.Rabbit.Heart.14.Male
ERR2587378,14,RNA-Seq,101,2886954609,PRJEB26840,SAMEA4670069,ArrayExpress,1016603199,"Lausanne Genomics Technology Facility ",rabbit,public,"fastq,run.zq,sra","ena,gs,ncbi,s3","ena,gs.us-east1,ncbi.public,s3.us-east-1",embryo,2019-02-18,2018-12-30T17:01:52Z,2018-11-16,2018-05-18T21:19:58Z,ERX2603654,embryonic day 14,heart,male,SAMEA4670069,wild type genotype,The University of Heidelberg,2018-12-30T17:01:52Z,2018-05-18T21:19:58Z,public,Illumina HiSeq 2500,4996sTS.Rabbit.Heart.14.Male_s,SINGLE,PolyA,TRANSCRIPTOMIC,heart,Oryctolagus cuniculus,ILLUMINA,2019-02-19T00:00:00Z,2022-07-17T01:54:00Z,2,SAMEA4670069,E-MTAB-6782:4996sTS.Rabbit.Heart.14.Male,Oryctolagus cuniculus,male,ERP108867,New Zealand,E-MTAB-6782:4996sTS.Rabbit.Heart.14.Male
ERR2587379,14,RNA-Seq,101,4066895694,PRJEB26840,SAMEA4670070,ArrayExpress,1568277817,"Lausanne Genomics Technology Facility ",rabbit,public,"fastq,run.zq,sra","ena,gs,ncbi,s3","ena,gs.us-east1,ncbi.public,s3.us-east-1",embryo,2019-02-18,2018-12-30T17:01:52Z,2018-11-16,2018-05-18T21:19:58Z,ERX2603655,embryonic day 14,liver,female,SAMEA4670070,wild type genotype,The University of Heidelberg,2018-12-30T17:01:52Z,2018-05-18T21:19:58Z,public,Illumina HiSeq 2500,4819sTS.Rabbit.Liver.14.Female_s,SINGLE,PolyA,TRANSCRIPTOMIC,liver,Oryctolagus cuniculus,ILLUMINA,2019-02-19T00:00:00Z,2022-07-17T10:05:00Z,2,SAMEA4670070,E-MTAB-6782:4819sTS.Rabbit.Liver.14.Female,Oryctolagus cuniculus,female,ERP108867,New Zealand,E-MTAB-6782:4819sTS.Rabbit.Liver.14.Female
ERR2587380,14,RNA-Seq,101,3098606876,PRJEB26840,SAMEA4670071,ArrayExpress,1186038208,"Lausanne Genomics Technology Facility ",rabbit,public,"fastq,run.zq,sra","ena,gs,ncbi,s3","ena,gs.us-east1,ncbi.public,s3.us-east-1",embryo,2019-02-18,2018-12-30T17:01:52Z,2018-11-16,2018-05-18T21:19:58Z,ERX2603656,embryonic day 14,liver,male,SAMEA4670071,wild type genotype,The University of Heidelberg,2018-12-30T17:01:52Z,2018-05-18T21:19:58Z,public,Illumina HiSeq 2500,4825sTS.Rabbit.Liver.14.Male_s,SINGLE,PolyA,TRANSCRIPTOMIC,liver,Oryctolagus cuniculus,ILLUMINA,2019-02-19T00:00:00Z,2022-07-26T05:51:00Z,2,SAMEA4670071,E-MTAB-6782:4825sTS.Rabbit.Liver.14.Male,Oryctolagus cuniculus,male,ERP108867,New Zealand,E-MTAB-6782:4825sTS.Rabbit.Liver.14.Male
ERR2587381,14,RNA-Seq,101,3696447995,PRJEB26840,SAMEA4670072,ArrayExpress,1480425479,"Lausanne Genomics Technology Facility ",rabbit,public,"fastq,run.zq,sra","ena,gs,ncbi,s3","ena,gs.us-east1,ncbi.public,s3.us-east-1",embryo,2019-02-18,2018-12-30T17:01:52Z,2018-11-16,2018-05-18T21:19:58Z,ERX2603657,embryonic day 14,liver,female,SAMEA4670072,wild type genotype,The University of Heidelberg,2018-12-30T17:01:52Z,2018-05-18T21:19:58Z,public,Illumina HiSeq 2500,4939sTS.Rabbit.Liver.14.Female_s,SINGLE,PolyA,TRANSCRIPTOMIC,liver,Oryctolagus cuniculus,ILLUMINA,2019-02-19T00:00:00Z,2022-07-16T22:56:00Z,2,SAMEA4670072,E-MTAB-6782:4939sTS.Rabbit.Liver.14.Female,Oryctolagus cuniculus,female,ERP108867,New Zealand,E-MTAB-6782:4939sTS.Rabbit.Liver.14.Female
ERR2587382,14,RNA-Seq,101,3136037678,PRJEB26840,SAMEA4670073,ArrayExpress,1103408024,"Lausanne Genomics Technology Facility ",rabbit,public,"fastq,run.zq,sra","ena,gs,ncbi,s3","ena,gs.us-east1,ncbi.public,s3.us-east-1",embryo,2019-02-18,2018-12-30T17:01:52Z,2018-11-16,2018-05-18T21:19:58Z,ERX2603658,embryonic day 14,liver,male,SAMEA4670073,wild type genotype,The University of Heidelberg,2018-12-30T17:01:52Z,2018-05-18T21:19:58Z,public,Illumina HiSeq 2500,4997sTS.Rabbit.Liver.14.Male_s,SINGLE,PolyA,TRANSCRIPTOMIC,liver,Oryctolagus cuniculus,ILLUMINA,2019-02-19T00:00:00Z,2022-07-19T15:37:00Z,2,SAMEA4670073,E-MTAB-6782:4997sTS.Rabbit.Liver.14.Male,Oryctolagus cuniculus,male,ERP108867,New Zealand,E-MTAB-6782:4997sTS.Rabbit.Liver.14.Male
ERR2587383,14,RNA-Seq,101,3107059162,PRJEB26840,SAMEA4670074,ArrayExpress,1196598331,"Lausanne Genomics Technology Facility ",rabbit,public,"fastq,run.zq,sra","ena,gs,ncbi,s3","ena,gs.us-east1,ncbi.public,s3.us-east-1",embryo,2019-02-18,2018-12-30T17:01:52Z,2018-11-16,2018-05-18T21:19:58Z,ERX2603659,embryonic day 14,ovary,female,SAMEA4670074,wild type genotype,The University of Heidelberg,2018-12-30T17:01:52Z,2018-05-18T21:19:58Z,public,Illumina HiSeq 2500,4820sTS.Rabbit.Ovary.14.Female_s,SINGLE,PolyA,TRANSCRIPTOMIC,ovary,Oryctolagus cuniculus,ILLUMINA,2019-02-19T00:00:00Z,2022-07-26T05:50:00Z,2,SAMEA4670074,E-MTAB-6782:4820sTS.Rabbit.Ovary.14.Female,Oryctolagus cuniculus,female,ERP108867,New Zealand,E-MTAB-6782:4820sTS.Rabbit.Ovary.14.Female
ERR2587384,14,RNA-Seq,101,3441189180,PRJEB26840,SAMEA4670075,ArrayExpress,1380277394,"Lausanne Genomics Technology Facility ",rabbit,public,"fastq,run.zq,sra","ena,gs,ncbi,s3","ena,gs.us-east1,ncbi.public,s3.us-east-1",embryo,2019-02-18,2018-12-30T17:01:52Z,2018-11-16,2018-05-18T21:19:59Z,ERX2603660,embryonic day 14,ovary,female,SAMEA4670075,wild type genotype,The University of Heidelberg,2018-12-30T17:01:52Z,2018-05-18T21:19:59Z,public,Illumina HiSeq 2500,4940sTS.Rabbit.Ovary.14.Female_s,SINGLE,PolyA,TRANSCRIPTOMIC,ovary,Oryctolagus cuniculus,ILLUMINA,2019-02-19T00:00:00Z,2021-10-25T01:44:00Z,2,SAMEA4670075,E-MTAB-6782:4940sTS.Rabbit.Ovary.14.Female,Oryctolagus cuniculus,female,ERP108867,New Zealand,E-MTAB-6782:4940sTS.Rabbit.Ovary.14.Female
ERR2587385,14,RNA-Seq,101,3558187883,PRJEB26840,SAMEA4670076,ArrayExpress,1365240337,"Lausanne Genomics Technology Facility ",rabbit,public,"fastq,run.zq,sra","ena,gs,ncbi,s3","ena,gs.us-east1,ncbi.public,s3.us-east-1",embryo,2019-02-18,2018-12-30T17:01:52Z,2018-11-16,2018-05-18T21:19:59Z,ERX2603661,embryonic day 14,testis,male,SAMEA4670076,wild type genotype,The University of Heidelberg,2018-12-30T17:01:52Z,2018-05-18T21:19:59Z,public,Illumina HiSeq 2500,4826sTS.Rabbit.Testis.14.Male_s,SINGLE,PolyA,TRANSCRIPTOMIC,testis,Oryctolagus cuniculus,ILLUMINA,2019-02-19T00:00:00Z,2021-10-25T01:50:00Z,2,SAMEA4670076,E-MTAB-6782:4826sTS.Rabbit.Testis.14.Male,Oryctolagus cuniculus,male,ERP108867,New Zealand,E-MTAB-6782:4826sTS.Rabbit.Testis.14.Male
ERR2587386,14,RNA-Seq,101,2183951684,PRJEB26840,SAMEA4670077,ArrayExpress,768598162,"Lausanne Genomics Technology Facility ",rabbit,public,"fastq,run.zq,sra","ena,gs,ncbi,s3","ena,gs.us-east1,ncbi.public,s3.us-east-1",embryo,2019-02-18,2018-12-30T17:01:52Z,2018-11-16,2018-05-18T21:19:59Z,ERX2603662,embryonic day 14,testis,male,SAMEA4670077,wild type genotype,The University of Heidelberg,2018-12-30T17:01:52Z,2018-05-18T21:19:59Z,public,Illumina HiSeq 2500,4998sTS.Rabbit.Testis.14.Male_s,SINGLE,PolyA,TRANSCRIPTOMIC,testis,Oryctolagus cuniculus,ILLUMINA,2019-02-19T00:00:00Z,2021-10-25T01:15:00Z,2,SAMEA4670077,E-MTAB-6782:4998sTS.Rabbit.Testis.14.Male,Oryctolagus cuniculus,male,ERP108867,New Zealand,E-MTAB-6782:4998sTS.Rabbit.Testis.14.Male
ERR2587387,14,RNA-Seq,101,3737166852,PRJEB26840,SAMEA4670078,ArrayExpress,1431280312,"Lausanne Genomics Technology Facility ",rabbit,public,"fastq,run.zq,sra","ena,gs,ncbi,s3","ena,gs.us-east1,ncbi.public,s3.us-east-1",embryo,2019-02-18,2018-12-30T17:01:52Z,2018-11-16,2018-05-18T21:19:59Z,ERX2603663,embryonic day 14,brain,female,SAMEA4670078,wild type genotype,The University of Heidelberg,2018-12-30T17:01:52Z,2018-05-18T21:19:59Z,public,Illumina HiSeq 2500,4817sTS.Rabbit.WholeBrain.14.Female_s,SINGLE,PolyA,TRANSCRIPTOMIC,brain,Oryctolagus cuniculus,ILLUMINA,2019-02-19T00:00:00Z,2021-10-25T01:47:00Z,2,SAMEA4670078,E-MTAB-6782:4817sTS.Rabbit.WholeBrain.14.Female,Oryctolagus cuniculus,female,ERP108867,New Zealand,E-MTAB-6782:4817sTS.Rabbit.WholeBrain.14.Female
ERR2587388,14,RNA-Seq,101,3819770409,PRJEB26840,SAMEA4670079,ArrayExpress,1469543958,"Lausanne Genomics Technology Facility ",rabbit,public,"fastq,run.zq,sra","ena,gs,ncbi,s3","ena,gs.us-east1,ncbi.public,s3.us-east-1",embryo,2019-02-18,2018-12-30T17:01:52Z,2018-11-16,2018-05-18T21:19:59Z,ERX2603664,embryonic day 14,brain,male,SAMEA4670079,wild type genotype,The University of Heidelberg,2018-12-30T17:01:52Z,2018-05-18T21:19:59Z,public,Illumina HiSeq 2500,4823sTS.Rabbit.WholeBrain.14.Male_s,SINGLE,PolyA,TRANSCRIPTOMIC,brain,Oryctolagus cuniculus,ILLUMINA,2019-02-19T00:00:00Z,2021-10-25T01:44:00Z,2,SAMEA4670079,E-MTAB-6782:4823sTS.Rabbit.WholeBrain.14.Male,Oryctolagus cuniculus,male,ERP108867,New Zealand,E-MTAB-6782:4823sTS.Rabbit.WholeBrain.14.Male
ERR2587389,14,RNA-Seq,101,3884569686,PRJEB26840,SAMEA4670080,ArrayExpress,1545982148,"Lausanne Genomics Technology Facility ",rabbit,public,"fastq,run.zq,sra","ena,gs,ncbi,s3","ena,gs.us-east1,ncbi.public,s3.us-east-1",embryo,2019-02-18,2018-12-30T17:01:52Z,2018-11-16,2018-05-18T21:19:59Z,ERX2603665,embryonic day 14,brain,female,SAMEA4670080,wild type genotype,The University of Heidelberg,2018-12-30T17:01:52Z,2018-05-18T21:19:59Z,public,Illumina HiSeq 2500,4937sTS.Rabbit.WholeBrain.14.Female_s,SINGLE,PolyA,TRANSCRIPTOMIC,brain,Oryctolagus cuniculus,ILLUMINA,2019-02-19T00:00:00Z,2022-07-26T05:53:00Z,2,SAMEA4670080,E-MTAB-6782:4937sTS.Rabbit.WholeBrain.14.Female,Oryctolagus cuniculus,female,ERP108867,New Zealand,E-MTAB-6782:4937sTS.Rabbit.WholeBrain.14.Female
ERR2587390,14,RNA-Seq,101,4243526211,PRJEB26840,SAMEA4670081,ArrayExpress,1488259772,"Lausanne Genomics Technology Facility ",rabbit,public,"fastq,run.zq,sra","ena,gs,ncbi,s3","ena,gs.us-east1,ncbi.public,s3.us-east-1",embryo,2019-02-18,2018-12-30T17:01:52Z,2018-11-16,2018-05-18T21:19:59Z,ERX2603666,embryonic day 14,brain,male,SAMEA4670081,wild type genotype,The University of Heidelberg,2018-12-30T17:01:52Z,2018-05-18T21:19:59Z,public,Illumina HiSeq 2500,4995sTS.Rabbit.WholeBrain.14.Male_s,SINGLE,PolyA,TRANSCRIPTOMIC,brain,Oryctolagus cuniculus,ILLUMINA,2019-02-19T00:00:00Z,2022-07-19T01:08:00Z,2,SAMEA4670081,E-MTAB-6782:4995sTS.Rabbit.WholeBrain.14.Male,Oryctolagus cuniculus,male,ERP108867,New Zealand,E-MTAB-6782:4995sTS.Rabbit.WholeBrain.14.Male
ERR2587391,15.5,RNA-Seq,101,2395842614,PRJEB26840,SAMEA4670082,ArrayExpress,934670416,"Lausanne Genomics Technology Facility ",rabbit,public,"fastq,run.zq,sra","ena,gs,ncbi,s3","ena,gs.us-east1,ncbi.public,s3.us-east-1",embryo,2019-02-18,2018-12-30T17:01:52Z,2018-11-16,2018-05-18T21:19:59Z,ERX2603667,embryonic day 15.5,forebrain,male,SAMEA4670082,wild type genotype,The University of Heidelberg,2018-12-30T17:01:52Z,2018-05-18T21:19:59Z,public,Illumina HiSeq 2500,4838sTS.Rabbit.Brain.15.5.Male_s,SINGLE,PolyA,TRANSCRIPTOMIC,forebrain,Oryctolagus cuniculus,ILLUMINA,2019-02-19T00:00:00Z,2022-07-19T15:36:00Z,2,SAMEA4670082,E-MTAB-6782:4838sTS.Rabbit.Brain.15.5.Male,Oryctolagus cuniculus,male,ERP108867,New Zealand,E-MTAB-6782:4838sTS.Rabbit.Brain.15.5.Male
ERR2587392,15.5,RNA-Seq,101,3371988828,PRJEB26840,SAMEA4670083,ArrayExpress,1308837781,"Lausanne Genomics Technology Facility ",rabbit,public,"fastq,run.zq,sra","ena,gs,ncbi,s3","ena,gs.us-east1,ncbi.public,s3.us-east-1",embryo,2019-02-18,2018-12-30T17:01:52Z,2018-11-16,2018-05-18T21:19:59Z,ERX2603668,embryonic day 15.5,forebrain,male,SAMEA4670083,wild type genotype,The University of Heidelberg,2018-12-30T17:01:52Z,2018-05-18T21:19:59Z,public,Illumina HiSeq 2500,4840sTS.Rabbit.Brain.15.5.Male_s,SINGLE,PolyA,TRANSCRIPTOMIC,forebrain,Oryctolagus cuniculus,ILLUMINA,2019-02-19T00:00:00Z,2022-07-26T05:51:00Z,2,SAMEA4670083,E-MTAB-6782:4840sTS.Rabbit.Brain.15.5.Male,Oryctolagus cuniculus,male,ERP108867,New Zealand,E-MTAB-6782:4840sTS.Rabbit.Brain.15.5.Male
ERR2587393,15.5,RNA-Seq,101,6710741687,PRJEB26840,SAMEA4670084,ArrayExpress,2589350797,"Lausanne Genomics Technology Facility ",rabbit,public,"fastq,run.zq,sra","ena,gs,ncbi,s3","ena,gs.us-east1,ncbi.public,s3.us-east-1",embryo,2019-02-18,2018-12-30T17:01:52Z,2018-11-16,2018-05-18T21:19:59Z,ERX2603669,embryonic day 15.5,forebrain,female,SAMEA4670084,wild type genotype,The University of Heidelberg,2018-12-30T17:01:52Z,2018-05-18T21:19:59Z,public,Illumina HiSeq 2500,4842sTS.Rabbit.Brain.15.5.Female_s,SINGLE,PolyA,TRANSCRIPTOMIC,forebrain,Oryctolagus cuniculus,ILLUMINA,2019-02-19T00:00:00Z,2022-07-17T10:12:00Z,2,SAMEA4670084,E-MTAB-6782:4842sTS.Rabbit.Brain.15.5.Female,Oryctolagus cuniculus,female,ERP108867,New Zealand,E-MTAB-6782:4842sTS.Rabbit.Brain.15.5.Female
ERR2587394,15.5,RNA-Seq,101,2064714013,PRJEB26840,SAMEA4670085,ArrayExpress,805290530,"Lausanne Genomics Technology Facility ",rabbit,public,"fastq,run.zq,sra","ena,gs,ncbi,s3","ena,gs.us-east1,ncbi.public,s3.us-east-1",embryo,2019-02-18,2018-12-30T17:01:52Z,2018-11-16,2018-05-18T21:19:59Z,ERX2603670,embryonic day 15.5,forebrain,female,SAMEA4670085,wild type genotype,The University of Heidelberg,2018-12-30T17:01:52Z,2018-05-18T21:19:59Z,public,Illumina HiSeq 2500,4844sTS.Rabbit.Brain.15.5.Female_s,SINGLE,PolyA,TRANSCRIPTOMIC,forebrain,Oryctolagus cuniculus,ILLUMINA,2019-02-19T00:00:00Z,2022-07-26T05:50:00Z,2,SAMEA4670085,E-MTAB-6782:4844sTS.Rabbit.Brain.15.5.Female,Oryctolagus cuniculus,female,ERP108867,New Zealand,E-MTAB-6782:4844sTS.Rabbit.Brain.15.5.Female
ERR2587395,15.5,RNA-Seq,101,2675388394,PRJEB26840,SAMEA4670086,ArrayExpress,906536762,"Lausanne Genomics Technology Facility ",rabbit,public,"fastq,run.zq,sra","ena,gs,ncbi,s3","ena,gs.us-east1,ncbi.public,s3.us-east-1",embryo,2019-02-18,2018-12-30T17:01:52Z,2018-11-16,2018-05-18T21:19:59Z,ERX2603671,embryonic day 15.5,heart,male,SAMEA4670086,wild type genotype,The University of Heidelberg,2018-12-30T17:01:52Z,2018-05-18T21:19:59Z,public,Illumina HiSeq 2500,3374sTS.Rabbit.Heart.15.5.Male_s,SINGLE,PolyA,TRANSCRIPTOMIC,heart,Oryctolagus cuniculus,ILLUMINA,2019-02-19T00:00:00Z,2021-10-25T01:15:00Z,2,SAMEA4670086,E-MTAB-6782:3374sTS.Rabbit.Heart.15.5.Male,Oryctolagus cuniculus,male,ERP108867,New Zealand,E-MTAB-6782:3374sTS.Rabbit.Heart.15.5.Male
ERR2587396,15.5,RNA-Seq,101,1514003837,PRJEB26840,SAMEA4670087,ArrayExpress,534993353,"Lausanne Genomics Technology Facility ",rabbit,public,"fastq,run.zq,sra","ena,gs,ncbi,s3","ena,gs.us-east1,ncbi.public,s3.us-east-1",embryo,2019-02-18,2018-12-30T17:01:52Z,2018-11-16,2018-05-18T21:19:59Z,ERX2603672,embryonic day 15.5,heart,male,SAMEA4670087,wild type genotype,The University of Heidelberg,2018-12-30T17:01:52Z,2018-05-18T21:19:59Z,public,Illumina HiSeq 2500,3429sTS.Rabbit.Heart.15.5.Male_s,SINGLE,PolyA,TRANSCRIPTOMIC,heart,Oryctolagus cuniculus,ILLUMINA,2019-02-19T00:00:00Z,2022-07-18T16:15:00Z,2,SAMEA4670087,E-MTAB-6782:3429sTS.Rabbit.Heart.15.5.Male,Oryctolagus cuniculus,male,ERP108867,New Zealand,E-MTAB-6782:3429sTS.Rabbit.Heart.15.5.Male
ERR2587397,15.5,RNA-Seq,101,2388836749,PRJEB26840,SAMEA4670088,ArrayExpress,864909688,"Lausanne Genomics Technology Facility ",rabbit,public,"fastq,run.zq,sra","ena,gs,ncbi,s3","ena,gs.us-east1,ncbi.public,s3.us-east-1",embryo,2019-02-18,2018-12-30T17:01:52Z,2018-11-16,2018-05-18T21:19:59Z,ERX2603673,embryonic day 15.5,heart,female,SAMEA4670088,wild type genotype,The University of Heidelberg,2018-12-30T17:01:52Z,2018-05-18T21:19:59Z,public,Illumina HiSeq 2500,3445sTS.Rabbit.Heart.15.5.Female_s,SINGLE,PolyA,TRANSCRIPTOMIC,heart,Oryctolagus cuniculus,ILLUMINA,2019-02-19T00:00:00Z,2022-07-26T05:49:00Z,2,SAMEA4670088,E-MTAB-6782:3445sTS.Rabbit.Heart.15.5.Female,Oryctolagus cuniculus,female,ERP108867,New Zealand,E-MTAB-6782:3445sTS.Rabbit.Heart.15.5.Female
ERR2587398,15.5,RNA-Seq,101,3628741332,PRJEB26840,SAMEA4670089,ArrayExpress,1353875945,"Lausanne Genomics Technology Facility ",rabbit,public,"fastq,run.zq,sra","ena,gs,ncbi,s3","ena,gs.us-east1,ncbi.public,s3.us-east-1",embryo,2019-02-18,2018-12-30T17:01:52Z,2018-11-16,2018-05-18T21:19:59Z,ERX2603674,embryonic day 15.5,heart,female,SAMEA4670089,wild type genotype,The University of Heidelberg,2018-12-30T17:01:52Z,2018-05-18T21:19:59Z,public,Illumina HiSeq 2500,3451sTS.Rabbit.Heart.15.5.Female_s,SINGLE,PolyA,TRANSCRIPTOMIC,heart,Oryctolagus cuniculus,ILLUMINA,2019-02-19T00:00:00Z,2022-07-14T06:29:00Z,2,SAMEA4670089,E-MTAB-6782:3451sTS.Rabbit.Heart.15.5.Female,Oryctolagus cuniculus,female,ERP108867,New Zealand,E-MTAB-6782:3451sTS.Rabbit.Heart.15.5.Female
ERR2587399,15.5,RNA-Seq,101,4584791475,PRJEB26840,SAMEA4670090,ArrayExpress,1888936988,"Lausanne Genomics Technology Facility ",rabbit,public,"fastq,run.zq,sra","ena,gs,ncbi,s3","ena,gs.us-east1,ncbi.public,s3.us-east-1",embryo,2019-02-18,2018-12-30T17:01:52Z,2018-11-16,2018-05-18T21:19:59Z,ERX2603675,embryonic day 15.5,hindbrain,male,SAMEA4670090,wild type genotype,The University of Heidelberg,2018-12-30T17:01:52Z,2018-05-18T21:19:59Z,public,Illumina HiSeq 2500,4839sTS.Rabbit.Cerebellum.15.5.Male_s,SINGLE,PolyA,TRANSCRIPTOMIC,hindbrain,Oryctolagus cuniculus,ILLUMINA,2019-02-19T00:00:00Z,2022-07-26T05:54:00Z,2,SAMEA4670090,E-MTAB-6782:4839sTS.Rabbit.Cerebellum.15.5.Male,Oryctolagus cuniculus,male,ERP108867,New Zealand,E-MTAB-6782:4839sTS.Rabbit.Cerebellum.15.5.Male
ERR2587400,15.5,RNA-Seq,101,4868651268,PRJEB26840,SAMEA4670091,ArrayExpress,2009308270,"Lausanne Genomics Technology Facility ",rabbit,public,"fastq,run.zq,sra","ena,gs,ncbi,s3","ena,gs.us-east1,ncbi.public,s3.us-east-1",embryo,2019-02-18,2018-12-30T17:01:52Z,2018-11-16,2018-05-18T21:19:59Z,ERX2603676,embryonic day 15.5,hindbrain,male,SAMEA4670091,wild type genotype,The University of Heidelberg,2018-12-30T17:01:52Z,2018-05-18T21:19:59Z,public,Illumina HiSeq 2500,4841sTS.Rabbit.Cerebellum.15.5.Male_s,SINGLE,PolyA,TRANSCRIPTOMIC,hindbrain,Oryctolagus cuniculus,ILLUMINA,2019-02-19T00:00:00Z,2022-07-30T06:58:00Z,2,SAMEA4670091,E-MTAB-6782:4841sTS.Rabbit.Cerebellum.15.5.Male,Oryctolagus cuniculus,male,ERP108867,New Zealand,E-MTAB-6782:4841sTS.Rabbit.Cerebellum.15.5.Male
ERR2587401,15.5,RNA-Seq,101,3422468729,PRJEB26840,SAMEA4670092,ArrayExpress,1327915209,"Lausanne Genomics Technology Facility ",rabbit,public,"fastq,run.zq,sra","ena,gs,ncbi,s3","ena,gs.us-east1,ncbi.public,s3.us-east-1",embryo,2019-02-18,2018-12-30T17:01:52Z,2018-11-16,2018-05-18T21:19:59Z,ERX2603677,embryonic day 15.5,hindbrain,female,SAMEA4670092,wild type genotype,The University of Heidelberg,2018-12-30T17:01:52Z,2018-05-18T21:19:59Z,public,Illumina HiSeq 2500,4843sTS.Rabbit.Cerebellum.15.5.Female_s,SINGLE,PolyA,TRANSCRIPTOMIC,hindbrain,Oryctolagus cuniculus,ILLUMINA,2019-02-19T00:00:00Z,2021-10-25T01:51:00Z,2,SAMEA4670092,E-MTAB-6782:4843sTS.Rabbit.Cerebellum.15.5.Female,Oryctolagus cuniculus,female,ERP108867,New Zealand,E-MTAB-6782:4843sTS.Rabbit.Cerebellum.15.5.Female
ERR2587402,15.5,RNA-Seq,101,4491052971,PRJEB26840,SAMEA4670093,ArrayExpress,1752697790,"Lausanne Genomics Technology Facility ",rabbit,public,"fastq,run.zq,sra","ena,gs,ncbi,s3","ena,gs.us-east1,ncbi.public,s3.us-east-1",embryo,2019-02-18,2018-12-30T17:01:52Z,2018-11-16,2018-05-18T21:19:59Z,ERX2603678,embryonic day 15.5,hindbrain,female,SAMEA4670093,wild type genotype,The University of Heidelberg,2018-12-30T17:01:52Z,2018-05-18T21:19:59Z,public,Illumina HiSeq 2500,4845sTS.Rabbit.Cerebellum.15.5.Female_s,SINGLE,PolyA,TRANSCRIPTOMIC,hindbrain,Oryctolagus cuniculus,ILLUMINA,2019-02-19T00:00:00Z,2021-10-25T01:55:00Z,2,SAMEA4670093,E-MTAB-6782:4845sTS.Rabbit.Cerebellum.15.5.Female,Oryctolagus cuniculus,female,ERP108867,New Zealand,E-MTAB-6782:4845sTS.Rabbit.Cerebellum.15.5.Female
ERR2587403,15.5,RNA-Seq,101,2414240673,PRJEB26840,SAMEA4670094,ArrayExpress,815861032,"Lausanne Genomics Technology Facility ",rabbit,public,"fastq,run.zq,sra","ena,gs,ncbi,s3","ena,gs.us-east1,ncbi.public,s3.us-east-1",embryo,2019-02-18,2018-12-30T17:01:52Z,2018-11-16,2018-05-18T21:19:59Z,ERX2603679,embryonic day 15.5,kidney,male,SAMEA4670094,wild type genotype,The University of Heidelberg,2018-12-30T17:01:52Z,2018-05-18T21:19:59Z,public,Illumina HiSeq 2500,3369sTS.Rabbit.Kidney.15.5.Male_s,SINGLE,PolyA,TRANSCRIPTOMIC,kidney,Oryctolagus cuniculus,ILLUMINA,2019-02-19T00:00:00Z,2022-07-26T05:49:00Z,2,SAMEA4670094,E-MTAB-6782:3369sTS.Rabbit.Kidney.15.5.Male,Oryctolagus cuniculus,male,ERP108867,New Zealand,E-MTAB-6782:3369sTS.Rabbit.Kidney.15.5.Male
ERR2587404,15.5,RNA-Seq,101,6699579167,PRJEB26840,SAMEA4670095,ArrayExpress,2346338892,"Lausanne Genomics Technology Facility ",rabbit,public,"fastq,run.zq,sra","ena,gs,ncbi,s3","ena,gs.us-east1,ncbi.public,s3.us-east-1",embryo,2019-02-18,2018-12-30T17:01:52Z,2018-11-16,2018-05-18T21:19:59Z,ERX2603680,embryonic day 15.5,kidney,male,SAMEA4670095,wild type genotype,The University of Heidelberg,2018-12-30T17:01:52Z,2018-05-18T21:19:59Z,public,Illumina HiSeq 2500,3375sTS.Rabbit.Kidney.15.5.Male_s,SINGLE,PolyA,TRANSCRIPTOMIC,kidney,Oryctolagus cuniculus,ILLUMINA,2019-02-19T00:00:00Z,2021-10-25T02:10:00Z,2,SAMEA4670095,E-MTAB-6782:3375sTS.Rabbit.Kidney.15.5.Male,Oryctolagus cuniculus,male,ERP108867,New Zealand,E-MTAB-6782:3375sTS.Rabbit.Kidney.15.5.Male
ERR2587405,15.5,RNA-Seq,101,2722049485,PRJEB26840,SAMEA4670096,ArrayExpress,1012229959,"Lausanne Genomics Technology Facility ",rabbit,public,"fastq,run.zq,sra","ena,gs,ncbi,s3","ena,gs.us-east1,ncbi.public,s3.us-east-1",embryo,2019-02-18,2018-12-30T17:01:52Z,2018-11-16,2018-05-18T21:20:00Z,ERX2603681,embryonic day 15.5,kidney,female,SAMEA4670096,wild type genotype,The University of Heidelberg,2018-12-30T17:01:52Z,2018-05-18T21:20:00Z,public,Illumina HiSeq 2500,3446sTS.Rabbit.Kidney.15.5.Female_s,SINGLE,PolyA,TRANSCRIPTOMIC,kidney,Oryctolagus cuniculus,ILLUMINA,2019-02-19T00:00:00Z,2022-07-17T12:08:00Z,2,SAMEA4670096,E-MTAB-6782:3446sTS.Rabbit.Kidney.15.5.Female,Oryctolagus cuniculus,female,ERP108867,New Zealand,E-MTAB-6782:3446sTS.Rabbit.Kidney.15.5.Female
ERR2587406,15.5,RNA-Seq,101,1091829897,PRJEB26840,SAMEA4670097,ArrayExpress,395562741,"Lausanne Genomics Technology Facility ",rabbit,public,"fastq,run.zq,sra","ena,gs,ncbi,s3","ena,gs.us-east1,ncbi.public,s3.us-east-1",embryo,2019-02-18,2018-12-30T17:01:52Z,2018-11-16,2018-05-18T21:20:00Z,ERX2603682,embryonic day 15.5,kidney,female,SAMEA4670097,wild type genotype,The University of Heidelberg,2018-12-30T17:01:52Z,2018-05-18T21:20:00Z,public,Illumina HiSeq 2500,3452sTS.Rabbit.Kidney.15.5.Female_s,SINGLE,PolyA,TRANSCRIPTOMIC,kidney,Oryctolagus cuniculus,ILLUMINA,2019-02-19T00:00:00Z,2022-07-26T05:47:00Z,2,SAMEA4670097,E-MTAB-6782:3452sTS.Rabbit.Kidney.15.5.Female,Oryctolagus cuniculus,female,ERP108867,New Zealand,E-MTAB-6782:3452sTS.Rabbit.Kidney.15.5.Female
ERR2587407,15.5,RNA-Seq,100,5026291900,PRJEB26840,SAMEA4670098,ArrayExpress,3187053973,"Lausanne Genomics Technology Facility ",rabbit,public,"fastq,run.zq,sra","ena,gs,ncbi,s3","ena,gs.us-east1,ncbi.public,s3.us-east-1",embryo,2019-02-18,2018-12-30T17:01:52Z,2018-11-16,2018-05-18T21:20:00Z,ERX2603683,embryonic day 15.5,liver,female,SAMEA4670098,wild type genotype,The University of Heidelberg,2018-12-30T17:01:52Z,2018-05-18T21:20:00Z,public,Illumina HiSeq 2500,3297sTS.Rabbit.Liver.15.5.Female_s,SINGLE,PolyA,TRANSCRIPTOMIC,liver,Oryctolagus cuniculus,ILLUMINA,2019-02-19T00:00:00Z,2022-07-29T21:07:00Z,2,SAMEA4670098,E-MTAB-6782:3297sTS.Rabbit.Liver.15.5.Female,Oryctolagus cuniculus,female,ERP108867,New Zealand,E-MTAB-6782:3297sTS.Rabbit.Liver.15.5.Female
ERR2587408,15.5,RNA-Seq,100,3607544200,PRJEB26840,SAMEA4670099,ArrayExpress,2266041546,"Lausanne Genomics Technology Facility ",rabbit,public,"fastq,run.zq,sra","ena,gs,ncbi,s3","ena,gs.us-east1,ncbi.public,s3.us-east-1",embryo,2019-02-18,2018-12-30T17:01:52Z,2018-11-16,2018-05-18T21:20:00Z,ERX2603684,embryonic day 15.5,liver,female,SAMEA4670099,wild type genotype,The University of Heidelberg,2018-12-30T17:01:52Z,2018-05-18T21:20:00Z,public,Illumina HiSeq 2500,3454sTS.Rabbit.Liver.15.5.Female_s,SINGLE,PolyA,TRANSCRIPTOMIC,liver,Oryctolagus cuniculus,ILLUMINA,2019-02-19T00:00:00Z,2021-10-25T02:09:00Z,2,SAMEA4670099,E-MTAB-6782:3454sTS.Rabbit.Liver.15.5.Female,Oryctolagus cuniculus,female,ERP108867,New Zealand,E-MTAB-6782:3454sTS.Rabbit.Liver.15.5.Female
ERR2587409,15.5,RNA-Seq,101,3276925103,PRJEB26840,SAMEA4670100,ArrayExpress,1236577428,"Lausanne Genomics Technology Facility ",rabbit,public,"fastq,run.zq,sra","ena,gs,ncbi,s3","ena,gs.us-east1,ncbi.public,s3.us-east-1",embryo,2019-02-18,2018-12-30T17:01:52Z,2018-11-16,2018-05-18T21:20:00Z,ERX2603685,embryonic day 15.5,liver,male,SAMEA4670100,wild type genotype,The University of Heidelberg,2018-12-30T17:01:52Z,2018-05-18T21:20:00Z,public,Illumina HiSeq 2500,3455sTS.Rabbit.Liver.15.5.Male_s,SINGLE,PolyA,TRANSCRIPTOMIC,liver,Oryctolagus cuniculus,ILLUMINA,2019-02-19T00:00:00Z,2021-10-25T01:39:00Z,2,SAMEA4670100,E-MTAB-6782:3455sTS.Rabbit.Liver.15.5.Male,Oryctolagus cuniculus,male,ERP108867,New Zealand,E-MTAB-6782:3455sTS.Rabbit.Liver.15.5.Male
ERR2587410,15.5,RNA-Seq,101,3541411076,PRJEB26840,SAMEA4670101,ArrayExpress,1341829533,"Lausanne Genomics Technology Facility ",rabbit,public,"fastq,run.zq,sra","ena,gs,ncbi,s3","ena,gs.us-east1,ncbi.public,s3.us-east-1",embryo,2019-02-18,2018-12-30T17:01:52Z,2018-11-16,2018-05-18T21:20:00Z,ERX2603686,embryonic day 15.5,liver,female,SAMEA4670101,wild type genotype,The University of Heidelberg,2018-12-30T17:01:52Z,2018-05-18T21:20:00Z,public,Illumina HiSeq 2500,3456sTS.Rabbit.Liver.15.5.Female_s,SINGLE,PolyA,TRANSCRIPTOMIC,liver,Oryctolagus cuniculus,ILLUMINA,2019-02-19T00:00:00Z,2022-07-15T18:18:00Z,2,SAMEA4670101,E-MTAB-6782:3456sTS.Rabbit.Liver.15.5.Female,Oryctolagus cuniculus,female,ERP108867,New Zealand,E-MTAB-6782:3456sTS.Rabbit.Liver.15.5.Female
ERR2587411,15.5,RNA-Seq,101,3887386172,PRJEB26840,SAMEA4670102,ArrayExpress,2459084398,"Lausanne Genomics Technology Facility ",rabbit,public,"fastq,run.zq,sra","ena,gs,ncbi,s3","ena,gs.us-east1,ncbi.public,s3.us-east-1",embryo,2019-02-18,2018-12-30T17:01:52Z,2018-11-16,2018-05-18T21:20:00Z,ERX2603687,embryonic day 15.5,ovary,female,SAMEA4670102,wild type genotype,The University of Heidelberg,2018-12-30T17:01:52Z,2018-05-18T21:20:00Z,public,Illumina HiSeq 2500,3447sTS.Rabbit.Ovary.15.5.Female_s,SINGLE,PolyA,TRANSCRIPTOMIC,ovary,Oryctolagus cuniculus,ILLUMINA,2019-02-19T00:00:00Z,2022-07-21T04:31:00Z,2,SAMEA4670102,E-MTAB-6782:3447sTS.Rabbit.Ovary.15.5.Female,Oryctolagus cuniculus,female,ERP108867,New Zealand,E-MTAB-6782:3447sTS.Rabbit.Ovary.15.5.Female
ERR2587412,15.5,RNA-Seq,101,2138922652,PRJEB26840,SAMEA4670103,ArrayExpress,779849754,"Lausanne Genomics Technology Facility ",rabbit,public,"fastq,run.zq,sra","ena,gs,ncbi,s3","ena,gs.us-east1,ncbi.public,s3.us-east-1",embryo,2019-02-18,2018-12-30T17:01:52Z,2018-11-16,2018-05-18T21:20:00Z,ERX2603688,embryonic day 15.5,ovary,female,SAMEA4670103,wild type genotype,The University of Heidelberg,2018-12-30T17:01:52Z,2018-05-18T21:20:00Z,public,Illumina HiSeq 2500,3453sTS.Rabbit.Ovary.15.5.Female_s,SINGLE,PolyA,TRANSCRIPTOMIC,ovary,Oryctolagus cuniculus,ILLUMINA,2019-02-19T00:00:00Z,2022-07-26T05:50:00Z,2,SAMEA4670103,E-MTAB-6782:3453sTS.Rabbit.Ovary.15.5.Female,Oryctolagus cuniculus,female,ERP108867,New Zealand,E-MTAB-6782:3453sTS.Rabbit.Ovary.15.5.Female
ERR2587413,15.5,RNA-Seq,100,3051623100,PRJEB26840,SAMEA4670104,ArrayExpress,1927033379,"Lausanne Genomics Technology Facility ",rabbit,public,"fastq,run.zq,sra","ena,gs,ncbi,s3","ena,gs.us-east1,ncbi.public,s3.us-east-1",embryo,2019-02-18,2018-12-30T17:01:52Z,2018-11-16,2018-05-18T21:20:00Z,ERX2603689,embryonic day 15.5,testis,male,SAMEA4670104,wild type genotype,The University of Heidelberg,2018-12-30T17:01:52Z,2018-05-18T21:20:00Z,public,Illumina HiSeq 2500,3370sTS.Rabbit.Testis.15.5.Male_s,SINGLE,PolyA,TRANSCRIPTOMIC,testis,Oryctolagus cuniculus,ILLUMINA,2019-02-19T00:00:00Z,2022-07-19T15:39:00Z,2,SAMEA4670104,E-MTAB-6782:3370sTS.Rabbit.Testis.15.5.Male,Oryctolagus cuniculus,male,ERP108867,New Zealand,E-MTAB-6782:3370sTS.Rabbit.Testis.15.5.Male
ERR2587414,15.5,RNA-Seq,101,2923428739,PRJEB26840,SAMEA4670105,ArrayExpress,1082580761,"Lausanne Genomics Technology Facility ",rabbit,public,"fastq,run.zq,sra","ena,gs,ncbi,s3","ena,gs.us-east1,ncbi.public,s3.us-east-1",embryo,2019-02-18,2018-12-30T17:01:52Z,2018-11-16,2018-05-18T21:20:00Z,ERX2603690,embryonic day 15.5,testis,male,SAMEA4670105,wild type genotype,The University of Heidelberg,2018-12-30T17:01:52Z,2018-05-18T21:20:00Z,public,Illumina HiSeq 2500,3376sTS.Rabbit.Testis.15.5.Male_s,SINGLE,PolyA,TRANSCRIPTOMIC,testis,Oryctolagus cuniculus,ILLUMINA,2019-02-19T00:00:00Z,2022-07-17T12:08:00Z,2,SAMEA4670105,E-MTAB-6782:3376sTS.Rabbit.Testis.15.5.Male,Oryctolagus cuniculus,male,ERP108867,New Zealand,E-MTAB-6782:3376sTS.Rabbit.Testis.15.5.Male
ERR2587415,15.5,RNA-Seq,101,3650386642,PRJEB26840,SAMEA4670106,ArrayExpress,2313448268,"Lausanne Genomics Technology Facility ",rabbit,public,"fastq,run.zq,sra","ena,gs,ncbi,s3","ena,gs.us-east1,ncbi.public,s3.us-east-1",embryo,2019-02-18,2018-12-30T17:01:52Z,2018-11-16,2018-05-18T21:20:00Z,ERX2603691,embryonic day 15.5,brain,male,SAMEA4670106,wild type genotype,The University of Heidelberg,2018-12-30T17:01:52Z,2018-05-18T21:20:00Z,public,Illumina HiSeq 2500,3373sTS.Rabbit.WholeBrain.15.5.Male_s,SINGLE,PolyA,TRANSCRIPTOMIC,brain,Oryctolagus cuniculus,ILLUMINA,2019-02-19T00:00:00Z,2022-07-26T05:52:00Z,2,SAMEA4670106,E-MTAB-6782:3373sTS.Rabbit.WholeBrain.15.5.Male,Oryctolagus cuniculus,male,ERP108867,New Zealand,E-MTAB-6782:3373sTS.Rabbit.WholeBrain.15.5.Male
ERR2587416,15.5,RNA-Seq,101,5112315081,PRJEB26840,SAMEA4670107,ArrayExpress,1785225405,"Lausanne Genomics Technology Facility ",rabbit,public,"fastq,run.zq,sra","ena,gs,ncbi,s3","ena,gs.us-east1,ncbi.public,s3.us-east-1",embryo,2019-02-18,2018-12-30T17:01:52Z,2018-11-16,2018-05-18T21:20:00Z,ERX2603692,embryonic day 15.5,brain,male,SAMEA4670107,wild type genotype,The University of Heidelberg,2018-12-30T17:01:52Z,2018-05-18T21:20:00Z,public,Illumina HiSeq 2500,3428sTS.Rabbit.WholeBrain.15.5.Male_s,SINGLE,PolyA,TRANSCRIPTOMIC,brain,Oryctolagus cuniculus,ILLUMINA,2019-02-19T00:00:00Z,2021-10-25T02:01:00Z,2,SAMEA4670107,E-MTAB-6782:3428sTS.Rabbit.WholeBrain.15.5.Male,Oryctolagus cuniculus,male,ERP108867,New Zealand,E-MTAB-6782:3428sTS.Rabbit.WholeBrain.15.5.Male
ERR2587417,15.5,RNA-Seq,101,3650100812,PRJEB26840,SAMEA4670108,ArrayExpress,1272206002,"Lausanne Genomics Technology Facility ",rabbit,public,"fastq,run.zq,sra","ena,gs,ncbi,s3","ena,gs.us-east1,ncbi.public,s3.us-east-1",embryo,2019-02-18,2018-12-30T17:01:52Z,2018-11-16,2018-05-18T21:20:00Z,ERX2603693,embryonic day 15.5,brain,female,SAMEA4670108,wild type genotype,The University of Heidelberg,2018-12-30T17:01:52Z,2018-05-18T21:20:00Z,public,Illumina HiSeq 2500,3450sTS.Rabbit.WholeBrain.15.5.Female_s,SINGLE,PolyA,TRANSCRIPTOMIC,brain,Oryctolagus cuniculus,ILLUMINA,2019-02-19T00:00:00Z,2021-10-25T01:42:00Z,2,SAMEA4670108,E-MTAB-6782:3450sTS.Rabbit.WholeBrain.15.5.Female,Oryctolagus cuniculus,female,ERP108867,New Zealand,E-MTAB-6782:3450sTS.Rabbit.WholeBrain.15.5.Female
ERR2587418,16.5,RNA-Seq,101,6070996779,PRJEB26840,SAMEA4670109,ArrayExpress,2360518528,"Lausanne Genomics Technology Facility ",rabbit,public,"fastq,run.zq,sra","ena,gs,ncbi,s3","ena,gs.us-east1,ncbi.public,s3.us-east-1",embryo,2019-02-18,2018-12-30T17:01:52Z,2018-11-16,2018-05-18T21:20:00Z,ERX2603694,embryonic day 16.5,forebrain,female,SAMEA4670109,wild type genotype,The University of Heidelberg,2018-12-30T17:01:52Z,2018-05-18T21:20:00Z,public,Illumina HiSeq 2500,4846sTS.Rabbit.Brain.16.5.Female_s,SINGLE,PolyA,TRANSCRIPTOMIC,forebrain,Oryctolagus cuniculus,ILLUMINA,2019-02-19T00:00:00Z,2022-07-14T06:30:00Z,2,SAMEA4670109,E-MTAB-6782:4846sTS.Rabbit.Brain.16.5.Female,Oryctolagus cuniculus,female,ERP108867,New Zealand,E-MTAB-6782:4846sTS.Rabbit.Brain.16.5.Female
ERR2587419,16.5,RNA-Seq,101,2964995188,PRJEB26840,SAMEA4670110,ArrayExpress,1163728660,"Lausanne Genomics Technology Facility ",rabbit,public,"fastq,run.zq,sra","ena,gs,ncbi,s3","ena,gs.us-east1,ncbi.public,s3.us-east-1",embryo,2019-02-18,2018-12-30T17:01:52Z,2018-11-16,2018-05-18T21:20:00Z,ERX2603695,embryonic day 16.5,forebrain,male,SAMEA4670110,wild type genotype,The University of Heidelberg,2018-12-30T17:01:52Z,2018-05-18T21:20:00Z,public,Illumina HiSeq 2500,4848sTS.Rabbit.Brain.16.5.Male_s,SINGLE,PolyA,TRANSCRIPTOMIC,forebrain,Oryctolagus cuniculus,ILLUMINA,2019-02-19T00:00:00Z,2022-07-14T04:51:00Z,2,SAMEA4670110,E-MTAB-6782:4848sTS.Rabbit.Brain.16.5.Male,Oryctolagus cuniculus,male,ERP108867,New Zealand,E-MTAB-6782:4848sTS.Rabbit.Brain.16.5.Male
ERR2587420,16.5,RNA-Seq,101,3494579497,PRJEB26840,SAMEA4670111,ArrayExpress,1339040633,"Lausanne Genomics Technology Facility ",rabbit,public,"fastq,run.zq,sra","ena,gs,ncbi,s3","ena,gs.us-east1,ncbi.public,s3.us-east-1",embryo,2019-02-18,2018-12-30T17:01:52Z,2018-11-16,2018-05-18T21:20:00Z,ERX2603696,embryonic day 16.5,forebrain,female,SAMEA4670111,wild type genotype,The University of Heidelberg,2018-12-30T17:01:52Z,2018-05-18T21:20:00Z,public,Illumina HiSeq 2500,4850sTS.Rabbit.Brain.16.5.Female_s,SINGLE,PolyA,TRANSCRIPTOMIC,forebrain,Oryctolagus cuniculus,ILLUMINA,2019-02-19T00:00:00Z,2022-07-26T05:53:00Z,2,SAMEA4670111,E-MTAB-6782:4850sTS.Rabbit.Brain.16.5.Female,Oryctolagus cuniculus,female,ERP108867,New Zealand,E-MTAB-6782:4850sTS.Rabbit.Brain.16.5.Female
ERR2587421,16.5,RNA-Seq,101,3593794019,PRJEB26840,SAMEA4670112,ArrayExpress,1389756623,"Lausanne Genomics Technology Facility ",rabbit,public,"fastq,run.zq,sra","ena,gs,ncbi,s3","ena,gs.us-east1,ncbi.public,s3.us-east-1",embryo,2019-02-18,2018-12-30T17:01:52Z,2018-11-16,2018-05-18T21:20:00Z,ERX2603697,embryonic day 16.5,forebrain,male,SAMEA4670112,wild type genotype,The University of Heidelberg,2018-12-30T17:01:52Z,2018-05-18T21:20:00Z,public,Illumina HiSeq 2500,4852sTS.Rabbit.Brain.16.5.Male_s,SINGLE,PolyA,TRANSCRIPTOMIC,forebrain,Oryctolagus cuniculus,ILLUMINA,2019-02-19T00:00:00Z,2022-07-13T23:50:00Z,2,SAMEA4670112,E-MTAB-6782:4852sTS.Rabbit.Brain.16.5.Male,Oryctolagus cuniculus,male,ERP108867,New Zealand,E-MTAB-6782:4852sTS.Rabbit.Brain.16.5.Male
ERR2587422,16.5,RNA-Seq,101,3426991711,PRJEB26840,SAMEA4670113,ArrayExpress,1239758494,"Lausanne Genomics Technology Facility ",rabbit,public,"fastq,run.zq,sra","ena,gs,ncbi,s3","ena,gs.us-east1,ncbi.public,s3.us-east-1",embryo,2019-02-18,2018-12-30T17:01:52Z,2018-11-16,2018-05-18T21:20:00Z,ERX2603698,embryonic day 16.5,heart,female,SAMEA4670113,wild type genotype,The University of Heidelberg,2018-12-30T17:01:52Z,2018-05-18T21:20:00Z,public,Illumina HiSeq 2500,3410sTS.Rabbit.Heart.16.5.Female_s,SINGLE,PolyA,TRANSCRIPTOMIC,heart,Oryctolagus cuniculus,ILLUMINA,2019-02-19T00:00:00Z,2022-07-23T00:54:00Z,2,SAMEA4670113,E-MTAB-6782:3410sTS.Rabbit.Heart.16.5.Female,Oryctolagus cuniculus,female,ERP108867,New Zealand,E-MTAB-6782:3410sTS.Rabbit.Heart.16.5.Female
ERR2587423,16.5,RNA-Seq,101,1144591590,PRJEB26840,SAMEA4670114,ArrayExpress,407667673,"Lausanne Genomics Technology Facility ",rabbit,public,"fastq,run.zq,sra","ena,gs,ncbi,s3","ena,gs.us-east1,ncbi.public,s3.us-east-1",embryo,2019-02-18,2018-12-30T17:01:52Z,2018-11-16,2018-05-18T21:20:00Z,ERX2603699,embryonic day 16.5,heart,male,SAMEA4670114,wild type genotype,The University of Heidelberg,2018-12-30T17:01:52Z,2018-05-18T21:20:00Z,public,Illumina HiSeq 2500,3422sTS.Rabbit.Heart.16.5.Male_s,SINGLE,PolyA,TRANSCRIPTOMIC,heart,Oryctolagus cuniculus,ILLUMINA,2019-02-19T00:00:00Z,2021-10-25T01:12:00Z,2,SAMEA4670114,E-MTAB-6782:3422sTS.Rabbit.Heart.16.5.Male,Oryctolagus cuniculus,male,ERP108867,New Zealand,E-MTAB-6782:3422sTS.Rabbit.Heart.16.5.Male
ERR2587424,16.5,RNA-Seq,101,3877326269,PRJEB26840,SAMEA4670115,ArrayExpress,1451503395,"Lausanne Genomics Technology Facility ",rabbit,public,"fastq,run.zq,sra","ena,gs,ncbi,s3","ena,gs.us-east1,ncbi.public,s3.us-east-1",embryo,2019-02-18,2018-12-30T17:01:52Z,2018-11-16,2018-05-18T21:20:01Z,ERX2603700,embryonic day 16.5,heart,female,SAMEA4670115,wild type genotype,The University of Heidelberg,2018-12-30T17:01:52Z,2018-05-18T21:20:01Z,public,Illumina HiSeq 2500,3433sTS.Rabbit.Heart.16.5.Female_s,SINGLE,PolyA,TRANSCRIPTOMIC,heart,Oryctolagus cuniculus,ILLUMINA,2019-02-19T00:00:00Z,2022-07-26T05:52:00Z,2,SAMEA4670115,E-MTAB-6782:3433sTS.Rabbit.Heart.16.5.Female,Oryctolagus cuniculus,female,ERP108867,New Zealand,E-MTAB-6782:3433sTS.Rabbit.Heart.16.5.Female
ERR2587425,16.5,RNA-Seq,101,3430168262,PRJEB26840,SAMEA4670116,ArrayExpress,1283141698,"Lausanne Genomics Technology Facility ",rabbit,public,"fastq,run.zq,sra","ena,gs,ncbi,s3","ena,gs.us-east1,ncbi.public,s3.us-east-1",embryo,2019-02-18,2018-12-30T17:01:52Z,2018-11-16,2018-05-18T21:20:01Z,ERX2603701,embryonic day 16.5,heart,male,SAMEA4670116,wild type genotype,The University of Heidelberg,2018-12-30T17:01:52Z,2018-05-18T21:20:01Z,public,Illumina HiSeq 2500,3441sTS.Rabbit.Heart.16.5.Male_s,SINGLE,PolyA,TRANSCRIPTOMIC,heart,Oryctolagus cuniculus,ILLUMINA,2019-02-19T00:00:00Z,2022-07-18T06:38:00Z,2,SAMEA4670116,E-MTAB-6782:3441sTS.Rabbit.Heart.16.5.Male,Oryctolagus cuniculus,male,ERP108867,New Zealand,E-MTAB-6782:3441sTS.Rabbit.Heart.16.5.Male
ERR2587426,16.5,RNA-Seq,101,4536348845,PRJEB26840,SAMEA4670117,ArrayExpress,1766766965,"Lausanne Genomics Technology Facility ",rabbit,public,"fastq,run.zq,sra","ena,gs,ncbi,s3","ena,gs.us-east1,ncbi.public,s3.us-east-1",embryo,2019-02-18,2018-12-30T17:01:52Z,2018-11-16,2018-05-18T21:20:01Z,ERX2603702,embryonic day 16.5,hindbrain,female,SAMEA4670117,wild type genotype,The University of Heidelberg,2018-12-30T17:01:52Z,2018-05-18T21:20:01Z,public,Illumina HiSeq 2500,4847sTS.Rabbit.Cerebellum.16.5.Female_s,SINGLE,PolyA,TRANSCRIPTOMIC,hindbrain,Oryctolagus cuniculus,ILLUMINA,2019-02-19T00:00:00Z,2022-07-23T02:13:00Z,2,SAMEA4670117,E-MTAB-6782:4847sTS.Rabbit.Cerebellum.16.5.Female,Oryctolagus cuniculus,female,ERP108867,New Zealand,E-MTAB-6782:4847sTS.Rabbit.Cerebellum.16.5.Female
ERR2587427,16.5,RNA-Seq,101,6389436043,PRJEB26840,SAMEA4670118,ArrayExpress,2624359979,"Lausanne Genomics Technology Facility ",rabbit,public,"fastq,run.zq,sra","ena,gs,ncbi,s3","ena,gs.us-east1,ncbi.public,s3.us-east-1",embryo,2019-02-18,2018-12-30T17:01:52Z,2018-11-16,2018-05-18T21:20:01Z,ERX2603703,embryonic day 16.5,hindbrain,male,SAMEA4670118,wild type genotype,The University of Heidelberg,2018-12-30T17:01:52Z,2018-05-18T21:20:01Z,public,Illumina HiSeq 2500,4849sTS.Rabbit.Cerebellum.16.5.Male_s,SINGLE,PolyA,TRANSCRIPTOMIC,hindbrain,Oryctolagus cuniculus,ILLUMINA,2019-02-19T00:00:00Z,2021-10-25T02:13:00Z,2,SAMEA4670118,E-MTAB-6782:4849sTS.Rabbit.Cerebellum.16.5.Male,Oryctolagus cuniculus,male,ERP108867,New Zealand,E-MTAB-6782:4849sTS.Rabbit.Cerebellum.16.5.Male
ERR2587428,16.5,RNA-Seq,101,3440721853,PRJEB26840,SAMEA4670119,ArrayExpress,1320630368,"Lausanne Genomics Technology Facility ",rabbit,public,"fastq,run.zq,sra","ena,gs,ncbi,s3","ena,gs.us-east1,ncbi.public,s3.us-east-1",embryo,2019-02-18,2018-12-30T17:01:52Z,2018-11-16,2018-05-18T21:20:01Z,ERX2603704,embryonic day 16.5,hindbrain,female,SAMEA4670119,wild type genotype,The University of Heidelberg,2018-12-30T17:01:52Z,2018-05-18T21:20:01Z,public,Illumina HiSeq 2500,4851sTS.Rabbit.Cerebellum.16.5.Female_s,SINGLE,PolyA,TRANSCRIPTOMIC,hindbrain,Oryctolagus cuniculus,ILLUMINA,2019-02-19T00:00:00Z,2022-07-18T16:20:00Z,2,SAMEA4670119,E-MTAB-6782:4851sTS.Rabbit.Cerebellum.16.5.Female,Oryctolagus cuniculus,female,ERP108867,New Zealand,E-MTAB-6782:4851sTS.Rabbit.Cerebellum.16.5.Female
ERR2587429,16.5,RNA-Seq,101,3348804177,PRJEB26840,SAMEA4670120,ArrayExpress,1284133728,"Lausanne Genomics Technology Facility ",rabbit,public,"fastq,run.zq,sra","ena,gs,ncbi,s3","ena,gs.us-east1,ncbi.public,s3.us-east-1",embryo,2019-02-18,2018-12-30T17:01:52Z,2018-11-16,2018-05-18T21:20:01Z,ERX2603705,embryonic day 16.5,hindbrain,male,SAMEA4670120,wild type genotype,The University of Heidelberg,2018-12-30T17:01:52Z,2018-05-18T21:20:01Z,public,Illumina HiSeq 2500,4853sTS.Rabbit.Cerebellum.16.5.Male_s,SINGLE,PolyA,TRANSCRIPTOMIC,hindbrain,Oryctolagus cuniculus,ILLUMINA,2019-02-19T00:00:00Z,2022-07-30T06:58:00Z,2,SAMEA4670120,E-MTAB-6782:4853sTS.Rabbit.Cerebellum.16.5.Male,Oryctolagus cuniculus,male,ERP108867,New Zealand,E-MTAB-6782:4853sTS.Rabbit.Cerebellum.16.5.Male
ERR2587430,16.5,RNA-Seq,101,1717573377,PRJEB26840,SAMEA4670121,ArrayExpress,583030726,"Lausanne Genomics Technology Facility ",rabbit,public,"fastq,run.zq,sra","ena,gs,ncbi,s3","ena,gs.us-east1,ncbi.public,s3.us-east-1",embryo,2019-02-18,2018-12-30T17:01:52Z,2018-11-16,2018-05-18T21:20:01Z,ERX2603706,embryonic day 16.5,kidney,male,SAMEA4670121,wild type genotype,The University of Heidelberg,2018-12-30T17:01:52Z,2018-05-18T21:20:01Z,public,Illumina HiSeq 2500,3406sTS.Rabbit.Kidney.16.5.Male_s,SINGLE,PolyA,TRANSCRIPTOMIC,kidney,Oryctolagus cuniculus,ILLUMINA,2019-02-19T00:00:00Z,2022-07-15T21:43:00Z,2,SAMEA4670121,E-MTAB-6782:3406sTS.Rabbit.Kidney.16.5.Male,Oryctolagus cuniculus,male,ERP108867,New Zealand,E-MTAB-6782:3406sTS.Rabbit.Kidney.16.5.Male
ERR2587431,16.5,RNA-Seq,101,1085227628,PRJEB26840,SAMEA4670122,ArrayExpress,386000603,"Lausanne Genomics Technology Facility ",rabbit,public,"fastq,run.zq,sra","ena,gs,ncbi,s3","ena,gs.us-east1,ncbi.public,s3.us-east-1",embryo,2019-02-18,2018-12-30T17:01:52Z,2018-11-16,2018-05-18T21:20:01Z,ERX2603707,embryonic day 16.5,kidney,male,SAMEA4670122,wild type genotype,The University of Heidelberg,2018-12-30T17:01:52Z,2018-05-18T21:20:01Z,public,Illumina HiSeq 2500,3423sTS.Rabbit.Kidney.16.5.Male_s,SINGLE,PolyA,TRANSCRIPTOMIC,kidney,Oryctolagus cuniculus,ILLUMINA,2019-02-19T00:00:00Z,2021-10-25T01:12:00Z,2,SAMEA4670122,E-MTAB-6782:3423sTS.Rabbit.Kidney.16.5.Male,Oryctolagus cuniculus,male,ERP108867,New Zealand,E-MTAB-6782:3423sTS.Rabbit.Kidney.16.5.Male
ERR2587432,16.5,RNA-Seq,101,971012687,PRJEB26840,SAMEA4670123,ArrayExpress,345428910,"Lausanne Genomics Technology Facility ",rabbit,public,"fastq,run.zq,sra","ena,gs,ncbi,s3","ena,gs.us-east1,ncbi.public,s3.us-east-1",embryo,2019-02-18,2018-12-30T17:01:52Z,2018-11-16,2018-05-18T21:20:01Z,ERX2603708,embryonic day 16.5,kidney,female,SAMEA4670123,wild type genotype,The University of Heidelberg,2018-12-30T17:01:52Z,2018-05-18T21:20:01Z,public,Illumina HiSeq 2500,3434sTS.Rabbit.Kidney.16.5.Female_s,SINGLE,PolyA,TRANSCRIPTOMIC,kidney,Oryctolagus cuniculus,ILLUMINA,2019-02-19T00:00:00Z,2022-07-26T05:47:00Z,2,SAMEA4670123,E-MTAB-6782:3434sTS.Rabbit.Kidney.16.5.Female,Oryctolagus cuniculus,female,ERP108867,New Zealand,E-MTAB-6782:3434sTS.Rabbit.Kidney.16.5.Female
ERR2587433,16.5,RNA-Seq,101,3107922510,PRJEB26840,SAMEA4670124,ArrayExpress,1152265959,"Lausanne Genomics Technology Facility ",rabbit,public,"fastq,run.zq,sra","ena,gs,ncbi,s3","ena,gs.us-east1,ncbi.public,s3.us-east-1",embryo,2019-02-18,2018-12-30T17:01:52Z,2018-11-16,2018-05-18T21:20:01Z,ERX2603709,embryonic day 16.5,kidney,female,SAMEA4670124,wild type genotype,The University of Heidelberg,2018-12-30T17:01:52Z,2018-05-18T21:20:01Z,public,Illumina HiSeq 2500,3599sTS.Rabbit.Kidney.16.5.Female_s,SINGLE,PolyA,TRANSCRIPTOMIC,kidney,Oryctolagus cuniculus,ILLUMINA,2019-02-19T00:00:00Z,2021-10-25T01:40:00Z,2,SAMEA4670124,E-MTAB-6782:3599sTS.Rabbit.Kidney.16.5.Female,Oryctolagus cuniculus,female,ERP108867,New Zealand,E-MTAB-6782:3599sTS.Rabbit.Kidney.16.5.Female
ERR2587434,16.5,RNA-Seq,101,2426105648,PRJEB26840,SAMEA4670125,ArrayExpress,869189665,"Lausanne Genomics Technology Facility ",rabbit,public,"fastq,run.zq,sra","ena,gs,ncbi,s3","ena,gs.us-east1,ncbi.public,s3.us-east-1",embryo,2019-02-18,2018-12-30T17:01:52Z,2018-11-16,2018-05-18T21:20:01Z,ERX2603710,embryonic day 16.5,liver,male,SAMEA4670125,wild type genotype,The University of Heidelberg,2018-12-30T17:01:52Z,2018-05-18T21:20:01Z,public,Illumina HiSeq 2500,3293sTS.Rabbit.Liver.16.5.Male_s,SINGLE,PolyA,TRANSCRIPTOMIC,liver,Oryctolagus cuniculus,ILLUMINA,2019-02-19T00:00:00Z,2022-07-21T18:10:00Z,2,SAMEA4670125,E-MTAB-6782:3293sTS.Rabbit.Liver.16.5.Male,Oryctolagus cuniculus,male,ERP108867,New Zealand,E-MTAB-6782:3293sTS.Rabbit.Liver.16.5.Male
ERR2587435,16.5,RNA-Seq,101,3891696448,PRJEB26840,SAMEA4670126,ArrayExpress,1435292203,"Lausanne Genomics Technology Facility ",rabbit,public,"fastq,run.zq,sra","ena,gs,ncbi,s3","ena,gs.us-east1,ncbi.public,s3.us-east-1",embryo,2019-02-18,2018-12-30T17:01:52Z,2018-11-16,2018-05-18T21:20:01Z,ERX2603711,embryonic day 16.5,liver,male,SAMEA4670126,wild type genotype,The University of Heidelberg,2018-12-30T17:01:52Z,2018-05-18T21:20:01Z,public,Illumina HiSeq 2500,3294sTS.Rabbit.Liver.16.5.Male_s,SINGLE,PolyA,TRANSCRIPTOMIC,liver,Oryctolagus cuniculus,ILLUMINA,2019-02-19T00:00:00Z,2022-07-26T05:42:00Z,2,SAMEA4670126,E-MTAB-6782:3294sTS.Rabbit.Liver.16.5.Male,Oryctolagus cuniculus,male,ERP108867,New Zealand,E-MTAB-6782:3294sTS.Rabbit.Liver.16.5.Male
ERR2587436,16.5,RNA-Seq,100,2444441300,PRJEB26840,SAMEA4670127,ArrayExpress,1558592576,"Lausanne Genomics Technology Facility ",rabbit,public,"fastq,run.zq,sra","ena,gs,ncbi,s3","ena,gs.us-east1,ncbi.public,s3.us-east-1",embryo,2019-02-18,2018-12-30T17:01:52Z,2018-11-16,2018-05-18T21:20:01Z,ERX2603712,embryonic day 16.5,liver,female,SAMEA4670127,wild type genotype,The University of Heidelberg,2018-12-30T17:01:52Z,2018-05-18T21:20:01Z,public,Illumina HiSeq 2500,3296sTS.Rabbit.Liver.16.5.Female_s,SINGLE,PolyA,TRANSCRIPTOMIC,liver,Oryctolagus cuniculus,ILLUMINA,2019-02-19T00:00:00Z,2022-07-17T23:34:00Z,2,SAMEA4670127,E-MTAB-6782:3296sTS.Rabbit.Liver.16.5.Female,Oryctolagus cuniculus,female,ERP108867,New Zealand,E-MTAB-6782:3296sTS.Rabbit.Liver.16.5.Female
ERR2587437,16.5,RNA-Seq,101,4141274518,PRJEB26840,SAMEA4670128,ArrayExpress,1495052215,"Lausanne Genomics Technology Facility ",rabbit,public,"fastq,run.zq,sra","ena,gs,ncbi,s3","ena,gs.us-east1,ncbi.public,s3.us-east-1",embryo,2019-02-18,2018-12-30T17:01:52Z,2018-11-16,2018-05-18T21:20:01Z,ERX2603713,embryonic day 16.5,liver,female,SAMEA4670128,wild type genotype,The University of Heidelberg,2018-12-30T17:01:52Z,2018-05-18T21:20:01Z,public,Illumina HiSeq 2500,3532sTS.Rabbit.Liver.16.5.Female_s,SINGLE,PolyA,TRANSCRIPTOMIC,liver,Oryctolagus cuniculus,ILLUMINA,2019-02-19T00:00:00Z,2021-10-25T01:54:00Z,2,SAMEA4670128,E-MTAB-6782:3532sTS.Rabbit.Liver.16.5.Female,Oryctolagus cuniculus,female,ERP108867,New Zealand,E-MTAB-6782:3532sTS.Rabbit.Liver.16.5.Female
ERR2587438,16.5,RNA-Seq,101,3440101410,PRJEB26840,SAMEA4670129,ArrayExpress,2270050566,"Lausanne Genomics Technology Facility ",rabbit,public,"fastq,run.zq,sra","ena,gs,ncbi,s3","ena,gs.us-east1,ncbi.public,s3.us-east-1",embryo,2019-02-18,2018-12-30T17:01:52Z,2018-11-16,2018-05-18T21:20:01Z,ERX2603714,embryonic day 16.5,ovary,female,SAMEA4670129,wild type genotype,The University of Heidelberg,2018-12-30T17:01:52Z,2018-05-18T21:20:01Z,public,Illumina HiSeq 2500,3411sTS.Rabbit.Ovary.16.5.Female_s,SINGLE,PolyA,TRANSCRIPTOMIC,ovary,Oryctolagus cuniculus,ILLUMINA,2019-02-19T00:00:00Z,2022-07-14T16:36:00Z,2,SAMEA4670129,E-MTAB-6782:3411sTS.Rabbit.Ovary.16.5.Female,Oryctolagus cuniculus,female,ERP108867,New Zealand,E-MTAB-6782:3411sTS.Rabbit.Ovary.16.5.Female
ERR2587439,16.5,RNA-Seq,101,2703095421,PRJEB26840,SAMEA4670130,ArrayExpress,978368367,"Lausanne Genomics Technology Facility ",rabbit,public,"fastq,run.zq,sra","ena,gs,ncbi,s3","ena,gs.us-east1,ncbi.public,s3.us-east-1",embryo,2019-02-18,2018-12-30T17:01:52Z,2018-11-16,2018-05-18T21:20:01Z,ERX2603715,embryonic day 16.5,ovary,female,SAMEA4670130,wild type genotype,The University of Heidelberg,2018-12-30T17:01:52Z,2018-05-18T21:20:01Z,public,Illumina HiSeq 2500,3435sTS.Rabbit.Ovary.16.5.Female_s,SINGLE,PolyA,TRANSCRIPTOMIC,ovary,Oryctolagus cuniculus,ILLUMINA,2019-02-19T00:00:00Z,2021-10-25T01:21:00Z,2,SAMEA4670130,E-MTAB-6782:3435sTS.Rabbit.Ovary.16.5.Female,Oryctolagus cuniculus,female,ERP108867,New Zealand,E-MTAB-6782:3435sTS.Rabbit.Ovary.16.5.Female
ERR2587440,16.5,RNA-Seq,101,5146593471,PRJEB26840,SAMEA4670131,ArrayExpress,3383558841,"Lausanne Genomics Technology Facility ",rabbit,public,"fastq,run.zq,sra","ena,gs,ncbi,s3","ena,gs.us-east1,ncbi.public,s3.us-east-1",embryo,2019-02-18,2018-12-30T17:01:52Z,2018-11-16,2018-05-18T21:20:01Z,ERX2603716,embryonic day 16.5,testis,male,SAMEA4670131,wild type genotype,The University of Heidelberg,2018-12-30T17:01:52Z,2018-05-18T21:20:01Z,public,Illumina HiSeq 2500,3407sTS.Rabbit.Testis.16.5.Male_s,SINGLE,PolyA,TRANSCRIPTOMIC,testis,Oryctolagus cuniculus,ILLUMINA,2019-02-19T00:00:00Z,2022-07-26T05:56:00Z,2,SAMEA4670131,E-MTAB-6782:3407sTS.Rabbit.Testis.16.5.Male,Oryctolagus cuniculus,male,ERP108867,New Zealand,E-MTAB-6782:3407sTS.Rabbit.Testis.16.5.Male
ERR2587441,16.5,RNA-Seq,101,2475544441,PRJEB26840,SAMEA4670132,ArrayExpress,897668220,"Lausanne Genomics Technology Facility ",rabbit,public,"fastq,run.zq,sra","ena,gs,ncbi,s3","ena,gs.us-east1,ncbi.public,s3.us-east-1",embryo,2019-02-18,2018-12-30T17:01:52Z,2018-11-16,2018-05-18T21:20:01Z,ERX2603717,embryonic day 16.5,testis,male,SAMEA4670132,wild type genotype,The University of Heidelberg,2018-12-30T17:01:52Z,2018-05-18T21:20:01Z,public,Illumina HiSeq 2500,3424sTS.Rabbit.Testis.16.5.Male_s,SINGLE,PolyA,TRANSCRIPTOMIC,testis,Oryctolagus cuniculus,ILLUMINA,2019-02-19T00:00:00Z,2022-07-13T12:16:00Z,2,SAMEA4670132,E-MTAB-6782:3424sTS.Rabbit.Testis.16.5.Male,Oryctolagus cuniculus,male,ERP108867,New Zealand,E-MTAB-6782:3424sTS.Rabbit.Testis.16.5.Male
ERR2587442,16.5,RNA-Seq,101,4748590447,PRJEB26840,SAMEA4670133,ArrayExpress,2185590170,"Lausanne Genomics Technology Facility ",rabbit,public,"fastq,run.zq,sra","ena,gs,ncbi,s3","ena,gs.us-east1,ncbi.public,s3.us-east-1",embryo,2019-02-18,2018-12-30T17:01:52Z,2018-11-16,2018-05-18T21:20:01Z,ERX2603718,embryonic day 16.5,brain,female,SAMEA4670133,wild type genotype,The University of Heidelberg,2018-12-30T17:01:52Z,2018-05-18T21:20:01Z,public,Illumina HiSeq 2500,3409sTS.Rabbit.WholeBrain.16.5.Female_s,SINGLE,PolyA,TRANSCRIPTOMIC,brain,Oryctolagus cuniculus,ILLUMINA,2019-02-19T00:00:00Z,2021-10-25T01:36:00Z,2,SAMEA4670133,E-MTAB-6782:3409sTS.Rabbit.WholeBrain.16.5.Female,Oryctolagus cuniculus,female,ERP108867,New Zealand,E-MTAB-6782:3409sTS.Rabbit.WholeBrain.16.5.Female
ERR2587443,16.5,RNA-Seq,101,5371237570,PRJEB26840,SAMEA4670134,ArrayExpress,1889077858,"Lausanne Genomics Technology Facility ",rabbit,public,"fastq,run.zq,sra","ena,gs,ncbi,s3","ena,gs.us-east1,ncbi.public,s3.us-east-1",embryo,2019-02-18,2018-12-30T17:01:52Z,2018-11-16,2018-05-18T21:20:01Z,ERX2603719,embryonic day 16.5,brain,male,SAMEA4670134,wild type genotype,The University of Heidelberg,2018-12-30T17:01:52Z,2018-05-18T21:20:01Z,public,Illumina HiSeq 2500,3421sTS.Rabbit.WholeBrain.16.5.Male_s,SINGLE,PolyA,TRANSCRIPTOMIC,brain,Oryctolagus cuniculus,ILLUMINA,2019-02-19T00:00:00Z,2022-07-26T06:00:00Z,2,SAMEA4670134,E-MTAB-6782:3421sTS.Rabbit.WholeBrain.16.5.Male,Oryctolagus cuniculus,male,ERP108867,New Zealand,E-MTAB-6782:3421sTS.Rabbit.WholeBrain.16.5.Male
ERR2587444,16.5,RNA-Seq,101,4327449131,PRJEB26840,SAMEA4670135,ArrayExpress,1509323235,"Lausanne Genomics Technology Facility ",rabbit,public,"fastq,run.zq,sra","ena,gs,ncbi,s3","ena,gs.us-east1,ncbi.public,s3.us-east-1",embryo,2019-02-18,2018-12-30T17:01:52Z,2018-11-16,2018-05-18T21:20:01Z,ERX2603720,embryonic day 16.5,brain,female,SAMEA4670135,wild type genotype,The University of Heidelberg,2018-12-30T17:01:52Z,2018-05-18T21:20:01Z,public,Illumina HiSeq 2500,3432sTS.Rabbit.WholeBrain.16.5.Female_s,SINGLE,PolyA,TRANSCRIPTOMIC,brain,Oryctolagus cuniculus,ILLUMINA,2019-02-19T00:00:00Z,2022-07-15T06:46:00Z,2,SAMEA4670135,E-MTAB-6782:3432sTS.Rabbit.WholeBrain.16.5.Female,Oryctolagus cuniculus,female,ERP108867,New Zealand,E-MTAB-6782:3432sTS.Rabbit.WholeBrain.16.5.Female
ERR2587445,16.5,RNA-Seq,101,5124768078,PRJEB26840,SAMEA4670136,ArrayExpress,2367358198,"Lausanne Genomics Technology Facility ",rabbit,public,"fastq,run.zq,sra","ena,gs,ncbi,s3","ena,gs.us-east1,ncbi.public,s3.us-east-1",embryo,2019-02-18,2018-12-30T17:01:52Z,2018-11-16,2018-05-18T21:20:02Z,ERX2603721,embryonic day 16.5,brain,male,SAMEA4670136,wild type genotype,The University of Heidelberg,2018-12-30T17:01:52Z,2018-05-18T21:20:02Z,public,Illumina HiSeq 2500,3440sTS.Rabbit.WholeBrain.16.5.Male_s,SINGLE,PolyA,TRANSCRIPTOMIC,brain,Oryctolagus cuniculus,ILLUMINA,2019-02-19T00:00:00Z,2021-10-25T02:08:00Z,2,SAMEA4670136,E-MTAB-6782:3440sTS.Rabbit.WholeBrain.16.5.Male,Oryctolagus cuniculus,male,ERP108867,New Zealand,E-MTAB-6782:3440sTS.Rabbit.WholeBrain.16.5.Male
ERR2587446,18,RNA-Seq,101,4542546508,PRJEB26840,SAMEA4670137,ArrayExpress,1766261123,"Lausanne Genomics Technology Facility ",rabbit,public,"fastq,run.zq,sra","ena,gs,ncbi,s3","ena,gs.us-east1,ncbi.public,s3.us-east-1",embryo,2019-02-18,2018-12-30T17:01:52Z,2018-11-16,2018-05-18T21:20:02Z,ERX2603722,embryonic day 18,forebrain,male,SAMEA4670137,wild type genotype,The University of Heidelberg,2018-12-30T17:01:52Z,2018-05-18T21:20:02Z,public,Illumina HiSeq 2500,4854sTS.Rabbit.Brain.18.Male_s,SINGLE,PolyA,TRANSCRIPTOMIC,forebrain,Oryctolagus cuniculus,ILLUMINA,2019-02-19T00:00:00Z,2022-07-26T05:52:00Z,2,SAMEA4670137,E-MTAB-6782:4854sTS.Rabbit.Brain.18.Male,Oryctolagus cuniculus,male,ERP108867,New Zealand,E-MTAB-6782:4854sTS.Rabbit.Brain.18.Male
ERR2587447,18,RNA-Seq,101,7547194094,PRJEB26840,SAMEA4670138,ArrayExpress,2924147156,"Lausanne Genomics Technology Facility ",rabbit,public,"fastq,run.zq,sra","ena,gs,ncbi,s3","ena,gs.us-east1,ncbi.public,s3.us-east-1",embryo,2019-02-18,2018-12-30T17:01:52Z,2018-11-16,2018-05-18T21:20:02Z,ERX2603723,embryonic day 18,forebrain,female,SAMEA4670138,wild type genotype,The University of Heidelberg,2018-12-30T17:01:52Z,2018-05-18T21:20:02Z,public,Illumina HiSeq 2500,4856sTS.Rabbit.Brain.18.Female_s,SINGLE,PolyA,TRANSCRIPTOMIC,forebrain,Oryctolagus cuniculus,ILLUMINA,2019-02-19T00:00:00Z,2022-07-19T01:13:00Z,2,SAMEA4670138,E-MTAB-6782:4856sTS.Rabbit.Brain.18.Female,Oryctolagus cuniculus,female,ERP108867,New Zealand,E-MTAB-6782:4856sTS.Rabbit.Brain.18.Female
ERR2587448,18,RNA-Seq,101,3723088058,PRJEB26840,SAMEA4670139,ArrayExpress,1429603750,"Lausanne Genomics Technology Facility ",rabbit,public,"fastq,run.zq,sra","ena,gs,ncbi,s3","ena,gs.us-east1,ncbi.public,s3.us-east-1",embryo,2019-02-18,2018-12-30T17:01:52Z,2018-11-16,2018-05-18T21:20:02Z,ERX2603724,embryonic day 18,forebrain,male,SAMEA4670139,wild type genotype,The University of Heidelberg,2018-12-30T17:01:52Z,2018-05-18T21:20:02Z,public,Illumina HiSeq 2500,4858sTS.Rabbit.Brain.18.Male_s,SINGLE,PolyA,TRANSCRIPTOMIC,forebrain,Oryctolagus cuniculus,ILLUMINA,2019-02-19T00:00:00Z,2022-07-19T15:40:00Z,2,SAMEA4670139,E-MTAB-6782:4858sTS.Rabbit.Brain.18.Male,Oryctolagus cuniculus,male,ERP108867,New Zealand,E-MTAB-6782:4858sTS.Rabbit.Brain.18.Male
ERR2587449,18,RNA-Seq,101,4231004534,PRJEB26840,SAMEA4670140,ArrayExpress,1636402518,"Lausanne Genomics Technology Facility ",rabbit,public,"fastq,run.zq,sra","ena,gs,ncbi,s3","ena,gs.us-east1,ncbi.public,s3.us-east-1",embryo,2019-02-18,2018-12-30T17:01:52Z,2018-11-16,2018-05-18T21:20:02Z,ERX2603725,embryonic day 18,forebrain,female,SAMEA4670140,wild type genotype,The University of Heidelberg,2018-12-30T17:01:52Z,2018-05-18T21:20:02Z,public,Illumina HiSeq 2500,4860sTS.Rabbit.Brain.18.Female_s,SINGLE,PolyA,TRANSCRIPTOMIC,forebrain,Oryctolagus cuniculus,ILLUMINA,2019-02-19T00:00:00Z,2021-10-25T01:49:00Z,2,SAMEA4670140,E-MTAB-6782:4860sTS.Rabbit.Brain.18.Female,Oryctolagus cuniculus,female,ERP108867,New Zealand,E-MTAB-6782:4860sTS.Rabbit.Brain.18.Female
ERR2587450,18,RNA-Seq,101,3360540680,PRJEB26840,SAMEA4670141,ArrayExpress,1244220047,"Lausanne Genomics Technology Facility ",rabbit,public,"fastq,run.zq,sra","ena,gs,ncbi,s3","ena,gs.us-east1,ncbi.public,s3.us-east-1",embryo,2019-02-18,2018-12-30T17:01:52Z,2018-11-16,2018-05-18T21:20:02Z,ERX2603726,embryonic day 18,heart,male,SAMEA4670141,wild type genotype,The University of Heidelberg,2018-12-30T17:01:52Z,2018-05-18T21:20:02Z,public,Illumina HiSeq 2500,3320sTS.Rabbit.Heart.18.Male_s,SINGLE,PolyA,TRANSCRIPTOMIC,heart,Oryctolagus cuniculus,ILLUMINA,2019-02-19T00:00:00Z,2022-07-15T21:46:00Z,2,SAMEA4670141,E-MTAB-6782:3320sTS.Rabbit.Heart.18.Male,Oryctolagus cuniculus,male,ERP108867,New Zealand,E-MTAB-6782:3320sTS.Rabbit.Heart.18.Male
ERR2587451,18,RNA-Seq,101,2322857792,PRJEB26840,SAMEA4670142,ArrayExpress,856953035,"Lausanne Genomics Technology Facility ",rabbit,public,"fastq,run.zq,sra","ena,gs,ncbi,s3","ena,gs.us-east1,ncbi.public,s3.us-east-1",embryo,2019-02-18,2018-12-30T17:01:52Z,2018-11-16,2018-05-18T21:20:02Z,ERX2603727,embryonic day 18,heart,female,SAMEA4670142,wild type genotype,The University of Heidelberg,2018-12-30T17:01:52Z,2018-05-18T21:20:02Z,public,Illumina HiSeq 2500,3335sTS.Rabbit.Heart.18.Female_s,SINGLE,PolyA,TRANSCRIPTOMIC,heart,Oryctolagus cuniculus,ILLUMINA,2019-02-19T00:00:00Z,2021-10-25T01:16:00Z,2,SAMEA4670142,E-MTAB-6782:3335sTS.Rabbit.Heart.18.Female,Oryctolagus cuniculus,female,ERP108867,New Zealand,E-MTAB-6782:3335sTS.Rabbit.Heart.18.Female
ERR2587452,18,RNA-Seq,101,2466208001,PRJEB26840,SAMEA4670143,ArrayExpress,840424641,"Lausanne Genomics Technology Facility ",rabbit,public,"fastq,run.zq,sra","ena,gs,ncbi,s3","ena,gs.us-east1,ncbi.public,s3.us-east-1",embryo,2019-02-18,2018-12-30T17:01:52Z,2018-11-16,2018-05-18T21:20:02Z,ERX2603728,embryonic day 18,heart,female,SAMEA4670143,wild type genotype,The University of Heidelberg,2018-12-30T17:01:52Z,2018-05-18T21:20:02Z,public,Illumina HiSeq 2500,3341sTS.Rabbit.Heart.18.Female_s,SINGLE,PolyA,TRANSCRIPTOMIC,heart,Oryctolagus cuniculus,ILLUMINA,2019-02-19T00:00:00Z,2022-07-26T05:49:00Z,2,SAMEA4670143,E-MTAB-6782:3341sTS.Rabbit.Heart.18.Female,Oryctolagus cuniculus,female,ERP108867,New Zealand,E-MTAB-6782:3341sTS.Rabbit.Heart.18.Female
ERR2587453,18,RNA-Seq,101,6727667570,PRJEB26840,SAMEA4670144,ArrayExpress,2360224478,"Lausanne Genomics Technology Facility ",rabbit,public,"fastq,run.zq,sra","ena,gs,ncbi,s3","ena,gs.us-east1,ncbi.public,s3.us-east-1",embryo,2019-02-18,2018-12-30T17:01:52Z,2018-11-16,2018-05-18T21:20:02Z,ERX2603729,embryonic day 18,heart,male,SAMEA4670144,wild type genotype,The University of Heidelberg,2018-12-30T17:01:52Z,2018-05-18T21:20:02Z,public,Illumina HiSeq 2500,3401sTS.Rabbit.Heart.18.Male_s,SINGLE,PolyA,TRANSCRIPTOMIC,heart,Oryctolagus cuniculus,ILLUMINA,2019-02-19T00:00:00Z,2022-07-17T23:39:00Z,2,SAMEA4670144,E-MTAB-6782:3401sTS.Rabbit.Heart.18.Male,Oryctolagus cuniculus,male,ERP108867,New Zealand,E-MTAB-6782:3401sTS.Rabbit.Heart.18.Male
ERR2587454,18,RNA-Seq,101,2678098628,PRJEB26840,SAMEA4670145,ArrayExpress,1049356565,"Lausanne Genomics Technology Facility ",rabbit,public,"fastq,run.zq,sra","ena,gs,ncbi,s3","ena,gs.us-east1,ncbi.public,s3.us-east-1",embryo,2019-02-18,2018-12-30T17:01:52Z,2018-11-16,2018-05-18T21:20:02Z,ERX2603730,embryonic day 18,hindbrain,male,SAMEA4670145,wild type genotype,The University of Heidelberg,2018-12-30T17:01:52Z,2018-05-18T21:20:02Z,public,Illumina HiSeq 2500,4855sTS.Rabbit.Cerebellum.18.Male_s,SINGLE,PolyA,TRANSCRIPTOMIC,hindbrain,Oryctolagus cuniculus,ILLUMINA,2019-02-19T00:00:00Z,2022-07-26T05:50:00Z,2,SAMEA4670145,E-MTAB-6782:4855sTS.Rabbit.Cerebellum.18.Male,Oryctolagus cuniculus,male,ERP108867,New Zealand,E-MTAB-6782:4855sTS.Rabbit.Cerebellum.18.Male
ERR2587455,18,RNA-Seq,101,2613171081,PRJEB26840,SAMEA4670146,ArrayExpress,1023572907,"Lausanne Genomics Technology Facility ",rabbit,public,"fastq,run.zq,sra","ena,gs,ncbi,s3","ena,gs.us-east1,ncbi.public,s3.us-east-1",embryo,2019-02-18,2018-12-30T17:01:52Z,2018-11-16,2018-05-18T21:20:02Z,ERX2603731,embryonic day 18,hindbrain,female,SAMEA4670146,wild type genotype,The University of Heidelberg,2018-12-30T17:01:52Z,2018-05-18T21:20:02Z,public,Illumina HiSeq 2500,4857sTS.Rabbit.Cerebellum.18.Female_s,SINGLE,PolyA,TRANSCRIPTOMIC,hindbrain,Oryctolagus cuniculus,ILLUMINA,2019-02-19T00:00:00Z,2022-07-26T05:50:00Z,2,SAMEA4670146,E-MTAB-6782:4857sTS.Rabbit.Cerebellum.18.Female,Oryctolagus cuniculus,female,ERP108867,New Zealand,E-MTAB-6782:4857sTS.Rabbit.Cerebellum.18.Female
ERR2587456,18,RNA-Seq,101,3998058134,PRJEB26840,SAMEA4670147,ArrayExpress,1548674189,"Lausanne Genomics Technology Facility ",rabbit,public,"fastq,run.zq,sra","ena,gs,ncbi,s3","ena,gs.us-east1,ncbi.public,s3.us-east-1",embryo,2019-02-18,2018-12-30T17:01:52Z,2018-11-16,2018-05-18T21:20:02Z,ERX2603732,embryonic day 18,hindbrain,male,SAMEA4670147,wild type genotype,The University of Heidelberg,2018-12-30T17:01:52Z,2018-05-18T21:20:02Z,public,Illumina HiSeq 2500,4859sTS.Rabbit.Cerebellum.18.Male_s,SINGLE,PolyA,TRANSCRIPTOMIC,hindbrain,Oryctolagus cuniculus,ILLUMINA,2019-02-19T00:00:00Z,2022-07-21T18:14:00Z,2,SAMEA4670147,E-MTAB-6782:4859sTS.Rabbit.Cerebellum.18.Male,Oryctolagus cuniculus,male,ERP108867,New Zealand,E-MTAB-6782:4859sTS.Rabbit.Cerebellum.18.Male
ERR2587457,18,RNA-Seq,101,3972847928,PRJEB26840,SAMEA4670148,ArrayExpress,1539507425,"Lausanne Genomics Technology Facility ",rabbit,public,"fastq,run.zq,sra","ena,gs,ncbi,s3","ena,gs.us-east1,ncbi.public,s3.us-east-1",embryo,2019-02-18,2018-12-30T17:01:52Z,2018-11-16,2018-05-18T21:20:02Z,ERX2603733,embryonic day 18,hindbrain,female,SAMEA4670148,wild type genotype,The University of Heidelberg,2018-12-30T17:01:52Z,2018-05-18T21:20:02Z,public,Illumina HiSeq 2500,4861sTS.Rabbit.Cerebellum.18.Female_s,SINGLE,PolyA,TRANSCRIPTOMIC,hindbrain,Oryctolagus cuniculus,ILLUMINA,2019-02-19T00:00:00Z,2021-10-25T01:23:00Z,2,SAMEA4670148,E-MTAB-6782:4861sTS.Rabbit.Cerebellum.18.Female,Oryctolagus cuniculus,female,ERP108867,New Zealand,E-MTAB-6782:4861sTS.Rabbit.Cerebellum.18.Female
ERR2587458,18,RNA-Seq,101,2862029627,PRJEB26840,SAMEA4670149,ArrayExpress,973684091,"Lausanne Genomics Technology Facility ",rabbit,public,"fastq,run.zq,sra","ena,gs,ncbi,s3","ena,gs.us-east1,ncbi.public,s3.us-east-1",embryo,2019-02-18,2018-12-30T17:01:52Z,2018-11-16,2018-05-18T21:20:02Z,ERX2603734,embryonic day 18,kidney,male,SAMEA4670149,wild type genotype,The University of Heidelberg,2018-12-30T17:01:52Z,2018-05-18T21:20:02Z,public,Illumina HiSeq 2500,3321sTS.Rabbit.Kidney.18.Male_s,SINGLE,PolyA,TRANSCRIPTOMIC,kidney,Oryctolagus cuniculus,ILLUMINA,2019-02-19T00:00:00Z,2022-07-14T18:32:00Z,2,SAMEA4670149,E-MTAB-6782:3321sTS.Rabbit.Kidney.18.Male,Oryctolagus cuniculus,male,ERP108867,New Zealand,E-MTAB-6782:3321sTS.Rabbit.Kidney.18.Male
ERR2587459,18,RNA-Seq,101,3688641806,PRJEB26840,SAMEA4670150,ArrayExpress,1254976422,"Lausanne Genomics Technology Facility ",rabbit,public,"fastq,run.zq,sra","ena,gs,ncbi,s3","ena,gs.us-east1,ncbi.public,s3.us-east-1",embryo,2019-02-18,2018-12-30T17:01:52Z,2018-11-16,2018-05-18T21:20:02Z,ERX2603735,embryonic day 18,kidney,female,SAMEA4670150,wild type genotype,The University of Heidelberg,2018-12-30T17:01:52Z,2018-05-18T21:20:02Z,public,Illumina HiSeq 2500,3336sTS.Rabbit.Kidney.18.Female_s,SINGLE,PolyA,TRANSCRIPTOMIC,kidney,Oryctolagus cuniculus,ILLUMINA,2019-02-19T00:00:00Z,2022-07-29T20:59:00Z,2,SAMEA4670150,E-MTAB-6782:3336sTS.Rabbit.Kidney.18.Female,Oryctolagus cuniculus,female,ERP108867,New Zealand,E-MTAB-6782:3336sTS.Rabbit.Kidney.18.Female
ERR2587460,18,RNA-Seq,101,3107608501,PRJEB26840,SAMEA4670151,ArrayExpress,1153684616,"Lausanne Genomics Technology Facility ",rabbit,public,"fastq,run.zq,sra","ena,gs,ncbi,s3","ena,gs.us-east1,ncbi.public,s3.us-east-1",embryo,2019-02-18,2018-12-30T17:01:52Z,2018-11-16,2018-05-18T21:20:02Z,ERX2603736,embryonic day 18,kidney,female,SAMEA4670151,wild type genotype,The University of Heidelberg,2018-12-30T17:01:52Z,2018-05-18T21:20:02Z,public,Illumina HiSeq 2500,3342sTS.Rabbit.Kidney.18.Female_s,SINGLE,PolyA,TRANSCRIPTOMIC,kidney,Oryctolagus cuniculus,ILLUMINA,2019-02-19T00:00:00Z,2022-07-26T05:41:00Z,2,SAMEA4670151,E-MTAB-6782:3342sTS.Rabbit.Kidney.18.Female,Oryctolagus cuniculus,female,ERP108867,New Zealand,E-MTAB-6782:3342sTS.Rabbit.Kidney.18.Female
ERR2587461,18,RNA-Seq,101,4688016606,PRJEB26840,SAMEA4670152,ArrayExpress,1638938877,"Lausanne Genomics Technology Facility ",rabbit,public,"fastq,run.zq,sra","ena,gs,ncbi,s3","ena,gs.us-east1,ncbi.public,s3.us-east-1",embryo,2019-02-18,2018-12-30T17:01:52Z,2018-11-16,2018-05-18T21:20:02Z,ERX2603737,embryonic day 18,kidney,male,SAMEA4670152,wild type genotype,The University of Heidelberg,2018-12-30T17:01:52Z,2018-05-18T21:20:02Z,public,Illumina HiSeq 2500,3402sTS.Rabbit.Kidney.18.Male_s,SINGLE,PolyA,TRANSCRIPTOMIC,kidney,Oryctolagus cuniculus,ILLUMINA,2019-02-19T00:00:00Z,2021-10-25T01:53:00Z,2,SAMEA4670152,E-MTAB-6782:3402sTS.Rabbit.Kidney.18.Male,Oryctolagus cuniculus,male,ERP108867,New Zealand,E-MTAB-6782:3402sTS.Rabbit.Kidney.18.Male
ERR2587462,18,RNA-Seq,101,3128341983,PRJEB26840,SAMEA4670153,ArrayExpress,1114451131,"Lausanne Genomics Technology Facility ",rabbit,public,"fastq,run.zq,sra","ena,gs,ncbi,s3","ena,gs.us-east1,ncbi.public,s3.us-east-1",embryo,2019-02-18,2018-12-30T17:01:52Z,2018-11-16,2018-05-18T21:20:03Z,ERX2603738,embryonic day 18,liver,male,SAMEA4670153,wild type genotype,The University of Heidelberg,2018-12-30T17:01:52Z,2018-05-18T21:20:03Z,public,Illumina HiSeq 2500,3289sTS.Rabbit.Liver.18.Male_s,SINGLE,PolyA,TRANSCRIPTOMIC,liver,Oryctolagus cuniculus,ILLUMINA,2019-02-19T00:00:00Z,2022-07-17T10:01:00Z,2,SAMEA4670153,E-MTAB-6782:3289sTS.Rabbit.Liver.18.Male,Oryctolagus cuniculus,male,ERP108867,New Zealand,E-MTAB-6782:3289sTS.Rabbit.Liver.18.Male
ERR2587463,18,RNA-Seq,100,4420053000,PRJEB26840,SAMEA4670154,ArrayExpress,2799906229,"Lausanne Genomics Technology Facility ",rabbit,public,"fastq,run.zq,sra","ena,gs,ncbi,s3","ena,gs.us-east1,ncbi.public,s3.us-east-1",embryo,2019-02-18,2018-12-30T17:01:52Z,2018-11-16,2018-05-18T21:20:03Z,ERX2603739,embryonic day 18,liver,female,SAMEA4670154,wild type genotype,The University of Heidelberg,2018-12-30T17:01:52Z,2018-05-18T21:20:03Z,public,Illumina HiSeq 2500,3290sTS.Rabbit.Liver.18.Female_s,SINGLE,PolyA,TRANSCRIPTOMIC,liver,Oryctolagus cuniculus,ILLUMINA,2019-02-19T00:00:00Z,2022-07-23T01:35:00Z,2,SAMEA4670154,E-MTAB-6782:3290sTS.Rabbit.Liver.18.Female,Oryctolagus cuniculus,female,ERP108867,New Zealand,E-MTAB-6782:3290sTS.Rabbit.Liver.18.Female
ERR2587464,18,RNA-Seq,101,3538191600,PRJEB26840,SAMEA4670155,ArrayExpress,1286757930,"Lausanne Genomics Technology Facility ",rabbit,public,"fastq,run.zq,sra","ena,gs,ncbi,s3","ena,gs.us-east1,ncbi.public,s3.us-east-1",embryo,2019-02-18,2018-12-30T17:01:52Z,2018-11-16,2018-05-18T21:20:03Z,ERX2603740,embryonic day 18,liver,female,SAMEA4670155,wild type genotype,The University of Heidelberg,2018-12-30T17:01:52Z,2018-05-18T21:20:03Z,public,Illumina HiSeq 2500,3291sTS.Rabbit.Liver.18.Female_s,SINGLE,PolyA,TRANSCRIPTOMIC,liver,Oryctolagus cuniculus,ILLUMINA,2019-02-19T00:00:00Z,2022-07-13T12:18:00Z,2,SAMEA4670155,E-MTAB-6782:3291sTS.Rabbit.Liver.18.Female,Oryctolagus cuniculus,female,ERP108867,New Zealand,E-MTAB-6782:3291sTS.Rabbit.Liver.18.Female
ERR2587465,18,RNA-Seq,101,4121884235,PRJEB26840,SAMEA4670156,ArrayExpress,1517073060,"Lausanne Genomics Technology Facility ",rabbit,public,"fastq,run.zq,sra","ena,gs,ncbi,s3","ena,gs.us-east1,ncbi.public,s3.us-east-1",embryo,2019-02-18,2018-12-30T17:01:52Z,2018-11-16,2018-05-18T21:20:03Z,ERX2603741,embryonic day 18,liver,male,SAMEA4670156,wild type genotype,The University of Heidelberg,2018-12-30T17:01:52Z,2018-05-18T21:20:03Z,public,Illumina HiSeq 2500,3292sTS.Rabbit.Liver.18.Male_s,SINGLE,PolyA,TRANSCRIPTOMIC,liver,Oryctolagus cuniculus,ILLUMINA,2019-02-19T00:00:00Z,2021-10-25T01:48:00Z,2,SAMEA4670156,E-MTAB-6782:3292sTS.Rabbit.Liver.18.Male,Oryctolagus cuniculus,male,ERP108867,New Zealand,E-MTAB-6782:3292sTS.Rabbit.Liver.18.Male
ERR2587466,18,RNA-Seq,101,3674811270,PRJEB26840,SAMEA4670157,ArrayExpress,2411950987,"Lausanne Genomics Technology Facility ",rabbit,public,"fastq,run.zq,sra","ena,gs,ncbi,s3","ena,gs.us-east1,ncbi.public,s3.us-east-1",embryo,2019-02-18,2018-12-30T17:01:52Z,2018-11-16,2018-05-18T21:20:03Z,ERX2603742,embryonic day 18,ovary,female,SAMEA4670157,wild type genotype,The University of Heidelberg,2018-12-30T17:01:52Z,2018-05-18T21:20:03Z,public,Illumina HiSeq 2500,3337sTS.Rabbit.Ovary.18.Female_s,SINGLE,PolyA,TRANSCRIPTOMIC,ovary,Oryctolagus cuniculus,ILLUMINA,2019-02-19T00:00:00Z,2022-07-20T20:30:00Z,2,SAMEA4670157,E-MTAB-6782:3337sTS.Rabbit.Ovary.18.Female,Oryctolagus cuniculus,female,ERP108867,New Zealand,E-MTAB-6782:3337sTS.Rabbit.Ovary.18.Female
ERR2587467,18,RNA-Seq,101,2389037941,PRJEB26840,SAMEA4670158,ArrayExpress,881352204,"Lausanne Genomics Technology Facility ",rabbit,public,"fastq,run.zq,sra","ena,gs,ncbi,s3","ena,gs.us-east1,ncbi.public,s3.us-east-1",embryo,2019-02-18,2018-12-30T17:01:52Z,2018-11-16,2018-05-18T21:20:03Z,ERX2603743,embryonic day 18,ovary,female,SAMEA4670158,wild type genotype,The University of Heidelberg,2018-12-30T17:01:52Z,2018-05-18T21:20:03Z,public,Illumina HiSeq 2500,3343sTS.Rabbit.Ovary.18.Female_s,SINGLE,PolyA,TRANSCRIPTOMIC,ovary,Oryctolagus cuniculus,ILLUMINA,2019-02-19T00:00:00Z,2021-10-25T01:18:00Z,2,SAMEA4670158,E-MTAB-6782:3343sTS.Rabbit.Ovary.18.Female,Oryctolagus cuniculus,female,ERP108867,New Zealand,E-MTAB-6782:3343sTS.Rabbit.Ovary.18.Female
ERR2587468,18,RNA-Seq,101,4608221758,PRJEB26840,SAMEA4670159,ArrayExpress,3027887953,"Lausanne Genomics Technology Facility ",rabbit,public,"fastq,run.zq,sra","ena,gs,ncbi,s3","ena,gs.us-east1,ncbi.public,s3.us-east-1",embryo,2019-02-18,2018-12-30T17:01:52Z,2018-11-16,2018-05-18T21:20:03Z,ERX2603744,embryonic day 18,testis,male,SAMEA4670159,wild type genotype,The University of Heidelberg,2018-12-30T17:01:52Z,2018-05-18T21:20:03Z,public,Illumina HiSeq 2500,3322sTS.Rabbit.Testis.18.Male_s,SINGLE,PolyA,TRANSCRIPTOMIC,testis,Oryctolagus cuniculus,ILLUMINA,2019-02-19T00:00:00Z,2022-07-20T15:39:00Z,2,SAMEA4670159,E-MTAB-6782:3322sTS.Rabbit.Testis.18.Male,Oryctolagus cuniculus,male,ERP108867,New Zealand,E-MTAB-6782:3322sTS.Rabbit.Testis.18.Male
ERR2587469,18,RNA-Seq,101,2126023639,PRJEB26840,SAMEA4670160,ArrayExpress,771224981,"Lausanne Genomics Technology Facility ",rabbit,public,"fastq,run.zq,sra","ena,gs,ncbi,s3","ena,gs.us-east1,ncbi.public,s3.us-east-1",embryo,2019-02-18,2018-12-30T17:01:52Z,2018-11-16,2018-05-18T21:20:03Z,ERX2603745,embryonic day 18,testis,male,SAMEA4670160,wild type genotype,The University of Heidelberg,2018-12-30T17:01:52Z,2018-05-18T21:20:03Z,public,Illumina HiSeq 2500,3403sTS.Rabbit.Testis.18.Male_s,SINGLE,PolyA,TRANSCRIPTOMIC,testis,Oryctolagus cuniculus,ILLUMINA,2019-02-19T00:00:00Z,2021-10-25T01:13:00Z,2,SAMEA4670160,E-MTAB-6782:3403sTS.Rabbit.Testis.18.Male,Oryctolagus cuniculus,male,ERP108867,New Zealand,E-MTAB-6782:3403sTS.Rabbit.Testis.18.Male
ERR2587470,18,RNA-Seq,101,4017400341,PRJEB26840,SAMEA4670161,ArrayExpress,2601339662,"Lausanne Genomics Technology Facility ",rabbit,public,"fastq,run.zq,sra","ena,gs,ncbi,s3","ena,gs.us-east1,ncbi.public,s3.us-east-1",embryo,2019-02-18,2018-12-30T17:01:52Z,2018-11-16,2018-05-18T21:20:03Z,ERX2603746,embryonic day 18,brain,female,SAMEA4670161,wild type genotype,The University of Heidelberg,2018-12-30T17:01:52Z,2018-05-18T21:20:03Z,public,Illumina HiSeq 2500,3497sTS.Rabbit.WholeBrain.18.Female_s,SINGLE,PolyA,TRANSCRIPTOMIC,brain,Oryctolagus cuniculus,ILLUMINA,2019-02-19T00:00:00Z,2022-07-15T23:45:00Z,2,SAMEA4670161,E-MTAB-6782:3497sTS.Rabbit.WholeBrain.18.Female,Oryctolagus cuniculus,female,ERP108867,New Zealand,E-MTAB-6782:3497sTS.Rabbit.WholeBrain.18.Female
ERR2587471,18,RNA-Seq,101,5316400327,PRJEB26840,SAMEA4670162,ArrayExpress,2528349512,"Lausanne Genomics Technology Facility ",rabbit,public,"fastq,run.zq,sra","ena,gs,ncbi,s3","ena,gs.us-east1,ncbi.public,s3.us-east-1",embryo,2019-02-18,2018-12-30T17:01:52Z,2018-11-16,2018-05-18T21:20:03Z,ERX2603747,embryonic day 18,brain,male,SAMEA4670162,wild type genotype,The University of Heidelberg,2018-12-30T17:01:52Z,2018-05-18T21:20:03Z,public,Illumina HiSeq 2500,3498sTS.Rabbit.WholeBrain.18.Male_s,SINGLE,PolyA,TRANSCRIPTOMIC,brain,Oryctolagus cuniculus,ILLUMINA,2019-02-19T00:00:00Z,2022-07-26T05:56:00Z,2,SAMEA4670162,E-MTAB-6782:3498sTS.Rabbit.WholeBrain.18.Male,Oryctolagus cuniculus,male,ERP108867,New Zealand,E-MTAB-6782:3498sTS.Rabbit.WholeBrain.18.Male
ERR2587472,18,RNA-Seq,101,5512799473,PRJEB26840,SAMEA4670163,ArrayExpress,1916431430,"Lausanne Genomics Technology Facility ",rabbit,public,"fastq,run.zq,sra","ena,gs,ncbi,s3","ena,gs.us-east1,ncbi.public,s3.us-east-1",embryo,2019-02-18,2018-12-30T17:01:52Z,2018-11-16,2018-05-18T21:20:03Z,ERX2603748,embryonic day 18,brain,male,SAMEA4670163,wild type genotype,The University of Heidelberg,2018-12-30T17:01:52Z,2018-05-18T21:20:03Z,public,Illumina HiSeq 2500,3500sTS.Rabbit.WholeBrain.18.Male_s,SINGLE,PolyA,TRANSCRIPTOMIC,brain,Oryctolagus cuniculus,ILLUMINA,2019-02-19T00:00:00Z,2022-07-26T05:54:00Z,2,SAMEA4670163,E-MTAB-6782:3500sTS.Rabbit.WholeBrain.18.Male,Oryctolagus cuniculus,male,ERP108867,New Zealand,E-MTAB-6782:3500sTS.Rabbit.WholeBrain.18.Male
ERR2587473,18,RNA-Seq,101,5366390883,PRJEB26840,SAMEA4670164,ArrayExpress,1885701904,"Lausanne Genomics Technology Facility ",rabbit,public,"fastq,run.zq,sra","ena,gs,ncbi,s3","ena,gs.us-east1,ncbi.public,s3.us-east-1",embryo,2019-02-18,2018-12-30T17:01:52Z,2018-11-16,2018-05-18T21:20:03Z,ERX2603749,embryonic day 18,brain,male,SAMEA4670164,wild type genotype,The University of Heidelberg,2018-12-30T17:01:52Z,2018-05-18T21:20:03Z,public,Illumina HiSeq 2500,3501sTS.Rabbit.WholeBrain.18.Male_s,SINGLE,PolyA,TRANSCRIPTOMIC,brain,Oryctolagus cuniculus,ILLUMINA,2019-02-19T00:00:00Z,2022-07-15T21:49:00Z,2,SAMEA4670164,E-MTAB-6782:3501sTS.Rabbit.WholeBrain.18.Male,Oryctolagus cuniculus,male,ERP108867,New Zealand,E-MTAB-6782:3501sTS.Rabbit.WholeBrain.18.Male
ERR2587474,19.5,RNA-Seq,101,3559896298,PRJEB26840,SAMEA4670165,ArrayExpress,1375869649,"Lausanne Genomics Technology Facility ",rabbit,public,"fastq,run.zq,sra","ena,gs,ncbi,s3","ena,gs.us-east1,ncbi.public,s3.us-east-1",embryo,2019-02-18,2018-12-30T17:01:52Z,2018-11-16,2018-05-18T21:20:03Z,ERX2603750,embryonic day 19.5,forebrain,female,SAMEA4670165,wild type genotype,The University of Heidelberg,2018-12-30T17:01:52Z,2018-05-18T21:20:03Z,public,Illumina HiSeq 2500,4781sTS.Rabbit.Brain.19.5.Female_s,SINGLE,PolyA,TRANSCRIPTOMIC,forebrain,Oryctolagus cuniculus,ILLUMINA,2019-02-19T00:00:00Z,2021-10-25T01:49:00Z,2,SAMEA4670165,E-MTAB-6782:4781sTS.Rabbit.Brain.19.5.Female,Oryctolagus cuniculus,female,ERP108867,New Zealand,E-MTAB-6782:4781sTS.Rabbit.Brain.19.5.Female
ERR2587475,19.5,RNA-Seq,101,3565865600,PRJEB26840,SAMEA4670166,ArrayExpress,1369367819,"Lausanne Genomics Technology Facility ",rabbit,public,"fastq,run.zq,sra","ena,gs,ncbi,s3","ena,gs.us-east1,ncbi.public,s3.us-east-1",embryo,2019-02-18,2018-12-30T17:01:52Z,2018-11-16,2018-05-18T21:20:04Z,ERX2603751,embryonic day 19.5,forebrain,male,SAMEA4670166,wild type genotype,The University of Heidelberg,2018-12-30T17:01:52Z,2018-05-18T21:20:04Z,public,Illumina HiSeq 2500,4788sTS.Rabbit.Brain.19.5.Male_s,SINGLE,PolyA,TRANSCRIPTOMIC,forebrain,Oryctolagus cuniculus,ILLUMINA,2019-02-19T00:00:00Z,2022-07-26T05:44:00Z,2,SAMEA4670166,E-MTAB-6782:4788sTS.Rabbit.Brain.19.5.Male,Oryctolagus cuniculus,male,ERP108867,New Zealand,E-MTAB-6782:4788sTS.Rabbit.Brain.19.5.Male
ERR2587476,19.5,RNA-Seq,101,3940554491,PRJEB26840,SAMEA4670167,ArrayExpress,1523649653,"Lausanne Genomics Technology Facility ",rabbit,public,"fastq,run.zq,sra","ena,gs,ncbi,s3","ena,gs.us-east1,ncbi.public,s3.us-east-1",embryo,2019-02-18,2018-12-30T17:01:52Z,2018-11-16,2018-05-18T21:20:04Z,ERX2603752,embryonic day 19.5,forebrain,male,SAMEA4670167,wild type genotype,The University of Heidelberg,2018-12-30T17:01:52Z,2018-05-18T21:20:04Z,public,Illumina HiSeq 2500,4867sTS.Rabbit.Brain.19.5.Male_s,SINGLE,PolyA,TRANSCRIPTOMIC,forebrain,Oryctolagus cuniculus,ILLUMINA,2019-02-19T00:00:00Z,2021-10-25T01:45:00Z,2,SAMEA4670167,E-MTAB-6782:4867sTS.Rabbit.Brain.19.5.Male,Oryctolagus cuniculus,male,ERP108867,New Zealand,E-MTAB-6782:4867sTS.Rabbit.Brain.19.5.Male
ERR2587477,19.5,RNA-Seq,101,2819637301,PRJEB26840,SAMEA4670168,ArrayExpress,1093881405,"Lausanne Genomics Technology Facility ",rabbit,public,"fastq,run.zq,sra","ena,gs,ncbi,s3","ena,gs.us-east1,ncbi.public,s3.us-east-1",embryo,2019-02-18,2018-12-30T17:01:52Z,2018-11-16,2018-05-18T21:20:04Z,ERX2603753,embryonic day 19.5,forebrain,female,SAMEA4670168,wild type genotype,The University of Heidelberg,2018-12-30T17:01:52Z,2018-05-18T21:20:04Z,public,Illumina HiSeq 2500,4875sTS.Rabbit.Brain.19.5.Female_s,SINGLE,PolyA,TRANSCRIPTOMIC,forebrain,Oryctolagus cuniculus,ILLUMINA,2019-02-19T00:00:00Z,2022-07-22T06:31:00Z,2,SAMEA4670168,E-MTAB-6782:4875sTS.Rabbit.Brain.19.5.Female,Oryctolagus cuniculus,female,ERP108867,New Zealand,E-MTAB-6782:4875sTS.Rabbit.Brain.19.5.Female
ERR2587478,19.5,RNA-Seq,101,3411065526,PRJEB26840,SAMEA4670169,ArrayExpress,1322401453,"Lausanne Genomics Technology Facility ",rabbit,public,"fastq,run.zq,sra","ena,gs,ncbi,s3","ena,gs.us-east1,ncbi.public,s3.us-east-1",embryo,2019-02-18,2018-12-30T17:01:52Z,2018-11-16,2018-05-18T21:20:04Z,ERX2603754,embryonic day 19.5,heart,female,SAMEA4670169,wild type genotype,The University of Heidelberg,2018-12-30T17:01:52Z,2018-05-18T21:20:04Z,public,Illumina HiSeq 2500,4783sTS.Rabbit.Heart.19.5.Female_s,SINGLE,PolyA,TRANSCRIPTOMIC,heart,Oryctolagus cuniculus,ILLUMINA,2019-02-19T00:00:00Z,2022-07-26T05:54:00Z,2,SAMEA4670169,E-MTAB-6782:4783sTS.Rabbit.Heart.19.5.Female,Oryctolagus cuniculus,female,ERP108867,New Zealand,E-MTAB-6782:4783sTS.Rabbit.Heart.19.5.Female
ERR2587479,19.5,RNA-Seq,101,3374952067,PRJEB26840,SAMEA4670170,ArrayExpress,1297564596,"Lausanne Genomics Technology Facility ",rabbit,public,"fastq,run.zq,sra","ena,gs,ncbi,s3","ena,gs.us-east1,ncbi.public,s3.us-east-1",embryo,2019-02-18,2018-12-30T17:01:52Z,2018-11-16,2018-05-18T21:20:04Z,ERX2603755,embryonic day 19.5,heart,male,SAMEA4670170,wild type genotype,The University of Heidelberg,2018-12-30T17:01:52Z,2018-05-18T21:20:04Z,public,Illumina HiSeq 2500,4790sTS.Rabbit.Heart.19.5.Male_s,SINGLE,PolyA,TRANSCRIPTOMIC,heart,Oryctolagus cuniculus,ILLUMINA,2019-02-19T00:00:00Z,2021-10-25T01:43:00Z,2,SAMEA4670170,E-MTAB-6782:4790sTS.Rabbit.Heart.19.5.Male,Oryctolagus cuniculus,male,ERP108867,New Zealand,E-MTAB-6782:4790sTS.Rabbit.Heart.19.5.Male
ERR2587480,19.5,RNA-Seq,101,3522809603,PRJEB26840,SAMEA4670171,ArrayExpress,1237475042,"Lausanne Genomics Technology Facility ",rabbit,public,"fastq,run.zq,sra","ena,gs,ncbi,s3","ena,gs.us-east1,ncbi.public,s3.us-east-1",embryo,2019-02-18,2018-12-30T17:01:52Z,2018-11-16,2018-05-18T21:20:04Z,ERX2603756,embryonic day 19.5,heart,male,SAMEA4670171,wild type genotype,The University of Heidelberg,2018-12-30T17:01:52Z,2018-05-18T21:20:04Z,public,Illumina HiSeq 2500,4869sTSm.Rabbit.Heart.19.5.Male_s,SINGLE,PolyA,TRANSCRIPTOMIC,heart,Oryctolagus cuniculus,ILLUMINA,2019-02-19T00:00:00Z,2021-10-25T01:43:00Z,2,SAMEA4670171,E-MTAB-6782:4869sTSm.Rabbit.Heart.19.5.Male,Oryctolagus cuniculus,male,ERP108867,New Zealand,E-MTAB-6782:4869sTSm.Rabbit.Heart.19.5.Male
ERR2587481,19.5,RNA-Seq,101,3782025901,PRJEB26840,SAMEA4670172,ArrayExpress,1324683232,"Lausanne Genomics Technology Facility ",rabbit,public,"fastq,run.zq,sra","ena,gs,ncbi,s3","ena,gs.us-east1,ncbi.public,s3.us-east-1",embryo,2019-02-18,2018-12-30T17:01:52Z,2018-11-16,2018-05-18T21:20:04Z,ERX2603757,embryonic day 19.5,heart,female,SAMEA4670172,wild type genotype,The University of Heidelberg,2018-12-30T17:01:52Z,2018-05-18T21:20:04Z,public,Illumina HiSeq 2500,4877sTSm.Rabbit.Heart.19.5.Female_s,SINGLE,PolyA,TRANSCRIPTOMIC,heart,Oryctolagus cuniculus,ILLUMINA,2019-02-19T00:00:00Z,2021-10-25T01:36:00Z,2,SAMEA4670172,E-MTAB-6782:4877sTSm.Rabbit.Heart.19.5.Female,Oryctolagus cuniculus,female,ERP108867,New Zealand,E-MTAB-6782:4877sTSm.Rabbit.Heart.19.5.Female
ERR2587482,19.5,RNA-Seq,101,4673674707,PRJEB26840,SAMEA4670173,ArrayExpress,1798625943,"Lausanne Genomics Technology Facility ",rabbit,public,"fastq,run.zq,sra","ena,gs,ncbi,s3","ena,gs.us-east1,ncbi.public,s3.us-east-1",embryo,2019-02-18,2018-12-30T17:01:52Z,2018-11-16,2018-05-18T21:20:04Z,ERX2603758,embryonic day 19.5,hindbrain,female,SAMEA4670173,wild type genotype,The University of Heidelberg,2018-12-30T17:01:52Z,2018-05-18T21:20:04Z,public,Illumina HiSeq 2500,4782sTS.Rabbit.Cerebellum.19.5.Female_s,SINGLE,PolyA,TRANSCRIPTOMIC,hindbrain,Oryctolagus cuniculus,ILLUMINA,2019-02-19T00:00:00Z,2022-07-17T19:34:00Z,2,SAMEA4670173,E-MTAB-6782:4782sTS.Rabbit.Cerebellum.19.5.Female,Oryctolagus cuniculus,female,ERP108867,New Zealand,E-MTAB-6782:4782sTS.Rabbit.Cerebellum.19.5.Female
ERR2587483,19.5,RNA-Seq,101,2568242140,PRJEB26840,SAMEA4670174,ArrayExpress,988044232,"Lausanne Genomics Technology Facility ",rabbit,public,"fastq,run.zq,sra","ena,gs,ncbi,s3","ena,gs.us-east1,ncbi.public,s3.us-east-1",embryo,2019-02-18,2018-12-30T17:01:52Z,2018-11-16,2018-05-18T21:20:04Z,ERX2603759,embryonic day 19.5,hindbrain,male,SAMEA4670174,wild type genotype,The University of Heidelberg,2018-12-30T17:01:52Z,2018-05-18T21:20:04Z,public,Illumina HiSeq 2500,4789sTS.Rabbit.Cerebellum.19.5.Male_s,SINGLE,PolyA,TRANSCRIPTOMIC,hindbrain,Oryctolagus cuniculus,ILLUMINA,2019-02-19T00:00:00Z,2022-07-26T05:50:00Z,2,SAMEA4670174,E-MTAB-6782:4789sTS.Rabbit.Cerebellum.19.5.Male,Oryctolagus cuniculus,male,ERP108867,New Zealand,E-MTAB-6782:4789sTS.Rabbit.Cerebellum.19.5.Male
ERR2587484,19.5,RNA-Seq,101,3473556953,PRJEB26840,SAMEA4670175,ArrayExpress,1353380092,"Lausanne Genomics Technology Facility ",rabbit,public,"fastq,run.zq,sra","ena,gs,ncbi,s3","ena,gs.us-east1,ncbi.public,s3.us-east-1",embryo,2019-02-18,2018-12-30T17:01:52Z,2018-11-16,2018-05-18T21:20:04Z,ERX2603760,embryonic day 19.5,hindbrain,male,SAMEA4670175,wild type genotype,The University of Heidelberg,2018-12-30T17:01:52Z,2018-05-18T21:20:04Z,public,Illumina HiSeq 2500,4868sTS.Rabbit.Cerebellum.19.5.Male_s,SINGLE,PolyA,TRANSCRIPTOMIC,hindbrain,Oryctolagus cuniculus,ILLUMINA,2019-02-19T00:00:00Z,2022-07-14T16:41:00Z,2,SAMEA4670175,E-MTAB-6782:4868sTS.Rabbit.Cerebellum.19.5.Male,Oryctolagus cuniculus,male,ERP108867,New Zealand,E-MTAB-6782:4868sTS.Rabbit.Cerebellum.19.5.Male
ERR2587485,19.5,RNA-Seq,101,2924545496,PRJEB26840,SAMEA4670176,ArrayExpress,1129101192,"Lausanne Genomics Technology Facility ",rabbit,public,"fastq,run.zq,sra","ena,gs,ncbi,s3","ena,gs.us-east1,ncbi.public,s3.us-east-1",embryo,2019-02-18,2018-12-30T17:01:52Z,2018-11-16,2018-05-18T21:20:04Z,ERX2603761,embryonic day 19.5,hindbrain,female,SAMEA4670176,wild type genotype,The University of Heidelberg,2018-12-30T17:01:52Z,2018-05-18T21:20:04Z,public,Illumina HiSeq 2500,4876sTS.Rabbit.Cerebellum.19.5.Female_s,SINGLE,PolyA,TRANSCRIPTOMIC,hindbrain,Oryctolagus cuniculus,ILLUMINA,2019-02-19T00:00:00Z,2021-10-25T01:23:00Z,2,SAMEA4670176,E-MTAB-6782:4876sTS.Rabbit.Cerebellum.19.5.Female,Oryctolagus cuniculus,female,ERP108867,New Zealand,E-MTAB-6782:4876sTS.Rabbit.Cerebellum.19.5.Female
ERR2587486,19.5,RNA-Seq,101,3224650129,PRJEB26840,SAMEA4670177,ArrayExpress,1247871612,"Lausanne Genomics Technology Facility ",rabbit,public,"fastq,run.zq,sra","ena,gs,ncbi,s3","ena,gs.us-east1,ncbi.public,s3.us-east-1",embryo,2019-02-18,2018-12-30T17:01:52Z,2018-11-16,2018-05-18T21:20:04Z,ERX2603762,embryonic day 19.5,kidney,female,SAMEA4670177,wild type genotype,The University of Heidelberg,2018-12-30T17:01:52Z,2018-05-18T21:20:04Z,public,Illumina HiSeq 2500,4784sTS.Rabbit.Kidney.19.5.Female_s,SINGLE,PolyA,TRANSCRIPTOMIC,kidney,Oryctolagus cuniculus,ILLUMINA,2019-02-19T00:00:00Z,2022-07-26T05:51:00Z,2,SAMEA4670177,E-MTAB-6782:4784sTS.Rabbit.Kidney.19.5.Female,Oryctolagus cuniculus,female,ERP108867,New Zealand,E-MTAB-6782:4784sTS.Rabbit.Kidney.19.5.Female
ERR2587487,19.5,RNA-Seq,101,5146036557,PRJEB26840,SAMEA4670178,ArrayExpress,1968798373,"Lausanne Genomics Technology Facility ",rabbit,public,"fastq,run.zq,sra","ena,gs,ncbi,s3","ena,gs.us-east1,ncbi.public,s3.us-east-1",embryo,2019-02-18,2018-12-30T17:01:52Z,2018-11-16,2018-05-18T21:20:04Z,ERX2603763,embryonic day 19.5,kidney,male,SAMEA4670178,wild type genotype,The University of Heidelberg,2018-12-30T17:01:52Z,2018-05-18T21:20:04Z,public,Illumina HiSeq 2500,4791sTS.Rabbit.Kidney.19.5.Male_s,SINGLE,PolyA,TRANSCRIPTOMIC,kidney,Oryctolagus cuniculus,ILLUMINA,2019-02-19T00:00:00Z,2022-07-14T14:51:00Z,2,SAMEA4670178,E-MTAB-6782:4791sTS.Rabbit.Kidney.19.5.Male,Oryctolagus cuniculus,male,ERP108867,New Zealand,E-MTAB-6782:4791sTS.Rabbit.Kidney.19.5.Male
ERR2587488,19.5,RNA-Seq,101,3883525548,PRJEB26840,SAMEA4670179,ArrayExpress,1372139890,"Lausanne Genomics Technology Facility ",rabbit,public,"fastq,run.zq,sra","ena,gs,ncbi,s3","ena,gs.us-east1,ncbi.public,s3.us-east-1",embryo,2019-02-18,2018-12-30T17:01:52Z,2018-11-16,2018-05-18T21:20:04Z,ERX2603764,embryonic day 19.5,kidney,male,SAMEA4670179,wild type genotype,The University of Heidelberg,2018-12-30T17:01:52Z,2018-05-18T21:20:04Z,public,Illumina HiSeq 2500,4870sTSm.Rabbit.Kidney.19.5.Male_s,SINGLE,PolyA,TRANSCRIPTOMIC,kidney,Oryctolagus cuniculus,ILLUMINA,2019-02-19T00:00:00Z,2022-07-17T10:07:00Z,2,SAMEA4670179,E-MTAB-6782:4870sTSm.Rabbit.Kidney.19.5.Male,Oryctolagus cuniculus,male,ERP108867,New Zealand,E-MTAB-6782:4870sTSm.Rabbit.Kidney.19.5.Male
ERR2587489,19.5,RNA-Seq,101,3857145661,PRJEB26840,SAMEA4670180,ArrayExpress,1347381747,"Lausanne Genomics Technology Facility ",rabbit,public,"fastq,run.zq,sra","ena,gs,ncbi,s3","ena,gs.us-east1,ncbi.public,s3.us-east-1",embryo,2019-02-18,2018-12-30T17:01:52Z,2018-11-16,2018-05-18T21:20:04Z,ERX2603765,embryonic day 19.5,kidney,female,SAMEA4670180,wild type genotype,The University of Heidelberg,2018-12-30T17:01:52Z,2018-05-18T21:20:04Z,public,Illumina HiSeq 2500,4878sTSm.Rabbit.Kidney.19.5.Female_s,SINGLE,PolyA,TRANSCRIPTOMIC,kidney,Oryctolagus cuniculus,ILLUMINA,2019-02-19T00:00:00Z,2022-07-20T20:29:00Z,2,SAMEA4670180,E-MTAB-6782:4878sTSm.Rabbit.Kidney.19.5.Female,Oryctolagus cuniculus,female,ERP108867,New Zealand,E-MTAB-6782:4878sTSm.Rabbit.Kidney.19.5.Female
ERR2587490,19.5,RNA-Seq,101,3658599962,PRJEB26840,SAMEA4670181,ArrayExpress,1407811492,"Lausanne Genomics Technology Facility ",rabbit,public,"fastq,run.zq,sra","ena,gs,ncbi,s3","ena,gs.us-east1,ncbi.public,s3.us-east-1",embryo,2019-02-18,2018-12-30T17:01:52Z,2018-11-16,2018-05-18T21:20:04Z,ERX2603766,embryonic day 19.5,liver,female,SAMEA4670181,wild type genotype,The University of Heidelberg,2018-12-30T17:01:52Z,2018-05-18T21:20:04Z,public,Illumina HiSeq 2500,4785sTS.Rabbit.Liver.19.5.Female_s,SINGLE,PolyA,TRANSCRIPTOMIC,liver,Oryctolagus cuniculus,ILLUMINA,2019-02-19T00:00:00Z,2022-07-14T04:53:00Z,2,SAMEA4670181,E-MTAB-6782:4785sTS.Rabbit.Liver.19.5.Female,Oryctolagus cuniculus,female,ERP108867,New Zealand,E-MTAB-6782:4785sTS.Rabbit.Liver.19.5.Female
ERR2587491,19.5,RNA-Seq,101,4414785851,PRJEB26840,SAMEA4670182,ArrayExpress,1687516140,"Lausanne Genomics Technology Facility ",rabbit,public,"fastq,run.zq,sra","ena,gs,ncbi,s3","ena,gs.us-east1,ncbi.public,s3.us-east-1",embryo,2019-02-18,2018-12-30T17:01:52Z,2018-11-16,2018-05-18T21:20:05Z,ERX2603767,embryonic day 19.5,liver,male,SAMEA4670182,wild type genotype,The University of Heidelberg,2018-12-30T17:01:52Z,2018-05-18T21:20:05Z,public,Illumina HiSeq 2500,4792sTS.Rabbit.Liver.19.5.Male_s,SINGLE,PolyA,TRANSCRIPTOMIC,liver,Oryctolagus cuniculus,ILLUMINA,2019-02-19T00:00:00Z,2021-10-25T01:58:00Z,2,SAMEA4670182,E-MTAB-6782:4792sTS.Rabbit.Liver.19.5.Male,Oryctolagus cuniculus,male,ERP108867,New Zealand,E-MTAB-6782:4792sTS.Rabbit.Liver.19.5.Male
ERR2587492,19.5,RNA-Seq,101,3969109817,PRJEB26840,SAMEA4670183,ArrayExpress,1391816544,"Lausanne Genomics Technology Facility ",rabbit,public,"fastq,run.zq,sra","ena,gs,ncbi,s3","ena,gs.us-east1,ncbi.public,s3.us-east-1",embryo,2019-02-18,2018-12-30T17:01:52Z,2018-11-16,2018-05-18T21:20:05Z,ERX2603768,embryonic day 19.5,liver,male,SAMEA4670183,wild type genotype,The University of Heidelberg,2018-12-30T17:01:52Z,2018-05-18T21:20:05Z,public,Illumina HiSeq 2500,4871sTSm.Rabbit.Liver.19.5.Male_s,SINGLE,PolyA,TRANSCRIPTOMIC,liver,Oryctolagus cuniculus,ILLUMINA,2019-02-19T00:00:00Z,2022-07-26T05:53:00Z,2,SAMEA4670183,E-MTAB-6782:4871sTSm.Rabbit.Liver.19.5.Male,Oryctolagus cuniculus,male,ERP108867,New Zealand,E-MTAB-6782:4871sTSm.Rabbit.Liver.19.5.Male
ERR2587493,19.5,RNA-Seq,101,5201573023,PRJEB26840,SAMEA4670184,ArrayExpress,2004846628,"Lausanne Genomics Technology Facility ",rabbit,public,"fastq,run.zq,sra","ena,gs,ncbi,s3","ena,gs.us-east1,ncbi.public,s3.us-east-1",embryo,2019-02-18,2018-12-30T17:01:52Z,2018-11-16,2018-05-18T21:20:05Z,ERX2603769,embryonic day 19.5,liver,female,SAMEA4670184,wild type genotype,The University of Heidelberg,2018-12-30T17:01:52Z,2018-05-18T21:20:05Z,public,Illumina HiSeq 2500,4879sTS.Rabbit.Liver.19.5.Female_s,SINGLE,PolyA,TRANSCRIPTOMIC,liver,Oryctolagus cuniculus,ILLUMINA,2019-02-19T00:00:00Z,2022-07-18T06:45:00Z,2,SAMEA4670184,E-MTAB-6782:4879sTS.Rabbit.Liver.19.5.Female,Oryctolagus cuniculus,female,ERP108867,New Zealand,E-MTAB-6782:4879sTS.Rabbit.Liver.19.5.Female
ERR2587494,19.5,RNA-Seq,101,3609156523,PRJEB26840,SAMEA4670185,ArrayExpress,1396181968,"Lausanne Genomics Technology Facility ",rabbit,public,"fastq,run.zq,sra","ena,gs,ncbi,s3","ena,gs.us-east1,ncbi.public,s3.us-east-1",embryo,2019-02-18,2018-12-30T17:01:52Z,2018-11-16,2018-05-18T21:20:05Z,ERX2603770,embryonic day 19.5,ovary,female,SAMEA4670185,wild type genotype,The University of Heidelberg,2018-12-30T17:01:52Z,2018-05-18T21:20:05Z,public,Illumina HiSeq 2500,4786sTS.Rabbit.Ovary.19.5.Female_s,SINGLE,PolyA,TRANSCRIPTOMIC,ovary,Oryctolagus cuniculus,ILLUMINA,2019-02-19T00:00:00Z,2022-07-20T23:16:00Z,2,SAMEA4670185,E-MTAB-6782:4786sTS.Rabbit.Ovary.19.5.Female,Oryctolagus cuniculus,female,ERP108867,New Zealand,E-MTAB-6782:4786sTS.Rabbit.Ovary.19.5.Female
ERR2587495,19.5,RNA-Seq,101,5167270999,PRJEB26840,SAMEA4670186,ArrayExpress,1988605487,"Lausanne Genomics Technology Facility ",rabbit,public,"fastq,run.zq,sra","ena,gs,ncbi,s3","ena,gs.us-east1,ncbi.public,s3.us-east-1",embryo,2019-02-18,2018-12-30T17:01:52Z,2018-11-16,2018-05-18T21:20:05Z,ERX2603771,embryonic day 19.5,ovary,female,SAMEA4670186,wild type genotype,The University of Heidelberg,2018-12-30T17:01:52Z,2018-05-18T21:20:05Z,public,Illumina HiSeq 2500,4880sTS.Rabbit.Ovary.19.5.Female_s,SINGLE,PolyA,TRANSCRIPTOMIC,ovary,Oryctolagus cuniculus,ILLUMINA,2019-02-19T00:00:00Z,2021-10-25T02:05:00Z,2,SAMEA4670186,E-MTAB-6782:4880sTS.Rabbit.Ovary.19.5.Female,Oryctolagus cuniculus,female,ERP108867,New Zealand,E-MTAB-6782:4880sTS.Rabbit.Ovary.19.5.Female
ERR2587496,19.5,RNA-Seq,101,3379785826,PRJEB26840,SAMEA4670187,ArrayExpress,1320169699,"Lausanne Genomics Technology Facility ",rabbit,public,"fastq,run.zq,sra","ena,gs,ncbi,s3","ena,gs.us-east1,ncbi.public,s3.us-east-1",embryo,2019-02-18,2018-12-30T17:01:52Z,2018-11-16,2018-05-18T21:20:05Z,ERX2603772,embryonic day 19.5,testis,male,SAMEA4670187,wild type genotype,The University of Heidelberg,2018-12-30T17:01:52Z,2018-05-18T21:20:05Z,public,Illumina HiSeq 2500,4864sTS.Rabbit.Testis.19.5.Male_s,SINGLE,PolyA,TRANSCRIPTOMIC,testis,Oryctolagus cuniculus,ILLUMINA,2019-02-19T00:00:00Z,2022-07-26T05:50:00Z,2,SAMEA4670187,E-MTAB-6782:4864sTS.Rabbit.Testis.19.5.Male,Oryctolagus cuniculus,male,ERP108867,New Zealand,E-MTAB-6782:4864sTS.Rabbit.Testis.19.5.Male
ERR2587497,19.5,RNA-Seq,101,3824558213,PRJEB26840,SAMEA4670188,ArrayExpress,1338341793,"Lausanne Genomics Technology Facility ",rabbit,public,"fastq,run.zq,sra","ena,gs,ncbi,s3","ena,gs.us-east1,ncbi.public,s3.us-east-1",embryo,2019-02-18,2018-12-30T17:01:52Z,2018-11-16,2018-05-18T21:20:05Z,ERX2603773,embryonic day 19.5,testis,male,SAMEA4670188,wild type genotype,The University of Heidelberg,2018-12-30T17:01:52Z,2018-05-18T21:20:05Z,public,Illumina HiSeq 2500,4872sTSm.Rabbit.Testis.19.5.Male_s,SINGLE,PolyA,TRANSCRIPTOMIC,testis,Oryctolagus cuniculus,ILLUMINA,2019-02-19T00:00:00Z,2021-10-25T01:43:00Z,2,SAMEA4670188,E-MTAB-6782:4872sTSm.Rabbit.Testis.19.5.Male,Oryctolagus cuniculus,male,ERP108867,New Zealand,E-MTAB-6782:4872sTSm.Rabbit.Testis.19.5.Male
ERR2587498,21,RNA-Seq,101,2495830796,PRJEB26840,SAMEA4670189,ArrayExpress,978150479,"Lausanne Genomics Technology Facility ",rabbit,public,"fastq,run.zq,sra","ena,gs,ncbi,s3","ena,gs.us-east1,ncbi.public,s3.us-east-1",embryo,2019-02-18,2018-12-30T17:01:52Z,2018-11-16,2018-05-18T21:20:05Z,ERX2603774,embryonic day 21,forebrain,female,SAMEA4670189,wild type genotype,The University of Heidelberg,2018-12-30T17:01:52Z,2018-05-18T21:20:05Z,public,Illumina HiSeq 2500,4881sTS.Rabbit.Brain.21.Female_s,SINGLE,PolyA,TRANSCRIPTOMIC,forebrain,Oryctolagus cuniculus,ILLUMINA,2019-02-19T00:00:00Z,2022-07-26T05:50:00Z,2,SAMEA4670189,E-MTAB-6782:4881sTS.Rabbit.Brain.21.Female,Oryctolagus cuniculus,female,ERP108867,New Zealand,E-MTAB-6782:4881sTS.Rabbit.Brain.21.Female
ERR2587499,21,RNA-Seq,101,2583301442,PRJEB26840,SAMEA4670190,ArrayExpress,1012883859,"Lausanne Genomics Technology Facility ",rabbit,public,"fastq,run.zq,sra","ena,gs,ncbi,s3","ena,gs.us-east1,ncbi.public,s3.us-east-1",embryo,2019-02-18,2018-12-30T17:01:52Z,2018-11-16,2018-05-18T21:20:05Z,ERX2603775,embryonic day 21,forebrain,female,SAMEA4670190,wild type genotype,The University of Heidelberg,2018-12-30T17:01:52Z,2018-05-18T21:20:05Z,public,Illumina HiSeq 2500,4883sTS.Rabbit.Brain.21.Female_s,SINGLE,PolyA,TRANSCRIPTOMIC,forebrain,Oryctolagus cuniculus,ILLUMINA,2019-02-19T00:00:00Z,2022-07-26T05:51:00Z,2,SAMEA4670190,E-MTAB-6782:4883sTS.Rabbit.Brain.21.Female,Oryctolagus cuniculus,female,ERP108867,New Zealand,E-MTAB-6782:4883sTS.Rabbit.Brain.21.Female
ERR2587500,21,RNA-Seq,101,7863444991,PRJEB26840,SAMEA4670191,ArrayExpress,2972992417,"Lausanne Genomics Technology Facility ",rabbit,public,"fastq,run.zq,sra","ena,gs,ncbi,s3","ena,gs.us-east1,ncbi.public,s3.us-east-1",embryo,2019-02-18,2018-12-30T17:01:52Z,2018-11-16,2018-05-18T21:20:05Z,ERX2603776,embryonic day 21,forebrain,male,SAMEA4670191,wild type genotype,The University of Heidelberg,2018-12-30T17:01:52Z,2018-05-18T21:20:05Z,public,Illumina HiSeq 2500,4885sTS.Rabbit.Brain.21.Male_s,SINGLE,PolyA,TRANSCRIPTOMIC,forebrain,Oryctolagus cuniculus,ILLUMINA,2019-02-19T00:00:00Z,2022-07-14T05:02:00Z,2,SAMEA4670191,E-MTAB-6782:4885sTS.Rabbit.Brain.21.Male,Oryctolagus cuniculus,male,ERP108867,New Zealand,E-MTAB-6782:4885sTS.Rabbit.Brain.21.Male
ERR2587501,21,RNA-Seq,101,3724515592,PRJEB26840,SAMEA4670192,ArrayExpress,1444810978,"Lausanne Genomics Technology Facility ",rabbit,public,"fastq,run.zq,sra","ena,gs,ncbi,s3","ena,gs.us-east1,ncbi.public,s3.us-east-1",embryo,2019-02-18,2018-12-30T17:01:52Z,2018-11-16,2018-05-18T21:20:05Z,ERX2603777,embryonic day 21,forebrain,male,SAMEA4670192,wild type genotype,The University of Heidelberg,2018-12-30T17:01:52Z,2018-05-18T21:20:05Z,public,Illumina HiSeq 2500,4887sTS.Rabbit.Brain.21.Male_s,SINGLE,PolyA,TRANSCRIPTOMIC,forebrain,Oryctolagus cuniculus,ILLUMINA,2019-02-19T00:00:00Z,2022-07-14T10:05:00Z,2,SAMEA4670192,E-MTAB-6782:4887sTS.Rabbit.Brain.21.Male,Oryctolagus cuniculus,male,ERP108867,New Zealand,E-MTAB-6782:4887sTS.Rabbit.Brain.21.Male
ERR2587502,21,RNA-Seq,101,2013536303,PRJEB26840,SAMEA4670193,ArrayExpress,761928956,"Lausanne Genomics Technology Facility ",rabbit,public,"fastq,run.zq,sra","ena,gs,ncbi,s3","ena,gs.us-east1,ncbi.public,s3.us-east-1",embryo,2019-02-18,2018-12-30T17:01:52Z,2018-11-16,2018-05-18T21:20:05Z,ERX2603778,embryonic day 21,heart,male,SAMEA4670193,wild type genotype,The University of Heidelberg,2018-12-30T17:01:52Z,2018-05-18T21:20:05Z,public,Illumina HiSeq 2500,3255sTS.Rabbit.Heart.21.Male_s,SINGLE,PolyA,TRANSCRIPTOMIC,heart,Oryctolagus cuniculus,ILLUMINA,2019-02-19T00:00:00Z,2022-07-17T23:33:00Z,2,SAMEA4670193,E-MTAB-6782:3255sTS.Rabbit.Heart.21.Male,Oryctolagus cuniculus,male,ERP108867,New Zealand,E-MTAB-6782:3255sTS.Rabbit.Heart.21.Male
ERR2587503,21,RNA-Seq,101,3253249794,PRJEB26840,SAMEA4670194,ArrayExpress,1221819329,"Lausanne Genomics Technology Facility ",rabbit,public,"fastq,run.zq,sra","ena,gs,ncbi,s3","ena,gs.us-east1,ncbi.public,s3.us-east-1",embryo,2019-02-18,2018-12-30T17:01:52Z,2018-11-16,2018-05-18T21:20:05Z,ERX2603779,embryonic day 21,heart,male,SAMEA4670194,wild type genotype,The University of Heidelberg,2018-12-30T17:01:52Z,2018-05-18T21:20:05Z,public,Illumina HiSeq 2500,3311sTS.Rabbit.Heart.21.Male_s,SINGLE,PolyA,TRANSCRIPTOMIC,heart,Oryctolagus cuniculus,ILLUMINA,2019-02-19T00:00:00Z,2021-10-25T01:36:00Z,2,SAMEA4670194,E-MTAB-6782:3311sTS.Rabbit.Heart.21.Male,Oryctolagus cuniculus,male,ERP108867,New Zealand,E-MTAB-6782:3311sTS.Rabbit.Heart.21.Male
ERR2587504,21,RNA-Seq,101,2089985324,PRJEB26840,SAMEA4670195,ArrayExpress,772370629,"Lausanne Genomics Technology Facility ",rabbit,public,"fastq,run.zq,sra","ena,gs,ncbi,s3","ena,gs.us-east1,ncbi.public,s3.us-east-1",embryo,2019-02-18,2018-12-30T17:01:52Z,2018-11-16,2018-05-18T21:20:05Z,ERX2603780,embryonic day 21,heart,female,SAMEA4670195,wild type genotype,The University of Heidelberg,2018-12-30T17:01:52Z,2018-05-18T21:20:05Z,public,Illumina HiSeq 2500,3317sTS.Rabbit.Heart.21.Female_s,SINGLE,PolyA,TRANSCRIPTOMIC,heart,Oryctolagus cuniculus,ILLUMINA,2019-02-19T00:00:00Z,2021-10-25T01:14:00Z,2,SAMEA4670195,E-MTAB-6782:3317sTS.Rabbit.Heart.21.Female,Oryctolagus cuniculus,female,ERP108867,New Zealand,E-MTAB-6782:3317sTS.Rabbit.Heart.21.Female
ERR2587505,21,RNA-Seq,101,2540042334,PRJEB26840,SAMEA4670196,ArrayExpress,861759701,"Lausanne Genomics Technology Facility ",rabbit,public,"fastq,run.zq,sra","ena,gs,ncbi,s3","ena,gs.us-east1,ncbi.public,s3.us-east-1",embryo,2019-02-18,2018-12-30T17:01:52Z,2018-11-16,2018-05-18T21:20:05Z,ERX2603781,embryonic day 21,heart,female,SAMEA4670196,wild type genotype,The University of Heidelberg,2018-12-30T17:01:52Z,2018-05-18T21:20:05Z,public,Illumina HiSeq 2500,3397sTS.Rabbit.Heart.21.Female_s,SINGLE,PolyA,TRANSCRIPTOMIC,heart,Oryctolagus cuniculus,ILLUMINA,2019-02-19T00:00:00Z,2022-07-17T19:29:00Z,2,SAMEA4670196,E-MTAB-6782:3397sTS.Rabbit.Heart.21.Female,Oryctolagus cuniculus,female,ERP108867,New Zealand,E-MTAB-6782:3397sTS.Rabbit.Heart.21.Female
ERR2587506,21,RNA-Seq,101,3303025321,PRJEB26840,SAMEA4670197,ArrayExpress,1270235769,"Lausanne Genomics Technology Facility ",rabbit,public,"fastq,run.zq,sra","ena,gs,ncbi,s3","ena,gs.us-east1,ncbi.public,s3.us-east-1",embryo,2019-02-18,2018-12-30T17:01:52Z,2018-11-16,2018-05-18T21:20:05Z,ERX2603782,embryonic day 21,hindbrain,female,SAMEA4670197,wild type genotype,The University of Heidelberg,2018-12-30T17:01:52Z,2018-05-18T21:20:05Z,public,Illumina HiSeq 2500,4882sTS.Rabbit.Cerebellum.21.Female_s,SINGLE,PolyA,TRANSCRIPTOMIC,hindbrain,Oryctolagus cuniculus,ILLUMINA,2019-02-19T00:00:00Z,2022-07-26T05:51:00Z,2,SAMEA4670197,E-MTAB-6782:4882sTS.Rabbit.Cerebellum.21.Female,Oryctolagus cuniculus,female,ERP108867,New Zealand,E-MTAB-6782:4882sTS.Rabbit.Cerebellum.21.Female
ERR2587507,21,RNA-Seq,101,3587669985,PRJEB26840,SAMEA4670198,ArrayExpress,1395777850,"Lausanne Genomics Technology Facility ",rabbit,public,"fastq,run.zq,sra","ena,gs,ncbi,s3","ena,gs.us-east1,ncbi.public,s3.us-east-1",embryo,2019-02-18,2018-12-30T17:01:52Z,2018-11-16,2018-05-18T21:20:05Z,ERX2603783,embryonic day 21,hindbrain,female,SAMEA4670198,wild type genotype,The University of Heidelberg,2018-12-30T17:01:52Z,2018-05-18T21:20:05Z,public,Illumina HiSeq 2500,4884sTS.Rabbit.Cerebellum.21.Female_s,SINGLE,PolyA,TRANSCRIPTOMIC,hindbrain,Oryctolagus cuniculus,ILLUMINA,2019-02-19T00:00:00Z,2022-07-29T19:00:00Z,2,SAMEA4670198,E-MTAB-6782:4884sTS.Rabbit.Cerebellum.21.Female,Oryctolagus cuniculus,female,ERP108867,New Zealand,E-MTAB-6782:4884sTS.Rabbit.Cerebellum.21.Female
ERR2587508,21,RNA-Seq,101,5157658324,PRJEB26840,SAMEA4670199,ArrayExpress,1995768500,"Lausanne Genomics Technology Facility ",rabbit,public,"fastq,run.zq,sra","ena,gs,ncbi,s3","ena,gs.us-east1,ncbi.public,s3.us-east-1",embryo,2019-02-18,2018-12-30T17:01:52Z,2018-11-16,2018-05-18T21:20:05Z,ERX2603784,embryonic day 21,hindbrain,male,SAMEA4670199,wild type genotype,The University of Heidelberg,2018-12-30T17:01:52Z,2018-05-18T21:20:05Z,public,Illumina HiSeq 2500,4888sTS.Rabbit.Cerebellum.21.Male_s,SINGLE,PolyA,TRANSCRIPTOMIC,hindbrain,Oryctolagus cuniculus,ILLUMINA,2019-02-19T00:00:00Z,2021-10-25T02:02:00Z,2,SAMEA4670199,E-MTAB-6782:4888sTS.Rabbit.Cerebellum.21.Male,Oryctolagus cuniculus,male,ERP108867,New Zealand,E-MTAB-6782:4888sTS.Rabbit.Cerebellum.21.Male
ERR2587509,21,RNA-Seq,101,7644176112,PRJEB26840,SAMEA4670200,ArrayExpress,2813852600,"Lausanne Genomics Technology Facility ",rabbit,public,"fastq,run.zq,sra","ena,gs,ncbi,s3","ena,gs.us-east1,ncbi.public,s3.us-east-1",embryo,2019-02-18,2018-12-30T17:01:52Z,2018-11-16,2018-05-18T21:20:05Z,ERX2603785,embryonic day 21,kidney,male,SAMEA4670200,wild type genotype,The University of Heidelberg,2018-12-30T17:01:52Z,2018-05-18T21:20:05Z,public,Illumina HiSeq 2500,3256sTS.Rabbit.Kidney.21.Male_s,SINGLE,PolyA,TRANSCRIPTOMIC,kidney,Oryctolagus cuniculus,ILLUMINA,2019-02-19T00:00:00Z,2022-07-26T06:04:00Z,2,SAMEA4670200,E-MTAB-6782:3256sTS.Rabbit.Kidney.21.Male,Oryctolagus cuniculus,male,ERP108867,New Zealand,E-MTAB-6782:3256sTS.Rabbit.Kidney.21.Male
ERR2587510,21,RNA-Seq,101,4588748756,PRJEB26840,SAMEA4670201,ArrayExpress,1708354752,"Lausanne Genomics Technology Facility ",rabbit,public,"fastq,run.zq,sra","ena,gs,ncbi,s3","ena,gs.us-east1,ncbi.public,s3.us-east-1",embryo,2019-02-18,2018-12-30T17:01:52Z,2018-11-16,2018-05-18T21:20:05Z,ERX2603786,embryonic day 21,kidney,male,SAMEA4670201,wild type genotype,The University of Heidelberg,2018-12-30T17:01:52Z,2018-05-18T21:20:05Z,public,Illumina HiSeq 2500,3312sTS.Rabbit.Kidney.21.Male_s,SINGLE,PolyA,TRANSCRIPTOMIC,kidney,Oryctolagus cuniculus,ILLUMINA,2019-02-19T00:00:00Z,2022-07-15T18:17:00Z,2,SAMEA4670201,E-MTAB-6782:3312sTS.Rabbit.Kidney.21.Male,Oryctolagus cuniculus,male,ERP108867,New Zealand,E-MTAB-6782:3312sTS.Rabbit.Kidney.21.Male
ERR2587511,21,RNA-Seq,101,3979239309,PRJEB26840,SAMEA4670202,ArrayExpress,1478302716,"Lausanne Genomics Technology Facility ",rabbit,public,"fastq,run.zq,sra","ena,gs,ncbi,s3","ena,gs.us-east1,ncbi.public,s3.us-east-1",embryo,2019-02-18,2018-12-30T17:01:52Z,2018-11-16,2018-05-18T21:20:05Z,ERX2603787,embryonic day 21,kidney,female,SAMEA4670202,wild type genotype,The University of Heidelberg,2018-12-30T17:01:52Z,2018-05-18T21:20:05Z,public,Illumina HiSeq 2500,3318sTS.Rabbit.Kidney.21.Female_s,SINGLE,PolyA,TRANSCRIPTOMIC,kidney,Oryctolagus cuniculus,ILLUMINA,2019-02-19T00:00:00Z,2022-07-20T16:07:00Z,2,SAMEA4670202,E-MTAB-6782:3318sTS.Rabbit.Kidney.21.Female,Oryctolagus cuniculus,female,ERP108867,New Zealand,E-MTAB-6782:3318sTS.Rabbit.Kidney.21.Female
ERR2587512,21,RNA-Seq,101,957887838,PRJEB26840,SAMEA4670203,ArrayExpress,341274494,"Lausanne Genomics Technology Facility ",rabbit,public,"fastq,run.zq,sra","ena,gs,ncbi,s3","ena,gs.us-east1,ncbi.public,s3.us-east-1",embryo,2019-02-18,2018-12-30T17:01:52Z,2018-11-16,2018-05-18T21:20:05Z,ERX2603788,embryonic day 21,kidney,female,SAMEA4670203,wild type genotype,The University of Heidelberg,2018-12-30T17:01:52Z,2018-05-18T21:20:05Z,public,Illumina HiSeq 2500,3398sTS.Rabbit.Kidney.21.Female_s,SINGLE,PolyA,TRANSCRIPTOMIC,kidney,Oryctolagus cuniculus,ILLUMINA,2019-02-19T00:00:00Z,2022-07-26T05:47:00Z,2,SAMEA4670203,E-MTAB-6782:3398sTS.Rabbit.Kidney.21.Female,Oryctolagus cuniculus,female,ERP108867,New Zealand,E-MTAB-6782:3398sTS.Rabbit.Kidney.21.Female
ERR2587513,21,RNA-Seq,101,2368783300,PRJEB26840,SAMEA4670204,ArrayExpress,868842731,"Lausanne Genomics Technology Facility ",rabbit,public,"fastq,run.zq,sra","ena,gs,ncbi,s3","ena,gs.us-east1,ncbi.public,s3.us-east-1",embryo,2019-02-18,2018-12-30T17:01:52Z,2018-11-16,2018-05-18T21:20:05Z,ERX2603789,embryonic day 21,liver,male,SAMEA4670204,wild type genotype,The University of Heidelberg,2018-12-30T17:01:52Z,2018-05-18T21:20:05Z,public,Illumina HiSeq 2500,3257sTS.Rabbit.Liver.21.Male_s,SINGLE,PolyA,TRANSCRIPTOMIC,liver,Oryctolagus cuniculus,ILLUMINA,2019-02-19T00:00:00Z,2021-10-25T01:15:00Z,2,SAMEA4670204,E-MTAB-6782:3257sTS.Rabbit.Liver.21.Male,Oryctolagus cuniculus,male,ERP108867,New Zealand,E-MTAB-6782:3257sTS.Rabbit.Liver.21.Male
ERR2587514,21,RNA-Seq,101,2793922600,PRJEB26840,SAMEA4670205,ArrayExpress,988004543,"Lausanne Genomics Technology Facility ",rabbit,public,"fastq,run.zq,sra","ena,gs,ncbi,s3","ena,gs.us-east1,ncbi.public,s3.us-east-1",embryo,2019-02-18,2018-12-30T17:01:52Z,2018-11-16,2018-05-18T21:20:06Z,ERX2603790,embryonic day 21,liver,male,SAMEA4670205,wild type genotype,The University of Heidelberg,2018-12-30T17:01:52Z,2018-05-18T21:20:06Z,public,Illumina HiSeq 2500,3264sTS.Rabbit.Liver.21.Male_s,SINGLE,PolyA,TRANSCRIPTOMIC,liver,Oryctolagus cuniculus,ILLUMINA,2019-02-19T00:00:00Z,2022-07-19T01:01:00Z,2,SAMEA4670205,E-MTAB-6782:3264sTS.Rabbit.Liver.21.Male,Oryctolagus cuniculus,male,ERP108867,New Zealand,E-MTAB-6782:3264sTS.Rabbit.Liver.21.Male
ERR2587515,21,RNA-Seq,100,4559926900,PRJEB26840,SAMEA4670206,ArrayExpress,2912881964,"Lausanne Genomics Technology Facility ",rabbit,public,"fastq,run.zq,sra","ena,gs,ncbi,s3","ena,gs.us-east1,ncbi.public,s3.us-east-1",embryo,2019-02-18,2018-12-30T17:01:52Z,2018-11-16,2018-05-18T21:20:06Z,ERX2603791,embryonic day 21,liver,female,SAMEA4670206,wild type genotype,The University of Heidelberg,2018-12-30T17:01:52Z,2018-05-18T21:20:06Z,public,Illumina HiSeq 2500,3288sTS.Rabbit.Liver.21.Female_s,SINGLE,PolyA,TRANSCRIPTOMIC,liver,Oryctolagus cuniculus,ILLUMINA,2019-02-19T00:00:00Z,2021-10-25T02:09:00Z,2,SAMEA4670206,E-MTAB-6782:3288sTS.Rabbit.Liver.21.Female,Oryctolagus cuniculus,female,ERP108867,New Zealand,E-MTAB-6782:3288sTS.Rabbit.Liver.21.Female
ERR2587516,21,RNA-Seq,101,4197173877,PRJEB26840,SAMEA4670207,ArrayExpress,1533798855,"Lausanne Genomics Technology Facility ",rabbit,public,"fastq,run.zq,sra","ena,gs,ncbi,s3","ena,gs.us-east1,ncbi.public,s3.us-east-1",embryo,2019-02-18,2018-12-30T17:01:52Z,2018-11-16,2018-05-18T21:20:06Z,ERX2603792,embryonic day 21,liver,female,SAMEA4670207,wild type genotype,The University of Heidelberg,2018-12-30T17:01:52Z,2018-05-18T21:20:06Z,public,Illumina HiSeq 2500,3323sTS.Rabbit.Liver.21.Female_s,SINGLE,PolyA,TRANSCRIPTOMIC,liver,Oryctolagus cuniculus,ILLUMINA,2019-02-19T00:00:00Z,2021-10-25T01:52:00Z,2,SAMEA4670207,E-MTAB-6782:3323sTS.Rabbit.Liver.21.Female,Oryctolagus cuniculus,female,ERP108867,New Zealand,E-MTAB-6782:3323sTS.Rabbit.Liver.21.Female
ERR2587517,21,RNA-Seq,101,3587794821,PRJEB26840,SAMEA4670208,ArrayExpress,2360437520,"Lausanne Genomics Technology Facility ",rabbit,public,"fastq,run.zq,sra","ena,gs,ncbi,s3","ena,gs.us-east1,ncbi.public,s3.us-east-1",embryo,2019-02-18,2018-12-30T17:01:52Z,2018-11-16,2018-05-18T21:20:06Z,ERX2603793,embryonic day 21,ovary,female,SAMEA4670208,wild type genotype,The University of Heidelberg,2018-12-30T17:01:52Z,2018-05-18T21:20:06Z,public,Illumina HiSeq 2500,3319sTS.Rabbit.Ovary.21.Female_s,SINGLE,PolyA,TRANSCRIPTOMIC,ovary,Oryctolagus cuniculus,ILLUMINA,2019-02-19T00:00:00Z,2021-10-25T02:01:00Z,2,SAMEA4670208,E-MTAB-6782:3319sTS.Rabbit.Ovary.21.Female,Oryctolagus cuniculus,female,ERP108867,New Zealand,E-MTAB-6782:3319sTS.Rabbit.Ovary.21.Female
ERR2587518,21,RNA-Seq,101,3162596436,PRJEB26840,SAMEA4670209,ArrayExpress,1146123473,"Lausanne Genomics Technology Facility ",rabbit,public,"fastq,run.zq,sra","ena,gs,ncbi,s3","ena,gs.us-east1,ncbi.public,s3.us-east-1",embryo,2019-02-18,2018-12-30T17:01:52Z,2018-11-16,2018-05-18T21:20:06Z,ERX2603794,embryonic day 21,ovary,female,SAMEA4670209,wild type genotype,The University of Heidelberg,2018-12-30T17:01:52Z,2018-05-18T21:20:06Z,public,Illumina HiSeq 2500,3399sTS.Rabbit.Ovary.21.Female_s,SINGLE,PolyA,TRANSCRIPTOMIC,ovary,Oryctolagus cuniculus,ILLUMINA,2019-02-19T00:00:00Z,2022-07-26T05:50:00Z,2,SAMEA4670209,E-MTAB-6782:3399sTS.Rabbit.Ovary.21.Female,Oryctolagus cuniculus,female,ERP108867,New Zealand,E-MTAB-6782:3399sTS.Rabbit.Ovary.21.Female
ERR2587519,21,RNA-Seq,101,2378915519,PRJEB26840,SAMEA4670210,ArrayExpress,867778671,"Lausanne Genomics Technology Facility ",rabbit,public,"fastq,run.zq,sra","ena,gs,ncbi,s3","ena,gs.us-east1,ncbi.public,s3.us-east-1",embryo,2019-02-18,2018-12-30T17:01:52Z,2018-11-16,2018-05-18T21:20:06Z,ERX2603795,embryonic day 21,testis,male,SAMEA4670210,wild type genotype,The University of Heidelberg,2018-12-30T17:01:52Z,2018-05-18T21:20:06Z,public,Illumina HiSeq 2500,3258sTS.Rabbit.Testis.21.Male_s,SINGLE,PolyA,TRANSCRIPTOMIC,testis,Oryctolagus cuniculus,ILLUMINA,2019-02-19T00:00:00Z,2021-10-25T01:19:00Z,2,SAMEA4670210,E-MTAB-6782:3258sTS.Rabbit.Testis.21.Male,Oryctolagus cuniculus,male,ERP108867,New Zealand,E-MTAB-6782:3258sTS.Rabbit.Testis.21.Male
ERR2587520,21,RNA-Seq,100,4075565900,PRJEB26840,SAMEA4670211,ArrayExpress,2603461444,"Lausanne Genomics Technology Facility ",rabbit,public,"fastq,run.zq,sra","ena,gs,ncbi,s3","ena,gs.us-east1,ncbi.public,s3.us-east-1",embryo,2019-02-18,2018-12-30T17:01:52Z,2018-11-16,2018-05-18T21:20:06Z,ERX2603796,embryonic day 21,testis,male,SAMEA4670211,wild type genotype,The University of Heidelberg,2018-12-30T17:01:52Z,2018-05-18T21:20:06Z,public,Illumina HiSeq 2500,3313sTS.Rabbit.Testis.21.Male_s,SINGLE,PolyA,TRANSCRIPTOMIC,testis,Oryctolagus cuniculus,ILLUMINA,2019-02-19T00:00:00Z,2022-07-26T05:54:00Z,2,SAMEA4670211,E-MTAB-6782:3313sTS.Rabbit.Testis.21.Male,Oryctolagus cuniculus,male,ERP108867,New Zealand,E-MTAB-6782:3313sTS.Rabbit.Testis.21.Male
ERR2587521,21,RNA-Seq,101,5041152198,PRJEB26840,SAMEA4670212,ArrayExpress,2411805757,"Lausanne Genomics Technology Facility ",rabbit,public,"fastq,run.zq,sra","ena,gs,ncbi,s3","ena,gs.us-east1,ncbi.public,s3.us-east-1",embryo,2019-02-18,2018-12-30T17:01:52Z,2018-11-16,2018-05-18T21:20:06Z,ERX2603797,embryonic day 21,brain,female,SAMEA4670212,wild type genotype,The University of Heidelberg,2018-12-30T17:01:52Z,2018-05-18T21:20:06Z,public,Illumina HiSeq 2500,3491sTS.Rabbit.WholeBrain.21.Female_s,SINGLE,PolyA,TRANSCRIPTOMIC,brain,Oryctolagus cuniculus,ILLUMINA,2019-02-19T00:00:00Z,2022-07-14T16:50:00Z,2,SAMEA4670212,E-MTAB-6782:3491sTS.Rabbit.WholeBrain.21.Female,Oryctolagus cuniculus,female,ERP108867,New Zealand,E-MTAB-6782:3491sTS.Rabbit.WholeBrain.21.Female
ERR2587522,21,RNA-Seq,101,3048941035,PRJEB26840,SAMEA4670213,ArrayExpress,1067039683,"Lausanne Genomics Technology Facility ",rabbit,public,"fastq,run.zq,sra","ena,gs,ncbi,s3","ena,gs.us-east1,ncbi.public,s3.us-east-1",embryo,2019-02-18,2018-12-30T17:01:52Z,2018-11-16,2018-05-18T21:20:06Z,ERX2603798,embryonic day 21,brain,female,SAMEA4670213,wild type genotype,The University of Heidelberg,2018-12-30T17:01:52Z,2018-05-18T21:20:06Z,public,Illumina HiSeq 2500,3492sTS.Rabbit.WholeBrain.21.Female_s,SINGLE,PolyA,TRANSCRIPTOMIC,brain,Oryctolagus cuniculus,ILLUMINA,2019-02-19T00:00:00Z,2022-07-26T05:51:00Z,2,SAMEA4670213,E-MTAB-6782:3492sTS.Rabbit.WholeBrain.21.Female,Oryctolagus cuniculus,female,ERP108867,New Zealand,E-MTAB-6782:3492sTS.Rabbit.WholeBrain.21.Female
ERR2587523,21,RNA-Seq,101,3169856922,PRJEB26840,SAMEA4670214,ArrayExpress,1100498355,"Lausanne Genomics Technology Facility ",rabbit,public,"fastq,run.zq,sra","ena,gs,ncbi,s3","ena,gs.us-east1,ncbi.public,s3.us-east-1",embryo,2019-02-18,2018-12-30T17:01:52Z,2018-11-16,2018-05-18T21:20:06Z,ERX2603799,embryonic day 21,brain,male,SAMEA4670214,wild type genotype,The University of Heidelberg,2018-12-30T17:01:52Z,2018-05-18T21:20:06Z,public,Illumina HiSeq 2500,3493sTS.Rabbit.WholeBrain.21.Male_s,SINGLE,PolyA,TRANSCRIPTOMIC,brain,Oryctolagus cuniculus,ILLUMINA,2019-02-19T00:00:00Z,2022-07-14T04:52:00Z,2,SAMEA4670214,E-MTAB-6782:3493sTS.Rabbit.WholeBrain.21.Male,Oryctolagus cuniculus,male,ERP108867,New Zealand,E-MTAB-6782:3493sTS.Rabbit.WholeBrain.21.Male
ERR2587524,21,RNA-Seq,101,4251563589,PRJEB26840,SAMEA4670215,ArrayExpress,2748983826,"Lausanne Genomics Technology Facility ",rabbit,public,"fastq,run.zq,sra","ena,gs,ncbi,s3","ena,gs.us-east1,ncbi.public,s3.us-east-1",embryo,2019-02-18,2018-12-30T17:01:52Z,2018-11-16,2018-05-18T21:20:06Z,ERX2603800,embryonic day 21,brain,male,SAMEA4670215,wild type genotype,The University of Heidelberg,2018-12-30T17:01:52Z,2018-05-18T21:20:06Z,public,Illumina HiSeq 2500,3509sTS.Rabbit.WholeBrain.21.Male_s,SINGLE,PolyA,TRANSCRIPTOMIC,brain,Oryctolagus cuniculus,ILLUMINA,2019-02-19T00:00:00Z,2021-10-25T02:10:00Z,2,SAMEA4670215,E-MTAB-6782:3509sTS.Rabbit.WholeBrain.21.Male,Oryctolagus cuniculus,male,ERP108867,New Zealand,E-MTAB-6782:3509sTS.Rabbit.WholeBrain.21.Male
ERR2587525,23,RNA-Seq,101,3315145523,PRJEB26840,SAMEA4670216,ArrayExpress,1279163448,"Lausanne Genomics Technology Facility ",rabbit,public,"fastq,run.zq,sra","ena,gs,ncbi,s3","ena,gs.us-east1,ncbi.public,s3.us-east-1",embryo,2019-02-18,2018-12-30T17:01:52Z,2018-11-16,2018-05-18T21:20:06Z,ERX2603801,embryonic day 23,forebrain,male,SAMEA4670216,wild type genotype,The University of Heidelberg,2018-12-30T17:01:52Z,2018-05-18T21:20:06Z,public,Illumina HiSeq 2500,4889sTS.Rabbit.Brain.23.Male_s,SINGLE,PolyA,TRANSCRIPTOMIC,forebrain,Oryctolagus cuniculus,ILLUMINA,2019-02-19T00:00:00Z,2022-07-17T12:09:00Z,2,SAMEA4670216,E-MTAB-6782:4889sTS.Rabbit.Brain.23.Male,Oryctolagus cuniculus,male,ERP108867,New Zealand,E-MTAB-6782:4889sTS.Rabbit.Brain.23.Male
ERR2587526,23,RNA-Seq,101,3494235895,PRJEB26840,SAMEA4670217,ArrayExpress,1351697532,"Lausanne Genomics Technology Facility ",rabbit,public,"fastq,run.zq,sra","ena,gs,ncbi,s3","ena,gs.us-east1,ncbi.public,s3.us-east-1",embryo,2019-02-18,2018-12-30T17:01:52Z,2018-11-16,2018-05-18T21:20:06Z,ERX2603802,embryonic day 23,forebrain,male,SAMEA4670217,wild type genotype,The University of Heidelberg,2018-12-30T17:01:52Z,2018-05-18T21:20:06Z,public,Illumina HiSeq 2500,4891sTS.Rabbit.Brain.23.Male_s,SINGLE,PolyA,TRANSCRIPTOMIC,forebrain,Oryctolagus cuniculus,ILLUMINA,2019-02-19T00:00:00Z,2022-07-26T05:52:00Z,2,SAMEA4670217,E-MTAB-6782:4891sTS.Rabbit.Brain.23.Male,Oryctolagus cuniculus,male,ERP108867,New Zealand,E-MTAB-6782:4891sTS.Rabbit.Brain.23.Male
ERR2587527,23,RNA-Seq,101,3819119464,PRJEB26840,SAMEA4670218,ArrayExpress,1476808316,"Lausanne Genomics Technology Facility ",rabbit,public,"fastq,run.zq,sra","ena,gs,ncbi,s3","ena,gs.us-east1,ncbi.public,s3.us-east-1",embryo,2019-02-18,2018-12-30T17:01:52Z,2018-11-16,2018-05-18T21:20:06Z,ERX2603803,embryonic day 23,forebrain,female,SAMEA4670218,wild type genotype,The University of Heidelberg,2018-12-30T17:01:52Z,2018-05-18T21:20:06Z,public,Illumina HiSeq 2500,4893sTS.Rabbit.Brain.23.Female_s,SINGLE,PolyA,TRANSCRIPTOMIC,forebrain,Oryctolagus cuniculus,ILLUMINA,2019-02-19T00:00:00Z,2022-07-13T21:44:00Z,2,SAMEA4670218,E-MTAB-6782:4893sTS.Rabbit.Brain.23.Female,Oryctolagus cuniculus,female,ERP108867,New Zealand,E-MTAB-6782:4893sTS.Rabbit.Brain.23.Female
ERR2587528,23,RNA-Seq,101,4413163690,PRJEB26840,SAMEA4670219,ArrayExpress,1659254663,"Lausanne Genomics Technology Facility ",rabbit,public,"fastq,run.zq,sra","ena,gs,ncbi,s3","ena,gs.us-east1,ncbi.public,s3.us-east-1",embryo,2019-02-18,2018-12-30T17:01:52Z,2018-11-16,2018-05-18T21:20:06Z,ERX2603804,embryonic day 23,forebrain,female,SAMEA4670219,wild type genotype,The University of Heidelberg,2018-12-30T17:01:52Z,2018-05-18T21:20:06Z,public,Illumina HiSeq 2500,4895sTS.Rabbit.Brain.23.Female_s,SINGLE,PolyA,TRANSCRIPTOMIC,forebrain,Oryctolagus cuniculus,ILLUMINA,2019-02-19T00:00:00Z,2021-10-25T02:01:00Z,2,SAMEA4670219,E-MTAB-6782:4895sTS.Rabbit.Brain.23.Female,Oryctolagus cuniculus,female,ERP108867,New Zealand,E-MTAB-6782:4895sTS.Rabbit.Brain.23.Female
ERR2587529,23,RNA-Seq,101,3007983111,PRJEB26840,SAMEA4670220,ArrayExpress,1106249502,"Lausanne Genomics Technology Facility ",rabbit,public,"fastq,run.zq,sra","ena,gs,ncbi,s3","ena,gs.us-east1,ncbi.public,s3.us-east-1",embryo,2019-02-18,2018-12-30T17:01:52Z,2018-11-16,2018-05-18T21:20:06Z,ERX2603805,embryonic day 23,heart,male,SAMEA4670220,wild type genotype,The University of Heidelberg,2018-12-30T17:01:52Z,2018-05-18T21:20:06Z,public,Illumina HiSeq 2500,3235sTS.Rabbit.Heart.23.Male_s,SINGLE,PolyA,TRANSCRIPTOMIC,heart,Oryctolagus cuniculus,ILLUMINA,2019-02-19T00:00:00Z,2022-07-26T05:51:00Z,2,SAMEA4670220,E-MTAB-6782:3235sTS.Rabbit.Heart.23.Male,Oryctolagus cuniculus,male,ERP108867,New Zealand,E-MTAB-6782:3235sTS.Rabbit.Heart.23.Male
ERR2587530,23,RNA-Seq,101,2637159389,PRJEB26840,SAMEA4670221,ArrayExpress,958882563,"Lausanne Genomics Technology Facility ",rabbit,public,"fastq,run.zq,sra","ena,gs,ncbi,s3","ena,gs.us-east1,ncbi.public,s3.us-east-1",embryo,2019-02-18,2018-12-30T17:01:52Z,2018-11-16,2018-05-18T21:20:06Z,ERX2603806,embryonic day 23,heart,female,SAMEA4670221,wild type genotype,The University of Heidelberg,2018-12-30T17:01:52Z,2018-05-18T21:20:06Z,public,Illumina HiSeq 2500,3266sTS.Rabbit.Heart.23.Female_s,SINGLE,PolyA,TRANSCRIPTOMIC,heart,Oryctolagus cuniculus,ILLUMINA,2019-02-19T00:00:00Z,2022-07-17T07:59:00Z,2,SAMEA4670221,E-MTAB-6782:3266sTS.Rabbit.Heart.23.Female,Oryctolagus cuniculus,female,ERP108867,New Zealand,E-MTAB-6782:3266sTS.Rabbit.Heart.23.Female
ERR2587531,23,RNA-Seq,101,2338106570,PRJEB26840,SAMEA4670222,ArrayExpress,871517380,"Lausanne Genomics Technology Facility ",rabbit,public,"fastq,run.zq,sra","ena,gs,ncbi,s3","ena,gs.us-east1,ncbi.public,s3.us-east-1",embryo,2019-02-18,2018-12-30T17:01:52Z,2018-11-16,2018-05-18T21:20:06Z,ERX2603807,embryonic day 23,heart,male,SAMEA4670222,wild type genotype,The University of Heidelberg,2018-12-30T17:01:52Z,2018-05-18T21:20:06Z,public,Illumina HiSeq 2500,3273sTS.Rabbit.Heart.23.Male_s,SINGLE,PolyA,TRANSCRIPTOMIC,heart,Oryctolagus cuniculus,ILLUMINA,2019-02-19T00:00:00Z,2022-07-26T05:50:00Z,2,SAMEA4670222,E-MTAB-6782:3273sTS.Rabbit.Heart.23.Male,Oryctolagus cuniculus,male,ERP108867,New Zealand,E-MTAB-6782:3273sTS.Rabbit.Heart.23.Male
ERR2587532,23,RNA-Seq,101,3087033993,PRJEB26840,SAMEA4670223,ArrayExpress,1147773167,"Lausanne Genomics Technology Facility ",rabbit,public,"fastq,run.zq,sra","ena,gs,ncbi,s3","ena,gs.us-east1,ncbi.public,s3.us-east-1",embryo,2019-02-18,2018-12-30T17:01:52Z,2018-11-16,2018-05-18T21:20:06Z,ERX2603808,embryonic day 23,heart,female,SAMEA4670223,wild type genotype,The University of Heidelberg,2018-12-30T17:01:52Z,2018-05-18T21:20:06Z,public,Illumina HiSeq 2500,3310sTS.Rabbit.Heart.23.Female_s,SINGLE,PolyA,TRANSCRIPTOMIC,heart,Oryctolagus cuniculus,ILLUMINA,2019-02-19T00:00:00Z,2021-10-25T01:33:00Z,2,SAMEA4670223,E-MTAB-6782:3310sTS.Rabbit.Heart.23.Female,Oryctolagus cuniculus,female,ERP108867,New Zealand,E-MTAB-6782:3310sTS.Rabbit.Heart.23.Female
ERR2587533,23,RNA-Seq,101,3525572761,PRJEB26840,SAMEA4670224,ArrayExpress,1361702587,"Lausanne Genomics Technology Facility ",rabbit,public,"fastq,run.zq,sra","ena,gs,ncbi,s3","ena,gs.us-east1,ncbi.public,s3.us-east-1",embryo,2019-02-18,2018-12-30T17:01:52Z,2018-11-16,2018-05-18T21:20:06Z,ERX2603809,embryonic day 23,hindbrain,male,SAMEA4670224,wild type genotype,The University of Heidelberg,2018-12-30T17:01:52Z,2018-05-18T21:20:06Z,public,Illumina HiSeq 2500,4890sTS.Rabbit.Cerebellum.23.Male_s,SINGLE,PolyA,TRANSCRIPTOMIC,hindbrain,Oryctolagus cuniculus,ILLUMINA,2019-02-19T00:00:00Z,2022-07-19T01:02:00Z,2,SAMEA4670224,E-MTAB-6782:4890sTS.Rabbit.Cerebellum.23.Male,Oryctolagus cuniculus,male,ERP108867,New Zealand,E-MTAB-6782:4890sTS.Rabbit.Cerebellum.23.Male
ERR2587534,23,RNA-Seq,101,3824811218,PRJEB26840,SAMEA4670225,ArrayExpress,1445416714,"Lausanne Genomics Technology Facility ",rabbit,public,"fastq,run.zq,sra","ena,gs,ncbi,s3","ena,gs.us-east1,ncbi.public,s3.us-east-1",embryo,2019-02-18,2018-12-30T17:01:52Z,2018-11-16,2018-05-18T21:20:07Z,ERX2603810,embryonic day 23,hindbrain,male,SAMEA4670225,wild type genotype,The University of Heidelberg,2018-12-30T17:01:52Z,2018-05-18T21:20:07Z,public,Illumina HiSeq 2500,4892sTS.Rabbit.Cerebellum.23.Male_s,SINGLE,PolyA,TRANSCRIPTOMIC,hindbrain,Oryctolagus cuniculus,ILLUMINA,2019-02-19T00:00:00Z,2021-10-25T01:52:00Z,2,SAMEA4670225,E-MTAB-6782:4892sTS.Rabbit.Cerebellum.23.Male,Oryctolagus cuniculus,male,ERP108867,New Zealand,E-MTAB-6782:4892sTS.Rabbit.Cerebellum.23.Male
ERR2587535,23,RNA-Seq,101,4184882177,PRJEB26840,SAMEA4670226,ArrayExpress,1609663788,"Lausanne Genomics Technology Facility ",rabbit,public,"fastq,run.zq,sra","ena,gs,ncbi,s3","ena,gs.us-east1,ncbi.public,s3.us-east-1",embryo,2019-02-18,2018-12-30T17:01:52Z,2018-11-16,2018-05-18T21:20:07Z,ERX2603811,embryonic day 23,hindbrain,female,SAMEA4670226,wild type genotype,The University of Heidelberg,2018-12-30T17:01:52Z,2018-05-18T21:20:07Z,public,Illumina HiSeq 2500,4894sTS.Rabbit.Cerebellum.23.Female_s,SINGLE,PolyA,TRANSCRIPTOMIC,hindbrain,Oryctolagus cuniculus,ILLUMINA,2019-02-19T00:00:00Z,2022-07-26T05:50:00Z,2,SAMEA4670226,E-MTAB-6782:4894sTS.Rabbit.Cerebellum.23.Female,Oryctolagus cuniculus,female,ERP108867,New Zealand,E-MTAB-6782:4894sTS.Rabbit.Cerebellum.23.Female
ERR2587536,23,RNA-Seq,101,4708355683,PRJEB26840,SAMEA4670227,ArrayExpress,1757334077,"Lausanne Genomics Technology Facility ",rabbit,public,"fastq,run.zq,sra","ena,gs,ncbi,s3","ena,gs.us-east1,ncbi.public,s3.us-east-1",embryo,2019-02-18,2018-12-30T17:01:52Z,2018-11-16,2018-05-18T21:20:07Z,ERX2603812,embryonic day 23,hindbrain,female,SAMEA4670227,wild type genotype,The University of Heidelberg,2018-12-30T17:01:52Z,2018-05-18T21:20:07Z,public,Illumina HiSeq 2500,4896sTS.Rabbit.Cerebellum.23.Female_s,SINGLE,PolyA,TRANSCRIPTOMIC,hindbrain,Oryctolagus cuniculus,ILLUMINA,2019-02-19T00:00:00Z,2022-07-17T23:37:00Z,2,SAMEA4670227,E-MTAB-6782:4896sTS.Rabbit.Cerebellum.23.Female,Oryctolagus cuniculus,female,ERP108867,New Zealand,E-MTAB-6782:4896sTS.Rabbit.Cerebellum.23.Female
ERR2587537,23,RNA-Seq,101,3149891242,PRJEB26840,SAMEA4670228,ArrayExpress,1162159028,"Lausanne Genomics Technology Facility ",rabbit,public,"fastq,run.zq,sra","ena,gs,ncbi,s3","ena,gs.us-east1,ncbi.public,s3.us-east-1",embryo,2019-02-18,2018-12-30T17:01:52Z,2018-11-16,2018-05-18T21:20:07Z,ERX2603813,embryonic day 23,kidney,male,SAMEA4670228,wild type genotype,The University of Heidelberg,2018-12-30T17:01:52Z,2018-05-18T21:20:07Z,public,Illumina HiSeq 2500,3236sTS.Rabbit.Kidney.23.Male_s,SINGLE,PolyA,TRANSCRIPTOMIC,kidney,Oryctolagus cuniculus,ILLUMINA,2019-02-19T00:00:00Z,2021-10-25T01:34:00Z,2,SAMEA4670228,E-MTAB-6782:3236sTS.Rabbit.Kidney.23.Male,Oryctolagus cuniculus,male,ERP108867,New Zealand,E-MTAB-6782:3236sTS.Rabbit.Kidney.23.Male
ERR2587538,23,RNA-Seq,101,2309446204,PRJEB26840,SAMEA4670229,ArrayExpress,862963077,"Lausanne Genomics Technology Facility ",rabbit,public,"fastq,run.zq,sra","ena,gs,ncbi,s3","ena,gs.us-east1,ncbi.public,s3.us-east-1",embryo,2019-02-18,2018-12-30T17:01:52Z,2018-11-16,2018-05-18T21:20:07Z,ERX2603814,embryonic day 23,kidney,female,SAMEA4670229,wild type genotype,The University of Heidelberg,2018-12-30T17:01:52Z,2018-05-18T21:20:07Z,public,Illumina HiSeq 2500,3259sTS.Rabbit.Kidney.23.Female_s,SINGLE,PolyA,TRANSCRIPTOMIC,kidney,Oryctolagus cuniculus,ILLUMINA,2019-02-19T00:00:00Z,2022-07-26T05:45:00Z,2,SAMEA4670229,E-MTAB-6782:3259sTS.Rabbit.Kidney.23.Female,Oryctolagus cuniculus,female,ERP108867,New Zealand,E-MTAB-6782:3259sTS.Rabbit.Kidney.23.Female
ERR2587539,23,RNA-Seq,101,3711843930,PRJEB26840,SAMEA4670230,ArrayExpress,1370097935,"Lausanne Genomics Technology Facility ",rabbit,public,"fastq,run.zq,sra","ena,gs,ncbi,s3","ena,gs.us-east1,ncbi.public,s3.us-east-1",embryo,2019-02-18,2018-12-30T17:01:52Z,2018-11-16,2018-05-18T21:20:07Z,ERX2603815,embryonic day 23,kidney,female,SAMEA4670230,wild type genotype,The University of Heidelberg,2018-12-30T17:01:52Z,2018-05-18T21:20:07Z,public,Illumina HiSeq 2500,3267sTS.Rabbit.Kidney.23.Female_s,SINGLE,PolyA,TRANSCRIPTOMIC,kidney,Oryctolagus cuniculus,ILLUMINA,2019-02-19T00:00:00Z,2021-10-25T01:50:00Z,2,SAMEA4670230,E-MTAB-6782:3267sTS.Rabbit.Kidney.23.Female,Oryctolagus cuniculus,female,ERP108867,New Zealand,E-MTAB-6782:3267sTS.Rabbit.Kidney.23.Female
ERR2587540,23,RNA-Seq,101,6681779129,PRJEB26840,SAMEA4670231,ArrayExpress,2468555466,"Lausanne Genomics Technology Facility ",rabbit,public,"fastq,run.zq,sra","ena,gs,ncbi,s3","ena,gs.us-east1,ncbi.public,s3.us-east-1",embryo,2019-02-18,2018-12-30T17:01:52Z,2018-11-16,2018-05-18T21:20:07Z,ERX2603816,embryonic day 23,kidney,male,SAMEA4670231,wild type genotype,The University of Heidelberg,2018-12-30T17:01:52Z,2018-05-18T21:20:07Z,public,Illumina HiSeq 2500,3274sTS.Rabbit.Kidney.23.Male_s,SINGLE,PolyA,TRANSCRIPTOMIC,kidney,Oryctolagus cuniculus,ILLUMINA,2019-02-19T00:00:00Z,2022-07-22T16:22:00Z,2,SAMEA4670231,E-MTAB-6782:3274sTS.Rabbit.Kidney.23.Male,Oryctolagus cuniculus,male,ERP108867,New Zealand,E-MTAB-6782:3274sTS.Rabbit.Kidney.23.Male
ERR2587541,23,RNA-Seq,101,2431396836,PRJEB26840,SAMEA4670232,ArrayExpress,856216455,"Lausanne Genomics Technology Facility ",rabbit,public,"fastq,run.zq,sra","ena,gs,ncbi,s3","ena,gs.us-east1,ncbi.public,s3.us-east-1",embryo,2019-02-18,2018-12-30T17:01:52Z,2018-11-16,2018-05-18T21:20:07Z,ERX2603817,embryonic day 23,liver,male,SAMEA4670232,wild type genotype,The University of Heidelberg,2018-12-30T17:01:52Z,2018-05-18T21:20:07Z,public,Illumina HiSeq 2500,3237sTS.Rabbit.Liver.23.Male_s,SINGLE,PolyA,TRANSCRIPTOMIC,liver,Oryctolagus cuniculus,ILLUMINA,2019-02-19T00:00:00Z,2022-07-26T05:50:00Z,2,SAMEA4670232,E-MTAB-6782:3237sTS.Rabbit.Liver.23.Male,Oryctolagus cuniculus,male,ERP108867,New Zealand,E-MTAB-6782:3237sTS.Rabbit.Liver.23.Male
ERR2587542,23,RNA-Seq,100,3326562500,PRJEB26840,SAMEA4670233,ArrayExpress,2128169421,"Lausanne Genomics Technology Facility ",rabbit,public,"fastq,run.zq,sra","ena,gs,ncbi,s3","ena,gs.us-east1,ncbi.public,s3.us-east-1",embryo,2019-02-18,2018-12-30T17:01:52Z,2018-11-16,2018-05-18T21:20:07Z,ERX2603818,embryonic day 23,liver,female,SAMEA4670233,wild type genotype,The University of Heidelberg,2018-12-30T17:01:52Z,2018-05-18T21:20:07Z,public,Illumina HiSeq 2500,3268sTS.Rabbit.Liver.23.Female_s,SINGLE,PolyA,TRANSCRIPTOMIC,liver,Oryctolagus cuniculus,ILLUMINA,2019-02-19T00:00:00Z,2022-07-14T04:54:00Z,2,SAMEA4670233,E-MTAB-6782:3268sTS.Rabbit.Liver.23.Female,Oryctolagus cuniculus,female,ERP108867,New Zealand,E-MTAB-6782:3268sTS.Rabbit.Liver.23.Female
ERR2587543,23,RNA-Seq,101,3854584503,PRJEB26840,SAMEA4670234,ArrayExpress,1397727307,"Lausanne Genomics Technology Facility ",rabbit,public,"fastq,run.zq,sra","ena,gs,ncbi,s3","ena,gs.us-east1,ncbi.public,s3.us-east-1",embryo,2019-02-18,2018-12-30T17:01:52Z,2018-11-16,2018-05-18T21:20:07Z,ERX2603819,embryonic day 23,liver,male,SAMEA4670234,wild type genotype,The University of Heidelberg,2018-12-30T17:01:52Z,2018-05-18T21:20:07Z,public,Illumina HiSeq 2500,3275sTS.Rabbit.Liver.23.Male_s,SINGLE,PolyA,TRANSCRIPTOMIC,liver,Oryctolagus cuniculus,ILLUMINA,2019-02-19T00:00:00Z,2022-07-26T05:51:00Z,2,SAMEA4670234,E-MTAB-6782:3275sTS.Rabbit.Liver.23.Male,Oryctolagus cuniculus,male,ERP108867,New Zealand,E-MTAB-6782:3275sTS.Rabbit.Liver.23.Male
ERR2587544,23,RNA-Seq,101,2589074804,PRJEB26840,SAMEA4670235,ArrayExpress,996463195,"Lausanne Genomics Technology Facility ",rabbit,public,"fastq,run.zq,sra","ena,gs,ncbi,s3","ena,gs.us-east1,ncbi.public,s3.us-east-1",embryo,2019-02-18,2018-12-30T17:01:52Z,2018-11-16,2018-05-18T21:20:07Z,ERX2603820,embryonic day 23,liver,female,SAMEA4670235,wild type genotype,The University of Heidelberg,2018-12-30T17:01:52Z,2018-05-18T21:20:07Z,public,Illumina HiSeq 2500,5594sTS.Rabbit.Liver.23.Female_s,SINGLE,PolyA,TRANSCRIPTOMIC,liver,Oryctolagus cuniculus,ILLUMINA,2019-02-19T00:00:00Z,2022-07-17T01:54:00Z,2,SAMEA4670235,E-MTAB-6782:5594sTS.Rabbit.Liver.23.Female,Oryctolagus cuniculus,female,ERP108867,New Zealand,E-MTAB-6782:5594sTS.Rabbit.Liver.23.Female
ERR2587545,23,RNA-Seq,101,2185252564,PRJEB26840,SAMEA4670236,ArrayExpress,797861249,"Lausanne Genomics Technology Facility ",rabbit,public,"fastq,run.zq,sra","ena,gs,ncbi,s3","ena,gs.us-east1,ncbi.public,s3.us-east-1",embryo,2019-02-18,2018-12-30T17:01:52Z,2018-11-16,2018-05-18T21:20:07Z,ERX2603821,embryonic day 23,ovary,female,SAMEA4670236,wild type genotype,The University of Heidelberg,2018-12-30T17:01:52Z,2018-05-18T21:20:07Z,public,Illumina HiSeq 2500,3261sTS.Rabbit.Ovary.23.Female_s,SINGLE,PolyA,TRANSCRIPTOMIC,ovary,Oryctolagus cuniculus,ILLUMINA,2019-02-19T00:00:00Z,2021-10-25T01:36:00Z,2,SAMEA4670236,E-MTAB-6782:3261sTS.Rabbit.Ovary.23.Female,Oryctolagus cuniculus,female,ERP108867,New Zealand,E-MTAB-6782:3261sTS.Rabbit.Ovary.23.Female
ERR2587546,23,RNA-Seq,101,4111574761,PRJEB26840,SAMEA4670237,ArrayExpress,2707476933,"Lausanne Genomics Technology Facility ",rabbit,public,"fastq,run.zq,sra","ena,gs,ncbi,s3","ena,gs.us-east1,ncbi.public,s3.us-east-1",embryo,2019-02-18,2018-12-30T17:01:52Z,2018-11-16,2018-05-18T21:20:07Z,ERX2603822,embryonic day 23,ovary,female,SAMEA4670237,wild type genotype,The University of Heidelberg,2018-12-30T17:01:52Z,2018-05-18T21:20:07Z,public,Illumina HiSeq 2500,3269sTS.Rabbit.Ovary.23.Female_s,SINGLE,PolyA,TRANSCRIPTOMIC,ovary,Oryctolagus cuniculus,ILLUMINA,2019-02-19T00:00:00Z,2021-10-25T02:13:00Z,2,SAMEA4670237,E-MTAB-6782:3269sTS.Rabbit.Ovary.23.Female,Oryctolagus cuniculus,female,ERP108867,New Zealand,E-MTAB-6782:3269sTS.Rabbit.Ovary.23.Female
ERR2587547,23,RNA-Seq,100,3189285200,PRJEB26840,SAMEA4670238,ArrayExpress,2029568870,"Lausanne Genomics Technology Facility ",rabbit,public,"fastq,run.zq,sra","ena,gs,ncbi,s3","ena,gs.us-east1,ncbi.public,s3.us-east-1",embryo,2019-02-18,2018-12-30T17:01:52Z,2018-11-16,2018-05-18T21:20:07Z,ERX2603823,embryonic day 23,testis,male,SAMEA4670238,wild type genotype,The University of Heidelberg,2018-12-30T17:01:52Z,2018-05-18T21:20:07Z,public,Illumina HiSeq 2500,3238sTS.Rabbit.Testis.23.Male_s,SINGLE,PolyA,TRANSCRIPTOMIC,testis,Oryctolagus cuniculus,ILLUMINA,2019-02-19T00:00:00Z,2022-07-13T12:18:00Z,2,SAMEA4670238,E-MTAB-6782:3238sTS.Rabbit.Testis.23.Male,Oryctolagus cuniculus,male,ERP108867,New Zealand,E-MTAB-6782:3238sTS.Rabbit.Testis.23.Male
ERR2587548,23,RNA-Seq,101,2519677401,PRJEB26840,SAMEA4670239,ArrayExpress,917852107,"Lausanne Genomics Technology Facility ",rabbit,public,"fastq,run.zq,sra","ena,gs,ncbi,s3","ena,gs.us-east1,ncbi.public,s3.us-east-1",embryo,2019-02-18,2018-12-30T17:01:52Z,2018-11-16,2018-05-18T21:20:07Z,ERX2603824,embryonic day 23,testis,male,SAMEA4670239,wild type genotype,The University of Heidelberg,2018-12-30T17:01:52Z,2018-05-18T21:20:07Z,public,Illumina HiSeq 2500,3276sTS.Rabbit.Testis.23.Male_s,SINGLE,PolyA,TRANSCRIPTOMIC,testis,Oryctolagus cuniculus,ILLUMINA,2019-02-19T00:00:00Z,2022-07-17T07:59:00Z,2,SAMEA4670239,E-MTAB-6782:3276sTS.Rabbit.Testis.23.Male,Oryctolagus cuniculus,male,ERP108867,New Zealand,E-MTAB-6782:3276sTS.Rabbit.Testis.23.Male
ERR2587549,23,RNA-Seq,101,4606082376,PRJEB26840,SAMEA4670240,ArrayExpress,2193311126,"Lausanne Genomics Technology Facility ",rabbit,public,"fastq,run.zq,sra","ena,gs,ncbi,s3","ena,gs.us-east1,ncbi.public,s3.us-east-1",embryo,2019-02-18,2018-12-30T17:01:52Z,2018-11-16,2018-05-18T21:20:07Z,ERX2603825,embryonic day 23,brain,female,SAMEA4670240,wild type genotype,The University of Heidelberg,2018-12-30T17:01:52Z,2018-05-18T21:20:07Z,public,Illumina HiSeq 2500,3490sTS.Rabbit.WholeBrain.23.Female_s,SINGLE,PolyA,TRANSCRIPTOMIC,brain,Oryctolagus cuniculus,ILLUMINA,2019-02-19T00:00:00Z,2022-07-26T05:56:00Z,2,SAMEA4670240,E-MTAB-6782:3490sTS.Rabbit.WholeBrain.23.Female,Oryctolagus cuniculus,female,ERP108867,New Zealand,E-MTAB-6782:3490sTS.Rabbit.WholeBrain.23.Female
ERR2587550,23,RNA-Seq,101,4731450949,PRJEB26840,SAMEA4670241,ArrayExpress,2270728451,"Lausanne Genomics Technology Facility ",rabbit,public,"fastq,run.zq,sra","ena,gs,ncbi,s3","ena,gs.us-east1,ncbi.public,s3.us-east-1",embryo,2019-02-18,2018-12-30T17:01:52Z,2018-11-16,2018-05-18T21:20:07Z,ERX2603826,embryonic day 23,brain,male,SAMEA4670241,wild type genotype,The University of Heidelberg,2018-12-30T17:01:52Z,2018-05-18T21:20:07Z,public,Illumina HiSeq 2500,3507sTS.Rabbit.WholeBrain.23.Male_s,SINGLE,PolyA,TRANSCRIPTOMIC,brain,Oryctolagus cuniculus,ILLUMINA,2019-02-19T00:00:00Z,2022-07-29T21:02:00Z,2,SAMEA4670241,E-MTAB-6782:3507sTS.Rabbit.WholeBrain.23.Male,Oryctolagus cuniculus,male,ERP108867,New Zealand,E-MTAB-6782:3507sTS.Rabbit.WholeBrain.23.Male
ERR2587551,23,RNA-Seq,101,2992250543,PRJEB26840,SAMEA4670242,ArrayExpress,1051469244,"Lausanne Genomics Technology Facility ",rabbit,public,"fastq,run.zq,sra","ena,gs,ncbi,s3","ena,gs.us-east1,ncbi.public,s3.us-east-1",embryo,2019-02-18,2018-12-30T17:01:52Z,2018-11-16,2018-05-18T21:20:08Z,ERX2603827,embryonic day 23,brain,male,SAMEA4670242,wild type genotype,The University of Heidelberg,2018-12-30T17:01:52Z,2018-05-18T21:20:08Z,public,Illumina HiSeq 2500,3508sTS.Rabbit.WholeBrain.23.Male_s,SINGLE,PolyA,TRANSCRIPTOMIC,brain,Oryctolagus cuniculus,ILLUMINA,2019-02-19T00:00:00Z,2022-07-20T11:15:00Z,2,SAMEA4670242,E-MTAB-6782:3508sTS.Rabbit.WholeBrain.23.Male,Oryctolagus cuniculus,male,ERP108867,New Zealand,E-MTAB-6782:3508sTS.Rabbit.WholeBrain.23.Male
ERR2587552,24,RNA-Seq,101,1767613019,PRJEB26840,SAMEA4670243,ArrayExpress,672028054,"Lausanne Genomics Technology Facility ",rabbit,public,"fastq,run.zq,sra","ena,gs,ncbi,s3","ena,gs.us-east1,ncbi.public,s3.us-east-1",embryo,2019-02-18,2018-12-30T17:01:52Z,2018-11-16,2018-05-18T21:20:08Z,ERX2603828,embryonic day 24,forebrain,female,SAMEA4670243,wild type genotype,The University of Heidelberg,2018-12-30T17:01:52Z,2018-05-18T21:20:08Z,public,Illumina HiSeq 2500,4911sTS.Rabbit.Brain.24.Female_s,SINGLE,PolyA,TRANSCRIPTOMIC,forebrain,Oryctolagus cuniculus,ILLUMINA,2019-02-19T00:00:00Z,2021-10-25T01:16:00Z,2,SAMEA4670243,E-MTAB-6782:4911sTS.Rabbit.Brain.24.Female,Oryctolagus cuniculus,female,ERP108867,New Zealand,E-MTAB-6782:4911sTS.Rabbit.Brain.24.Female
ERR2587553,24,RNA-Seq,101,3483864609,PRJEB26840,SAMEA4670244,ArrayExpress,1314837036,"Lausanne Genomics Technology Facility ",rabbit,public,"fastq,run.zq,sra","ena,gs,ncbi,s3","ena,gs.us-east1,ncbi.public,s3.us-east-1",embryo,2019-02-18,2018-12-30T17:01:52Z,2018-11-16,2018-05-18T21:20:08Z,ERX2603829,embryonic day 24,forebrain,female,SAMEA4670244,wild type genotype,The University of Heidelberg,2018-12-30T17:01:52Z,2018-05-18T21:20:08Z,public,Illumina HiSeq 2500,4912sTS.Rabbit.Brain.24.Female_s,SINGLE,PolyA,TRANSCRIPTOMIC,forebrain,Oryctolagus cuniculus,ILLUMINA,2019-02-19T00:00:00Z,2021-10-25T01:52:00Z,2,SAMEA4670244,E-MTAB-6782:4912sTS.Rabbit.Brain.24.Female,Oryctolagus cuniculus,female,ERP108867,New Zealand,E-MTAB-6782:4912sTS.Rabbit.Brain.24.Female
ERR2587554,24,RNA-Seq,101,2951522596,PRJEB26840,SAMEA4670245,ArrayExpress,1078643326,"Lausanne Genomics Technology Facility ",rabbit,public,"fastq,run.zq,sra","ena,gs,ncbi,s3","ena,gs.us-east1,ncbi.public,s3.us-east-1",embryo,2019-02-18,2018-12-30T17:01:52Z,2018-11-16,2018-05-18T21:20:08Z,ERX2603830,embryonic day 24,heart,male,SAMEA4670245,wild type genotype,The University of Heidelberg,2018-12-30T17:01:52Z,2018-05-18T21:20:08Z,public,Illumina HiSeq 2500,3207sTS.Rabbit.Heart.24.Male_s,SINGLE,PolyA,TRANSCRIPTOMIC,heart,Oryctolagus cuniculus,ILLUMINA,2019-02-19T00:00:00Z,2021-10-25T01:34:00Z,2,SAMEA4670245,E-MTAB-6782:3207sTS.Rabbit.Heart.24.Male,Oryctolagus cuniculus,male,ERP108867,New Zealand,E-MTAB-6782:3207sTS.Rabbit.Heart.24.Male
ERR2587555,24,RNA-Seq,101,3284104789,PRJEB26840,SAMEA4670246,ArrayExpress,1222313897,"Lausanne Genomics Technology Facility ",rabbit,public,"fastq,run.zq,sra","ena,gs,ncbi,s3","ena,gs.us-east1,ncbi.public,s3.us-east-1",embryo,2019-02-18,2018-12-30T17:01:52Z,2018-11-16,2018-05-18T21:20:08Z,ERX2603831,embryonic day 24,heart,male,SAMEA4670246,wild type genotype,The University of Heidelberg,2018-12-30T17:01:52Z,2018-05-18T21:20:08Z,public,Illumina HiSeq 2500,3214sTS.Rabbit.Heart.24.Male_s,SINGLE,PolyA,TRANSCRIPTOMIC,heart,Oryctolagus cuniculus,ILLUMINA,2019-02-19T00:00:00Z,2022-07-26T05:51:00Z,2,SAMEA4670246,E-MTAB-6782:3214sTS.Rabbit.Heart.24.Male,Oryctolagus cuniculus,male,ERP108867,New Zealand,E-MTAB-6782:3214sTS.Rabbit.Heart.24.Male
ERR2587556,24,RNA-Seq,101,3211024724,PRJEB26840,SAMEA4670247,ArrayExpress,1232538996,"Lausanne Genomics Technology Facility ",rabbit,public,"fastq,run.zq,sra","ena,gs,ncbi,s3","ena,gs.us-east1,ncbi.public,s3.us-east-1",embryo,2019-02-18,2018-12-30T17:01:52Z,2018-11-16,2018-05-18T21:20:08Z,ERX2603832,embryonic day 24,heart,female,SAMEA4670247,wild type genotype,The University of Heidelberg,2018-12-30T17:01:52Z,2018-05-18T21:20:08Z,public,Illumina HiSeq 2500,3220sTS.Rabbit.Heart.24.Female_s,SINGLE,PolyA,TRANSCRIPTOMIC,heart,Oryctolagus cuniculus,ILLUMINA,2019-02-19T00:00:00Z,2022-07-19T01:03:00Z,2,SAMEA4670247,E-MTAB-6782:3220sTS.Rabbit.Heart.24.Female,Oryctolagus cuniculus,female,ERP108867,New Zealand,E-MTAB-6782:3220sTS.Rabbit.Heart.24.Female
ERR2587557,24,RNA-Seq,101,3111883124,PRJEB26840,SAMEA4670248,ArrayExpress,1163312493,"Lausanne Genomics Technology Facility ",rabbit,public,"fastq,run.zq,sra","ena,gs,ncbi,s3","ena,gs.us-east1,ncbi.public,s3.us-east-1",embryo,2019-02-18,2018-12-30T17:01:52Z,2018-11-16,2018-05-18T21:20:08Z,ERX2603833,embryonic day 24,heart,female,SAMEA4670248,wild type genotype,The University of Heidelberg,2018-12-30T17:01:52Z,2018-05-18T21:20:08Z,public,Illumina HiSeq 2500,3227sTS.Rabbit.Heart.24.Female_s,SINGLE,PolyA,TRANSCRIPTOMIC,heart,Oryctolagus cuniculus,ILLUMINA,2019-02-19T00:00:00Z,2021-10-25T01:36:00Z,2,SAMEA4670248,E-MTAB-6782:3227sTS.Rabbit.Heart.24.Female,Oryctolagus cuniculus,female,ERP108867,New Zealand,E-MTAB-6782:3227sTS.Rabbit.Heart.24.Female
ERR2587558,24,RNA-Seq,101,3736241894,PRJEB26840,SAMEA4670249,ArrayExpress,1329774944,"Lausanne Genomics Technology Facility ",rabbit,public,"fastq,run.zq,sra","ena,gs,ncbi,s3","ena,gs.us-east1,ncbi.public,s3.us-east-1",embryo,2019-02-18,2018-12-30T17:01:52Z,2018-11-16,2018-05-18T21:20:08Z,ERX2603834,embryonic day 24,hindbrain,female,SAMEA4670249,wild type genotype,The University of Heidelberg,2018-12-30T17:01:52Z,2018-05-18T21:20:08Z,public,Illumina HiSeq 2500,4999sTS.Rabbit.Cerebellum.24.Female_s,SINGLE,PolyA,TRANSCRIPTOMIC,hindbrain,Oryctolagus cuniculus,ILLUMINA,2019-02-19T00:00:00Z,2022-07-26T05:52:00Z,2,SAMEA4670249,E-MTAB-6782:4999sTS.Rabbit.Cerebellum.24.Female,Oryctolagus cuniculus,female,ERP108867,New Zealand,E-MTAB-6782:4999sTS.Rabbit.Cerebellum.24.Female
ERR2587559,24,RNA-Seq,101,2989798667,PRJEB26840,SAMEA4670250,ArrayExpress,1055677582,"Lausanne Genomics Technology Facility ",rabbit,public,"fastq,run.zq,sra","ena,gs,ncbi,s3","ena,gs.us-east1,ncbi.public,s3.us-east-1",embryo,2019-02-18,2018-12-30T17:01:52Z,2018-11-16,2018-05-18T21:20:08Z,ERX2603835,embryonic day 24,hindbrain,female,SAMEA4670250,wild type genotype,The University of Heidelberg,2018-12-30T17:01:52Z,2018-05-18T21:20:08Z,public,Illumina HiSeq 2500,5000sTS.Rabbit.Cerebellum.24.Female_s,SINGLE,PolyA,TRANSCRIPTOMIC,hindbrain,Oryctolagus cuniculus,ILLUMINA,2019-02-19T00:00:00Z,2022-07-15T21:46:00Z,2,SAMEA4670250,E-MTAB-6782:5000sTS.Rabbit.Cerebellum.24.Female,Oryctolagus cuniculus,female,ERP108867,New Zealand,E-MTAB-6782:5000sTS.Rabbit.Cerebellum.24.Female
ERR2587560,24,RNA-Seq,101,2900628898,PRJEB26840,SAMEA4670251,ArrayExpress,1086680068,"Lausanne Genomics Technology Facility ",rabbit,public,"fastq,run.zq,sra","ena,gs,ncbi,s3","ena,gs.us-east1,ncbi.public,s3.us-east-1",embryo,2019-02-18,2018-12-30T17:01:52Z,2018-11-16,2018-05-18T21:20:08Z,ERX2603836,embryonic day 24,kidney,male,SAMEA4670251,wild type genotype,The University of Heidelberg,2018-12-30T17:01:52Z,2018-05-18T21:20:08Z,public,Illumina HiSeq 2500,3202sTS.Rabbit.Kidney.24.Male_s,SINGLE,PolyA,TRANSCRIPTOMIC,kidney,Oryctolagus cuniculus,ILLUMINA,2019-02-19T00:00:00Z,2022-07-22T07:33:00Z,2,SAMEA4670251,E-MTAB-6782:3202sTS.Rabbit.Kidney.24.Male,Oryctolagus cuniculus,male,ERP108867,New Zealand,E-MTAB-6782:3202sTS.Rabbit.Kidney.24.Male
ERR2587561,24,RNA-Seq,101,2534774275,PRJEB26840,SAMEA4670252,ArrayExpress,941420360,"Lausanne Genomics Technology Facility ",rabbit,public,"fastq,run.zq,sra","ena,gs,ncbi,s3","ena,gs.us-east1,ncbi.public,s3.us-east-1",embryo,2019-02-18,2018-12-30T17:01:52Z,2018-11-16,2018-05-18T21:20:08Z,ERX2603837,embryonic day 24,kidney,male,SAMEA4670252,wild type genotype,The University of Heidelberg,2018-12-30T17:01:52Z,2018-05-18T21:20:08Z,public,Illumina HiSeq 2500,3208sTS.Rabbit.Kidney.24.Male_s,SINGLE,PolyA,TRANSCRIPTOMIC,kidney,Oryctolagus cuniculus,ILLUMINA,2019-02-19T00:00:00Z,2021-10-25T01:24:00Z,2,SAMEA4670252,E-MTAB-6782:3208sTS.Rabbit.Kidney.24.Male,Oryctolagus cuniculus,male,ERP108867,New Zealand,E-MTAB-6782:3208sTS.Rabbit.Kidney.24.Male
ERR2587562,24,RNA-Seq,101,3361470991,PRJEB26840,SAMEA4670253,ArrayExpress,1260263679,"Lausanne Genomics Technology Facility ",rabbit,public,"fastq,run.zq,sra","ena,gs,ncbi,s3","ena,gs.us-east1,ncbi.public,s3.us-east-1",embryo,2019-02-18,2018-12-30T17:01:52Z,2018-11-16,2018-05-18T21:20:08Z,ERX2603838,embryonic day 24,kidney,female,SAMEA4670253,wild type genotype,The University of Heidelberg,2018-12-30T17:01:52Z,2018-05-18T21:20:08Z,public,Illumina HiSeq 2500,3221sTS.Rabbit.Kidney.24.Female_s,SINGLE,PolyA,TRANSCRIPTOMIC,kidney,Oryctolagus cuniculus,ILLUMINA,2019-02-19T00:00:00Z,2022-07-17T12:05:00Z,2,SAMEA4670253,E-MTAB-6782:3221sTS.Rabbit.Kidney.24.Female,Oryctolagus cuniculus,female,ERP108867,New Zealand,E-MTAB-6782:3221sTS.Rabbit.Kidney.24.Female
ERR2587563,24,RNA-Seq,101,1629384924,PRJEB26840,SAMEA4670254,ArrayExpress,615102301,"Lausanne Genomics Technology Facility ",rabbit,public,"fastq,run.zq,sra","ena,gs,ncbi,s3","ena,gs.us-east1,ncbi.public,s3.us-east-1",embryo,2019-02-18,2018-12-30T17:01:52Z,2018-11-16,2018-05-18T21:20:08Z,ERX2603839,embryonic day 24,kidney,female,SAMEA4670254,wild type genotype,The University of Heidelberg,2018-12-30T17:01:52Z,2018-05-18T21:20:08Z,public,Illumina HiSeq 2500,3229sTS.Rabbit.Kidney.24.Female_s,SINGLE,PolyA,TRANSCRIPTOMIC,kidney,Oryctolagus cuniculus,ILLUMINA,2019-02-19T00:00:00Z,2022-07-26T05:48:00Z,2,SAMEA4670254,E-MTAB-6782:3229sTS.Rabbit.Kidney.24.Female,Oryctolagus cuniculus,female,ERP108867,New Zealand,E-MTAB-6782:3229sTS.Rabbit.Kidney.24.Female
ERR2587564,24,RNA-Seq,101,2695637379,PRJEB26840,SAMEA4670255,ArrayExpress,951038562,"Lausanne Genomics Technology Facility ",rabbit,public,"fastq,run.zq,sra","ena,gs,ncbi,s3","ena,gs.us-east1,ncbi.public,s3.us-east-1",embryo,2019-02-18,2018-12-30T17:01:52Z,2018-11-16,2018-05-18T21:20:08Z,ERX2603840,embryonic day 24,liver,male,SAMEA4670255,wild type genotype,The University of Heidelberg,2018-12-30T17:01:52Z,2018-05-18T21:20:08Z,public,Illumina HiSeq 2500,3203sTS.Rabbit.Liver.24.Male_s,SINGLE,PolyA,TRANSCRIPTOMIC,liver,Oryctolagus cuniculus,ILLUMINA,2019-02-19T00:00:00Z,2022-07-13T20:30:00Z,2,SAMEA4670255,E-MTAB-6782:3203sTS.Rabbit.Liver.24.Male,Oryctolagus cuniculus,male,ERP108867,New Zealand,E-MTAB-6782:3203sTS.Rabbit.Liver.24.Male
ERR2587565,24,RNA-Seq,101,4329124014,PRJEB26840,SAMEA4670256,ArrayExpress,1653855772,"Lausanne Genomics Technology Facility ",rabbit,public,"fastq,run.zq,sra","ena,gs,ncbi,s3","ena,gs.us-east1,ncbi.public,s3.us-east-1",embryo,2019-02-18,2018-12-30T17:01:52Z,2018-11-16,2018-05-18T21:20:08Z,ERX2603841,embryonic day 24,liver,male,SAMEA4670256,wild type genotype,The University of Heidelberg,2018-12-30T17:01:52Z,2018-05-18T21:20:08Z,public,Illumina HiSeq 2500,3209sTS.Rabbit.Liver.24.Male_s,SINGLE,PolyA,TRANSCRIPTOMIC,liver,Oryctolagus cuniculus,ILLUMINA,2019-02-19T00:00:00Z,2022-07-22T01:34:00Z,2,SAMEA4670256,E-MTAB-6782:3209sTS.Rabbit.Liver.24.Male,Oryctolagus cuniculus,male,ERP108867,New Zealand,E-MTAB-6782:3209sTS.Rabbit.Liver.24.Male
ERR2587566,24,RNA-Seq,100,3811029700,PRJEB26840,SAMEA4670257,ArrayExpress,2419561950,"Lausanne Genomics Technology Facility ",rabbit,public,"fastq,run.zq,sra","ena,gs,ncbi,s3","ena,gs.us-east1,ncbi.public,s3.us-east-1",embryo,2019-02-18,2018-12-30T17:01:52Z,2018-11-16,2018-05-18T21:20:08Z,ERX2603842,embryonic day 24,liver,female,SAMEA4670257,wild type genotype,The University of Heidelberg,2018-12-30T17:01:52Z,2018-05-18T21:20:08Z,public,Illumina HiSeq 2500,3222sTS.Rabbit.Liver.24.Female_s,SINGLE,PolyA,TRANSCRIPTOMIC,liver,Oryctolagus cuniculus,ILLUMINA,2019-02-19T00:00:00Z,2022-07-26T05:47:00Z,2,SAMEA4670257,E-MTAB-6782:3222sTS.Rabbit.Liver.24.Female,Oryctolagus cuniculus,female,ERP108867,New Zealand,E-MTAB-6782:3222sTS.Rabbit.Liver.24.Female
ERR2587567,24,RNA-Seq,101,4847152812,PRJEB26840,SAMEA4670258,ArrayExpress,1848291169,"Lausanne Genomics Technology Facility ",rabbit,public,"fastq,run.zq,sra","ena,gs,ncbi,s3","ena,gs.us-east1,ncbi.public,s3.us-east-1",embryo,2019-02-18,2018-12-30T17:01:52Z,2018-11-16,2018-05-18T21:20:08Z,ERX2603843,embryonic day 24,liver,female,SAMEA4670258,wild type genotype,The University of Heidelberg,2018-12-30T17:01:52Z,2018-05-18T21:20:08Z,public,Illumina HiSeq 2500,3230sTS.Rabbit.Liver.24.Female_s,SINGLE,PolyA,TRANSCRIPTOMIC,liver,Oryctolagus cuniculus,ILLUMINA,2019-02-19T00:00:00Z,2021-10-25T01:26:00Z,2,SAMEA4670258,E-MTAB-6782:3230sTS.Rabbit.Liver.24.Female,Oryctolagus cuniculus,female,ERP108867,New Zealand,E-MTAB-6782:3230sTS.Rabbit.Liver.24.Female
ERR2587568,24,RNA-Seq,101,3370570384,PRJEB26840,SAMEA4670259,ArrayExpress,2209717989,"Lausanne Genomics Technology Facility ",rabbit,public,"fastq,run.zq,sra","ena,gs,ncbi,s3","ena,gs.us-east1,ncbi.public,s3.us-east-1",embryo,2019-02-18,2018-12-30T17:01:52Z,2018-11-16,2018-05-18T21:20:08Z,ERX2603844,embryonic day 24,ovary,female,SAMEA4670259,wild type genotype,The University of Heidelberg,2018-12-30T17:01:52Z,2018-05-18T21:20:08Z,public,Illumina HiSeq 2500,3223sTS.Rabbit.Ovary.24.Female_s,SINGLE,PolyA,TRANSCRIPTOMIC,ovary,Oryctolagus cuniculus,ILLUMINA,2019-02-19T00:00:00Z,2022-07-20T01:27:00Z,2,SAMEA4670259,E-MTAB-6782:3223sTS.Rabbit.Ovary.24.Female,Oryctolagus cuniculus,female,ERP108867,New Zealand,E-MTAB-6782:3223sTS.Rabbit.Ovary.24.Female
ERR2587569,24,RNA-Seq,101,2907845247,PRJEB26840,SAMEA4670260,ArrayExpress,1123827481,"Lausanne Genomics Technology Facility ",rabbit,public,"fastq,run.zq,sra","ena,gs,ncbi,s3","ena,gs.us-east1,ncbi.public,s3.us-east-1",embryo,2019-02-18,2018-12-30T17:01:52Z,2018-11-16,2018-05-18T21:20:08Z,ERX2603845,embryonic day 24,ovary,female,SAMEA4670260,wild type genotype,The University of Heidelberg,2018-12-30T17:01:52Z,2018-05-18T21:20:08Z,public,Illumina HiSeq 2500,3231sTS.Rabbit.Ovary.24.Female_s,SINGLE,PolyA,TRANSCRIPTOMIC,ovary,Oryctolagus cuniculus,ILLUMINA,2019-02-19T00:00:00Z,2022-07-26T05:51:00Z,2,SAMEA4670260,E-MTAB-6782:3231sTS.Rabbit.Ovary.24.Female,Oryctolagus cuniculus,female,ERP108867,New Zealand,E-MTAB-6782:3231sTS.Rabbit.Ovary.24.Female
ERR2587570,24,RNA-Seq,100,3066347600,PRJEB26840,SAMEA4670261,ArrayExpress,1955485532,"Lausanne Genomics Technology Facility ",rabbit,public,"fastq,run.zq,sra","ena,gs,ncbi,s3","ena,gs.us-east1,ncbi.public,s3.us-east-1",embryo,2019-02-18,2018-12-30T17:01:52Z,2018-11-16,2018-05-18T21:20:08Z,ERX2603846,embryonic day 24,testis,male,SAMEA4670261,wild type genotype,The University of Heidelberg,2018-12-30T17:01:52Z,2018-05-18T21:20:08Z,public,Illumina HiSeq 2500,3204sTS.Rabbit.Testis.24.Male_s,SINGLE,PolyA,TRANSCRIPTOMIC,testis,Oryctolagus cuniculus,ILLUMINA,2019-02-19T00:00:00Z,2021-10-25T01:50:00Z,2,SAMEA4670261,E-MTAB-6782:3204sTS.Rabbit.Testis.24.Male,Oryctolagus cuniculus,male,ERP108867,New Zealand,E-MTAB-6782:3204sTS.Rabbit.Testis.24.Male
ERR2587571,24,RNA-Seq,101,2712399137,PRJEB26840,SAMEA4670262,ArrayExpress,1045800860,"Lausanne Genomics Technology Facility ",rabbit,public,"fastq,run.zq,sra","ena,gs,ncbi,s3","ena,gs.us-east1,ncbi.public,s3.us-east-1",embryo,2019-02-18,2018-12-30T17:01:52Z,2018-11-16,2018-05-18T21:20:09Z,ERX2603847,embryonic day 24,testis,male,SAMEA4670262,wild type genotype,The University of Heidelberg,2018-12-30T17:01:52Z,2018-05-18T21:20:09Z,public,Illumina HiSeq 2500,3210sTS.Rabbit.Testis.24.Male_s,SINGLE,PolyA,TRANSCRIPTOMIC,testis,Oryctolagus cuniculus,ILLUMINA,2019-02-19T00:00:00Z,2021-10-25T01:30:00Z,2,SAMEA4670262,E-MTAB-6782:3210sTS.Rabbit.Testis.24.Male,Oryctolagus cuniculus,male,ERP108867,New Zealand,E-MTAB-6782:3210sTS.Rabbit.Testis.24.Male
ERR2587572,24,RNA-Seq,101,4883048717,PRJEB26840,SAMEA4670263,ArrayExpress,2333127490,"Lausanne Genomics Technology Facility ",rabbit,public,"fastq,run.zq,sra","ena,gs,ncbi,s3","ena,gs.us-east1,ncbi.public,s3.us-east-1",embryo,2019-02-18,2018-12-30T17:01:52Z,2018-11-16,2018-05-18T21:20:09Z,ERX2603848,embryonic day 24,brain,male,SAMEA4670263,wild type genotype,The University of Heidelberg,2018-12-30T17:01:52Z,2018-05-18T21:20:09Z,public,Illumina HiSeq 2500,3504sTS.Rabbit.WholeBrain.24.Male_s,SINGLE,PolyA,TRANSCRIPTOMIC,brain,Oryctolagus cuniculus,ILLUMINA,2019-02-19T00:00:00Z,2022-07-26T05:55:00Z,2,SAMEA4670263,E-MTAB-6782:3504sTS.Rabbit.WholeBrain.24.Male,Oryctolagus cuniculus,male,ERP108867,New Zealand,E-MTAB-6782:3504sTS.Rabbit.WholeBrain.24.Male
ERR2587573,24,RNA-Seq,101,5230612846,PRJEB26840,SAMEA4670264,ArrayExpress,2495372423,"Lausanne Genomics Technology Facility ",rabbit,public,"fastq,run.zq,sra","ena,gs,ncbi,s3","ena,gs.us-east1,ncbi.public,s3.us-east-1",embryo,2019-02-18,2018-12-30T17:01:52Z,2018-11-16,2018-05-18T21:20:09Z,ERX2603849,embryonic day 24,brain,female,SAMEA4670264,wild type genotype,The University of Heidelberg,2018-12-30T17:01:52Z,2018-05-18T21:20:09Z,public,Illumina HiSeq 2500,3505sTS.Rabbit.WholeBrain.24.Female_s,SINGLE,PolyA,TRANSCRIPTOMIC,brain,Oryctolagus cuniculus,ILLUMINA,2019-02-19T00:00:00Z,2022-07-15T21:50:00Z,2,SAMEA4670264,E-MTAB-6782:3505sTS.Rabbit.WholeBrain.24.Female,Oryctolagus cuniculus,female,ERP108867,New Zealand,E-MTAB-6782:3505sTS.Rabbit.WholeBrain.24.Female
ERR2587574,24,RNA-Seq,101,4448034041,PRJEB26840,SAMEA4670265,ArrayExpress,1569321483,"Lausanne Genomics Technology Facility ",rabbit,public,"fastq,run.zq,sra","ena,gs,ncbi,s3","ena,gs.us-east1,ncbi.public,s3.us-east-1",embryo,2019-02-18,2018-12-30T17:01:52Z,2018-11-16,2018-05-18T21:20:09Z,ERX2603850,embryonic day 24,brain,female,SAMEA4670265,wild type genotype,The University of Heidelberg,2018-12-30T17:01:52Z,2018-05-18T21:20:09Z,public,Illumina HiSeq 2500,3506sTS.Rabbit.WholeBrain.24.Female_s,SINGLE,PolyA,TRANSCRIPTOMIC,brain,Oryctolagus cuniculus,ILLUMINA,2019-02-19T00:00:00Z,2022-07-26T05:54:00Z,2,SAMEA4670265,E-MTAB-6782:3506sTS.Rabbit.WholeBrain.24.Female,Oryctolagus cuniculus,female,ERP108867,New Zealand,E-MTAB-6782:3506sTS.Rabbit.WholeBrain.24.Female
ERR2587575,27,RNA-Seq,101,3526440351,PRJEB26840,SAMEA4670266,ArrayExpress,2383758331,"Lausanne Genomics Technology Facility ",rabbit,public,"fastq,run.zq,sra","ena,gs,ncbi,s3","ena,gs.us-east1,ncbi.public,s3.us-east-1",embryo,2019-02-18,2018-12-30T17:01:52Z,2018-11-16,2018-05-18T21:20:09Z,ERX2603851,embryonic day 27,forebrain,male,SAMEA4670266,wild type genotype,The University of Heidelberg,2018-12-30T17:01:52Z,2018-05-18T21:20:09Z,public,Illumina HiSeq 2500,3153sTS.Rabbit.Brain.27.Male_s,SINGLE,PolyA,TRANSCRIPTOMIC,forebrain,Oryctolagus cuniculus,ILLUMINA,2019-02-19T00:00:00Z,2022-07-26T05:54:00Z,2,SAMEA4670266,E-MTAB-6782:3153sTS.Rabbit.Brain.27.Male,Oryctolagus cuniculus,male,ERP108867,New Zealand,E-MTAB-6782:3153sTS.Rabbit.Brain.27.Male
ERR2587576,27,RNA-Seq,101,4450489452,PRJEB26840,SAMEA4670267,ArrayExpress,2977911570,"Lausanne Genomics Technology Facility ",rabbit,public,"fastq,run.zq,sra","ena,gs,ncbi,s3","ena,gs.us-east1,ncbi.public,s3.us-east-1",embryo,2019-02-18,2018-12-30T17:01:52Z,2018-11-16,2018-05-18T21:20:09Z,ERX2603852,embryonic day 27,forebrain,female,SAMEA4670267,wild type genotype,The University of Heidelberg,2018-12-30T17:01:52Z,2018-05-18T21:20:09Z,public,Illumina HiSeq 2500,3162sTS.Rabbit.Brain.27.Female_s,SINGLE,PolyA,TRANSCRIPTOMIC,forebrain,Oryctolagus cuniculus,ILLUMINA,2019-02-19T00:00:00Z,2022-07-14T04:56:00Z,2,SAMEA4670267,E-MTAB-6782:3162sTS.Rabbit.Brain.27.Female,Oryctolagus cuniculus,female,ERP108867,New Zealand,E-MTAB-6782:3162sTS.Rabbit.Brain.27.Female
ERR2587577,27,RNA-Seq,101,4514180456,PRJEB26840,SAMEA4670268,ArrayExpress,1659983976,"Lausanne Genomics Technology Facility ",rabbit,public,"fastq,run.zq,sra","ena,gs,ncbi,s3","ena,gs.us-east1,ncbi.public,s3.us-east-1",embryo,2019-02-18,2018-12-30T17:01:52Z,2018-11-16,2018-05-18T21:20:09Z,ERX2603853,embryonic day 27,forebrain,male,SAMEA4670268,wild type genotype,The University of Heidelberg,2018-12-30T17:01:52Z,2018-05-18T21:20:09Z,public,Illumina HiSeq 2500,3184sTS.Rabbit.Brain.27.Male_s,SINGLE,PolyA,TRANSCRIPTOMIC,forebrain,Oryctolagus cuniculus,ILLUMINA,2019-02-19T00:00:00Z,2022-07-20T23:18:00Z,2,SAMEA4670268,E-MTAB-6782:3184sTS.Rabbit.Brain.27.Male,Oryctolagus cuniculus,male,ERP108867,New Zealand,E-MTAB-6782:3184sTS.Rabbit.Brain.27.Male
ERR2587578,27,RNA-Seq,101,2886335681,PRJEB26840,SAMEA4670269,ArrayExpress,1076203754,"Lausanne Genomics Technology Facility ",rabbit,public,"fastq,run.zq,sra","ena,gs,ncbi,s3","ena,gs.us-east1,ncbi.public,s3.us-east-1",embryo,2019-02-18,2018-12-30T17:01:52Z,2018-11-16,2018-05-18T21:20:09Z,ERX2603854,embryonic day 27,forebrain,female,SAMEA4670269,wild type genotype,The University of Heidelberg,2018-12-30T17:01:52Z,2018-05-18T21:20:09Z,public,Illumina HiSeq 2500,3192sTS.Rabbit.Brain.27.Female_s,SINGLE,PolyA,TRANSCRIPTOMIC,forebrain,Oryctolagus cuniculus,ILLUMINA,2019-02-19T00:00:00Z,2021-10-25T01:42:00Z,2,SAMEA4670269,E-MTAB-6782:3192sTS.Rabbit.Brain.27.Female,Oryctolagus cuniculus,female,ERP108867,New Zealand,E-MTAB-6782:3192sTS.Rabbit.Brain.27.Female
ERR2587579,27,RNA-Seq,101,3562189907,PRJEB26840,SAMEA4670270,ArrayExpress,1331532148,"Lausanne Genomics Technology Facility ",rabbit,public,"fastq,run.zq,sra","ena,gs,ncbi,s3","ena,gs.us-east1,ncbi.public,s3.us-east-1",embryo,2019-02-18,2018-12-30T17:01:52Z,2018-11-16,2018-05-18T21:20:09Z,ERX2603855,embryonic day 27,heart,male,SAMEA4670270,wild type genotype,The University of Heidelberg,2018-12-30T17:01:52Z,2018-05-18T21:20:09Z,public,Illumina HiSeq 2500,3155sTS.Rabbit.Heart.27.Male_s,SINGLE,PolyA,TRANSCRIPTOMIC,heart,Oryctolagus cuniculus,ILLUMINA,2019-02-19T00:00:00Z,2021-10-25T01:45:00Z,2,SAMEA4670270,E-MTAB-6782:3155sTS.Rabbit.Heart.27.Male,Oryctolagus cuniculus,male,ERP108867,New Zealand,E-MTAB-6782:3155sTS.Rabbit.Heart.27.Male
ERR2587580,27,RNA-Seq,101,3164216173,PRJEB26840,SAMEA4670271,ArrayExpress,1141836521,"Lausanne Genomics Technology Facility ",rabbit,public,"fastq,run.zq,sra","ena,gs,ncbi,s3","ena,gs.us-east1,ncbi.public,s3.us-east-1",embryo,2019-02-18,2018-12-30T17:01:52Z,2018-11-16,2018-05-18T21:20:09Z,ERX2603856,embryonic day 27,heart,female,SAMEA4670271,wild type genotype,The University of Heidelberg,2018-12-30T17:01:52Z,2018-05-18T21:20:09Z,public,Illumina HiSeq 2500,3164sTS.Rabbit.Heart.27.Female_s,SINGLE,PolyA,TRANSCRIPTOMIC,heart,Oryctolagus cuniculus,ILLUMINA,2019-02-19T00:00:00Z,2022-07-21T06:00:00Z,2,SAMEA4670271,E-MTAB-6782:3164sTS.Rabbit.Heart.27.Female,Oryctolagus cuniculus,female,ERP108867,New Zealand,E-MTAB-6782:3164sTS.Rabbit.Heart.27.Female
ERR2587581,27,RNA-Seq,101,2252381103,PRJEB26840,SAMEA4670272,ArrayExpress,826188033,"Lausanne Genomics Technology Facility ",rabbit,public,"fastq,run.zq,sra","ena,gs,ncbi,s3","ena,gs.us-east1,ncbi.public,s3.us-east-1",embryo,2019-02-18,2018-12-30T17:01:52Z,2018-11-16,2018-05-18T21:20:09Z,ERX2603857,embryonic day 27,heart,male,SAMEA4670272,wild type genotype,The University of Heidelberg,2018-12-30T17:01:52Z,2018-05-18T21:20:09Z,public,Illumina HiSeq 2500,3186sTS.Rabbit.Heart.27.Male_s,SINGLE,PolyA,TRANSCRIPTOMIC,heart,Oryctolagus cuniculus,ILLUMINA,2019-02-19T00:00:00Z,2022-07-26T05:50:00Z,2,SAMEA4670272,E-MTAB-6782:3186sTS.Rabbit.Heart.27.Male,Oryctolagus cuniculus,male,ERP108867,New Zealand,E-MTAB-6782:3186sTS.Rabbit.Heart.27.Male
ERR2587582,27,RNA-Seq,101,2735808109,PRJEB26840,SAMEA4670273,ArrayExpress,1027065727,"Lausanne Genomics Technology Facility ",rabbit,public,"fastq,run.zq,sra","ena,gs,ncbi,s3","ena,gs.us-east1,ncbi.public,s3.us-east-1",embryo,2019-02-18,2018-12-30T17:01:52Z,2018-11-16,2018-05-18T21:20:09Z,ERX2603858,embryonic day 27,heart,female,SAMEA4670273,wild type genotype,The University of Heidelberg,2018-12-30T17:01:52Z,2018-05-18T21:20:09Z,public,Illumina HiSeq 2500,3194sTS.Rabbit.Heart.27.Female_s,SINGLE,PolyA,TRANSCRIPTOMIC,heart,Oryctolagus cuniculus,ILLUMINA,2019-02-19T00:00:00Z,2022-07-15T21:45:00Z,2,SAMEA4670273,E-MTAB-6782:3194sTS.Rabbit.Heart.27.Female,Oryctolagus cuniculus,female,ERP108867,New Zealand,E-MTAB-6782:3194sTS.Rabbit.Heart.27.Female
ERR2587583,27,RNA-Seq,101,4498355069,PRJEB26840,SAMEA4670274,ArrayExpress,3019569244,"Lausanne Genomics Technology Facility ",rabbit,public,"fastq,run.zq,sra","ena,gs,ncbi,s3","ena,gs.us-east1,ncbi.public,s3.us-east-1",embryo,2019-02-18,2018-12-30T17:01:52Z,2018-11-16,2018-05-18T21:20:09Z,ERX2603859,embryonic day 27,hindbrain,male,SAMEA4670274,wild type genotype,The University of Heidelberg,2018-12-30T17:01:52Z,2018-05-18T21:20:09Z,public,Illumina HiSeq 2500,3154sTS.Rabbit.Cerebellum.27.Male_s,SINGLE,PolyA,TRANSCRIPTOMIC,hindbrain,Oryctolagus cuniculus,ILLUMINA,2019-02-19T00:00:00Z,2022-07-26T05:55:00Z,2,SAMEA4670274,E-MTAB-6782:3154sTS.Rabbit.Cerebellum.27.Male,Oryctolagus cuniculus,male,ERP108867,New Zealand,E-MTAB-6782:3154sTS.Rabbit.Cerebellum.27.Male
ERR2587584,27,RNA-Seq,101,4830344695,PRJEB26840,SAMEA4670275,ArrayExpress,2282629821,"Lausanne Genomics Technology Facility ",rabbit,public,"fastq,run.zq,sra","ena,gs,ncbi,s3","ena,gs.us-east1,ncbi.public,s3.us-east-1",embryo,2019-02-18,2018-12-30T17:01:52Z,2018-11-16,2018-05-18T21:20:09Z,ERX2603860,embryonic day 27,hindbrain,female,SAMEA4670275,wild type genotype,The University of Heidelberg,2018-12-30T17:01:52Z,2018-05-18T21:20:09Z,public,Illumina HiSeq 2500,3163sTS.Rabbit.Cerebellum.27.Female_s,SINGLE,PolyA,TRANSCRIPTOMIC,hindbrain,Oryctolagus cuniculus,ILLUMINA,2019-02-19T00:00:00Z,2021-10-25T02:04:00Z,2,SAMEA4670275,E-MTAB-6782:3163sTS.Rabbit.Cerebellum.27.Female,Oryctolagus cuniculus,female,ERP108867,New Zealand,E-MTAB-6782:3163sTS.Rabbit.Cerebellum.27.Female
ERR2587585,27,RNA-Seq,101,2577362137,PRJEB26840,SAMEA4670276,ArrayExpress,951585302,"Lausanne Genomics Technology Facility ",rabbit,public,"fastq,run.zq,sra","ena,gs,ncbi,s3","ena,gs.us-east1,ncbi.public,s3.us-east-1",embryo,2019-02-18,2018-12-30T17:01:52Z,2018-11-16,2018-05-18T21:20:09Z,ERX2603861,embryonic day 27,hindbrain,male,SAMEA4670276,wild type genotype,The University of Heidelberg,2018-12-30T17:01:52Z,2018-05-18T21:20:09Z,public,Illumina HiSeq 2500,3185sTS.Rabbit.Cerebellum.27.Male_s,SINGLE,PolyA,TRANSCRIPTOMIC,hindbrain,Oryctolagus cuniculus,ILLUMINA,2019-02-19T00:00:00Z,2021-10-25T01:29:00Z,2,SAMEA4670276,E-MTAB-6782:3185sTS.Rabbit.Cerebellum.27.Male,Oryctolagus cuniculus,male,ERP108867,New Zealand,E-MTAB-6782:3185sTS.Rabbit.Cerebellum.27.Male
ERR2587586,27,RNA-Seq,101,3971452209,PRJEB26840,SAMEA4670277,ArrayExpress,1520333828,"Lausanne Genomics Technology Facility ",rabbit,public,"fastq,run.zq,sra","ena,gs,ncbi,s3","ena,gs.us-east1,ncbi.public,s3.us-east-1",embryo,2019-02-18,2018-12-30T17:01:52Z,2018-11-16,2018-05-18T21:20:09Z,ERX2603862,embryonic day 27,hindbrain,female,SAMEA4670277,wild type genotype,The University of Heidelberg,2018-12-30T17:01:52Z,2018-05-18T21:20:09Z,public,Illumina HiSeq 2500,3193sTS.Rabbit.Cerebellum.27.Female_s,SINGLE,PolyA,TRANSCRIPTOMIC,hindbrain,Oryctolagus cuniculus,ILLUMINA,2019-02-19T00:00:00Z,2022-07-26T05:54:00Z,2,SAMEA4670277,E-MTAB-6782:3193sTS.Rabbit.Cerebellum.27.Female,Oryctolagus cuniculus,female,ERP108867,New Zealand,E-MTAB-6782:3193sTS.Rabbit.Cerebellum.27.Female
ERR2587587,27,RNA-Seq,101,3084353150,PRJEB26840,SAMEA4670278,ArrayExpress,1169123622,"Lausanne Genomics Technology Facility ",rabbit,public,"fastq,run.zq,sra","ena,gs,ncbi,s3","ena,gs.us-east1,ncbi.public,s3.us-east-1",embryo,2019-02-18,2018-12-30T17:01:52Z,2018-11-16,2018-05-18T21:20:09Z,ERX2603863,embryonic day 27,kidney,male,SAMEA4670278,wild type genotype,The University of Heidelberg,2018-12-30T17:01:52Z,2018-05-18T21:20:09Z,public,Illumina HiSeq 2500,3156sTS.Rabbit.Kidney.27.Male_s,SINGLE,PolyA,TRANSCRIPTOMIC,kidney,Oryctolagus cuniculus,ILLUMINA,2019-02-19T00:00:00Z,2021-10-25T01:56:00Z,2,SAMEA4670278,E-MTAB-6782:3156sTS.Rabbit.Kidney.27.Male,Oryctolagus cuniculus,male,ERP108867,New Zealand,E-MTAB-6782:3156sTS.Rabbit.Kidney.27.Male
ERR2587588,27,RNA-Seq,101,3381950660,PRJEB26840,SAMEA4670279,ArrayExpress,1267303908,"Lausanne Genomics Technology Facility ",rabbit,public,"fastq,run.zq,sra","ena,gs,ncbi,s3","ena,gs.us-east1,ncbi.public,s3.us-east-1",embryo,2019-02-18,2018-12-30T17:01:52Z,2018-11-16,2018-05-18T21:20:09Z,ERX2603864,embryonic day 27,kidney,female,SAMEA4670279,wild type genotype,The University of Heidelberg,2018-12-30T17:01:52Z,2018-05-18T21:20:09Z,public,Illumina HiSeq 2500,3165sTS.Rabbit.Kidney.27.Female_s,SINGLE,PolyA,TRANSCRIPTOMIC,kidney,Oryctolagus cuniculus,ILLUMINA,2019-02-19T00:00:00Z,2021-10-25T01:52:00Z,2,SAMEA4670279,E-MTAB-6782:3165sTS.Rabbit.Kidney.27.Female,Oryctolagus cuniculus,female,ERP108867,New Zealand,E-MTAB-6782:3165sTS.Rabbit.Kidney.27.Female
ERR2587589,27,RNA-Seq,101,3739189579,PRJEB26840,SAMEA4670280,ArrayExpress,1359046518,"Lausanne Genomics Technology Facility ",rabbit,public,"fastq,run.zq,sra","ena,gs,ncbi,s3","ena,gs.us-east1,ncbi.public,s3.us-east-1",embryo,2019-02-18,2018-12-30T17:01:52Z,2018-11-16,2018-05-18T21:20:09Z,ERX2603865,embryonic day 27,kidney,male,SAMEA4670280,wild type genotype,The University of Heidelberg,2018-12-30T17:01:52Z,2018-05-18T21:20:09Z,public,Illumina HiSeq 2500,3187sTS.Rabbit.Kidney.27.Male_s,SINGLE,PolyA,TRANSCRIPTOMIC,kidney,Oryctolagus cuniculus,ILLUMINA,2019-02-19T00:00:00Z,2022-07-26T05:52:00Z,2,SAMEA4670280,E-MTAB-6782:3187sTS.Rabbit.Kidney.27.Male,Oryctolagus cuniculus,male,ERP108867,New Zealand,E-MTAB-6782:3187sTS.Rabbit.Kidney.27.Male
ERR2587590,27,RNA-Seq,101,2899641522,PRJEB26840,SAMEA4670281,ArrayExpress,1058629719,"Lausanne Genomics Technology Facility ",rabbit,public,"fastq,run.zq,sra","ena,gs,ncbi,s3","ena,gs.us-east1,ncbi.public,s3.us-east-1",embryo,2019-02-18,2018-12-30T17:01:52Z,2018-11-16,2018-05-18T21:20:09Z,ERX2603866,embryonic day 27,kidney,female,SAMEA4670281,wild type genotype,The University of Heidelberg,2018-12-30T17:01:52Z,2018-05-18T21:20:09Z,public,Illumina HiSeq 2500,3195sTS.Rabbit.Kidney.27.Female_s,SINGLE,PolyA,TRANSCRIPTOMIC,kidney,Oryctolagus cuniculus,ILLUMINA,2019-02-19T00:00:00Z,2021-10-25T01:33:00Z,2,SAMEA4670281,E-MTAB-6782:3195sTS.Rabbit.Kidney.27.Female,Oryctolagus cuniculus,female,ERP108867,New Zealand,E-MTAB-6782:3195sTS.Rabbit.Kidney.27.Female
ERR2587591,27,RNA-Seq,101,2564089222,PRJEB26840,SAMEA4670282,ArrayExpress,910761099,"Lausanne Genomics Technology Facility ",rabbit,public,"fastq,run.zq,sra","ena,gs,ncbi,s3","ena,gs.us-east1,ncbi.public,s3.us-east-1",embryo,2019-02-18,2018-12-30T17:01:52Z,2018-11-16,2018-05-18T21:20:09Z,ERX2603867,embryonic day 27,liver,female,SAMEA4670282,wild type genotype,The University of Heidelberg,2018-12-30T17:01:52Z,2018-05-18T21:20:09Z,public,Illumina HiSeq 2500,3166sTS.Rabbit.Liver.27.Female_s,SINGLE,PolyA,TRANSCRIPTOMIC,liver,Oryctolagus cuniculus,ILLUMINA,2019-02-19T00:00:00Z,2022-07-18T06:35:00Z,2,SAMEA4670282,E-MTAB-6782:3166sTS.Rabbit.Liver.27.Female,Oryctolagus cuniculus,female,ERP108867,New Zealand,E-MTAB-6782:3166sTS.Rabbit.Liver.27.Female
ERR2587592,27,RNA-Seq,101,4699561714,PRJEB26840,SAMEA4670283,ArrayExpress,1729342735,"Lausanne Genomics Technology Facility ",rabbit,public,"fastq,run.zq,sra","ena,gs,ncbi,s3","ena,gs.us-east1,ncbi.public,s3.us-east-1",embryo,2019-02-18,2018-12-30T17:01:52Z,2018-11-16,2018-05-18T21:20:09Z,ERX2603868,embryonic day 27,liver,male,SAMEA4670283,wild type genotype,The University of Heidelberg,2018-12-30T17:01:52Z,2018-05-18T21:20:09Z,public,Illumina HiSeq 2500,3188sTS.Rabbit.Liver.27.Male_s,SINGLE,PolyA,TRANSCRIPTOMIC,liver,Oryctolagus cuniculus,ILLUMINA,2019-02-19T00:00:00Z,2022-07-26T05:57:00Z,2,SAMEA4670283,E-MTAB-6782:3188sTS.Rabbit.Liver.27.Male,Oryctolagus cuniculus,male,ERP108867,New Zealand,E-MTAB-6782:3188sTS.Rabbit.Liver.27.Male
ERR2587593,27,RNA-Seq,101,4343125947,PRJEB26840,SAMEA4670284,ArrayExpress,1655566183,"Lausanne Genomics Technology Facility ",rabbit,public,"fastq,run.zq,sra","ena,gs,ncbi,s3","ena,gs.us-east1,ncbi.public,s3.us-east-1",embryo,2019-02-18,2018-12-30T17:01:52Z,2018-11-16,2018-05-18T21:20:10Z,ERX2603869,embryonic day 27,liver,female,SAMEA4670284,wild type genotype,The University of Heidelberg,2018-12-30T17:01:52Z,2018-05-18T21:20:10Z,public,Illumina HiSeq 2500,3196sTS.Rabbit.Liver.27.Female_s,SINGLE,PolyA,TRANSCRIPTOMIC,liver,Oryctolagus cuniculus,ILLUMINA,2019-02-19T00:00:00Z,2021-10-25T02:10:00Z,2,SAMEA4670284,E-MTAB-6782:3196sTS.Rabbit.Liver.27.Female,Oryctolagus cuniculus,female,ERP108867,New Zealand,E-MTAB-6782:3196sTS.Rabbit.Liver.27.Female
ERR2587594,27,RNA-Seq,101,2751156978,PRJEB26840,SAMEA4670285,ArrayExpress,1000088946,"Lausanne Genomics Technology Facility ",rabbit,public,"fastq,run.zq,sra","ena,gs,ncbi,s3","ena,gs.us-east1,ncbi.public,s3.us-east-1",embryo,2019-02-18,2018-12-30T17:01:52Z,2018-11-16,2018-05-18T21:20:10Z,ERX2603870,embryonic day 27,liver,male,SAMEA4670285,wild type genotype,The University of Heidelberg,2018-12-30T17:01:52Z,2018-05-18T21:20:10Z,public,Illumina HiSeq 2500,3385sTS.Rabbit.Liver.27.Male_s,SINGLE,PolyA,TRANSCRIPTOMIC,liver,Oryctolagus cuniculus,ILLUMINA,2019-02-19T00:00:00Z,2022-07-20T15:31:00Z,2,SAMEA4670285,E-MTAB-6782:3385sTS.Rabbit.Liver.27.Male,Oryctolagus cuniculus,male,ERP108867,New Zealand,E-MTAB-6782:3385sTS.Rabbit.Liver.27.Male
ERR2587595,27,RNA-Seq,101,4082865006,PRJEB26840,SAMEA4670286,ArrayExpress,2674235311,"Lausanne Genomics Technology Facility ",rabbit,public,"fastq,run.zq,sra","ena,gs,ncbi,s3","ena,gs.us-east1,ncbi.public,s3.us-east-1",embryo,2019-02-18,2018-12-30T17:01:52Z,2018-11-16,2018-05-18T21:20:10Z,ERX2603871,embryonic day 27,ovary,female,SAMEA4670286,wild type genotype,The University of Heidelberg,2018-12-30T17:01:52Z,2018-05-18T21:20:10Z,public,Illumina HiSeq 2500,3167sTS.Rabbit.Ovary.27.Female_s,SINGLE,PolyA,TRANSCRIPTOMIC,ovary,Oryctolagus cuniculus,ILLUMINA,2019-02-19T00:00:00Z,2022-07-26T05:58:00Z,2,SAMEA4670286,E-MTAB-6782:3167sTS.Rabbit.Ovary.27.Female,Oryctolagus cuniculus,female,ERP108867,New Zealand,E-MTAB-6782:3167sTS.Rabbit.Ovary.27.Female
ERR2587596,27,RNA-Seq,100,4667684000,PRJEB26840,SAMEA4670287,ArrayExpress,2970045933,"Lausanne Genomics Technology Facility ",rabbit,public,"fastq,run.zq,sra","ena,gs,ncbi,s3","ena,gs.us-east1,ncbi.public,s3.us-east-1",embryo,2019-02-18,2018-12-30T17:01:52Z,2018-11-16,2018-05-18T21:20:10Z,ERX2603872,embryonic day 27,testis,male,SAMEA4670287,wild type genotype,The University of Heidelberg,2018-12-30T17:01:52Z,2018-05-18T21:20:10Z,public,Illumina HiSeq 2500,3157sTS.Rabbit.Testis.27.Male_s,SINGLE,PolyA,TRANSCRIPTOMIC,testis,Oryctolagus cuniculus,ILLUMINA,2019-02-19T00:00:00Z,2022-07-18T06:46:00Z,2,SAMEA4670287,E-MTAB-6782:3157sTS.Rabbit.Testis.27.Male,Oryctolagus cuniculus,male,ERP108867,New Zealand,E-MTAB-6782:3157sTS.Rabbit.Testis.27.Male
ERR2587597,27,RNA-Seq,101,2191011483,PRJEB26840,SAMEA4670288,ArrayExpress,812044873,"Lausanne Genomics Technology Facility ",rabbit,public,"fastq,run.zq,sra","ena,gs,ncbi,s3","ena,gs.us-east1,ncbi.public,s3.us-east-1",embryo,2019-02-18,2018-12-30T17:01:52Z,2018-11-16,2018-05-18T21:20:10Z,ERX2603873,embryonic day 27,testis,male,SAMEA4670288,wild type genotype,The University of Heidelberg,2018-12-30T17:01:52Z,2018-05-18T21:20:10Z,public,Illumina HiSeq 2500,3189sTS.Rabbit.Testis.27.Male_s,SINGLE,PolyA,TRANSCRIPTOMIC,testis,Oryctolagus cuniculus,ILLUMINA,2019-02-19T00:00:00Z,2022-07-26T05:49:00Z,2,SAMEA4670288,E-MTAB-6782:3189sTS.Rabbit.Testis.27.Male,Oryctolagus cuniculus,male,ERP108867,New Zealand,E-MTAB-6782:3189sTS.Rabbit.Testis.27.Male
ERR2587598,0,RNA-Seq,101,4377722184,PRJEB26840,SAMEA4670289,ArrayExpress,2997188427,"Lausanne Genomics Technology Facility ",rabbit,public,"fastq,run.zq,sra","ena,gs,ncbi,s3","ena,gs.us-east1,ncbi.public,s3.us-east-1",postnatal,2019-02-18,2018-12-30T17:01:52Z,2018-11-16,2018-05-18T21:20:10Z,ERX2603874,postnatal day 0,forebrain,female,SAMEA4670289,wild type genotype,The University of Heidelberg,2018-12-30T17:01:52Z,2018-05-18T21:20:10Z,public,Illumina HiSeq 2500,3143sTS.Rabbit.Brain.0dpb.Female_s,SINGLE,PolyA,TRANSCRIPTOMIC,forebrain,Oryctolagus cuniculus,ILLUMINA,2019-02-19T00:00:00Z,2022-07-26T05:58:00Z,2,SAMEA4670289,E-MTAB-6782:3143sTS.Rabbit.Brain.0dpb.Female,Oryctolagus cuniculus,female,ERP108867,New Zealand,E-MTAB-6782:3143sTS.Rabbit.Brain.0dpb.Female
ERR2587599,0,RNA-Seq,101,5534669710,PRJEB26840,SAMEA4670290,ArrayExpress,2618806260,"Lausanne Genomics Technology Facility ",rabbit,public,"fastq,run.zq,sra","ena,gs,ncbi,s3","ena,gs.us-east1,ncbi.public,s3.us-east-1",postnatal,2019-02-18,2018-12-30T17:01:52Z,2018-11-16,2018-05-18T21:20:10Z,ERX2603875,postnatal day 0,forebrain,male,SAMEA4670290,wild type genotype,The University of Heidelberg,2018-12-30T17:01:52Z,2018-05-18T21:20:10Z,public,Illumina HiSeq 2500,3170sTS.Rabbit.Brain.0dpb.Male_s,SINGLE,PolyA,TRANSCRIPTOMIC,forebrain,Oryctolagus cuniculus,ILLUMINA,2019-02-19T00:00:00Z,2022-07-21T18:19:00Z,2,SAMEA4670290,E-MTAB-6782:3170sTS.Rabbit.Brain.0dpb.Male,Oryctolagus cuniculus,male,ERP108867,New Zealand,E-MTAB-6782:3170sTS.Rabbit.Brain.0dpb.Male
ERR2587600,0,RNA-Seq,101,2597362258,PRJEB26840,SAMEA4670291,ArrayExpress,959599782,"Lausanne Genomics Technology Facility ",rabbit,public,"fastq,run.zq,sra","ena,gs,ncbi,s3","ena,gs.us-east1,ncbi.public,s3.us-east-1",postnatal,2019-02-18,2018-12-30T17:01:52Z,2018-11-16,2018-05-18T21:20:10Z,ERX2603876,postnatal day 0,forebrain,male,SAMEA4670291,wild type genotype,The University of Heidelberg,2018-12-30T17:01:52Z,2018-05-18T21:20:10Z,public,Illumina HiSeq 2500,3176sTS.Rabbit.Brain.0dpb.Male_s,SINGLE,PolyA,TRANSCRIPTOMIC,forebrain,Oryctolagus cuniculus,ILLUMINA,2019-02-19T00:00:00Z,2021-10-25T01:29:00Z,2,SAMEA4670291,E-MTAB-6782:3176sTS.Rabbit.Brain.0dpb.Male,Oryctolagus cuniculus,male,ERP108867,New Zealand,E-MTAB-6782:3176sTS.Rabbit.Brain.0dpb.Male
ERR2587601,0,RNA-Seq,101,3686713817,PRJEB26840,SAMEA4670292,ArrayExpress,1362067926,"Lausanne Genomics Technology Facility ",rabbit,public,"fastq,run.zq,sra","ena,gs,ncbi,s3","ena,gs.us-east1,ncbi.public,s3.us-east-1",postnatal,2019-02-18,2018-12-30T17:01:52Z,2018-11-16,2018-05-18T21:20:10Z,ERX2603877,postnatal day 0,forebrain,female,SAMEA4670292,wild type genotype,The University of Heidelberg,2018-12-30T17:01:52Z,2018-05-18T21:20:10Z,public,Illumina HiSeq 2500,3386sTS.Rabbit.Brain.0dpb.Female_s,SINGLE,PolyA,TRANSCRIPTOMIC,forebrain,Oryctolagus cuniculus,ILLUMINA,2019-02-19T00:00:00Z,2022-07-26T05:53:00Z,2,SAMEA4670292,E-MTAB-6782:3386sTS.Rabbit.Brain.0dpb.Female,Oryctolagus cuniculus,female,ERP108867,New Zealand,E-MTAB-6782:3386sTS.Rabbit.Brain.0dpb.Female
ERR2587602,0,RNA-Seq,101,2664540085,PRJEB26840,SAMEA4670293,ArrayExpress,963885637,"Lausanne Genomics Technology Facility ",rabbit,public,"fastq,run.zq,sra","ena,gs,ncbi,s3","ena,gs.us-east1,ncbi.public,s3.us-east-1",postnatal,2019-02-18,2018-12-30T17:01:52Z,2018-11-16,2018-05-18T21:20:10Z,ERX2603878,postnatal day 0,heart,female,SAMEA4670293,wild type genotype,The University of Heidelberg,2018-12-30T17:01:52Z,2018-05-18T21:20:10Z,public,Illumina HiSeq 2500,3145sTS.Rabbit.Heart.0dpb.Female_s,SINGLE,PolyA,TRANSCRIPTOMIC,heart,Oryctolagus cuniculus,ILLUMINA,2019-02-19T00:00:00Z,2021-10-25T01:35:00Z,2,SAMEA4670293,E-MTAB-6782:3145sTS.Rabbit.Heart.0dpb.Female,Oryctolagus cuniculus,female,ERP108867,New Zealand,E-MTAB-6782:3145sTS.Rabbit.Heart.0dpb.Female
ERR2587603,0,RNA-Seq,101,3344858915,PRJEB26840,SAMEA4670294,ArrayExpress,1240171355,"Lausanne Genomics Technology Facility ",rabbit,public,"fastq,run.zq,sra","ena,gs,ncbi,s3","ena,gs.us-east1,ncbi.public,s3.us-east-1",postnatal,2019-02-18,2018-12-30T17:01:52Z,2018-11-16,2018-05-18T21:20:10Z,ERX2603879,postnatal day 0,heart,male,SAMEA4670294,wild type genotype,The University of Heidelberg,2018-12-30T17:01:52Z,2018-05-18T21:20:10Z,public,Illumina HiSeq 2500,3172sTS.Rabbit.Heart.0dpb.Male_s,SINGLE,PolyA,TRANSCRIPTOMIC,heart,Oryctolagus cuniculus,ILLUMINA,2019-02-19T00:00:00Z,2022-07-22T16:05:00Z,2,SAMEA4670294,E-MTAB-6782:3172sTS.Rabbit.Heart.0dpb.Male,Oryctolagus cuniculus,male,ERP108867,New Zealand,E-MTAB-6782:3172sTS.Rabbit.Heart.0dpb.Male
ERR2587604,0,RNA-Seq,101,2832731547,PRJEB26840,SAMEA4670295,ArrayExpress,1039901562,"Lausanne Genomics Technology Facility ",rabbit,public,"fastq,run.zq,sra","ena,gs,ncbi,s3","ena,gs.us-east1,ncbi.public,s3.us-east-1",postnatal,2019-02-18,2018-12-30T17:01:52Z,2018-11-16,2018-05-18T21:20:10Z,ERX2603880,postnatal day 0,heart,male,SAMEA4670295,wild type genotype,The University of Heidelberg,2018-12-30T17:01:52Z,2018-05-18T21:20:10Z,public,Illumina HiSeq 2500,3178sTS.Rabbit.Heart.0dpb.Male_s,SINGLE,PolyA,TRANSCRIPTOMIC,heart,Oryctolagus cuniculus,ILLUMINA,2019-02-19T00:00:00Z,2021-10-25T01:45:00Z,2,SAMEA4670295,E-MTAB-6782:3178sTS.Rabbit.Heart.0dpb.Male,Oryctolagus cuniculus,male,ERP108867,New Zealand,E-MTAB-6782:3178sTS.Rabbit.Heart.0dpb.Male
ERR2587605,0,RNA-Seq,101,2438841142,PRJEB26840,SAMEA4670296,ArrayExpress,846891857,"Lausanne Genomics Technology Facility ",rabbit,public,"fastq,run.zq,sra","ena,gs,ncbi,s3","ena,gs.us-east1,ncbi.public,s3.us-east-1",postnatal,2019-02-18,2018-12-30T17:01:52Z,2018-11-16,2018-05-18T21:20:10Z,ERX2603881,postnatal day 0,heart,female,SAMEA4670296,wild type genotype,The University of Heidelberg,2018-12-30T17:01:52Z,2018-05-18T21:20:10Z,public,Illumina HiSeq 2500,5593sTS.Rabbit.Heart.0dpb.Female_s,SINGLE,PolyA,TRANSCRIPTOMIC,heart,Oryctolagus cuniculus,ILLUMINA,2019-02-19T00:00:00Z,2022-07-18T16:17:00Z,2,SAMEA4670296,E-MTAB-6782:5593sTS.Rabbit.Heart.0dpb.Female,Oryctolagus cuniculus,female,ERP108867,New Zealand,E-MTAB-6782:5593sTS.Rabbit.Heart.0dpb.Female
ERR2587606,0,RNA-Seq,101,5261070305,PRJEB26840,SAMEA4670297,ArrayExpress,3534391242,"Lausanne Genomics Technology Facility ",rabbit,public,"fastq,run.zq,sra","ena,gs,ncbi,s3","ena,gs.us-east1,ncbi.public,s3.us-east-1",postnatal,2019-02-18,2018-12-30T17:01:52Z,2018-11-16,2018-05-18T21:20:10Z,ERX2603882,postnatal day 0,hindbrain,female,SAMEA4670297,wild type genotype,The University of Heidelberg,2018-12-30T17:01:52Z,2018-05-18T21:20:10Z,public,Illumina HiSeq 2500,3144sTS.Rabbit.Cerebellum.0dpb.Female_s,SINGLE,PolyA,TRANSCRIPTOMIC,hindbrain,Oryctolagus cuniculus,ILLUMINA,2019-02-19T00:00:00Z,2022-07-26T06:00:00Z,2,SAMEA4670297,E-MTAB-6782:3144sTS.Rabbit.Cerebellum.0dpb.Female,Oryctolagus cuniculus,female,ERP108867,New Zealand,E-MTAB-6782:3144sTS.Rabbit.Cerebellum.0dpb.Female
ERR2587607,0,RNA-Seq,101,4192432836,PRJEB26840,SAMEA4670298,ArrayExpress,1949233259,"Lausanne Genomics Technology Facility ",rabbit,public,"fastq,run.zq,sra","ena,gs,ncbi,s3","ena,gs.us-east1,ncbi.public,s3.us-east-1",postnatal,2019-02-18,2018-12-30T17:01:52Z,2018-11-16,2018-05-18T21:20:10Z,ERX2603883,postnatal day 0,hindbrain,male,SAMEA4670298,wild type genotype,The University of Heidelberg,2018-12-30T17:01:52Z,2018-05-18T21:20:10Z,public,Illumina HiSeq 2500,3171sTS.Rabbit.Cerebellum.0dpb.Male_s,SINGLE,PolyA,TRANSCRIPTOMIC,hindbrain,Oryctolagus cuniculus,ILLUMINA,2019-02-19T00:00:00Z,2022-07-13T12:21:00Z,2,SAMEA4670298,E-MTAB-6782:3171sTS.Rabbit.Cerebellum.0dpb.Male,Oryctolagus cuniculus,male,ERP108867,New Zealand,E-MTAB-6782:3171sTS.Rabbit.Cerebellum.0dpb.Male
ERR2587608,0,RNA-Seq,101,2589276905,PRJEB26840,SAMEA4670299,ArrayExpress,958058932,"Lausanne Genomics Technology Facility ",rabbit,public,"fastq,run.zq,sra","ena,gs,ncbi,s3","ena,gs.us-east1,ncbi.public,s3.us-east-1",postnatal,2019-02-18,2018-12-30T17:01:52Z,2018-11-16,2018-05-18T21:20:10Z,ERX2603884,postnatal day 0,hindbrain,male,SAMEA4670299,wild type genotype,The University of Heidelberg,2018-12-30T17:01:52Z,2018-05-18T21:20:10Z,public,Illumina HiSeq 2500,3177sTS.Rabbit.Cerebellum.0dpb.Male_s,SINGLE,PolyA,TRANSCRIPTOMIC,hindbrain,Oryctolagus cuniculus,ILLUMINA,2019-02-19T00:00:00Z,2022-07-21T23:33:00Z,2,SAMEA4670299,E-MTAB-6782:3177sTS.Rabbit.Cerebellum.0dpb.Male,Oryctolagus cuniculus,male,ERP108867,New Zealand,E-MTAB-6782:3177sTS.Rabbit.Cerebellum.0dpb.Male
ERR2587609,0,RNA-Seq,101,2941785792,PRJEB26840,SAMEA4670300,ArrayExpress,1062177492,"Lausanne Genomics Technology Facility ",rabbit,public,"fastq,run.zq,sra","ena,gs,ncbi,s3","ena,gs.us-east1,ncbi.public,s3.us-east-1",postnatal,2019-02-18,2018-12-30T17:01:52Z,2018-11-16,2018-05-18T21:20:10Z,ERX2603885,postnatal day 0,hindbrain,female,SAMEA4670300,wild type genotype,The University of Heidelberg,2018-12-30T17:01:52Z,2018-05-18T21:20:10Z,public,Illumina HiSeq 2500,3387sTS.Rabbit.Cerebellum.0dpb.Female_s,SINGLE,PolyA,TRANSCRIPTOMIC,hindbrain,Oryctolagus cuniculus,ILLUMINA,2019-02-19T00:00:00Z,2021-10-25T01:46:00Z,2,SAMEA4670300,E-MTAB-6782:3387sTS.Rabbit.Cerebellum.0dpb.Female,Oryctolagus cuniculus,female,ERP108867,New Zealand,E-MTAB-6782:3387sTS.Rabbit.Cerebellum.0dpb.Female
ERR2587610,0,RNA-Seq,101,2021688417,PRJEB26840,SAMEA4670301,ArrayExpress,760062726,"Lausanne Genomics Technology Facility ",rabbit,public,"fastq,run.zq,sra","ena,gs,ncbi,s3","ena,gs.us-east1,ncbi.public,s3.us-east-1",postnatal,2019-02-18,2018-12-30T17:01:52Z,2018-11-16,2018-05-18T21:20:11Z,ERX2603886,postnatal day 0,kidney,female,SAMEA4670301,wild type genotype,The University of Heidelberg,2018-12-30T17:01:52Z,2018-05-18T21:20:11Z,public,Illumina HiSeq 2500,3146sTS.Rabbit.Kidney.0dpb.Female_s,SINGLE,PolyA,TRANSCRIPTOMIC,kidney,Oryctolagus cuniculus,ILLUMINA,2019-02-19T00:00:00Z,2022-07-13T12:15:00Z,2,SAMEA4670301,E-MTAB-6782:3146sTS.Rabbit.Kidney.0dpb.Female,Oryctolagus cuniculus,female,ERP108867,New Zealand,E-MTAB-6782:3146sTS.Rabbit.Kidney.0dpb.Female
ERR2587611,0,RNA-Seq,101,1436270197,PRJEB26840,SAMEA4670302,ArrayExpress,525898775,"Lausanne Genomics Technology Facility ",rabbit,public,"fastq,run.zq,sra","ena,gs,ncbi,s3","ena,gs.us-east1,ncbi.public,s3.us-east-1",postnatal,2019-02-18,2018-12-30T17:01:52Z,2018-11-16,2018-05-18T21:20:11Z,ERX2603887,postnatal day 0,kidney,female,SAMEA4670302,wild type genotype,The University of Heidelberg,2018-12-30T17:01:52Z,2018-05-18T21:20:11Z,public,Illumina HiSeq 2500,3150sTS.Rabbit.Kidney.0dpb.Female_s,SINGLE,PolyA,TRANSCRIPTOMIC,kidney,Oryctolagus cuniculus,ILLUMINA,2019-02-19T00:00:00Z,2022-07-12T19:10:00Z,2,SAMEA4670302,E-MTAB-6782:3150sTS.Rabbit.Kidney.0dpb.Female,Oryctolagus cuniculus,female,ERP108867,New Zealand,E-MTAB-6782:3150sTS.Rabbit.Kidney.0dpb.Female
ERR2587612,0,RNA-Seq,101,4126417418,PRJEB26840,SAMEA4670303,ArrayExpress,1554936978,"Lausanne Genomics Technology Facility ",rabbit,public,"fastq,run.zq,sra","ena,gs,ncbi,s3","ena,gs.us-east1,ncbi.public,s3.us-east-1",postnatal,2019-02-18,2018-12-30T17:01:52Z,2018-11-16,2018-05-18T21:20:11Z,ERX2603888,postnatal day 0,kidney,male,SAMEA4670303,wild type genotype,The University of Heidelberg,2018-12-30T17:01:52Z,2018-05-18T21:20:11Z,public,Illumina HiSeq 2500,3173sTS.Rabbit.Kidney.0dpb.Male_s,SINGLE,PolyA,TRANSCRIPTOMIC,kidney,Oryctolagus cuniculus,ILLUMINA,2019-02-19T00:00:00Z,2021-10-25T01:54:00Z,2,SAMEA4670303,E-MTAB-6782:3173sTS.Rabbit.Kidney.0dpb.Male,Oryctolagus cuniculus,male,ERP108867,New Zealand,E-MTAB-6782:3173sTS.Rabbit.Kidney.0dpb.Male
ERR2587613,0,RNA-Seq,101,2884451930,PRJEB26840,SAMEA4670304,ArrayExpress,1048319875,"Lausanne Genomics Technology Facility ",rabbit,public,"fastq,run.zq,sra","ena,gs,ncbi,s3","ena,gs.us-east1,ncbi.public,s3.us-east-1",postnatal,2019-02-18,2018-12-30T17:01:52Z,2018-11-16,2018-05-18T21:20:11Z,ERX2603889,postnatal day 0,kidney,male,SAMEA4670304,wild type genotype,The University of Heidelberg,2018-12-30T17:01:52Z,2018-05-18T21:20:11Z,public,Illumina HiSeq 2500,3179sTS.Rabbit.Kidney.0dpb.Male_s,SINGLE,PolyA,TRANSCRIPTOMIC,kidney,Oryctolagus cuniculus,ILLUMINA,2019-02-19T00:00:00Z,2021-10-25T01:40:00Z,2,SAMEA4670304,E-MTAB-6782:3179sTS.Rabbit.Kidney.0dpb.Male,Oryctolagus cuniculus,male,ERP108867,New Zealand,E-MTAB-6782:3179sTS.Rabbit.Kidney.0dpb.Male
ERR2587614,0,RNA-Seq,101,2840249987,PRJEB26840,SAMEA4670305,ArrayExpress,1015897022,"Lausanne Genomics Technology Facility ",rabbit,public,"fastq,run.zq,sra","ena,gs,ncbi,s3","ena,gs.us-east1,ncbi.public,s3.us-east-1",postnatal,2019-02-18,2018-12-30T17:01:52Z,2018-11-16,2018-05-18T21:20:11Z,ERX2603890,postnatal day 0,liver,female,SAMEA4670305,wild type genotype,The University of Heidelberg,2018-12-30T17:01:52Z,2018-05-18T21:20:11Z,public,Illumina HiSeq 2500,3147sTS.Rabbit.Liver.0dpb.Female_s,SINGLE,PolyA,TRANSCRIPTOMIC,liver,Oryctolagus cuniculus,ILLUMINA,2019-02-19T00:00:00Z,2022-07-17T12:07:00Z,2,SAMEA4670305,E-MTAB-6782:3147sTS.Rabbit.Liver.0dpb.Female,Oryctolagus cuniculus,female,ERP108867,New Zealand,E-MTAB-6782:3147sTS.Rabbit.Liver.0dpb.Female
ERR2587615,0,RNA-Seq,101,2679419809,PRJEB26840,SAMEA4670306,ArrayExpress,969584303,"Lausanne Genomics Technology Facility ",rabbit,public,"fastq,run.zq,sra","ena,gs,ncbi,s3","ena,gs.us-east1,ncbi.public,s3.us-east-1",postnatal,2019-02-18,2018-12-30T17:01:52Z,2018-11-16,2018-05-18T21:20:11Z,ERX2603891,postnatal day 0,liver,female,SAMEA4670306,wild type genotype,The University of Heidelberg,2018-12-30T17:01:52Z,2018-05-18T21:20:11Z,public,Illumina HiSeq 2500,3151sTS.Rabbit.Liver.0dpb.Female_s,SINGLE,PolyA,TRANSCRIPTOMIC,liver,Oryctolagus cuniculus,ILLUMINA,2019-02-19T00:00:00Z,2022-07-26T05:51:00Z,2,SAMEA4670306,E-MTAB-6782:3151sTS.Rabbit.Liver.0dpb.Female,Oryctolagus cuniculus,female,ERP108867,New Zealand,E-MTAB-6782:3151sTS.Rabbit.Liver.0dpb.Female
ERR2587616,0,RNA-Seq,101,2695505877,PRJEB26840,SAMEA4670307,ArrayExpress,954582984,"Lausanne Genomics Technology Facility ",rabbit,public,"fastq,run.zq,sra","ena,gs,ncbi,s3","ena,gs.us-east1,ncbi.public,s3.us-east-1",postnatal,2019-02-18,2018-12-30T17:01:52Z,2018-11-16,2018-05-18T21:20:11Z,ERX2603892,postnatal day 0,liver,male,SAMEA4670307,wild type genotype,The University of Heidelberg,2018-12-30T17:01:52Z,2018-05-18T21:20:11Z,public,Illumina HiSeq 2500,3174sTS.Rabbit.Liver.0dpb.Male_s,SINGLE,PolyA,TRANSCRIPTOMIC,liver,Oryctolagus cuniculus,ILLUMINA,2019-02-19T00:00:00Z,2022-07-13T12:16:00Z,2,SAMEA4670307,E-MTAB-6782:3174sTS.Rabbit.Liver.0dpb.Male,Oryctolagus cuniculus,male,ERP108867,New Zealand,E-MTAB-6782:3174sTS.Rabbit.Liver.0dpb.Male
ERR2587617,0,RNA-Seq,101,2767215473,PRJEB26840,SAMEA4670308,ArrayExpress,1021305384,"Lausanne Genomics Technology Facility ",rabbit,public,"fastq,run.zq,sra","ena,gs,ncbi,s3","ena,gs.us-east1,ncbi.public,s3.us-east-1",postnatal,2019-02-18,2018-12-30T17:01:52Z,2018-11-16,2018-05-18T21:20:11Z,ERX2603893,postnatal day 0,liver,male,SAMEA4670308,wild type genotype,The University of Heidelberg,2018-12-30T17:01:52Z,2018-05-18T21:20:11Z,public,Illumina HiSeq 2500,3180sTS.Rabbit.Liver.0dpb.Male_s,SINGLE,PolyA,TRANSCRIPTOMIC,liver,Oryctolagus cuniculus,ILLUMINA,2019-02-19T00:00:00Z,2022-07-26T05:50:00Z,2,SAMEA4670308,E-MTAB-6782:3180sTS.Rabbit.Liver.0dpb.Male,Oryctolagus cuniculus,male,ERP108867,New Zealand,E-MTAB-6782:3180sTS.Rabbit.Liver.0dpb.Male
ERR2587618,0,RNA-Seq,101,3559609761,PRJEB26840,SAMEA4670309,ArrayExpress,2336903329,"Lausanne Genomics Technology Facility ",rabbit,public,"fastq,run.zq,sra","ena,gs,ncbi,s3","ena,gs.us-east1,ncbi.public,s3.us-east-1",postnatal,2019-02-18,2018-12-30T17:01:52Z,2018-11-16,2018-05-18T21:20:11Z,ERX2603894,postnatal day 0,ovary,female,SAMEA4670309,wild type genotype,The University of Heidelberg,2018-12-30T17:01:52Z,2018-05-18T21:20:11Z,public,Illumina HiSeq 2500,3148sTS.Rabbit.Ovary.0dpb.Female_s,SINGLE,PolyA,TRANSCRIPTOMIC,ovary,Oryctolagus cuniculus,ILLUMINA,2019-02-19T00:00:00Z,2021-10-25T02:12:00Z,2,SAMEA4670309,E-MTAB-6782:3148sTS.Rabbit.Ovary.0dpb.Female,Oryctolagus cuniculus,female,ERP108867,New Zealand,E-MTAB-6782:3148sTS.Rabbit.Ovary.0dpb.Female
ERR2587619,0,RNA-Seq,101,2914264807,PRJEB26840,SAMEA4670310,ArrayExpress,1048855966,"Lausanne Genomics Technology Facility ",rabbit,public,"fastq,run.zq,sra","ena,gs,ncbi,s3","ena,gs.us-east1,ncbi.public,s3.us-east-1",postnatal,2019-02-18,2018-12-30T17:01:52Z,2018-11-16,2018-05-18T21:20:11Z,ERX2603895,postnatal day 0,ovary,female,SAMEA4670310,wild type genotype,The University of Heidelberg,2018-12-30T17:01:52Z,2018-05-18T21:20:11Z,public,Illumina HiSeq 2500,3152sTS.Rabbit.Ovary.0dpb.Female_s,SINGLE,PolyA,TRANSCRIPTOMIC,ovary,Oryctolagus cuniculus,ILLUMINA,2019-02-19T00:00:00Z,2022-07-13T12:17:00Z,2,SAMEA4670310,E-MTAB-6782:3152sTS.Rabbit.Ovary.0dpb.Female,Oryctolagus cuniculus,female,ERP108867,New Zealand,E-MTAB-6782:3152sTS.Rabbit.Ovary.0dpb.Female
ERR2587620,0,RNA-Seq,100,4014016900,PRJEB26840,SAMEA4670311,ArrayExpress,2566584947,"Lausanne Genomics Technology Facility ",rabbit,public,"fastq,run.zq,sra","ena,gs,ncbi,s3","ena,gs.us-east1,ncbi.public,s3.us-east-1",postnatal,2019-02-18,2018-12-30T17:01:52Z,2018-11-16,2018-05-18T21:20:11Z,ERX2603896,postnatal day 0,testis,male,SAMEA4670311,wild type genotype,The University of Heidelberg,2018-12-30T17:01:52Z,2018-05-18T21:20:11Z,public,Illumina HiSeq 2500,3175sTS.Rabbit.Testis.0dpb.Male_s,SINGLE,PolyA,TRANSCRIPTOMIC,testis,Oryctolagus cuniculus,ILLUMINA,2019-02-19T00:00:00Z,2022-07-26T05:53:00Z,2,SAMEA4670311,E-MTAB-6782:3175sTS.Rabbit.Testis.0dpb.Male,Oryctolagus cuniculus,male,ERP108867,New Zealand,E-MTAB-6782:3175sTS.Rabbit.Testis.0dpb.Male
ERR2587621,0,RNA-Seq,101,952738757,PRJEB26840,SAMEA4670312,ArrayExpress,375366886,"Lausanne Genomics Technology Facility ",rabbit,public,"fastq,run.zq,sra","ena,gs,ncbi,s3","ena,gs.us-east1,ncbi.public,s3.us-east-1",postnatal,2019-02-18,2018-12-30T17:01:52Z,2018-11-16,2018-05-18T21:20:11Z,ERX2603897,postnatal day 0,testis,male,SAMEA4670312,wild type genotype,The University of Heidelberg,2018-12-30T17:01:52Z,2018-05-18T21:20:11Z,public,Illumina HiSeq 2500,3181sTS.Rabbit.Testis.0dpb.Male_s,SINGLE,PolyA,TRANSCRIPTOMIC,testis,Oryctolagus cuniculus,ILLUMINA,2019-02-19T00:00:00Z,2021-10-25T01:13:00Z,2,SAMEA4670312,E-MTAB-6782:3181sTS.Rabbit.Testis.0dpb.Male,Oryctolagus cuniculus,male,ERP108867,New Zealand,E-MTAB-6782:3181sTS.Rabbit.Testis.0dpb.Male
ERR2587622,14,RNA-Seq,101,3841758210,PRJEB26840,SAMEA4670313,ArrayExpress,2644528893,"Lausanne Genomics Technology Facility ",rabbit,public,"fastq,run.zq,sra","ena,gs,ncbi,s3","ena,gs.us-east1,ncbi.public,s3.us-east-1",postnatal,2019-02-18,2018-12-30T17:01:52Z,2018-11-16,2018-05-18T21:20:11Z,ERX2603898,postnatal day 14,forebrain,male,SAMEA4670313,wild type genotype,The University of Heidelberg,2018-12-30T17:01:52Z,2018-05-18T21:20:11Z,public,Illumina HiSeq 2500,3104sTS.Rabbit.Brain.2wpb.Male_s,SINGLE,PolyA,TRANSCRIPTOMIC,forebrain,Oryctolagus cuniculus,ILLUMINA,2019-02-19T00:00:00Z,2022-07-21T18:15:00Z,2,SAMEA4670313,E-MTAB-6782:3104sTS.Rabbit.Brain.2wpb.Male,Oryctolagus cuniculus,male,ERP108867,New Zealand,E-MTAB-6782:3104sTS.Rabbit.Brain.2wpb.Male
ERR2587623,14,RNA-Seq,101,3828481861,PRJEB26840,SAMEA4670314,ArrayExpress,2634224031,"Lausanne Genomics Technology Facility ",rabbit,public,"fastq,run.zq,sra","ena,gs,ncbi,s3","ena,gs.us-east1,ncbi.public,s3.us-east-1",postnatal,2019-02-18,2018-12-30T17:01:52Z,2018-11-16,2018-05-18T21:20:11Z,ERX2603899,postnatal day 14,forebrain,female,SAMEA4670314,wild type genotype,The University of Heidelberg,2018-12-30T17:01:52Z,2018-05-18T21:20:11Z,public,Illumina HiSeq 2500,3114sTS.Rabbit.Brain.2wpb.Female_s,SINGLE,PolyA,TRANSCRIPTOMIC,forebrain,Oryctolagus cuniculus,ILLUMINA,2019-02-19T00:00:00Z,2022-07-19T13:53:00Z,2,SAMEA4670314,E-MTAB-6782:3114sTS.Rabbit.Brain.2wpb.Female,Oryctolagus cuniculus,female,ERP108867,New Zealand,E-MTAB-6782:3114sTS.Rabbit.Brain.2wpb.Female
ERR2587624,14,RNA-Seq,101,3708199143,PRJEB26840,SAMEA4670315,ArrayExpress,1405146155,"Lausanne Genomics Technology Facility ",rabbit,public,"fastq,run.zq,sra","ena,gs,ncbi,s3","ena,gs.us-east1,ncbi.public,s3.us-east-1",postnatal,2019-02-18,2018-12-30T17:01:52Z,2018-11-16,2018-05-18T21:20:11Z,ERX2603900,postnatal day 14,forebrain,male,SAMEA4670315,wild type genotype,The University of Heidelberg,2018-12-30T17:01:52Z,2018-05-18T21:20:11Z,public,Illumina HiSeq 2500,3120sTS.Rabbit.Brain.2wpb.Male_s,SINGLE,PolyA,TRANSCRIPTOMIC,forebrain,Oryctolagus cuniculus,ILLUMINA,2019-02-19T00:00:00Z,2021-10-25T01:55:00Z,2,SAMEA4670315,E-MTAB-6782:3120sTS.Rabbit.Brain.2wpb.Male,Oryctolagus cuniculus,male,ERP108867,New Zealand,E-MTAB-6782:3120sTS.Rabbit.Brain.2wpb.Male
ERR2587625,14,RNA-Seq,101,2832471472,PRJEB26840,SAMEA4670316,ArrayExpress,1018388340,"Lausanne Genomics Technology Facility ",rabbit,public,"fastq,run.zq,sra","ena,gs,ncbi,s3","ena,gs.us-east1,ncbi.public,s3.us-east-1",postnatal,2019-02-18,2018-12-30T17:01:52Z,2018-11-16,2018-05-18T21:20:11Z,ERX2603901,postnatal day 14,forebrain,female,SAMEA4670316,wild type genotype,The University of Heidelberg,2018-12-30T17:01:52Z,2018-05-18T21:20:11Z,public,Illumina HiSeq 2500,3138sTS.Rabbit.Brain.2wpb.Female_s,SINGLE,PolyA,TRANSCRIPTOMIC,forebrain,Oryctolagus cuniculus,ILLUMINA,2019-02-19T00:00:00Z,2021-10-25T01:35:00Z,2,SAMEA4670316,E-MTAB-6782:3138sTS.Rabbit.Brain.2wpb.Female,Oryctolagus cuniculus,female,ERP108867,New Zealand,E-MTAB-6782:3138sTS.Rabbit.Brain.2wpb.Female
ERR2587626,14,RNA-Seq,101,3544475012,PRJEB26840,SAMEA4670317,ArrayExpress,1331000834,"Lausanne Genomics Technology Facility ",rabbit,public,"fastq,run.zq,sra","ena,gs,ncbi,s3","ena,gs.us-east1,ncbi.public,s3.us-east-1",postnatal,2019-02-18,2018-12-30T17:01:52Z,2018-11-16,2018-05-18T21:20:11Z,ERX2603902,postnatal day 14,heart,male,SAMEA4670317,wild type genotype,The University of Heidelberg,2018-12-30T17:01:52Z,2018-05-18T21:20:11Z,public,Illumina HiSeq 2500,3106sTS.Rabbit.Heart.2wpb.Male_s,SINGLE,PolyA,TRANSCRIPTOMIC,heart,Oryctolagus cuniculus,ILLUMINA,2019-02-19T00:00:00Z,2021-10-25T01:19:00Z,2,SAMEA4670317,E-MTAB-6782:3106sTS.Rabbit.Heart.2wpb.Male,Oryctolagus cuniculus,male,ERP108867,New Zealand,E-MTAB-6782:3106sTS.Rabbit.Heart.2wpb.Male
ERR2587627,14,RNA-Seq,101,3126088370,PRJEB26840,SAMEA4670318,ArrayExpress,1166363696,"Lausanne Genomics Technology Facility ",rabbit,public,"fastq,run.zq,sra","ena,gs,ncbi,s3","ena,gs.us-east1,ncbi.public,s3.us-east-1",postnatal,2019-02-18,2018-12-30T17:01:52Z,2018-11-16,2018-05-18T21:20:11Z,ERX2603903,postnatal day 14,heart,female,SAMEA4670318,wild type genotype,The University of Heidelberg,2018-12-30T17:01:52Z,2018-05-18T21:20:11Z,public,Illumina HiSeq 2500,3116sTS.Rabbit.Heart.2wpb.Female_s,SINGLE,PolyA,TRANSCRIPTOMIC,heart,Oryctolagus cuniculus,ILLUMINA,2019-02-19T00:00:00Z,2021-10-25T01:25:00Z,2,SAMEA4670318,E-MTAB-6782:3116sTS.Rabbit.Heart.2wpb.Female,Oryctolagus cuniculus,female,ERP108867,New Zealand,E-MTAB-6782:3116sTS.Rabbit.Heart.2wpb.Female
ERR2587628,14,RNA-Seq,101,3563426652,PRJEB26840,SAMEA4670319,ArrayExpress,1289619557,"Lausanne Genomics Technology Facility ",rabbit,public,"fastq,run.zq,sra","ena,gs,ncbi,s3","ena,gs.us-east1,ncbi.public,s3.us-east-1",postnatal,2019-02-18,2018-12-30T17:01:52Z,2018-11-16,2018-05-18T21:20:11Z,ERX2603904,postnatal day 14,heart,male,SAMEA4670319,wild type genotype,The University of Heidelberg,2018-12-30T17:01:52Z,2018-05-18T21:20:11Z,public,Illumina HiSeq 2500,3122sTS.Rabbit.Heart.2wpb.Male_s,SINGLE,PolyA,TRANSCRIPTOMIC,heart,Oryctolagus cuniculus,ILLUMINA,2019-02-19T00:00:00Z,2022-07-17T10:06:00Z,2,SAMEA4670319,E-MTAB-6782:3122sTS.Rabbit.Heart.2wpb.Male,Oryctolagus cuniculus,male,ERP108867,New Zealand,E-MTAB-6782:3122sTS.Rabbit.Heart.2wpb.Male
ERR2587629,186 to 548,RNA-Seq,101,2531360778,PRJEB26840,SAMEA4670320,ArrayExpress,946313725,"Lausanne Genomics Technology Facility ",rabbit,public,"fastq,run.zq,sra","ena,gs,ncbi,s3","ena,gs.us-east1,ncbi.public,s3.us-east-1",postnatal,2019-02-18,2018-12-30T17:01:52Z,2018-11-16,2018-05-18T21:20:11Z,ERX2603905,postnatal day 14,heart,female,SAMEA4670320,wild type genotype,The University of Heidelberg,2018-12-30T17:01:52Z,2018-05-18T21:20:11Z,public,Illumina HiSeq 2500,3228sTS.Rabbit.Heart.2wpb.Female_s,SINGLE,PolyA,TRANSCRIPTOMIC,heart,Oryctolagus cuniculus,ILLUMINA,2019-02-19T00:00:00Z,2022-07-21T23:33:00Z,2,SAMEA4670320,E-MTAB-6782:3228sTS.Rabbit.Heart.2wpb.Female,Oryctolagus cuniculus,female,ERP108867,New Zealand,E-MTAB-6782:3228sTS.Rabbit.Heart.2wpb.Female
ERR2587630,14,RNA-Seq,101,4321275506,PRJEB26840,SAMEA4670321,ArrayExpress,2982141153,"Lausanne Genomics Technology Facility ",rabbit,public,"fastq,run.zq,sra","ena,gs,ncbi,s3","ena,gs.us-east1,ncbi.public,s3.us-east-1",postnatal,2019-02-18,2018-12-30T17:01:52Z,2018-11-16,2018-05-18T21:20:11Z,ERX2603906,postnatal day 14,hindbrain,male,SAMEA4670321,wild type genotype,The University of Heidelberg,2018-12-30T17:01:52Z,2018-05-18T21:20:11Z,public,Illumina HiSeq 2500,3105sTS.Rabbit.Cerebellum.2wpb.Male_s,SINGLE,PolyA,TRANSCRIPTOMIC,hindbrain,Oryctolagus cuniculus,ILLUMINA,2019-02-19T00:00:00Z,2022-07-14T10:06:00Z,2,SAMEA4670321,E-MTAB-6782:3105sTS.Rabbit.Cerebellum.2wpb.Male,Oryctolagus cuniculus,male,ERP108867,New Zealand,E-MTAB-6782:3105sTS.Rabbit.Cerebellum.2wpb.Male
ERR2587631,14,RNA-Seq,101,3551260798,PRJEB26840,SAMEA4670322,ArrayExpress,2445219242,"Lausanne Genomics Technology Facility ",rabbit,public,"fastq,run.zq,sra","ena,gs,ncbi,s3","ena,gs.us-east1,ncbi.public,s3.us-east-1",postnatal,2019-02-18,2018-12-30T17:01:52Z,2018-11-16,2018-05-18T21:20:11Z,ERX2603907,postnatal day 14,hindbrain,female,SAMEA4670322,wild type genotype,The University of Heidelberg,2018-12-30T17:01:52Z,2018-05-18T21:20:11Z,public,Illumina HiSeq 2500,3115sTS.Rabbit.Cerebellum.2wpb.Female_s,SINGLE,PolyA,TRANSCRIPTOMIC,hindbrain,Oryctolagus cuniculus,ILLUMINA,2019-02-19T00:00:00Z,2022-07-21T21:10:00Z,2,SAMEA4670322,E-MTAB-6782:3115sTS.Rabbit.Cerebellum.2wpb.Female,Oryctolagus cuniculus,female,ERP108867,New Zealand,E-MTAB-6782:3115sTS.Rabbit.Cerebellum.2wpb.Female
ERR2587632,14,RNA-Seq,101,3054914478,PRJEB26840,SAMEA4670323,ArrayExpress,1156162706,"Lausanne Genomics Technology Facility ",rabbit,public,"fastq,run.zq,sra","ena,gs,ncbi,s3","ena,gs.us-east1,ncbi.public,s3.us-east-1",postnatal,2019-02-18,2018-12-30T17:01:52Z,2018-11-16,2018-05-18T21:20:11Z,ERX2603908,postnatal day 14,hindbrain,male,SAMEA4670323,wild type genotype,The University of Heidelberg,2018-12-30T17:01:52Z,2018-05-18T21:20:11Z,public,Illumina HiSeq 2500,3121sTS.Rabbit.Cerebellum.2wpb.Male_s,SINGLE,PolyA,TRANSCRIPTOMIC,hindbrain,Oryctolagus cuniculus,ILLUMINA,2019-02-19T00:00:00Z,2022-07-26T05:58:00Z,2,SAMEA4670323,E-MTAB-6782:3121sTS.Rabbit.Cerebellum.2wpb.Male,Oryctolagus cuniculus,male,ERP108867,New Zealand,E-MTAB-6782:3121sTS.Rabbit.Cerebellum.2wpb.Male
ERR2587633,14,RNA-Seq,101,3314249148,PRJEB26840,SAMEA4670324,ArrayExpress,1187418741,"Lausanne Genomics Technology Facility ",rabbit,public,"fastq,run.zq,sra","ena,gs,ncbi,s3","ena,gs.us-east1,ncbi.public,s3.us-east-1",postnatal,2019-02-18,2018-12-30T17:01:52Z,2018-11-16,2018-05-18T21:20:11Z,ERX2603909,postnatal day 14,hindbrain,female,SAMEA4670324,wild type genotype,The University of Heidelberg,2018-12-30T17:01:52Z,2018-05-18T21:20:11Z,public,Illumina HiSeq 2500,3139sTS.Rabbit.Cerebellum.2wpb.Female_s,SINGLE,PolyA,TRANSCRIPTOMIC,hindbrain,Oryctolagus cuniculus,ILLUMINA,2019-02-19T00:00:00Z,2022-07-14T04:54:00Z,2,SAMEA4670324,E-MTAB-6782:3139sTS.Rabbit.Cerebellum.2wpb.Female,Oryctolagus cuniculus,female,ERP108867,New Zealand,E-MTAB-6782:3139sTS.Rabbit.Cerebellum.2wpb.Female
ERR2587634,14,RNA-Seq,101,3612438821,PRJEB26840,SAMEA4670325,ArrayExpress,1355033523,"Lausanne Genomics Technology Facility ",rabbit,public,"fastq,run.zq,sra","ena,gs,ncbi,s3","ena,gs.us-east1,ncbi.public,s3.us-east-1",postnatal,2019-02-18,2018-12-30T17:01:52Z,2018-11-16,2018-05-18T21:20:11Z,ERX2603910,postnatal day 14,kidney,male,SAMEA4670325,wild type genotype,The University of Heidelberg,2018-12-30T17:01:52Z,2018-05-18T21:20:11Z,public,Illumina HiSeq 2500,3107sTS.Rabbit.Kidney.2wpb.Male_s,SINGLE,PolyA,TRANSCRIPTOMIC,kidney,Oryctolagus cuniculus,ILLUMINA,2019-02-19T00:00:00Z,2022-07-17T19:32:00Z,2,SAMEA4670325,E-MTAB-6782:3107sTS.Rabbit.Kidney.2wpb.Male,Oryctolagus cuniculus,male,ERP108867,New Zealand,E-MTAB-6782:3107sTS.Rabbit.Kidney.2wpb.Male
ERR2587635,14,RNA-Seq,101,5156976574,PRJEB26840,SAMEA4670326,ArrayExpress,1942639225,"Lausanne Genomics Technology Facility ",rabbit,public,"fastq,run.zq,sra","ena,gs,ncbi,s3","ena,gs.us-east1,ncbi.public,s3.us-east-1",postnatal,2019-02-18,2018-12-30T17:01:52Z,2018-11-16,2018-05-18T21:20:12Z,ERX2603911,postnatal day 14,kidney,female,SAMEA4670326,wild type genotype,The University of Heidelberg,2018-12-30T17:01:52Z,2018-05-18T21:20:12Z,public,Illumina HiSeq 2500,3117sTS.Rabbit.Kidney.2wpb.Female_s,SINGLE,PolyA,TRANSCRIPTOMIC,kidney,Oryctolagus cuniculus,ILLUMINA,2019-02-19T00:00:00Z,2022-07-26T05:51:00Z,2,SAMEA4670326,E-MTAB-6782:3117sTS.Rabbit.Kidney.2wpb.Female,Oryctolagus cuniculus,female,ERP108867,New Zealand,E-MTAB-6782:3117sTS.Rabbit.Kidney.2wpb.Female
ERR2587636,14,RNA-Seq,101,2352208392,PRJEB26840,SAMEA4670327,ArrayExpress,853547342,"Lausanne Genomics Technology Facility ",rabbit,public,"fastq,run.zq,sra","ena,gs,ncbi,s3","ena,gs.us-east1,ncbi.public,s3.us-east-1",postnatal,2019-02-18,2018-12-30T17:01:52Z,2018-11-16,2018-05-18T21:20:12Z,ERX2603912,postnatal day 14,kidney,male,SAMEA4670327,wild type genotype,The University of Heidelberg,2018-12-30T17:01:52Z,2018-05-18T21:20:12Z,public,Illumina HiSeq 2500,3123sTS.Rabbit.Kidney.2wpb.Male_s,SINGLE,PolyA,TRANSCRIPTOMIC,kidney,Oryctolagus cuniculus,ILLUMINA,2019-02-19T00:00:00Z,2022-07-15T21:45:00Z,2,SAMEA4670327,E-MTAB-6782:3123sTS.Rabbit.Kidney.2wpb.Male,Oryctolagus cuniculus,male,ERP108867,New Zealand,E-MTAB-6782:3123sTS.Rabbit.Kidney.2wpb.Male
ERR2587637,14,RNA-Seq,101,2292719291,PRJEB26840,SAMEA4670328,ArrayExpress,834962052,"Lausanne Genomics Technology Facility ",rabbit,public,"fastq,run.zq,sra","ena,gs,ncbi,s3","ena,gs.us-east1,ncbi.public,s3.us-east-1",postnatal,2019-02-18,2018-12-30T17:01:52Z,2018-11-16,2018-05-18T21:20:12Z,ERX2603913,postnatal day 14,kidney,female,SAMEA4670328,wild type genotype,The University of Heidelberg,2018-12-30T17:01:52Z,2018-05-18T21:20:12Z,public,Illumina HiSeq 2500,3140sTS.Rabbit.Kidney.2wpb.Female_s,SINGLE,PolyA,TRANSCRIPTOMIC,kidney,Oryctolagus cuniculus,ILLUMINA,2019-02-19T00:00:00Z,2022-07-26T05:46:00Z,2,SAMEA4670328,E-MTAB-6782:3140sTS.Rabbit.Kidney.2wpb.Female,Oryctolagus cuniculus,female,ERP108867,New Zealand,E-MTAB-6782:3140sTS.Rabbit.Kidney.2wpb.Female
ERR2587638,14,RNA-Seq,101,2176783310,PRJEB26840,SAMEA4670329,ArrayExpress,776014181,"Lausanne Genomics Technology Facility ",rabbit,public,"fastq,run.zq,sra","ena,gs,ncbi,s3","ena,gs.us-east1,ncbi.public,s3.us-east-1",postnatal,2019-02-18,2018-12-30T17:01:52Z,2018-11-16,2018-05-18T21:20:12Z,ERX2603914,postnatal day 14,liver,male,SAMEA4670329,wild type genotype,The University of Heidelberg,2018-12-30T17:01:52Z,2018-05-18T21:20:12Z,public,Illumina HiSeq 2500,3108sTS.Rabbit.Liver.2wpb.Male_s,SINGLE,PolyA,TRANSCRIPTOMIC,liver,Oryctolagus cuniculus,ILLUMINA,2019-02-19T00:00:00Z,2022-07-26T05:50:00Z,2,SAMEA4670329,E-MTAB-6782:3108sTS.Rabbit.Liver.2wpb.Male,Oryctolagus cuniculus,male,ERP108867,New Zealand,E-MTAB-6782:3108sTS.Rabbit.Liver.2wpb.Male
ERR2587639,14,RNA-Seq,101,2647072640,PRJEB26840,SAMEA4670330,ArrayExpress,944718722,"Lausanne Genomics Technology Facility ",rabbit,public,"fastq,run.zq,sra","ena,gs,ncbi,s3","ena,gs.us-east1,ncbi.public,s3.us-east-1",postnatal,2019-02-18,2018-12-30T17:01:52Z,2018-11-16,2018-05-18T21:20:12Z,ERX2603915,postnatal day 14,liver,female,SAMEA4670330,wild type genotype,The University of Heidelberg,2018-12-30T17:01:52Z,2018-05-18T21:20:12Z,public,Illumina HiSeq 2500,3118sTS.Rabbit.Liver.2wpb.Female_s,SINGLE,PolyA,TRANSCRIPTOMIC,liver,Oryctolagus cuniculus,ILLUMINA,2019-02-19T00:00:00Z,2022-07-13T12:15:00Z,2,SAMEA4670330,E-MTAB-6782:3118sTS.Rabbit.Liver.2wpb.Female,Oryctolagus cuniculus,female,ERP108867,New Zealand,E-MTAB-6782:3118sTS.Rabbit.Liver.2wpb.Female
ERR2587640,14,RNA-Seq,101,4438285218,PRJEB26840,SAMEA4670331,ArrayExpress,1681119749,"Lausanne Genomics Technology Facility ",rabbit,public,"fastq,run.zq,sra","ena,gs,ncbi,s3","ena,gs.us-east1,ncbi.public,s3.us-east-1",postnatal,2019-02-18,2018-12-30T17:01:52Z,2018-11-16,2018-05-18T21:20:12Z,ERX2603916,postnatal day 14,liver,male,SAMEA4670331,wild type genotype,The University of Heidelberg,2018-12-30T17:01:52Z,2018-05-18T21:20:12Z,public,Illumina HiSeq 2500,3124sTS.Rabbit.Liver.2wpb.Male_s,SINGLE,PolyA,TRANSCRIPTOMIC,liver,Oryctolagus cuniculus,ILLUMINA,2019-02-19T00:00:00Z,2021-10-25T01:52:00Z,2,SAMEA4670331,E-MTAB-6782:3124sTS.Rabbit.Liver.2wpb.Male,Oryctolagus cuniculus,male,ERP108867,New Zealand,E-MTAB-6782:3124sTS.Rabbit.Liver.2wpb.Male
ERR2587641,14,RNA-Seq,101,4337599227,PRJEB26840,SAMEA4670332,ArrayExpress,2858602359,"Lausanne Genomics Technology Facility ",rabbit,public,"fastq,run.zq,sra","ena,gs,ncbi,s3","ena,gs.us-east1,ncbi.public,s3.us-east-1",postnatal,2019-02-18,2018-12-30T17:01:52Z,2018-11-16,2018-05-18T21:20:12Z,ERX2603917,postnatal day 14,ovary,female,SAMEA4670332,wild type genotype,The University of Heidelberg,2018-12-30T17:01:52Z,2018-05-18T21:20:12Z,public,Illumina HiSeq 2500,3119sTS.Rabbit.Ovary.2wpb.Female_s,SINGLE,PolyA,TRANSCRIPTOMIC,ovary,Oryctolagus cuniculus,ILLUMINA,2019-02-19T00:00:00Z,2021-10-25T02:11:00Z,2,SAMEA4670332,E-MTAB-6782:3119sTS.Rabbit.Ovary.2wpb.Female,Oryctolagus cuniculus,female,ERP108867,New Zealand,E-MTAB-6782:3119sTS.Rabbit.Ovary.2wpb.Female
ERR2587642,14,RNA-Seq,100,3701686000,PRJEB26840,SAMEA4670333,ArrayExpress,2358623798,"Lausanne Genomics Technology Facility ",rabbit,public,"fastq,run.zq,sra","ena,gs,ncbi,s3","ena,gs.us-east1,ncbi.public,s3.us-east-1",postnatal,2019-02-18,2018-12-30T17:01:52Z,2018-11-16,2018-05-18T21:20:12Z,ERX2603918,postnatal day 14,testis,male,SAMEA4670333,wild type genotype,The University of Heidelberg,2018-12-30T17:01:52Z,2018-05-18T21:20:12Z,public,Illumina HiSeq 2500,3109sTS.Rabbit.Testis.2wpb.Male_s,SINGLE,PolyA,TRANSCRIPTOMIC,testis,Oryctolagus cuniculus,ILLUMINA,2019-02-19T00:00:00Z,2021-10-25T02:05:00Z,2,SAMEA4670333,E-MTAB-6782:3109sTS.Rabbit.Testis.2wpb.Male,Oryctolagus cuniculus,male,ERP108867,New Zealand,E-MTAB-6782:3109sTS.Rabbit.Testis.2wpb.Male
ERR2587643,14,RNA-Seq,101,2955040426,PRJEB26840,SAMEA4670334,ArrayExpress,1126286090,"Lausanne Genomics Technology Facility ",rabbit,public,"fastq,run.zq,sra","ena,gs,ncbi,s3","ena,gs.us-east1,ncbi.public,s3.us-east-1",postnatal,2019-02-18,2018-12-30T17:01:52Z,2018-11-16,2018-05-18T21:20:12Z,ERX2603919,postnatal day 14,testis,male,SAMEA4670334,wild type genotype,The University of Heidelberg,2018-12-30T17:01:52Z,2018-05-18T21:20:12Z,public,Illumina HiSeq 2500,3125sTS.Rabbit.Testis.2wpb.Male_s,SINGLE,PolyA,TRANSCRIPTOMIC,testis,Oryctolagus cuniculus,ILLUMINA,2019-02-19T00:00:00Z,2022-07-23T02:00:00Z,2,SAMEA4670334,E-MTAB-6782:3125sTS.Rabbit.Testis.2wpb.Male,Oryctolagus cuniculus,male,ERP108867,New Zealand,E-MTAB-6782:3125sTS.Rabbit.Testis.2wpb.Male
ERR2587644,186 to 548,RNA-Seq,101,3041170398,PRJEB26840,SAMEA4670335,ArrayExpress,2105572641,"Lausanne Genomics Technology Facility ",rabbit,public,"fastq,run.zq,sra","ena,gs,ncbi,s3","ena,gs.us-east1,ncbi.public,s3.us-east-1",postnatal,2019-02-18,2018-12-30T17:01:52Z,2018-11-16,2018-05-18T21:20:12Z,ERX2603920,postnatal day 186 to 548,forebrain,female,SAMEA4670335,wild type genotype,The University of Heidelberg,2018-12-30T17:01:52Z,2018-05-18T21:20:12Z,public,Illumina HiSeq 2500,3011sTS.Rabbit.Brain.6mpb.Female_s,SINGLE,PolyA,TRANSCRIPTOMIC,forebrain,Oryctolagus cuniculus,ILLUMINA,2019-02-19T00:00:00Z,2022-07-26T05:53:00Z,2,SAMEA4670335,E-MTAB-6782:3011sTS.Rabbit.Brain.6mpb.Female,Oryctolagus cuniculus,female,ERP108867,New Zealand,E-MTAB-6782:3011sTS.Rabbit.Brain.6mpb.Female
ERR2587645,186 to 548,RNA-Seq,101,3369340709,PRJEB26840,SAMEA4670336,ArrayExpress,2323177771,"Lausanne Genomics Technology Facility ",rabbit,public,"fastq,run.zq,sra","ena,gs,ncbi,s3","ena,gs.us-east1,ncbi.public,s3.us-east-1",postnatal,2019-02-18,2018-12-30T17:01:52Z,2018-11-16,2018-05-18T21:20:12Z,ERX2603921,postnatal day 186 to 548,forebrain,male,SAMEA4670336,wild type genotype,The University of Heidelberg,2018-12-30T17:01:52Z,2018-05-18T21:20:12Z,public,Illumina HiSeq 2500,3017sTS.Rabbit.Brain.1ypb.Male_s,SINGLE,PolyA,TRANSCRIPTOMIC,forebrain,Oryctolagus cuniculus,ILLUMINA,2019-02-19T00:00:00Z,2022-07-17T12:08:00Z,2,SAMEA4670336,E-MTAB-6782:3017sTS.Rabbit.Brain.1ypb.Male,Oryctolagus cuniculus,male,ERP108867,New Zealand,E-MTAB-6782:3017sTS.Rabbit.Brain.1ypb.Male
ERR2587646,186 to 548,RNA-Seq,101,5880087690,PRJEB26840,SAMEA4670337,ArrayExpress,4056404483,"Lausanne Genomics Technology Facility ",rabbit,public,"fastq,run.zq,sra","ena,gs,ncbi,s3","ena,gs.us-east1,ncbi.public,s3.us-east-1",postnatal,2019-02-18,2018-12-30T17:01:52Z,2018-11-16,2018-05-18T21:20:12Z,ERX2603922,postnatal day 186 to 548,forebrain,female,SAMEA4670337,wild type genotype,The University of Heidelberg,2018-12-30T17:01:52Z,2018-05-18T21:20:12Z,public,Illumina HiSeq 2500,3021sTS.Rabbit.Brain.6mpb.Female_s,SINGLE,PolyA,TRANSCRIPTOMIC,forebrain,Oryctolagus cuniculus,ILLUMINA,2019-02-19T00:00:00Z,2022-07-26T06:03:00Z,2,SAMEA4670337,E-MTAB-6782:3021sTS.Rabbit.Brain.6mpb.Female,Oryctolagus cuniculus,female,ERP108867,New Zealand,E-MTAB-6782:3021sTS.Rabbit.Brain.6mpb.Female
ERR2587647,186 to 548,RNA-Seq,101,3482271233,PRJEB26840,SAMEA4670338,ArrayExpress,2403608367,"Lausanne Genomics Technology Facility ",rabbit,public,"fastq,run.zq,sra","ena,gs,ncbi,s3","ena,gs.us-east1,ncbi.public,s3.us-east-1",postnatal,2019-02-18,2018-12-30T17:01:52Z,2018-11-16,2018-05-18T21:20:12Z,ERX2603923,postnatal day 186 to 548,forebrain,male,SAMEA4670338,wild type genotype,The University of Heidelberg,2018-12-30T17:01:52Z,2018-05-18T21:20:12Z,public,Illumina HiSeq 2500,3025sTS.Rabbit.Brain.6mpb.Male_s,SINGLE,PolyA,TRANSCRIPTOMIC,forebrain,Oryctolagus cuniculus,ILLUMINA,2019-02-19T00:00:00Z,2022-07-13T21:44:00Z,2,SAMEA4670338,E-MTAB-6782:3025sTS.Rabbit.Brain.6mpb.Male,Oryctolagus cuniculus,male,ERP108867,New Zealand,E-MTAB-6782:3025sTS.Rabbit.Brain.6mpb.Male
ERR2587648,186 to 548,RNA-Seq,101,4150351792,PRJEB26840,SAMEA4670339,ArrayExpress,1559939247,"Lausanne Genomics Technology Facility ",rabbit,public,"fastq,run.zq,sra","ena,gs,ncbi,s3","ena,gs.us-east1,ncbi.public,s3.us-east-1",postnatal,2019-02-18,2018-12-30T17:01:52Z,2018-11-16,2018-05-18T21:20:12Z,ERX2603924,postnatal day 186 to 548,heart,male,SAMEA4670339,wild type genotype,The University of Heidelberg,2018-12-30T17:01:52Z,2018-05-18T21:20:12Z,public,Illumina HiSeq 2500,3019sTS.Rabbit.Heart.1ypb.Male_s,SINGLE,PolyA,TRANSCRIPTOMIC,heart,Oryctolagus cuniculus,ILLUMINA,2019-02-19T00:00:00Z,2021-10-25T01:53:00Z,2,SAMEA4670339,E-MTAB-6782:3019sTS.Rabbit.Heart.1ypb.Male,Oryctolagus cuniculus,male,ERP108867,New Zealand,E-MTAB-6782:3019sTS.Rabbit.Heart.1ypb.Male
ERR2587649,186 to 548,RNA-Seq,101,3550224235,PRJEB26840,SAMEA4670340,ArrayExpress,1293127920,"Lausanne Genomics Technology Facility ",rabbit,public,"fastq,run.zq,sra","ena,gs,ncbi,s3","ena,gs.us-east1,ncbi.public,s3.us-east-1",postnatal,2019-02-18,2018-12-30T17:01:52Z,2018-11-16,2018-05-18T21:20:12Z,ERX2603925,postnatal day 186 to 548,heart,male,SAMEA4670340,wild type genotype,The University of Heidelberg,2018-12-30T17:01:52Z,2018-05-18T21:20:12Z,public,Illumina HiSeq 2500,3027sTS.Rabbit.Heart.6mpb.Male_s,SINGLE,PolyA,TRANSCRIPTOMIC,heart,Oryctolagus cuniculus,ILLUMINA,2019-02-19T00:00:00Z,2021-10-25T01:55:00Z,2,SAMEA4670340,E-MTAB-6782:3027sTS.Rabbit.Heart.6mpb.Male,Oryctolagus cuniculus,male,ERP108867,New Zealand,E-MTAB-6782:3027sTS.Rabbit.Heart.6mpb.Male
ERR2587650,186 to 548,RNA-Seq,101,2846977193,PRJEB26840,SAMEA4670341,ArrayExpress,1064278011,"Lausanne Genomics Technology Facility ",rabbit,public,"fastq,run.zq,sra","ena,gs,ncbi,s3","ena,gs.us-east1,ncbi.public,s3.us-east-1",postnatal,2019-02-18,2018-12-30T17:01:52Z,2018-11-16,2018-05-18T21:20:12Z,ERX2603926,postnatal day 186 to 548,heart,female,SAMEA4670341,wild type genotype,The University of Heidelberg,2018-12-30T17:01:52Z,2018-05-18T21:20:12Z,public,Illumina HiSeq 2500,3085sTS.Rabbit.Heart.9mpb.Female_s,SINGLE,PolyA,TRANSCRIPTOMIC,heart,Oryctolagus cuniculus,ILLUMINA,2019-02-19T00:00:00Z,2022-07-15T06:45:00Z,2,SAMEA4670341,E-MTAB-6782:3085sTS.Rabbit.Heart.9mpb.Female,Oryctolagus cuniculus,female,ERP108867,New Zealand,E-MTAB-6782:3085sTS.Rabbit.Heart.9mpb.Female
ERR2587651,186 to 548,RNA-Seq,101,3491348608,PRJEB26840,SAMEA4670342,ArrayExpress,1284697520,"Lausanne Genomics Technology Facility ",rabbit,public,"fastq,run.zq,sra","ena,gs,ncbi,s3","ena,gs.us-east1,ncbi.public,s3.us-east-1",postnatal,2019-02-18,2018-12-30T17:01:52Z,2018-11-16,2018-05-18T21:20:12Z,ERX2603927,postnatal day 186 to 548,heart,female,SAMEA4670342,wild type genotype,The University of Heidelberg,2018-12-30T17:01:52Z,2018-05-18T21:20:12Z,public,Illumina HiSeq 2500,3458sTS.Rabbit.Heart.6mpb.Female_s,SINGLE,PolyA,TRANSCRIPTOMIC,heart,Oryctolagus cuniculus,ILLUMINA,2019-02-19T00:00:00Z,2022-07-26T05:52:00Z,2,SAMEA4670342,E-MTAB-6782:3458sTS.Rabbit.Heart.6mpb.Female,Oryctolagus cuniculus,female,ERP108867,New Zealand,E-MTAB-6782:3458sTS.Rabbit.Heart.6mpb.Female
ERR2587652,186 to 548,RNA-Seq,101,3745307957,PRJEB26840,SAMEA4670343,ArrayExpress,1239066270,"Lausanne Genomics Technology Facility ",rabbit,public,"fastq,run.zq,sra","ena,gs,ncbi,s3","ena,gs.us-east1,ncbi.public,s3.us-east-1",postnatal,2019-02-18,2018-12-30T17:01:52Z,2018-11-16,2018-05-18T21:20:12Z,ERX2603928,postnatal day 186 to 548,hindbrain,female,SAMEA4670343,wild type genotype,The University of Heidelberg,2018-12-30T17:01:52Z,2018-05-18T21:20:12Z,public,Illumina HiSeq 2500,3012sTS.Rabbit.Cerebellum.6mpb.Female_s,SINGLE,PolyA,TRANSCRIPTOMIC,hindbrain,Oryctolagus cuniculus,ILLUMINA,2019-02-19T00:00:00Z,2022-07-26T05:54:00Z,2,SAMEA4670343,E-MTAB-6782:3012sTS.Rabbit.Cerebellum.6mpb.Female,Oryctolagus cuniculus,female,ERP108867,New Zealand,E-MTAB-6782:3012sTS.Rabbit.Cerebellum.6mpb.Female
ERR2587653,186 to 548,RNA-Seq,101,4267451697,PRJEB26840,SAMEA4670344,ArrayExpress,2825270548,"Lausanne Genomics Technology Facility ",rabbit,public,"fastq,run.zq,sra","ena,gs,ncbi,s3","ena,gs.us-east1,ncbi.public,s3.us-east-1",postnatal,2019-02-18,2018-12-30T17:01:52Z,2018-11-16,2018-05-18T21:20:12Z,ERX2603929,postnatal day 186 to 548,hindbrain,male,SAMEA4670344,wild type genotype,The University of Heidelberg,2018-12-30T17:01:52Z,2018-05-18T21:20:12Z,public,Illumina HiSeq 2500,3018sTS.Rabbit.Cerebellum.1ypb.Male_s,SINGLE,PolyA,TRANSCRIPTOMIC,hindbrain,Oryctolagus cuniculus,ILLUMINA,2019-02-19T00:00:00Z,2021-10-25T02:16:00Z,2,SAMEA4670344,E-MTAB-6782:3018sTS.Rabbit.Cerebellum.1ypb.Male,Oryctolagus cuniculus,male,ERP108867,New Zealand,E-MTAB-6782:3018sTS.Rabbit.Cerebellum.1ypb.Male
ERR2587654,186 to 548,RNA-Seq,101,3995309419,PRJEB26840,SAMEA4670345,ArrayExpress,2769590418,"Lausanne Genomics Technology Facility ",rabbit,public,"fastq,run.zq,sra","ena,gs,ncbi,s3","ena,gs.us-east1,ncbi.public,s3.us-east-1",postnatal,2019-02-18,2018-12-30T17:01:52Z,2018-11-16,2018-05-18T21:20:12Z,ERX2603930,postnatal day 186 to 548,hindbrain,female,SAMEA4670345,wild type genotype,The University of Heidelberg,2018-12-30T17:01:52Z,2018-05-18T21:20:12Z,public,Illumina HiSeq 2500,3022sTS.Rabbit.Cerebellum.6mpb.Female_s,SINGLE,PolyA,TRANSCRIPTOMIC,hindbrain,Oryctolagus cuniculus,ILLUMINA,2019-02-19T00:00:00Z,2022-07-17T10:11:00Z,2,SAMEA4670345,E-MTAB-6782:3022sTS.Rabbit.Cerebellum.6mpb.Female,Oryctolagus cuniculus,female,ERP108867,New Zealand,E-MTAB-6782:3022sTS.Rabbit.Cerebellum.6mpb.Female
ERR2587655,186 to 548,RNA-Seq,101,4599017123,PRJEB26840,SAMEA4670346,ArrayExpress,3147949127,"Lausanne Genomics Technology Facility ",rabbit,public,"fastq,run.zq,sra","ena,gs,ncbi,s3","ena,gs.us-east1,ncbi.public,s3.us-east-1",postnatal,2019-02-18,2018-12-30T17:01:52Z,2018-11-16,2018-05-18T21:20:12Z,ERX2603931,postnatal day 186 to 548,hindbrain,male,SAMEA4670346,wild type genotype,The University of Heidelberg,2018-12-30T17:01:52Z,2018-05-18T21:20:12Z,public,Illumina HiSeq 2500,3026sTS.Rabbit.Cerebellum.6mpb.Male_s,SINGLE,PolyA,TRANSCRIPTOMIC,hindbrain,Oryctolagus cuniculus,ILLUMINA,2019-02-19T00:00:00Z,2022-07-26T05:58:00Z,2,SAMEA4670346,E-MTAB-6782:3026sTS.Rabbit.Cerebellum.6mpb.Male,Oryctolagus cuniculus,male,ERP108867,New Zealand,E-MTAB-6782:3026sTS.Rabbit.Cerebellum.6mpb.Male
ERR2587656,186 to 548,RNA-Seq,101,5936806159,PRJEB26840,SAMEA4670347,ArrayExpress,2143844508,"Lausanne Genomics Technology Facility ",rabbit,public,"fastq,run.zq,sra","ena,gs,ncbi,s3","ena,gs.us-east1,ncbi.public,s3.us-east-1",postnatal,2019-02-18,2018-12-30T17:01:52Z,2018-11-16,2018-05-18T21:20:13Z,ERX2603932,postnatal day 186 to 548,kidney,female,SAMEA4670347,wild type genotype,The University of Heidelberg,2018-12-30T17:01:52Z,2018-05-18T21:20:13Z,public,Illumina HiSeq 2500,3014sTS.Rabbit.Kidney.6mpb.Female_s,SINGLE,PolyA,TRANSCRIPTOMIC,kidney,Oryctolagus cuniculus,ILLUMINA,2019-02-19T00:00:00Z,2022-07-20T15:35:00Z,2,SAMEA4670347,E-MTAB-6782:3014sTS.Rabbit.Kidney.6mpb.Female,Oryctolagus cuniculus,female,ERP108867,New Zealand,E-MTAB-6782:3014sTS.Rabbit.Kidney.6mpb.Female
ERR2587657,186 to 548,RNA-Seq,101,4675080627,PRJEB26840,SAMEA4670348,ArrayExpress,1637323120,"Lausanne Genomics Technology Facility ",rabbit,public,"fastq,run.zq,sra","ena,gs,ncbi,s3","ena,gs.us-east1,ncbi.public,s3.us-east-1",postnatal,2019-02-18,2018-12-30T17:01:52Z,2018-11-16,2018-05-18T21:20:13Z,ERX2603933,postnatal day 186 to 548,kidney,female,SAMEA4670348,wild type genotype,The University of Heidelberg,2018-12-30T17:01:52Z,2018-05-18T21:20:13Z,public,Illumina HiSeq 2500,3023sTSm.Rabbit.Kidney.6mpb.Female_s,SINGLE,PolyA,TRANSCRIPTOMIC,kidney,Oryctolagus cuniculus,ILLUMINA,2019-02-19T00:00:00Z,2022-07-19T15:41:00Z,2,SAMEA4670348,E-MTAB-6782:3023sTSm.Rabbit.Kidney.6mpb.Female,Oryctolagus cuniculus,female,ERP108867,New Zealand,E-MTAB-6782:3023sTSm.Rabbit.Kidney.6mpb.Female
ERR2587658,186 to 548,RNA-Seq,101,2287425780,PRJEB26840,SAMEA4670349,ArrayExpress,833568295,"Lausanne Genomics Technology Facility ",rabbit,public,"fastq,run.zq,sra","ena,gs,ncbi,s3","ena,gs.us-east1,ncbi.public,s3.us-east-1",postnatal,2019-02-18,2018-12-30T17:01:52Z,2018-11-16,2018-05-18T21:20:13Z,ERX2603934,postnatal day 186 to 548,kidney,male,SAMEA4670349,wild type genotype,The University of Heidelberg,2018-12-30T17:01:52Z,2018-05-18T21:20:13Z,public,Illumina HiSeq 2500,3028sTS.Rabbit.Kidney.6mpb.Male_s,SINGLE,PolyA,TRANSCRIPTOMIC,kidney,Oryctolagus cuniculus,ILLUMINA,2019-02-19T00:00:00Z,2022-07-26T05:50:00Z,2,SAMEA4670349,E-MTAB-6782:3028sTS.Rabbit.Kidney.6mpb.Male,Oryctolagus cuniculus,male,ERP108867,New Zealand,E-MTAB-6782:3028sTS.Rabbit.Kidney.6mpb.Male
ERR2587659,186 to 548,RNA-Seq,101,3106356202,PRJEB26840,SAMEA4670350,ArrayExpress,1165836335,"Lausanne Genomics Technology Facility ",rabbit,public,"fastq,run.zq,sra","ena,gs,ncbi,s3","ena,gs.us-east1,ncbi.public,s3.us-east-1",postnatal,2019-02-18,2018-12-30T17:01:52Z,2018-11-16,2018-05-18T21:20:13Z,ERX2603935,postnatal day 186 to 548,kidney,male,SAMEA4670350,wild type genotype,The University of Heidelberg,2018-12-30T17:01:52Z,2018-05-18T21:20:13Z,public,Illumina HiSeq 2500,3047sTS.Rabbit.Kidney.6mpb.Male_s,SINGLE,PolyA,TRANSCRIPTOMIC,kidney,Oryctolagus cuniculus,ILLUMINA,2019-02-19T00:00:00Z,2021-10-25T01:41:00Z,2,SAMEA4670350,E-MTAB-6782:3047sTS.Rabbit.Kidney.6mpb.Male,Oryctolagus cuniculus,male,ERP108867,New Zealand,E-MTAB-6782:3047sTS.Rabbit.Kidney.6mpb.Male
ERR2587660,186 to 548,RNA-Seq,101,2486072075,PRJEB26840,SAMEA4670351,ArrayExpress,1569908327,"Lausanne Genomics Technology Facility ",rabbit,public,"fastq,run.zq,sra","ena,gs,ncbi,s3","ena,gs.us-east1,ncbi.public,s3.us-east-1",postnatal,2019-02-18,2018-12-30T17:01:52Z,2018-11-16,2018-05-18T21:20:13Z,ERX2603936,postnatal day 186 to 548,liver,female,SAMEA4670351,wild type genotype,The University of Heidelberg,2018-12-30T17:01:52Z,2018-05-18T21:20:13Z,public,Illumina HiSeq 2500,3015sTS.Rabbit.Liver.6mpb.Female_s,SINGLE,PolyA,TRANSCRIPTOMIC,liver,Oryctolagus cuniculus,ILLUMINA,2019-02-19T00:00:00Z,2022-07-20T20:26:00Z,2,SAMEA4670351,E-MTAB-6782:3015sTS.Rabbit.Liver.6mpb.Female,Oryctolagus cuniculus,female,ERP108867,New Zealand,E-MTAB-6782:3015sTS.Rabbit.Liver.6mpb.Female
ERR2587661,186 to 548,RNA-Seq,101,2892376592,PRJEB26840,SAMEA4670352,ArrayExpress,1820773358,"Lausanne Genomics Technology Facility ",rabbit,public,"fastq,run.zq,sra","ena,gs,ncbi,s3","ena,gs.us-east1,ncbi.public,s3.us-east-1",postnatal,2019-02-18,2018-12-30T17:01:52Z,2018-11-16,2018-05-18T21:20:13Z,ERX2603937,postnatal day 186 to 548,liver,male,SAMEA4670352,wild type genotype,The University of Heidelberg,2018-12-30T17:01:52Z,2018-05-18T21:20:13Z,public,Illumina HiSeq 2500,3029sTS.Rabbit.Liver.6mpb.Male_s,SINGLE,PolyA,TRANSCRIPTOMIC,liver,Oryctolagus cuniculus,ILLUMINA,2019-02-19T00:00:00Z,2021-10-25T01:51:00Z,2,SAMEA4670352,E-MTAB-6782:3029sTS.Rabbit.Liver.6mpb.Male,Oryctolagus cuniculus,male,ERP108867,New Zealand,E-MTAB-6782:3029sTS.Rabbit.Liver.6mpb.Male
ERR2587662,186 to 548,RNA-Seq,101,3167112550,PRJEB26840,SAMEA4670353,ArrayExpress,2000533839,"Lausanne Genomics Technology Facility ",rabbit,public,"fastq,run.zq,sra","ena,gs,ncbi,s3","ena,gs.us-east1,ncbi.public,s3.us-east-1",postnatal,2019-02-18,2018-12-30T17:01:52Z,2018-11-16,2018-05-18T21:20:13Z,ERX2603938,postnatal day 186 to 548,liver,male,SAMEA4670353,wild type genotype,The University of Heidelberg,2018-12-30T17:01:52Z,2018-05-18T21:20:13Z,public,Illumina HiSeq 2500,3079sTS.Rabbit.Liver.1ypb.Male_s,SINGLE,PolyA,TRANSCRIPTOMIC,liver,Oryctolagus cuniculus,ILLUMINA,2019-02-19T00:00:00Z,2022-07-17T12:07:00Z,2,SAMEA4670353,E-MTAB-6782:3079sTS.Rabbit.Liver.1ypb.Male,Oryctolagus cuniculus,male,ERP108867,New Zealand,E-MTAB-6782:3079sTS.Rabbit.Liver.1ypb.Male
ERR2587663,186 to 548,RNA-Seq,101,2312764559,PRJEB26840,SAMEA4670354,ArrayExpress,1474703223,"Lausanne Genomics Technology Facility ",rabbit,public,"fastq,run.zq,sra","ena,gs,ncbi,s3","ena,gs.us-east1,ncbi.public,s3.us-east-1",postnatal,2019-02-18,2018-12-30T17:01:52Z,2018-11-16,2018-05-18T21:20:13Z,ERX2603939,postnatal day 186 to 548,liver,female,SAMEA4670354,wild type genotype,The University of Heidelberg,2018-12-30T17:01:52Z,2018-05-18T21:20:13Z,public,Illumina HiSeq 2500,3081sTS.Rabbit.Liver.6mpb.Female_s,SINGLE,PolyA,TRANSCRIPTOMIC,liver,Oryctolagus cuniculus,ILLUMINA,2019-02-19T00:00:00Z,2022-07-21T06:00:00Z,2,SAMEA4670354,E-MTAB-6782:3081sTS.Rabbit.Liver.6mpb.Female,Oryctolagus cuniculus,female,ERP108867,New Zealand,E-MTAB-6782:3081sTS.Rabbit.Liver.6mpb.Female
ERR2587664,186 to 548,RNA-Seq,101,4308581422,PRJEB26840,SAMEA4670355,ArrayExpress,2845685525,"Lausanne Genomics Technology Facility ",rabbit,public,"fastq,run.zq,sra","ena,gs,ncbi,s3","ena,gs.us-east1,ncbi.public,s3.us-east-1",postnatal,2019-02-18,2018-12-30T17:01:52Z,2018-11-16,2018-05-18T21:20:13Z,ERX2603940,postnatal day 186 to 548,ovary,female,SAMEA4670355,wild type genotype,The University of Heidelberg,2018-12-30T17:01:52Z,2018-05-18T21:20:13Z,public,Illumina HiSeq 2500,3016sTS.Rabbit.Ovary.6mpb.Female_s,SINGLE,PolyA,TRANSCRIPTOMIC,ovary,Oryctolagus cuniculus,ILLUMINA,2019-02-19T00:00:00Z,2022-07-26T05:58:00Z,2,SAMEA4670355,E-MTAB-6782:3016sTS.Rabbit.Ovary.6mpb.Female,Oryctolagus cuniculus,female,ERP108867,New Zealand,E-MTAB-6782:3016sTS.Rabbit.Ovary.6mpb.Female
ERR2587665,186 to 548,RNA-Seq,101,3989323452,PRJEB26840,SAMEA4670356,ArrayExpress,2753794091,"Lausanne Genomics Technology Facility ",rabbit,public,"fastq,run.zq,sra","ena,gs,ncbi,s3","ena,gs.us-east1,ncbi.public,s3.us-east-1",postnatal,2019-02-18,2018-12-30T17:01:52Z,2018-11-16,2018-05-18T21:20:13Z,ERX2603941,postnatal day 186 to 548,ovary,female,SAMEA4670356,wild type genotype,The University of Heidelberg,2018-12-30T17:01:52Z,2018-05-18T21:20:13Z,public,Illumina HiSeq 2500,3024sTS.Rabbit.Ovary.6mpb.Female_s,SINGLE,PolyA,TRANSCRIPTOMIC,ovary,Oryctolagus cuniculus,ILLUMINA,2019-02-19T00:00:00Z,2021-10-25T02:11:00Z,2,SAMEA4670356,E-MTAB-6782:3024sTS.Rabbit.Ovary.6mpb.Female,Oryctolagus cuniculus,female,ERP108867,New Zealand,E-MTAB-6782:3024sTS.Rabbit.Ovary.6mpb.Female
ERR2587666,186 to 548,RNA-Seq,101,3068476859,PRJEB26840,SAMEA4670357,ArrayExpress,1093431145,"Lausanne Genomics Technology Facility ",rabbit,public,"fastq,run.zq,sra","ena,gs,ncbi,s3","ena,gs.us-east1,ncbi.public,s3.us-east-1",postnatal,2019-02-18,2018-12-30T17:01:52Z,2018-11-16,2018-05-18T21:20:13Z,ERX2603942,postnatal day 186 to 548,testis,male,SAMEA4670357,wild type genotype,The University of Heidelberg,2018-12-30T17:01:52Z,2018-05-18T21:20:13Z,public,Illumina HiSeq 2500,3049sTS.Rabbit.Testis.6mpb.Male_s,SINGLE,PolyA,TRANSCRIPTOMIC,testis,Oryctolagus cuniculus,ILLUMINA,2019-02-19T00:00:00Z,2021-10-25T01:19:00Z,2,SAMEA4670357,E-MTAB-6782:3049sTS.Rabbit.Testis.6mpb.Male,Oryctolagus cuniculus,male,ERP108867,New Zealand,E-MTAB-6782:3049sTS.Rabbit.Testis.6mpb.Male
ERR2587667,84,RNA-Seq,101,3284793003,PRJEB26840,SAMEA4670358,ArrayExpress,1251383269,"Lausanne Genomics Technology Facility ",rabbit,public,"fastq,run.zq,sra","ena,gs,ncbi,s3","ena,gs.us-east1,ncbi.public,s3.us-east-1",postnatal,2019-02-18,2018-12-30T17:01:52Z,2018-11-16,2018-05-18T21:20:13Z,ERX2603943,postnatal day 84,forebrain,male,SAMEA4670358,wild type genotype,The University of Heidelberg,2018-12-30T17:01:52Z,2018-05-18T21:20:13Z,public,Illumina HiSeq 2500,4830sTS.Rabbit.Brain.12wpb.Male_s,SINGLE,PolyA,TRANSCRIPTOMIC,forebrain,Oryctolagus cuniculus,ILLUMINA,2019-02-19T00:00:00Z,2022-07-15T21:45:00Z,2,SAMEA4670358,E-MTAB-6782:4830sTS.Rabbit.Brain.12wpb.Male,Oryctolagus cuniculus,male,ERP108867,New Zealand,E-MTAB-6782:4830sTS.Rabbit.Brain.12wpb.Male
ERR2587668,84,RNA-Seq,101,2675176799,PRJEB26840,SAMEA4670359,ArrayExpress,1017188033,"Lausanne Genomics Technology Facility ",rabbit,public,"fastq,run.zq,sra","ena,gs,ncbi,s3","ena,gs.us-east1,ncbi.public,s3.us-east-1",postnatal,2019-02-18,2018-12-30T17:01:52Z,2018-11-16,2018-05-18T21:20:13Z,ERX2603944,postnatal day 84,forebrain,female,SAMEA4670359,wild type genotype,The University of Heidelberg,2018-12-30T17:01:52Z,2018-05-18T21:20:13Z,public,Illumina HiSeq 2500,4836sTS.Rabbit.Brain.12wpb.Female_s,SINGLE,PolyA,TRANSCRIPTOMIC,forebrain,Oryctolagus cuniculus,ILLUMINA,2019-02-19T00:00:00Z,2022-07-17T23:34:00Z,2,SAMEA4670359,E-MTAB-6782:4836sTS.Rabbit.Brain.12wpb.Female,Oryctolagus cuniculus,female,ERP108867,New Zealand,E-MTAB-6782:4836sTS.Rabbit.Brain.12wpb.Female
ERR2587669,84,RNA-Seq,101,2363267690,PRJEB26840,SAMEA4670360,ArrayExpress,892308037,"Lausanne Genomics Technology Facility ",rabbit,public,"fastq,run.zq,sra","ena,gs,ncbi,s3","ena,gs.us-east1,ncbi.public,s3.us-east-1",postnatal,2019-02-18,2018-12-30T17:01:52Z,2018-11-16,2018-05-18T21:20:13Z,ERX2603945,postnatal day 84,forebrain,male,SAMEA4670360,wild type genotype,The University of Heidelberg,2018-12-30T17:01:52Z,2018-05-18T21:20:13Z,public,Illumina HiSeq 2500,4917sTS.Rabbit.Brain.12wpb.Male_s,SINGLE,PolyA,TRANSCRIPTOMIC,forebrain,Oryctolagus cuniculus,ILLUMINA,2019-02-19T00:00:00Z,2022-07-26T05:51:00Z,2,SAMEA4670360,E-MTAB-6782:4917sTS.Rabbit.Brain.12wpb.Male,Oryctolagus cuniculus,male,ERP108867,New Zealand,E-MTAB-6782:4917sTS.Rabbit.Brain.12wpb.Male
ERR2587670,84,RNA-Seq,101,5386008517,PRJEB26840,SAMEA4670361,ArrayExpress,1980714040,"Lausanne Genomics Technology Facility ",rabbit,public,"fastq,run.zq,sra","ena,gs,ncbi,s3","ena,gs.us-east1,ncbi.public,s3.us-east-1",postnatal,2019-02-18,2018-12-30T17:01:52Z,2018-11-16,2018-05-18T21:20:13Z,ERX2603946,postnatal day 84,forebrain,female,SAMEA4670361,wild type genotype,The University of Heidelberg,2018-12-30T17:01:52Z,2018-05-18T21:20:13Z,public,Illumina HiSeq 2500,4928sTS.Rabbit.Brain.12wpb.Female_s,SINGLE,PolyA,TRANSCRIPTOMIC,forebrain,Oryctolagus cuniculus,ILLUMINA,2019-02-19T00:00:00Z,2021-10-25T02:05:00Z,2,SAMEA4670361,E-MTAB-6782:4928sTS.Rabbit.Brain.12wpb.Female,Oryctolagus cuniculus,female,ERP108867,New Zealand,E-MTAB-6782:4928sTS.Rabbit.Brain.12wpb.Female
ERR2587671,84,RNA-Seq,101,4524660923,PRJEB26840,SAMEA4670362,ArrayExpress,1713098759,"Lausanne Genomics Technology Facility ",rabbit,public,"fastq,run.zq,sra","ena,gs,ncbi,s3","ena,gs.us-east1,ncbi.public,s3.us-east-1",postnatal,2019-02-18,2018-12-30T17:01:52Z,2018-11-16,2018-05-18T21:20:13Z,ERX2603947,postnatal day 84,heart,female,SAMEA4670362,wild type genotype,The University of Heidelberg,2018-12-30T17:01:52Z,2018-05-18T21:20:13Z,public,Illumina HiSeq 2500,4913sTS.Rabbit.Heart.12wpb.Female_s,SINGLE,PolyA,TRANSCRIPTOMIC,heart,Oryctolagus cuniculus,ILLUMINA,2019-02-19T00:00:00Z,2022-07-20T11:19:00Z,2,SAMEA4670362,E-MTAB-6782:4913sTS.Rabbit.Heart.12wpb.Female,Oryctolagus cuniculus,female,ERP108867,New Zealand,E-MTAB-6782:4913sTS.Rabbit.Heart.12wpb.Female
ERR2587672,84,RNA-Seq,101,3187851991,PRJEB26840,SAMEA4670363,ArrayExpress,1201181645,"Lausanne Genomics Technology Facility ",rabbit,public,"fastq,run.zq,sra","ena,gs,ncbi,s3","ena,gs.us-east1,ncbi.public,s3.us-east-1",postnatal,2019-02-18,2018-12-30T17:01:52Z,2018-11-16,2018-05-18T21:20:13Z,ERX2603948,postnatal day 84,heart,male,SAMEA4670363,wild type genotype,The University of Heidelberg,2018-12-30T17:01:52Z,2018-05-18T21:20:13Z,public,Illumina HiSeq 2500,4919sTS.Rabbit.Heart.12wpb.Male_s,SINGLE,PolyA,TRANSCRIPTOMIC,heart,Oryctolagus cuniculus,ILLUMINA,2019-02-19T00:00:00Z,2022-07-26T05:51:00Z,2,SAMEA4670363,E-MTAB-6782:4919sTS.Rabbit.Heart.12wpb.Male,Oryctolagus cuniculus,male,ERP108867,New Zealand,E-MTAB-6782:4919sTS.Rabbit.Heart.12wpb.Male
ERR2587673,84,RNA-Seq,101,2629750332,PRJEB26840,SAMEA4670364,ArrayExpress,1001170548,"Lausanne Genomics Technology Facility ",rabbit,public,"fastq,run.zq,sra","ena,gs,ncbi,s3","ena,gs.us-east1,ncbi.public,s3.us-east-1",postnatal,2019-02-18,2018-12-30T17:01:52Z,2018-11-16,2018-05-18T21:20:13Z,ERX2603949,postnatal day 84,hindbrain,male,SAMEA4670364,wild type genotype,The University of Heidelberg,2018-12-30T17:01:52Z,2018-05-18T21:20:13Z,public,Illumina HiSeq 2500,4831sTS.Rabbit.Cerebellum.12wpb.Male_s,SINGLE,PolyA,TRANSCRIPTOMIC,hindbrain,Oryctolagus cuniculus,ILLUMINA,2019-02-19T00:00:00Z,2022-07-14T06:27:00Z,2,SAMEA4670364,E-MTAB-6782:4831sTS.Rabbit.Cerebellum.12wpb.Male,Oryctolagus cuniculus,male,ERP108867,New Zealand,E-MTAB-6782:4831sTS.Rabbit.Cerebellum.12wpb.Male
ERR2587674,84,RNA-Seq,101,2157373332,PRJEB26840,SAMEA4670365,ArrayExpress,841227440,"Lausanne Genomics Technology Facility ",rabbit,public,"fastq,run.zq,sra","ena,gs,ncbi,s3","ena,gs.us-east1,ncbi.public,s3.us-east-1",postnatal,2019-02-18,2018-12-30T17:01:52Z,2018-11-16,2018-05-18T21:20:14Z,ERX2603950,postnatal day 84,hindbrain,female,SAMEA4670365,wild type genotype,The University of Heidelberg,2018-12-30T17:01:52Z,2018-05-18T21:20:14Z,public,Illumina HiSeq 2500,4837sTS.Rabbit.Cerebellum.12wpb.Female_s,SINGLE,PolyA,TRANSCRIPTOMIC,hindbrain,Oryctolagus cuniculus,ILLUMINA,2019-02-19T00:00:00Z,2021-10-25T01:24:00Z,2,SAMEA4670365,E-MTAB-6782:4837sTS.Rabbit.Cerebellum.12wpb.Female,Oryctolagus cuniculus,female,ERP108867,New Zealand,E-MTAB-6782:4837sTS.Rabbit.Cerebellum.12wpb.Female
ERR2587675,84,RNA-Seq,101,2711960797,PRJEB26840,SAMEA4670366,ArrayExpress,1024675454,"Lausanne Genomics Technology Facility ",rabbit,public,"fastq,run.zq,sra","ena,gs,ncbi,s3","ena,gs.us-east1,ncbi.public,s3.us-east-1",postnatal,2019-02-18,2018-12-30T17:01:52Z,2018-11-16,2018-05-18T21:20:14Z,ERX2603951,postnatal day 84,hindbrain,male,SAMEA4670366,wild type genotype,The University of Heidelberg,2018-12-30T17:01:52Z,2018-05-18T21:20:14Z,public,Illumina HiSeq 2500,4918sTS.Rabbit.Cerebellum.12wpb.Male_s,SINGLE,PolyA,TRANSCRIPTOMIC,hindbrain,Oryctolagus cuniculus,ILLUMINA,2019-02-19T00:00:00Z,2022-07-26T05:50:00Z,2,SAMEA4670366,E-MTAB-6782:4918sTS.Rabbit.Cerebellum.12wpb.Male,Oryctolagus cuniculus,male,ERP108867,New Zealand,E-MTAB-6782:4918sTS.Rabbit.Cerebellum.12wpb.Male
ERR2587676,84,RNA-Seq,101,2507612244,PRJEB26840,SAMEA4670367,ArrayExpress,940371378,"Lausanne Genomics Technology Facility ",rabbit,public,"fastq,run.zq,sra","ena,gs,ncbi,s3","ena,gs.us-east1,ncbi.public,s3.us-east-1",postnatal,2019-02-18,2018-12-30T17:01:52Z,2018-11-16,2018-05-18T21:20:14Z,ERX2603952,postnatal day 84,hindbrain,female,SAMEA4670367,wild type genotype,The University of Heidelberg,2018-12-30T17:01:52Z,2018-05-18T21:20:14Z,public,Illumina HiSeq 2500,4929sTS.Rabbit.Cerebellum.12wpb.Female_s,SINGLE,PolyA,TRANSCRIPTOMIC,hindbrain,Oryctolagus cuniculus,ILLUMINA,2019-02-19T00:00:00Z,2022-07-19T01:02:00Z,2,SAMEA4670367,E-MTAB-6782:4929sTS.Rabbit.Cerebellum.12wpb.Female,Oryctolagus cuniculus,female,ERP108867,New Zealand,E-MTAB-6782:4929sTS.Rabbit.Cerebellum.12wpb.Female
ERR2587677,84,RNA-Seq,101,4141201697,PRJEB26840,SAMEA4670368,ArrayExpress,1567525722,"Lausanne Genomics Technology Facility ",rabbit,public,"fastq,run.zq,sra","ena,gs,ncbi,s3","ena,gs.us-east1,ncbi.public,s3.us-east-1",postnatal,2019-02-18,2018-12-30T17:01:52Z,2018-11-16,2018-05-18T21:20:14Z,ERX2603953,postnatal day 84,kidney,male,SAMEA4670368,wild type genotype,The University of Heidelberg,2018-12-30T17:01:52Z,2018-05-18T21:20:14Z,public,Illumina HiSeq 2500,4834sTS.Rabbit.Kidney.12wpb.Male_s,SINGLE,PolyA,TRANSCRIPTOMIC,kidney,Oryctolagus cuniculus,ILLUMINA,2019-02-19T00:00:00Z,2022-07-20T16:08:00Z,2,SAMEA4670368,E-MTAB-6782:4834sTS.Rabbit.Kidney.12wpb.Male,Oryctolagus cuniculus,male,ERP108867,New Zealand,E-MTAB-6782:4834sTS.Rabbit.Kidney.12wpb.Male
ERR2587678,84,RNA-Seq,101,2719274005,PRJEB26840,SAMEA4670369,ArrayExpress,1037319067,"Lausanne Genomics Technology Facility ",rabbit,public,"fastq,run.zq,sra","ena,gs,ncbi,s3","ena,gs.us-east1,ncbi.public,s3.us-east-1",postnatal,2019-02-18,2018-12-30T17:01:52Z,2018-11-16,2018-05-18T21:20:14Z,ERX2603954,postnatal day 84,kidney,female,SAMEA4670369,wild type genotype,The University of Heidelberg,2018-12-30T17:01:52Z,2018-05-18T21:20:14Z,public,Illumina HiSeq 2500,4914sTS.Rabbit.Kidney.12wpb.Female_s,SINGLE,PolyA,TRANSCRIPTOMIC,kidney,Oryctolagus cuniculus,ILLUMINA,2019-02-19T00:00:00Z,2022-07-26T05:50:00Z,2,SAMEA4670369,E-MTAB-6782:4914sTS.Rabbit.Kidney.12wpb.Female,Oryctolagus cuniculus,female,ERP108867,New Zealand,E-MTAB-6782:4914sTS.Rabbit.Kidney.12wpb.Female
ERR2587679,84,RNA-Seq,101,3227277947,PRJEB26840,SAMEA4670370,ArrayExpress,1191286297,"Lausanne Genomics Technology Facility ",rabbit,public,"fastq,run.zq,sra","ena,gs,ncbi,s3","ena,gs.us-east1,ncbi.public,s3.us-east-1",postnatal,2019-02-18,2018-12-30T17:01:52Z,2018-11-16,2018-05-18T21:20:14Z,ERX2603955,postnatal day 84,kidney,male,SAMEA4670370,wild type genotype,The University of Heidelberg,2018-12-30T17:01:52Z,2018-05-18T21:20:14Z,public,Illumina HiSeq 2500,4920sTS.Rabbit.Kidney.12wpb.Male_s,SINGLE,PolyA,TRANSCRIPTOMIC,kidney,Oryctolagus cuniculus,ILLUMINA,2019-02-19T00:00:00Z,2022-07-18T06:38:00Z,2,SAMEA4670370,E-MTAB-6782:4920sTS.Rabbit.Kidney.12wpb.Male,Oryctolagus cuniculus,male,ERP108867,New Zealand,E-MTAB-6782:4920sTS.Rabbit.Kidney.12wpb.Male
ERR2587680,84,RNA-Seq,101,3288328811,PRJEB26840,SAMEA4670371,ArrayExpress,1224285670,"Lausanne Genomics Technology Facility ",rabbit,public,"fastq,run.zq,sra","ena,gs,ncbi,s3","ena,gs.us-east1,ncbi.public,s3.us-east-1",postnatal,2019-02-18,2018-12-30T17:01:52Z,2018-11-16,2018-05-18T21:20:14Z,ERX2603956,postnatal day 84,kidney,female,SAMEA4670371,wild type genotype,The University of Heidelberg,2018-12-30T17:01:52Z,2018-05-18T21:20:14Z,public,Illumina HiSeq 2500,4931sTS.Rabbit.Kidney.12wpb.Female_s,SINGLE,PolyA,TRANSCRIPTOMIC,kidney,Oryctolagus cuniculus,ILLUMINA,2019-02-19T00:00:00Z,2021-10-25T01:54:00Z,2,SAMEA4670371,E-MTAB-6782:4931sTS.Rabbit.Kidney.12wpb.Female,Oryctolagus cuniculus,female,ERP108867,New Zealand,E-MTAB-6782:4931sTS.Rabbit.Kidney.12wpb.Female
ERR2587681,84,RNA-Seq,101,4225448827,PRJEB26840,SAMEA4670372,ArrayExpress,1600867591,"Lausanne Genomics Technology Facility ",rabbit,public,"fastq,run.zq,sra","ena,gs,ncbi,s3","ena,gs.us-east1,ncbi.public,s3.us-east-1",postnatal,2019-02-18,2018-12-30T17:01:52Z,2018-11-16,2018-05-18T21:20:14Z,ERX2603957,postnatal day 84,liver,male,SAMEA4670372,wild type genotype,The University of Heidelberg,2018-12-30T17:01:52Z,2018-05-18T21:20:14Z,public,Illumina HiSeq 2500,4833sTS.Rabbit.Liver.12wpb.Male_s,SINGLE,PolyA,TRANSCRIPTOMIC,liver,Oryctolagus cuniculus,ILLUMINA,2019-02-19T00:00:00Z,2022-07-26T05:57:00Z,2,SAMEA4670372,E-MTAB-6782:4833sTS.Rabbit.Liver.12wpb.Male,Oryctolagus cuniculus,male,ERP108867,New Zealand,E-MTAB-6782:4833sTS.Rabbit.Liver.12wpb.Male
ERR2587682,84,RNA-Seq,101,2482273162,PRJEB26840,SAMEA4670373,ArrayExpress,947160936,"Lausanne Genomics Technology Facility ",rabbit,public,"fastq,run.zq,sra","ena,gs,ncbi,s3","ena,gs.us-east1,ncbi.public,s3.us-east-1",postnatal,2019-02-18,2018-12-30T17:01:52Z,2018-11-16,2018-05-18T21:20:14Z,ERX2603958,postnatal day 84,liver,female,SAMEA4670373,wild type genotype,The University of Heidelberg,2018-12-30T17:01:52Z,2018-05-18T21:20:14Z,public,Illumina HiSeq 2500,4915sTS.Rabbit.Liver.12wpb.Female_s,SINGLE,PolyA,TRANSCRIPTOMIC,liver,Oryctolagus cuniculus,ILLUMINA,2019-02-19T00:00:00Z,2021-10-25T01:36:00Z,2,SAMEA4670373,E-MTAB-6782:4915sTS.Rabbit.Liver.12wpb.Female,Oryctolagus cuniculus,female,ERP108867,New Zealand,E-MTAB-6782:4915sTS.Rabbit.Liver.12wpb.Female
ERR2587683,84,RNA-Seq,101,2947752569,PRJEB26840,SAMEA4670374,ArrayExpress,1094114532,"Lausanne Genomics Technology Facility ",rabbit,public,"fastq,run.zq,sra","ena,gs,ncbi,s3","ena,gs.us-east1,ncbi.public,s3.us-east-1",postnatal,2019-02-18,2018-12-30T17:01:52Z,2018-11-16,2018-05-18T21:20:14Z,ERX2603959,postnatal day 84,liver,male,SAMEA4670374,wild type genotype,The University of Heidelberg,2018-12-30T17:01:52Z,2018-05-18T21:20:14Z,public,Illumina HiSeq 2500,4921sTS.Rabbit.Liver.12wpb.Male_s,SINGLE,PolyA,TRANSCRIPTOMIC,liver,Oryctolagus cuniculus,ILLUMINA,2019-02-19T00:00:00Z,2021-10-25T01:38:00Z,2,SAMEA4670374,E-MTAB-6782:4921sTS.Rabbit.Liver.12wpb.Male,Oryctolagus cuniculus,male,ERP108867,New Zealand,E-MTAB-6782:4921sTS.Rabbit.Liver.12wpb.Male
ERR2587684,84,RNA-Seq,101,4147616409,PRJEB26840,SAMEA4670375,ArrayExpress,1545702775,"Lausanne Genomics Technology Facility ",rabbit,public,"fastq,run.zq,sra","ena,gs,ncbi,s3","ena,gs.us-east1,ncbi.public,s3.us-east-1",postnatal,2019-02-18,2018-12-30T17:01:52Z,2018-11-16,2018-05-18T21:20:14Z,ERX2603960,postnatal day 84,liver,female,SAMEA4670375,wild type genotype,The University of Heidelberg,2018-12-30T17:01:52Z,2018-05-18T21:20:14Z,public,Illumina HiSeq 2500,4932sTS.Rabbit.Liver.12wpb.Female_s,SINGLE,PolyA,TRANSCRIPTOMIC,liver,Oryctolagus cuniculus,ILLUMINA,2019-02-19T00:00:00Z,2021-10-25T01:47:00Z,2,SAMEA4670375,E-MTAB-6782:4932sTS.Rabbit.Liver.12wpb.Female,Oryctolagus cuniculus,female,ERP108867,New Zealand,E-MTAB-6782:4932sTS.Rabbit.Liver.12wpb.Female
ERR2587685,84,RNA-Seq,101,4167421701,PRJEB26840,SAMEA4670376,ArrayExpress,1571365567,"Lausanne Genomics Technology Facility ",rabbit,public,"fastq,run.zq,sra","ena,gs,ncbi,s3","ena,gs.us-east1,ncbi.public,s3.us-east-1",postnatal,2019-02-18,2018-12-30T17:01:52Z,2018-11-16,2018-05-18T21:20:14Z,ERX2603961,postnatal day 84,testis,male,SAMEA4670376,wild type genotype,The University of Heidelberg,2018-12-30T17:01:52Z,2018-05-18T21:20:14Z,public,Illumina HiSeq 2500,4835sTS.Rabbit.Testis.12wpb.Male_s,SINGLE,PolyA,TRANSCRIPTOMIC,testis,Oryctolagus cuniculus,ILLUMINA,2019-02-19T00:00:00Z,2022-07-26T05:47:00Z,2,SAMEA4670376,E-MTAB-6782:4835sTS.Rabbit.Testis.12wpb.Male,Oryctolagus cuniculus,male,ERP108867,New Zealand,E-MTAB-6782:4835sTS.Rabbit.Testis.12wpb.Male
ERR2587686,84,RNA-Seq,101,1417808306,PRJEB26840,SAMEA4670377,ArrayExpress,567058883,"Lausanne Genomics Technology Facility ",rabbit,public,"fastq,run.zq,sra","ena,gs,ncbi,s3","ena,gs.us-east1,ncbi.public,s3.us-east-1",postnatal,2019-02-18,2018-12-30T17:01:52Z,2018-11-16,2018-05-18T21:20:14Z,ERX2603962,postnatal day 84,testis,male,SAMEA4670377,wild type genotype,The University of Heidelberg,2018-12-30T17:01:52Z,2018-05-18T21:20:14Z,public,Illumina HiSeq 2500,5197sTS2.Rabbit.Testis.12wpb.Male_s,SINGLE,PolyA,TRANSCRIPTOMIC,testis,Oryctolagus cuniculus,ILLUMINA,2019-02-19T00:00:00Z,2022-07-22T13:45:00Z,2,SAMEA4670377,E-MTAB-6782:5197sTS2.Rabbit.Testis.12wpb.Male,Oryctolagus cuniculus,male,ERP108867,New Zealand,E-MTAB-6782:5197sTS2.Rabbit.Testis.12wpb.Male
