Run,Assay Type,AvgSpotLen,Bases,BioProject,BioSample,Bytes,Center Name,Consent,DATASTORE filetype,DATASTORE provider,DATASTORE region,Experiment,Instrument,LibraryLayout,LibrarySelection,LibrarySource,Organism,Platform,ReleaseDate,create_date,version,Sample Name,SRA Study,Library Name,tissue,AGE,BioSampleModel,sex,BREED,Collection_date,geo_loc_name_country,geo_loc_name_country_continent,geo_loc_name,dev_stage,strain,Ecotype,source_name,isolate,Sample_name,Cultivar,GEO_Accession (exp),treatment,Developmental_stage,Animal_age_at_collection,assay_type (exp),ENA-FIRST-PUBLIC (run),ENA-LAST-UPDATE (run),experiment_target (exp),EXTRACTION_PROTOCOL (exp),fasted_status,health_status_at_collection,library_preparation_date (exp),library_preparation_location (exp),library_preparation_location_latitude (exp),library_preparation_location_longitude (exp),material,Organism_part,project,read_strand (exp),rna_integrity_number (exp),rna_purity_-_260:230_ratio (exp),rna_purity_-_260:280_ratio (exp),sample_storage (exp),sample_storage_processing (exp),sampling_to_preparation_interval (exp),sequencing_date (exp),sequencing_location (exp),sequencing_location_latitude (exp),sequencing_location_longitude (exp),specimen_collection_date,specimen_collection_protocol,SRA_accession,submission_description,submission_identifier,submission_title,replicate,BIOMATERIAL_PROVIDER,Host,isolation_source,lat_lon,repli_cate,ngdc_project_id,NGDC_release_date (exp),NGDC_release_date (run),ngdc_release_date,ngdc_sample_id,NGDC_submission_date (exp),NGDC_submission_date (run),Diet,fed_for,gender,dietary_energy_level,issue,remarks,x,period,genetic_material
SRR36097507,RNA-Seq,300,6316999800,PRJNA1365967,SAMN53300230,1937890551,GANSU AGRICULTURE UNIVERSITY,public,"fastq,run.zq,sra","s3,ncbi,gs","s3.us-east-1,ncbi.public,gs.us-east1",SRX31143038,Illumina NovaSeq 6000,PAIRED,cDNA,TRANSCRIPTOMIC,Ovis aries,ILLUMINA,2025-12-30T00:00:00Z,2025-11-19T09:59:00Z,1,control-2_1,SRP646824,control-2_1_Lib2,testis,not collected,Model organism or animal,male,not collected,2024-11-15,China,Asia,China:Gansu,not collected,not applicable,not collected,,C,,not collected,,,,,,,,,,,,,,,,,,,,,,,,,,,,,,,,,,,,,,,,,,,,,,,,,,,,,,,,,
SRR36097508,RNA-Seq,300,5666072100,PRJNA1365967,SAMN53300232,1738650576,GANSU AGRICULTURE UNIVERSITY,public,"run.zq,sra,fastq","s3,gs,ncbi","gs.us-east1,s3.us-east-1,ncbi.public",SRX31143037,Illumina NovaSeq 6000,PAIRED,cDNA,TRANSCRIPTOMIC,Ovis aries,ILLUMINA,2025-12-30T00:00:00Z,2025-11-19T09:58:00Z,1,control-3_1,SRP646824,control-3_1_Lib3,testis,not collected,Model organism or animal,male,not collected,2024-11-15,China,Asia,China:Gansu,not collected,not applicable,not collected,,E,,not collected,,,,,,,,,,,,,,,,,,,,,,,,,,,,,,,,,,,,,,,,,,,,,,,,,,,,,,,,,
SRR36097509,RNA-Seq,300,5612943600,PRJNA1365967,SAMN53300234,1747161753,GANSU AGRICULTURE UNIVERSITY,public,"fastq,sra,run.zq","ncbi,s3,gs","gs.us-east1,ncbi.public,s3.us-east-1",SRX31143036,Illumina NovaSeq 6000,PAIRED,cDNA,TRANSCRIPTOMIC,Ovis aries,ILLUMINA,2025-12-30T00:00:00Z,2025-11-19T09:58:00Z,1,control-4_1,SRP646824,control-4_1_Lib4,testis,not collected,Model organism or animal,male,not collected,2024-11-15,China,Asia,China:Gansu,not collected,not applicable,not collected,,G,,not collected,,,,,,,,,,,,,,,,,,,,,,,,,,,,,,,,,,,,,,,,,,,,,,,,,,,,,,,,,
SRR36097510,RNA-Seq,300,6216939000,PRJNA1365967,SAMN53300236,1853316068,GANSU AGRICULTURE UNIVERSITY,public,"sra,fastq,run.zq","s3,gs,ncbi","ncbi.public,gs.us-east1,s3.us-east-1",SRX31143035,Illumina NovaSeq 6000,PAIRED,cDNA,TRANSCRIPTOMIC,Ovis aries,ILLUMINA,2025-12-30T00:00:00Z,2025-11-19T09:58:00Z,1,PCA-1_1,SRP646824,PCA-1_1_Lib1,testis,not collected,Model organism or animal,male,not collected,2024-11-15,China,Asia,China:Gansu,not collected,not applicable,not collected,,I,,not collected,,,,,,,,,,,,,,,,,,,,,,,,,,,,,,,,,,,,,,,,,,,,,,,,,,,,,,,,,
SRR36097511,RNA-Seq,300,6304424100,PRJNA1365967,SAMN53300242,1877294755,GANSU AGRICULTURE UNIVERSITY,public,"fastq,sra,run.zq","ncbi,s3,gs","s3.us-east-1,ncbi.public,gs.us-east1",SRX31143034,Illumina NovaSeq 6000,PAIRED,cDNA,TRANSCRIPTOMIC,Ovis aries,ILLUMINA,2025-12-30T00:00:00Z,2025-11-19T09:58:00Z,1,PCA-4_1,SRP646824,PCA-4_1_Lib4,testis,not collected,Model organism or animal,male,not collected,2024-11-15,China,Asia,China:Gansu,not collected,not applicable,not collected,,O,,not collected,,,,,,,,,,,,,,,,,,,,,,,,,,,,,,,,,,,,,,,,,,,,,,,,,,,,,,,,,
SRR36097512,RNA-Seq,300,6355074000,PRJNA1365967,SAMN53300240,1924168641,GANSU AGRICULTURE UNIVERSITY,public,"run.zq,sra,fastq","gs,s3,ncbi","gs.us-east1,ncbi.public,s3.us-east-1",SRX31143033,Illumina NovaSeq 6000,PAIRED,cDNA,TRANSCRIPTOMIC,Ovis aries,ILLUMINA,2025-12-30T00:00:00Z,2025-11-19T09:58:00Z,1,PCA-3_1,SRP646824,PCA-3_1_Lib3,testis,not collected,Model organism or animal,male,not collected,2024-11-15,China,Asia,China:Gansu,not collected,not applicable,not collected,,M,,not collected,,,,,,,,,,,,,,,,,,,,,,,,,,,,,,,,,,,,,,,,,,,,,,,,,,,,,,,,,
SRR36097513,RNA-Seq,300,6363168600,PRJNA1365967,SAMN53300238,1907614389,GANSU AGRICULTURE UNIVERSITY,public,"fastq,run.zq,sra","s3,ncbi,gs","ncbi.public,gs.us-east1,s3.us-east-1",SRX31143032,Illumina NovaSeq 6000,PAIRED,cDNA,TRANSCRIPTOMIC,Ovis aries,ILLUMINA,2025-12-30T00:00:00Z,2025-11-19T09:58:00Z,1,PCA-2_1,SRP646824,PCA-2_1_Lib2,testis,not collected,Model organism or animal,male,not collected,2024-11-15,China,Asia,China:Gansu,not collected,not applicable,not collected,,K,,not collected,,,,,,,,,,,,,,,,,,,,,,,,,,,,,,,,,,,,,,,,,,,,,,,,,,,,,,,,,
SRR36097514,RNA-Seq,300,6646319400,PRJNA1365967,SAMN53300228,2046243286,GANSU AGRICULTURE UNIVERSITY,public,"run.zq,fastq,sra","gs,s3,ncbi","ncbi.public,s3.us-east-1,gs.us-east1",SRX31143031,Illumina NovaSeq 6000,PAIRED,cDNA,TRANSCRIPTOMIC,Ovis aries,ILLUMINA,2025-12-30T00:00:00Z,2025-11-19T09:59:00Z,1,control-1_1,SRP646824,control-1_1_Lib1,testis,not collected,Model organism or animal,male,not collected,2024-11-15,China,Asia,China:Gansu,not collected,not applicable,not collected,,A,,not collected,,,,,,,,,,,,,,,,,,,,,,,,,,,,,,,,,,,,,,,,,,,,,,,,,,,,,,,,,
SRR31644683,RNA-Seq,50,760170700,PRJNA1195695,SAMN44246313,254229514,"MINISTRY OF AGRICULTURE AND RURAL AFFAIRS, LANZHOU INSTITUTE OF HUSBANDRY AND PHARMACEUTICAL SCIENCE",public,"fastq,sra,run.zq","s3,gs,ncbi","gs.us-east1,s3.us-east-1,ncbi.public",SRX27007790,Illumina HiSeq 2500,SINGLE,cDNA,TRANSCRIPTOMIC,Ovis aries,ILLUMINA,2024-12-09T00:00:00Z,2024-12-09T03:05:00Z,1,M6-3_1,SRP550146,Y1-1,Testicles,6,Model organism or animal,male,,2023-04-30,China,Asia,China:Gansu,sexually mature,,Lanzhou,,,,,,,,,,,,,,,,,,,,,,,,,,,,,,,,,,,,,,,,,,,,,repli cate =biological repli cate33,,,,,,,,,,,,,,,,
SRR31644684,RNA-Seq,50,662953650,PRJNA1195695,SAMN44246312,222763792,"MINISTRY OF AGRICULTURE AND RURAL AFFAIRS, LANZHOU INSTITUTE OF HUSBANDRY AND PHARMACEUTICAL SCIENCE",public,"run.zq,sra,fastq","s3,ncbi,gs","s3.us-east-1,gs.us-east1,ncbi.public",SRX27007789,Illumina HiSeq 2500,SINGLE,cDNA,TRANSCRIPTOMIC,Ovis aries,ILLUMINA,2024-12-09T00:00:00Z,2024-12-09T03:05:00Z,1,M6-2_2,SRP550146,M6-3,Testicles,6,Model organism or animal,male,,2023-04-30,China,Asia,China:Gansu,sexually mature,,Lanzhou,,,,,,,,,,,,,,,,,,,,,,,,,,,,,,,,,,,,,,,,,,,,,repli cate =biological repli cate30,,,,,,,,,,,,,,,,
SRR31644685,RNA-Seq,50,708685950,PRJNA1195695,SAMN44246311,239177840,"MINISTRY OF AGRICULTURE AND RURAL AFFAIRS, LANZHOU INSTITUTE OF HUSBANDRY AND PHARMACEUTICAL SCIENCE",public,"sra,fastq,run.zq","ncbi,s3,gs","s3.us-east-1,ncbi.public,gs.us-east1",SRX27007788,Illumina HiSeq 2500,SINGLE,cDNA,TRANSCRIPTOMIC,Ovis aries,ILLUMINA,2024-12-09T00:00:00Z,2024-12-09T03:05:00Z,1,M6-2_1,SRP550146,M6-2,Testicles,6,Model organism or animal,male,,2023-04-30,China,Asia,China:Gansu,sexually mature,,Lanzhou,,,,,,,,,,,,,,,,,,,,,,,,,,,,,,,,,,,,,,,,,,,,,repli cate =biological repli cate29,,,,,,,,,,,,,,,,
SRR31644686,RNA-Seq,50,510155500,PRJNA1195695,SAMN44246309,167876662,"MINISTRY OF AGRICULTURE AND RURAL AFFAIRS, LANZHOU INSTITUTE OF HUSBANDRY AND PHARMACEUTICAL SCIENCE",public,"fastq,run.zq,sra","ncbi,s3,gs","gs.us-east1,ncbi.public,s3.us-east-1",SRX27007787,Illumina HiSeq 2500,SINGLE,cDNA,TRANSCRIPTOMIC,Ovis aries,ILLUMINA,2024-12-09T00:00:00Z,2024-12-09T03:05:00Z,1,M6-1_1,SRP550146,M6-1,Testicles,6,Model organism or animal,male,,2023-04-30,China,Asia,China:Gansu,sexually mature,,Lanzhou,,,,,,,,,,,,,,,,,,,,,,,,,,,,,,,,,,,,,,,,,,,,,repli cate =biological repli cate25,,,,,,,,,,,,,,,,
SRR31644687,RNA-Seq,50,505748450,PRJNA1195695,SAMN44246307,168327577,"MINISTRY OF AGRICULTURE AND RURAL AFFAIRS, LANZHOU INSTITUTE OF HUSBANDRY AND PHARMACEUTICAL SCIENCE",public,"fastq,run.zq,sra","s3,gs,ncbi","s3.us-east-1,gs.us-east1,ncbi.public",SRX27007786,Illumina HiSeq 2500,SINGLE,cDNA,TRANSCRIPTOMIC,Ovis aries,ILLUMINA,2024-12-09T00:00:00Z,2024-12-09T03:05:00Z,1,M3-3_1,SRP550146,M3-3,Testicles,3,Model organism or animal,male,,2023-04-30,China,Asia,China:Gansu,sexually immature,,Lanzhou,,,,,,,,,,,,,,,,,,,,,,,,,,,,,,,,,,,,,,,,,,,,,repli cate =biological repli cate21,,,,,,,,,,,,,,,,
SRR31644688,RNA-Seq,50,680510300,PRJNA1195695,SAMN44246305,224516747,"MINISTRY OF AGRICULTURE AND RURAL AFFAIRS, LANZHOU INSTITUTE OF HUSBANDRY AND PHARMACEUTICAL SCIENCE",public,"fastq,sra,run.zq","gs,s3,ncbi","gs.us-east1,s3.us-east-1,ncbi.public",SRX27007785,Illumina HiSeq 2500,SINGLE,cDNA,TRANSCRIPTOMIC,Ovis aries,ILLUMINA,2024-12-09T00:00:00Z,2024-12-09T03:05:00Z,1,M3-2_1,SRP550146,M3-2,Testicles,3,Model organism or animal,male,,2023-04-30,China,Asia,China:Gansu,sexually immature,,Lanzhou,,,,,,,,,,,,,,,,,,,,,,,,,,,,,,,,,,,,,,,,,,,,,repli cate =biological repli cate17,,,,,,,,,,,,,,,,
SRR31644689,RNA-Seq,50,526346350,PRJNA1195695,SAMN44246303,178646801,"MINISTRY OF AGRICULTURE AND RURAL AFFAIRS, LANZHOU INSTITUTE OF HUSBANDRY AND PHARMACEUTICAL SCIENCE",public,"sra,fastq,run.zq","s3,ncbi,gs","s3.us-east-1,gs.us-east1,ncbi.public",SRX27007784,Illumina HiSeq 2500,SINGLE,cDNA,TRANSCRIPTOMIC,Ovis aries,ILLUMINA,2024-12-09T00:00:00Z,2024-12-09T03:05:00Z,1,M3-1_1,SRP550146,M3-1,Testicles,3,Model organism or animal,male,,2023-04-30,China,Asia,China:Gansu,sexually immature,,Lanzhou,,,,,,,,,,,,,,,,,,,,,,,,,,,,,,,,,,,,,,,,,,,,,repli cate =biological repli cate13,,,,,,,,,,,,,,,,
SRR31644690,RNA-Seq,50,459240150,PRJNA1195695,SAMN44246301,153965282,"MINISTRY OF AGRICULTURE AND RURAL AFFAIRS, LANZHOU INSTITUTE OF HUSBANDRY AND PHARMACEUTICAL SCIENCE",public,"sra,fastq,run.zq","gs,ncbi,s3","s3.us-east-1,ncbi.public,gs.us-east1",SRX27007783,Illumina HiSeq 2500,SINGLE,cDNA,TRANSCRIPTOMIC,Ovis aries,ILLUMINA,2024-12-09T00:00:00Z,2024-12-09T03:05:00Z,1,M0-3_1,SRP550146,M0-3,Testicles,0,Model organism or animal,male,,2023-04-30,China,Asia,China:Gansu,newborn,,Lanzhou,,,,,,,,,,,,,,,,,,,,,,,,,,,,,,,,,,,,,,,,,,,,,repli cate =biological repli cate9,,,,,,,,,,,,,,,,
SRR31644691,RNA-Seq,50,791817200,PRJNA1195695,SAMN44246317,267712703,"MINISTRY OF AGRICULTURE AND RURAL AFFAIRS, LANZHOU INSTITUTE OF HUSBANDRY AND PHARMACEUTICAL SCIENCE",public,"sra,fastq,run.zq","gs,ncbi,s3","gs.us-east1,ncbi.public,s3.us-east-1",SRX27007782,Illumina HiSeq 2500,SINGLE,cDNA,TRANSCRIPTOMIC,Ovis aries,ILLUMINA,2024-12-09T00:00:00Z,2024-12-09T03:05:00Z,1,Y1-2_1,SRP550146,Y1-3,Testicles,12,Model organism or animal,male,,2023-04-30,China,Asia,China:Gansu,adult,,Lanzhou,,,,,,,,,,,,,,,,,,,,,,,,,,,,,,,,,,,,,,,,,,,,,repli cate =biological repli cate41,,,,,,,,,,,,,,,,
SRR31644692,RNA-Seq,50,851325100,PRJNA1195695,SAMN44246315,288759088,"MINISTRY OF AGRICULTURE AND RURAL AFFAIRS, LANZHOU INSTITUTE OF HUSBANDRY AND PHARMACEUTICAL SCIENCE",public,"fastq,run.zq,sra","ncbi,gs,s3","s3.us-east-1,gs.us-east1,ncbi.public",SRX27007781,Illumina HiSeq 2500,SINGLE,cDNA,TRANSCRIPTOMIC,Ovis aries,ILLUMINA,2024-12-09T00:00:00Z,2024-12-09T03:06:00Z,1,Y1-1_1,SRP550146,Y1-2,Testicles,12,Model organism or animal,male,,2023-04-30,China,Asia,China:Gansu,adult,,Lanzhou,,,,,,,,,,,,,,,,,,,,,,,,,,,,,,,,,,,,,,,,,,,,,repli cate =biological repli cate37,,,,,,,,,,,,,,,,
SRR31644693,RNA-Seq,50,705897750,PRJNA1195695,SAMN44246299,236410201,"MINISTRY OF AGRICULTURE AND RURAL AFFAIRS, LANZHOU INSTITUTE OF HUSBANDRY AND PHARMACEUTICAL SCIENCE",public,"sra,fastq,run.zq","s3,ncbi,gs","gs.us-east1,ncbi.public,s3.us-east-1",SRX27007780,Illumina HiSeq 2500,SINGLE,cDNA,TRANSCRIPTOMIC,Ovis aries,ILLUMINA,2024-12-09T00:00:00Z,2024-12-09T03:05:00Z,1,M0-2_1,SRP550146,M0-2,Testicles,0,Model organism or animal,male,,2023-04-30,China,Asia,China:Gansu,newborn,,Lanzhou,,,,,,,,,,,,,,,,,,,,,,,,,,,,,,,,,,,,,,,,,,,,,repli cate =biological repli cate5,,,,,,,,,,,,,,,,
SRR31644694,RNA-Seq,50,700346450,PRJNA1195695,SAMN44246297,235287559,"MINISTRY OF AGRICULTURE AND RURAL AFFAIRS, LANZHOU INSTITUTE OF HUSBANDRY AND PHARMACEUTICAL SCIENCE",public,"fastq,run.zq,sra","s3,ncbi,gs","s3.us-east-1,gs.us-east1,ncbi.public",SRX27007779,Illumina HiSeq 2500,SINGLE,cDNA,TRANSCRIPTOMIC,Ovis aries,ILLUMINA,2024-12-09T00:00:00Z,2024-12-09T03:05:00Z,1,M0-1_1,SRP550146,M0-1,Testicles,0,Model organism or animal,male,,2023-04-30,China,Asia,China:Gansu,newborn,,Lanzhou,,,,,,,,,,,,,,,,,,,,,,,,,,,,,,,,,,,,,,,,,,,,,repli cate =biological repli cate1,,,,,,,,,,,,,,,,
SRR31753649,RNA-Seq,299,8970979292,PRJNA1199078,SAMN45865835,2941469370,LANZHOU UNIVERSTIY,public,"fastq,run.zq,sra","s3,ncbi,gs","gs.us-east1,s3.us-east-1,ncbi.public",SRX27115532,Illumina NovaSeq 6000,PAIRED,PolyA,TRANSCRIPTOMIC,Ovis aries,ILLUMINA,2024-12-17T00:00:00Z,2024-12-17T21:39:00Z,1,NT_2,SRP552166,NT_2,testis,6 months,Model organism or animal,male,Hu sheep,2021-10-10,China,Asia,China:Minqin,Sexual maturity,not applicable,China,,healthy ram,,not applicable,,,,,,,,,,,,,,,,,,,,,,,,,,,,,,,,,,,,,normal testis_2,,,,,,,,,,,,,,,,,,,,
SRR31753650,RNA-Seq,299,6242033522,PRJNA1199078,SAMN45865834,2046144417,LANZHOU UNIVERSTIY,public,"run.zq,fastq,sra","gs,ncbi,s3","s3.us-east-1,ncbi.public,gs.us-east1",SRX27115531,Illumina NovaSeq 6000,PAIRED,PolyA,TRANSCRIPTOMIC,Ovis aries,ILLUMINA,2024-12-17T00:00:00Z,2024-12-17T21:36:00Z,1,NT_1,SRP552166,NT_1,testis,6 months,Model organism or animal,male,Hu sheep,2021-10-10,China,Asia,China:Minqin,Sexual maturity,not applicable,China,,healthy ram,,not applicable,,,,,,,,,,,,,,,,,,,,,,,,,,,,,,,,,,,,,normal testis_1,,,,,,,,,,,,,,,,,,,,
SRR31753651,RNA-Seq,299,6242177450,PRJNA1199078,SAMN45865833,2070308588,LANZHOU UNIVERSTIY,public,"fastq,run.zq,sra","ncbi,s3,gs","gs.us-east1,ncbi.public,s3.us-east-1",SRX27115530,Illumina NovaSeq 6000,PAIRED,PolyA,TRANSCRIPTOMIC,Ovis aries,ILLUMINA,2024-12-17T00:00:00Z,2024-12-17T21:37:00Z,1,CLT_4,SRP552166,CLT_4,testis,6 months,Model organism or animal,male,Hu sheep,2021-10-10,China,Asia,China:Minqin,Sexual maturity,not applicable,China,,unilaterally cryptorchid ram,,not applicable,,,,,,,,,,,,,,,,,,,,,,,,,,,,,,,,,,,,,contralateral testis_4,,,,,,,,,,,,,,,,,,,,
SRR31753652,RNA-Seq,299,6179301966,PRJNA1199078,SAMN45865832,2054225149,LANZHOU UNIVERSTIY,public,"sra,run.zq,fastq","ncbi,gs,s3","ncbi.public,gs.us-east1,s3.us-east-1",SRX27115529,Illumina NovaSeq 6000,PAIRED,PolyA,TRANSCRIPTOMIC,Ovis aries,ILLUMINA,2024-12-17T00:00:00Z,2024-12-17T21:38:00Z,1,CLT_3,SRP552166,CLT_3,testis,6 months,Model organism or animal,male,Hu sheep,2021-10-10,China,Asia,China:Minqin,Sexual maturity,not applicable,China,,unilaterally cryptorchid ram,,not applicable,,,,,,,,,,,,,,,,,,,,,,,,,,,,,,,,,,,,,contralateral testis_3,,,,,,,,,,,,,,,,,,,,
SRR31753653,RNA-Seq,299,6475064250,PRJNA1199078,SAMN45865831,2112969776,LANZHOU UNIVERSTIY,public,"run.zq,fastq,sra","ncbi,s3,gs","gs.us-east1,s3.us-east-1,ncbi.public",SRX27115528,Illumina NovaSeq 6000,PAIRED,PolyA,TRANSCRIPTOMIC,Ovis aries,ILLUMINA,2024-12-17T00:00:00Z,2024-12-17T21:38:00Z,1,CLT_2,SRP552166,CLT_2,testis,6 months,Model organism or animal,male,Hu sheep,2021-10-10,China,Asia,China:Minqin,Sexual maturity,not applicable,China,,unilaterally cryptorchid ram,,not applicable,,,,,,,,,,,,,,,,,,,,,,,,,,,,,,,,,,,,,contralateral testis_2,,,,,,,,,,,,,,,,,,,,
SRR31753654,RNA-Seq,299,6075494238,PRJNA1199078,SAMN45865830,1976893820,LANZHOU UNIVERSTIY,public,"sra,fastq,run.zq","gs,s3,ncbi","ncbi.public,s3.us-east-1,gs.us-east1",SRX27115527,Illumina NovaSeq 6000,PAIRED,PolyA,TRANSCRIPTOMIC,Ovis aries,ILLUMINA,2024-12-17T00:00:00Z,2024-12-17T21:36:00Z,1,CLT_1,SRP552166,CLT_1,testis,6 months,Model organism or animal,male,Hu sheep,2021-10-10,China,Asia,China:Minqin,Sexual maturity,not applicable,China,,unilaterally cryptorchid ram,,not applicable,,,,,,,,,,,,,,,,,,,,,,,,,,,,,,,,,,,,,contralateral testis_1,,,,,,,,,,,,,,,,,,,,
SRR31753655,RNA-Seq,294,6097502736,PRJNA1199078,SAMN45865829,1963782422,LANZHOU UNIVERSTIY,public,"fastq,run.zq,sra","ncbi,s3,gs","gs.us-east1,ncbi.public,s3.us-east-1",SRX27115526,Illumina NovaSeq 6000,PAIRED,PolyA,TRANSCRIPTOMIC,Ovis aries,ILLUMINA,2024-12-17T00:00:00Z,2024-12-17T21:37:00Z,1,CT_4,SRP552166,CT_4,testis,6 months,Model organism or animal,male,Hu sheep,2021-10-10,China,Asia,China:Minqin,Sexual maturity,not applicable,China,,unilaterally cryptorchid ram,,not applicable,,,,,,,,,,,,,,,,,,,,,,,,,,,,,,,,,,,,,cryptic testis_4,,,,,,,,,,,,,,,,,,,,
SRR31753656,RNA-Seq,299,6171494920,PRJNA1199078,SAMN45865828,2039084124,LANZHOU UNIVERSTIY,public,"fastq,sra,run.zq","ncbi,s3,gs","gs.us-east1,ncbi.public,s3.us-east-1",SRX27115525,Illumina NovaSeq 6000,PAIRED,PolyA,TRANSCRIPTOMIC,Ovis aries,ILLUMINA,2024-12-17T00:00:00Z,2024-12-17T21:38:00Z,1,CT_3,SRP552166,CT_3,testis,6 months,Model organism or animal,male,Hu sheep,2021-10-10,China,Asia,China:Minqin,Sexual maturity,not applicable,China,,unilaterally cryptorchid ram,,not applicable,,,,,,,,,,,,,,,,,,,,,,,,,,,,,,,,,,,,,cryptic testis_3,,,,,,,,,,,,,,,,,,,,
SRR31753657,RNA-Seq,299,6197296076,PRJNA1199078,SAMN45865837,2021402319,LANZHOU UNIVERSTIY,public,"fastq,sra,run.zq","gs,ncbi,s3","ncbi.public,s3.us-east-1,gs.us-east1",SRX27115524,Illumina NovaSeq 6000,PAIRED,PolyA,TRANSCRIPTOMIC,Ovis aries,ILLUMINA,2024-12-17T00:00:00Z,2024-12-17T21:39:00Z,1,NT_4,SRP552166,NT_4,testis,6 months,Model organism or animal,male,Hu sheep,2021-10-10,China,Asia,China:Minqin,Sexual maturity,not applicable,China,,healthy ram,,not applicable,,,,,,,,,,,,,,,,,,,,,,,,,,,,,,,,,,,,,normal testis_4,,,,,,,,,,,,,,,,,,,,
SRR31753658,RNA-Seq,298,6147382712,PRJNA1199078,SAMN45865836,2026719693,LANZHOU UNIVERSTIY,public,"sra,fastq,run.zq","s3,ncbi,gs","ncbi.public,gs.us-east1,s3.us-east-1",SRX27115523,Illumina NovaSeq 6000,PAIRED,PolyA,TRANSCRIPTOMIC,Ovis aries,ILLUMINA,2024-12-17T00:00:00Z,2024-12-17T21:43:00Z,1,NT_3,SRP552166,NT_3,testis,6 months,Model organism or animal,male,Hu sheep,2021-10-10,China,Asia,China:Minqin,Sexual maturity,not applicable,China,,healthy ram,,not applicable,,,,,,,,,,,,,,,,,,,,,,,,,,,,,,,,,,,,,normal testis_3,,,,,,,,,,,,,,,,,,,,
SRR31753659,RNA-Seq,298,6575348292,PRJNA1199078,SAMN45865827,2148210527,LANZHOU UNIVERSTIY,public,"sra,run.zq,fastq","s3,gs,ncbi","ncbi.public,gs.us-east1,s3.us-east-1",SRX27115522,Illumina NovaSeq 6000,PAIRED,PolyA,TRANSCRIPTOMIC,Ovis aries,ILLUMINA,2024-12-17T00:00:00Z,2024-12-17T21:41:00Z,1,CT_2,SRP552166,CT_2,testis,6 months,Model organism or animal,male,Hu sheep,2021-10-10,China,Asia,China:Minqin,Sexual maturity,not applicable,China,,unilaterally cryptorchid ram,,not applicable,,,,,,,,,,,,,,,,,,,,,,,,,,,,,,,,,,,,,cryptic testis_2,,,,,,,,,,,,,,,,,,,,
SRR31753660,RNA-Seq,299,6470939572,PRJNA1199078,SAMN45865826,2108764889,LANZHOU UNIVERSTIY,public,"run.zq,fastq,sra","ncbi,s3,gs","gs.us-east1,s3.us-east-1,ncbi.public",SRX27115521,Illumina NovaSeq 6000,PAIRED,PolyA,TRANSCRIPTOMIC,Ovis aries,ILLUMINA,2024-12-17T00:00:00Z,2024-12-17T21:38:00Z,1,CT_1,SRP552166,CT_1,testis,6 months,Model organism or animal,male,Hu sheep,2021-10-10,China,Asia,China:Minqin,Sexual maturity,not applicable,China,,unilaterally cryptorchid ram,,not applicable,,,,,,,,,,,,,,,,,,,,,,,,,,,,,,,,,,,,,cryptic testis_1,,,,,,,,,,,,,,,,,,,,
SRR14612156,RNA-Seq,299,11378154774,PRJNA731673,SAMN19295940,3631749781,HUAZHONG AGRICULTURAL UNIVERSITY,public,"run.zq,fastq,sra","gs,ncbi,s3","gs.us-east1,ncbi.public,s3.us-east-1",SRX10954880,Illumina HiSeq 2000,PAIRED,RT-PCR,TRANSCRIPTOMIC,Ovis aries,ILLUMINA,2025-05-19T00:00:00Z,2021-05-21T13:03:00Z,1,Sheep_M876-01-T43,SRP320832,Sheep_M876-01-T43,testis,60,Model organism or animal,male,sheep,,,,,60,not applicable,not collected,,H10,,Hu sheep,,,,,,,,,,,,,,,,,,,,,,,,,,,,,,,,,,,,,,,,,,,,,,,,,,,,,,,,,
SRR14612157,RNA-Seq,299,15387292160,PRJNA731673,SAMN19295939,4882078551,HUAZHONG AGRICULTURAL UNIVERSITY,public,"sra,run.zq,fastq","gs,ncbi,s3","gs.us-east1,ncbi.public,s3.us-east-1",SRX10954879,Illumina HiSeq 2000,PAIRED,RT-PCR,TRANSCRIPTOMIC,Ovis aries,ILLUMINA,2025-05-19T00:00:00Z,2021-05-21T13:23:00Z,1,Sheep_M876-01-T15,SRP320832,Sheep_M876-01-T15,testis,60,Model organism or animal,male,sheep,,,,,60,not applicable,not collected,,H9,,Hu sheep,,,,,,,,,,,,,,,,,,,,,,,,,,,,,,,,,,,,,,,,,,,,,,,,,,,,,,,,,
SRR14612158,RNA-Seq,299,14404370046,PRJNA731673,SAMN19295938,4606929401,HUAZHONG AGRICULTURAL UNIVERSITY,public,"run.zq,fastq,sra","ncbi,gs,s3","gs.us-east1,ncbi.public,s3.us-east-1",SRX10954878,Illumina HiSeq 2000,PAIRED,RT-PCR,TRANSCRIPTOMIC,Ovis aries,ILLUMINA,2025-05-19T00:00:00Z,2021-05-21T13:07:00Z,1,Sheep_M876-01-T13,SRP320832,Sheep_M876-01-T13,testis,60,Model organism or animal,male,sheep,,,,,60,not applicable,not collected,,H8,,Hu sheep,,,,,,,,,,,,,,,,,,,,,,,,,,,,,,,,,,,,,,,,,,,,,,,,,,,,,,,,,
SRR14612159,RNA-Seq,298,12483333800,PRJNA731673,SAMN19295937,4088947716,HUAZHONG AGRICULTURAL UNIVERSITY,public,"fastq,run.zq,sra","gs,s3,ncbi","s3.us-east-1,gs.us-east1,ncbi.public",SRX10954877,Illumina HiSeq 2000,PAIRED,RT-PCR,TRANSCRIPTOMIC,Ovis aries,ILLUMINA,2025-05-19T00:00:00Z,2021-05-21T13:14:00Z,1,Sheep_M876-01-T09,SRP320832,Sheep_M876-01-T09,testis,30,Model organism or animal,male,sheep,,,,,30,not applicable,not collected,,H7,,Hu sheep,,,,,,,,,,,,,,,,,,,,,,,,,,,,,,,,,,,,,,,,,,,,,,,,,,,,,,,,,
SRR14612160,RNA-Seq,298,12809380246,PRJNA731673,SAMN19295936,4264499722,HUAZHONG AGRICULTURAL UNIVERSITY,public,"sra,fastq,run.zq","s3,gs,ncbi","gs.us-east1,ncbi.public,s3.us-east-1",SRX10954876,Illumina HiSeq 2000,PAIRED,RT-PCR,TRANSCRIPTOMIC,Ovis aries,ILLUMINA,2025-05-19T00:00:00Z,2021-05-21T13:05:00Z,1,Sheep_M876-01-T08,SRP320832,Sheep_M876-01-T08,testis,30,Model organism or animal,male,sheep,,,,,30,not applicable,not collected,,H6,,Hu sheep,,,,,,,,,,,,,,,,,,,,,,,,,,,,,,,,,,,,,,,,,,,,,,,,,,,,,,,,,
SRR14612161,RNA-Seq,299,12756704496,PRJNA731673,SAMN19295935,4184321801,HUAZHONG AGRICULTURAL UNIVERSITY,public,"sra,fastq,run.zq","s3,ncbi,gs","s3.us-east-1,ncbi.public,gs.us-east1",SRX10954875,Illumina HiSeq 2000,PAIRED,RT-PCR,TRANSCRIPTOMIC,Ovis aries,ILLUMINA,2025-05-19T00:00:00Z,2021-05-21T13:09:00Z,1,Sheep_M876-01-T07,SRP320832,Sheep_M876-01-T07,testis,30,Model organism or animal,male,sheep,,,,,30,not applicable,not collected,,H5,,Hu sheep,,,,,,,,,,,,,,,,,,,,,,,,,,,,,,,,,,,,,,,,,,,,,,,,,,,,,,,,,
SRR14612162,RNA-Seq,299,13327200932,PRJNA731673,SAMN19295934,4321649458,HUAZHONG AGRICULTURAL UNIVERSITY,public,"run.zq,fastq,sra","s3,ncbi,gs","ncbi.public,s3.us-east-1,gs.us-east1",SRX10954874,Illumina HiSeq 2000,PAIRED,RT-PCR,TRANSCRIPTOMIC,Ovis aries,ILLUMINA,2025-05-19T00:00:00Z,2021-05-21T13:16:00Z,1,Sheep_M876-01-T45,SRP320832,Sheep_M876-01-T45,testis,0,Model organism or animal,male,sheep,,,,,0,not applicable,not collected,,H4,,Hu sheep,,,,,,,,,,,,,,,,,,,,,,,,,,,,,,,,,,,,,,,,,,,,,,,,,,,,,,,,,
SRR14612163,RNA-Seq,299,13312675986,PRJNA731673,SAMN19295952,4322983056,HUAZHONG AGRICULTURAL UNIVERSITY,public,"sra,fastq,run.zq","ncbi,gs,s3","gs.us-east1,s3.us-east-1,ncbi.public",SRX10954873,Illumina HiSeq 2000,PAIRED,RT-PCR,TRANSCRIPTOMIC,Ovis aries,ILLUMINA,2025-05-19T00:00:00Z,2021-05-21T13:43:00Z,1,Sheep_M876-01-T38,SRP320832,Sheep_M876-01-T38,testis,180,Model organism or animal,male,sheep,,,,,180,not applicable,not collected,,H22,,Hu sheep,,,,,,,,,,,,,,,,,,,,,,,,,,,,,,,,,,,,,,,,,,,,,,,,,,,,,,,,,
SRR14612164,RNA-Seq,299,13238995056,PRJNA731673,SAMN19295951,4232251508,HUAZHONG AGRICULTURAL UNIVERSITY,public,"run.zq,fastq,sra","s3,gs,ncbi","gs.us-east1,ncbi.public,s3.us-east-1",SRX10954872,Illumina HiSeq 2000,PAIRED,RT-PCR,TRANSCRIPTOMIC,Ovis aries,ILLUMINA,2025-05-19T00:00:00Z,2021-05-21T13:25:00Z,1,Sheep_M876-01-T37,SRP320832,Sheep_M876-01-T37,testis,180,Model organism or animal,male,sheep,,,,,180,not applicable,not collected,,H21,,Hu sheep,,,,,,,,,,,,,,,,,,,,,,,,,,,,,,,,,,,,,,,,,,,,,,,,,,,,,,,,,
SRR14612165,RNA-Seq,298,12517106692,PRJNA731673,SAMN19295933,4135855838,HUAZHONG AGRICULTURAL UNIVERSITY,public,"run.zq,sra,fastq","ncbi,s3,gs","gs.us-east1,s3.us-east-1,ncbi.public",SRX10954871,Illumina HiSeq 2000,PAIRED,RT-PCR,TRANSCRIPTOMIC,Ovis aries,ILLUMINA,2025-05-19T00:00:00Z,2021-05-21T13:20:00Z,1,Sheep_M876-01-T03,SRP320832,Sheep_M876-01-T03,testis,0,Model organism or animal,male,sheep,,,,,0,not applicable,not collected,,H3,,Hu sheep,,,,,,,,,,,,,,,,,,,,,,,,,,,,,,,,,,,,,,,,,,,,,,,,,,,,,,,,,
SRR14612166,RNA-Seq,299,13652427706,PRJNA731673,SAMN19295950,4317849103,HUAZHONG AGRICULTURAL UNIVERSITY,public,"sra,fastq,run.zq","ncbi,s3,gs","s3.us-east-1,ncbi.public,gs.us-east1",SRX10954870,Illumina HiSeq 2000,PAIRED,RT-PCR,TRANSCRIPTOMIC,Ovis aries,ILLUMINA,2025-05-19T00:00:00Z,2021-05-21T13:12:00Z,1,Sheep_M876-01-T36,SRP320832,Sheep_M876-01-T36,testis,180,Model organism or animal,male,sheep,,,,,180,not applicable,not collected,,H20,,Hu sheep,,,,,,,,,,,,,,,,,,,,,,,,,,,,,,,,,,,,,,,,,,,,,,,,,,,,,,,,,
SRR14612167,RNA-Seq,298,15395887840,PRJNA731673,SAMN19295949,4940064795,HUAZHONG AGRICULTURAL UNIVERSITY,public,"fastq,sra,run.zq","s3,gs,ncbi","s3.us-east-1,gs.us-east1,ncbi.public",SRX10954869,Illumina HiSeq 2000,PAIRED,RT-PCR,TRANSCRIPTOMIC,Ovis aries,ILLUMINA,2025-05-19T00:00:00Z,2021-05-21T13:06:00Z,1,Sheep_M876-01-T32,SRP320832,Sheep_M876-01-T32,testis,150,Model organism or animal,male,sheep,,,,,150,not applicable,not collected,,H19,,Hu sheep,,,,,,,,,,,,,,,,,,,,,,,,,,,,,,,,,,,,,,,,,,,,,,,,,,,,,,,,,
SRR14612168,RNA-Seq,299,10892786540,PRJNA731673,SAMN19295948,3481624564,HUAZHONG AGRICULTURAL UNIVERSITY,public,"sra,run.zq,fastq","s3,gs,ncbi","s3.us-east-1,ncbi.public,gs.us-east1",SRX10954868,Illumina HiSeq 2000,PAIRED,RT-PCR,TRANSCRIPTOMIC,Ovis aries,ILLUMINA,2025-05-19T00:00:00Z,2021-05-21T13:08:00Z,1,Sheep_M876-01-T31,SRP320832,Sheep_M876-01-T31,testis,150,Model organism or animal,male,sheep,,,,,150,not applicable,not collected,,H18,,Hu sheep,,,,,,,,,,,,,,,,,,,,,,,,,,,,,,,,,,,,,,,,,,,,,,,,,,,,,,,,,
SRR14612169,RNA-Seq,299,10315779608,PRJNA731673,SAMN19295947,3334112520,HUAZHONG AGRICULTURAL UNIVERSITY,public,"run.zq,sra,fastq","gs,ncbi,s3","gs.us-east1,ncbi.public,s3.us-east-1",SRX10954867,Illumina HiSeq 2000,PAIRED,RT-PCR,TRANSCRIPTOMIC,Ovis aries,ILLUMINA,2025-05-19T00:00:00Z,2021-05-21T13:15:00Z,1,Sheep_M876-01-T30,SRP320832,Sheep_M876-01-T30,testis,150,Model organism or animal,male,sheep,,,,,150,not applicable,not collected,,H17,,Hu sheep,,,,,,,,,,,,,,,,,,,,,,,,,,,,,,,,,,,,,,,,,,,,,,,,,,,,,,,,,
SRR14612170,RNA-Seq,298,12801853550,PRJNA731673,SAMN19295946,4129367206,HUAZHONG AGRICULTURAL UNIVERSITY,public,"fastq,run.zq,sra","s3,ncbi,gs","ncbi.public,s3.us-east-1,gs.us-east1",SRX10954866,Illumina HiSeq 2000,PAIRED,RT-PCR,TRANSCRIPTOMIC,Ovis aries,ILLUMINA,2025-05-19T00:00:00Z,2021-05-21T13:12:00Z,1,Sheep_M876-01-T26,SRP320832,Sheep_M876-01-T26,testis,120,Model organism or animal,male,sheep,,,,,120,not applicable,not collected,,H16,,Hu sheep,,,,,,,,,,,,,,,,,,,,,,,,,,,,,,,,,,,,,,,,,,,,,,,,,,,,,,,,,
SRR14612171,RNA-Seq,298,14601641750,PRJNA731673,SAMN19295945,4681932774,HUAZHONG AGRICULTURAL UNIVERSITY,public,"run.zq,fastq,sra","s3,ncbi,gs","ncbi.public,gs.us-east1,s3.us-east-1",SRX10954865,Illumina HiSeq 2000,PAIRED,RT-PCR,TRANSCRIPTOMIC,Ovis aries,ILLUMINA,2025-05-19T00:00:00Z,2021-05-21T13:05:00Z,1,Sheep_M876-01-T25,SRP320832,Sheep_M876-01-T25,testis,120,Model organism or animal,male,sheep,,,,,120,not applicable,not collected,,H15,,Hu sheep,,,,,,,,,,,,,,,,,,,,,,,,,,,,,,,,,,,,,,,,,,,,,,,,,,,,,,,,,
SRR14612172,RNA-Seq,298,11866129992,PRJNA731673,SAMN19295944,3777385967,HUAZHONG AGRICULTURAL UNIVERSITY,public,"run.zq,sra,fastq","gs,ncbi,s3","s3.us-east-1,gs.us-east1,ncbi.public",SRX10954864,Illumina HiSeq 2000,PAIRED,RT-PCR,TRANSCRIPTOMIC,Ovis aries,ILLUMINA,2025-05-19T00:00:00Z,2021-05-21T13:29:00Z,1,Sheep_M876-01-T24,SRP320832,Sheep_M876-01-T24,testis,120,Model organism or animal,male,sheep,,,,,120,not applicable,not collected,,H14,,Hu sheep,,,,,,,,,,,,,,,,,,,,,,,,,,,,,,,,,,,,,,,,,,,,,,,,,,,,,,,,,
SRR14612173,RNA-Seq,299,12941755558,PRJNA731673,SAMN19295943,4138241197,HUAZHONG AGRICULTURAL UNIVERSITY,public,"run.zq,sra,fastq","gs,s3,ncbi","ncbi.public,gs.us-east1,s3.us-east-1",SRX10954863,Illumina HiSeq 2000,PAIRED,RT-PCR,TRANSCRIPTOMIC,Ovis aries,ILLUMINA,2025-05-19T00:00:00Z,2021-05-21T13:10:00Z,1,Sheep_M876-01-T44,SRP320832,Sheep_M876-01-T44,testis,90,Model organism or animal,male,sheep,,,,,90,not applicable,not collected,,H13,,Hu sheep,,,,,,,,,,,,,,,,,,,,,,,,,,,,,,,,,,,,,,,,,,,,,,,,,,,,,,,,,
SRR14612174,RNA-Seq,299,14168144982,PRJNA731673,SAMN19295942,4583941683,HUAZHONG AGRICULTURAL UNIVERSITY,public,"sra,fastq,run.zq","ncbi,s3,gs","s3.us-east-1,ncbi.public,gs.us-east1",SRX10954862,Illumina HiSeq 2000,PAIRED,RT-PCR,TRANSCRIPTOMIC,Ovis aries,ILLUMINA,2025-05-19T00:00:00Z,2021-05-21T13:07:00Z,1,Sheep_M876-01-T20,SRP320832,Sheep_M876-01-T20,testis,90,Model organism or animal,male,sheep,,,,,90,not applicable,not collected,,H12,,Hu sheep,,,,,,,,,,,,,,,,,,,,,,,,,,,,,,,,,,,,,,,,,,,,,,,,,,,,,,,,,
SRR14612175,RNA-Seq,299,13771625886,PRJNA731673,SAMN19295941,4467470032,HUAZHONG AGRICULTURAL UNIVERSITY,public,"fastq,run.zq,sra","s3,ncbi,gs","gs.us-east1,s3.us-east-1,ncbi.public",SRX10954861,Illumina HiSeq 2000,PAIRED,RT-PCR,TRANSCRIPTOMIC,Ovis aries,ILLUMINA,2025-05-19T00:00:00Z,2021-05-21T13:11:00Z,1,Sheep_M876-01-T19,SRP320832,Sheep_M876-01-T19,testis,90,Model organism or animal,male,sheep,,,,,90,not applicable,not collected,,H11,,Hu sheep,,,,,,,,,,,,,,,,,,,,,,,,,,,,,,,,,,,,,,,,,,,,,,,,,,,,,,,,,
SRR14612176,RNA-Seq,298,13485521462,PRJNA731673,SAMN19295932,4418689673,HUAZHONG AGRICULTURAL UNIVERSITY,public,"fastq,run.zq,sra","s3,gs,ncbi","ncbi.public,s3.us-east-1,gs.us-east1",SRX10954860,Illumina HiSeq 2000,PAIRED,RT-PCR,TRANSCRIPTOMIC,Ovis aries,ILLUMINA,2025-05-19T00:00:00Z,2021-05-21T13:22:00Z,1,Sheep_M876-01-T02,SRP320832,Sheep_M876-01-T02,testis,0,Model organism or animal,male,sheep,,,,,0,not applicable,not collected,,H2,,Hu sheep,,,,,,,,,,,,,,,,,,,,,,,,,,,,,,,,,,,,,,,,,,,,,,,,,,,,,,,,,
SRR14612177,RNA-Seq,298,12122673580,PRJNA731673,SAMN19295931,3851602031,HUAZHONG AGRICULTURAL UNIVERSITY,public,"run.zq,sra,fastq","gs,ncbi,s3","ncbi.public,gs.us-east1,s3.us-east-1",SRX10954859,Illumina HiSeq 2000,PAIRED,RT-PCR,TRANSCRIPTOMIC,Ovis aries,ILLUMINA,2025-05-19T00:00:00Z,2021-05-21T13:08:00Z,1,Sheep_M876-01-T01,SRP320832,Sheep_M876-01-T01,testis,0,Model organism or animal,male,sheep,,,,,0,not applicable,not collected,,H1,,Hu sheep,,,,,,,,,,,,,,,,,,,,,,,,,,,,,,,,,,,,,,,,,,,,,,,,,,,,,,,,,
SRR12837076,RNA-Seq,300,228368165100,PRJNA669837,SAMN16475789,115152951458,GEO,public,"sra,fastq,run.zq","s3,ncbi,gs","ncbi.public,s3.us-east-1,gs.us-east1",SRX9304579,HiSeq X Ten,PAIRED,cDNA,TRANSCRIPTOMIC,Ovis aries,ILLUMINA,2020-10-20T00:00:00Z,2020-10-20T04:13:00Z,1,GSM4835419,SRP287616,,testis,1.5 years,,,,,,,,,Hu,,testis,,,,GSM4835419,,Sexual maturity,,,,,,,,,,,,,,,,,,,,,,,,,,,,,,,,,,,,,,,,,,,,,,,,,,,,,,
SRR12442768,RNA-Seq,90,2496716190,PRJNA580502,SAMN15762629,1671035637,CENTER FOR GENOME SCIENCES - UNAM,public,"fastq,sra,run.zq","ncbi,gs,s3","gs.us-east1,s3.us-east-1,ncbi.public",SRX8937309,Illumina HiSeq 2500,SINGLE,RANDOM,TRANSCRIPTOMIC,Ovis aries,ILLUMINA,2020-08-12T00:00:00Z,2020-08-12T23:14:00Z,1,RNAseq from Ovis aries (Sheep) male Testis,SRP277304,Ovis.aries.1183sTS.Testis.Male,Testis,juvenile,Model organism or animal,male,,,,,,juvenile,Switzerland,,,,,,,,,,,,,,,,,,,,,,,,,,,,,,,,,,,,,,,,,biological replicate 1,,,,,,,,,,,,,,,,,,,,,RNA
SRR28769293,RNA-Seq,300,7677897000,PRJNA1102897,SAMN41034565,2298697734,GANSU AGRICULTURE UNIVERSITY,public,"sra,run.zq,fastq","gs,ncbi,s3","s3.us-east-1,gs.us-east1,ncbi.public",SRX24334564,Illumina NovaSeq 6000,PAIRED,cDNA,TRANSCRIPTOMIC,Ovis aries,ILLUMINA,2024-04-22T00:00:00Z,2024-04-22T14:32:00Z,1,CK-3,SRP503322,5,testis,not collected,Model organism or animal,male,not collected,2023-10-15,China,Asia,China:Gansu,not collected,not applicable,not collected,,E,,not collected,,,,,,,,,,,,,,,,,,,,,,,,,,,,,,,,,,,,,,,,,,,,,,,,,,,,,,,,,
SRR28769294,RNA-Seq,300,8128399800,PRJNA1102897,SAMN41034563,2424182814,GANSU AGRICULTURE UNIVERSITY,public,"run.zq,sra,fastq","gs,s3,ncbi","s3.us-east-1,ncbi.public,gs.us-east1",SRX24334563,Illumina NovaSeq 6000,PAIRED,cDNA,TRANSCRIPTOMIC,Ovis aries,ILLUMINA,2024-04-22T00:00:00Z,2024-04-22T14:31:00Z,1,CK-2,SRP503322,3,testis,not collected,Model organism or animal,male,not collected,2023-10-15,China,Asia,China:Gansu,not collected,not applicable,not collected,,C,,not collected,,,,,,,,,,,,,,,,,,,,,,,,,,,,,,,,,,,,,,,,,,,,,,,,,,,,,,,,,
SRR28769295,RNA-Seq,300,10494561900,PRJNA1102897,SAMN41034575,3194978497,GANSU AGRICULTURE UNIVERSITY,public,"sra,fastq,run.zq","s3,gs,ncbi","ncbi.public,s3.us-east-1,gs.us-east1",SRX24334562,Illumina NovaSeq 6000,PAIRED,cDNA,TRANSCRIPTOMIC,Ovis aries,ILLUMINA,2024-04-22T00:00:00Z,2024-04-22T14:33:00Z,1,OV-4,SRP503322,15,testis,not collected,Model organism or animal,male,not collected,2023-10-15,China,Asia,China:Gansu,not collected,not applicable,not collected,,O,,not collected,,,,,,,,,,,,,,,,,,,,,,,,,,,,,,,,,,,,,,,,,,,,,,,,,,,,,,,,,
SRR28769296,RNA-Seq,300,8572296600,PRJNA1102897,SAMN41034573,2616767567,GANSU AGRICULTURE UNIVERSITY,public,"sra,run.zq,fastq","s3,ncbi,gs","ncbi.public,gs.us-east1,s3.us-east-1",SRX24334561,Illumina NovaSeq 6000,PAIRED,cDNA,TRANSCRIPTOMIC,Ovis aries,ILLUMINA,2024-04-22T00:00:00Z,2024-04-22T14:29:00Z,1,OV-3,SRP503322,13,testis,not collected,Model organism or animal,male,not collected,2023-10-15,China,Asia,China:Gansu,not collected,not applicable,not collected,,M,,not collected,,,,,,,,,,,,,,,,,,,,,,,,,,,,,,,,,,,,,,,,,,,,,,,,,,,,,,,,,
SRR28769297,RNA-Seq,300,6033268200,PRJNA1102897,SAMN41034571,1806585100,GANSU AGRICULTURE UNIVERSITY,public,"run.zq,fastq,sra","ncbi,s3,gs","ncbi.public,gs.us-east1,s3.us-east-1",SRX24334560,Illumina NovaSeq 6000,PAIRED,cDNA,TRANSCRIPTOMIC,Ovis aries,ILLUMINA,2024-04-22T00:00:00Z,2024-04-22T14:28:00Z,1,OV-2,SRP503322,11,testis,not collected,Model organism or animal,male,not collected,2023-10-15,China,Asia,China:Gansu,not collected,not applicable,not collected,,K,,not collected,,,,,,,,,,,,,,,,,,,,,,,,,,,,,,,,,,,,,,,,,,,,,,,,,,,,,,,,,
SRR28769298,RNA-Seq,300,8937654900,PRJNA1102897,SAMN41034561,2667156734,GANSU AGRICULTURE UNIVERSITY,public,"sra,run.zq,fastq","ncbi,gs,s3","ncbi.public,gs.us-east1,s3.us-east-1",SRX24334559,Illumina NovaSeq 6000,PAIRED,cDNA,TRANSCRIPTOMIC,Ovis aries,ILLUMINA,2024-04-22T00:00:00Z,2024-04-22T14:29:00Z,1,CK-1,SRP503322,1,testis,not collected,Model organism or animal,male,not collected,2023-10-15,China,Asia,China:Gansu,not collected,not applicable,not collected,,A,,not collected,,,,,,,,,,,,,,,,,,,,,,,,,,,,,,,,,,,,,,,,,,,,,,,,,,,,,,,,,
SRR16940498,RNA-Seq,63,11795228748,PRJNA780258,SAMN23133877,9391922629,"B604, COLLEGE OF LIFE SCIENCES, QINGDAO AGRICULTURAL UNIVERSITY",public,"run.zq,sra,fastq","ncbi,s3,gs","s3.us-east-1,gs.us-east1,ncbi.public",SRX13132457,Illumina NovaSeq 6000,PAIRED,cDNA,TRANSCRIPTOMIC,Ovis aries,ILLUMINA,2024-11-12T00:00:00Z,2021-11-14T12:16:00Z,1,GSM5689493,SRP345995,GSM5689493,testis,Eight months,,,,,,,,,,,testis,,,,,ZEA0.75,,,,,,,,,,,,,,,,,,,,,,,,,,,,,,,,,,,,,,,,,,,,,,,,,,,,,,,
SRR16940499,RNA-Seq,128,11457538944,PRJNA780258,SAMN23133877,7494017886,"B604, COLLEGE OF LIFE SCIENCES, QINGDAO AGRICULTURAL UNIVERSITY",public,"run.zq,fastq,sra","gs,ncbi,s3","ncbi.public,gs.us-east1,s3.us-east-1",SRX13132457,Illumina NovaSeq 6000,PAIRED,cDNA,TRANSCRIPTOMIC,Ovis aries,ILLUMINA,2024-11-12T00:00:00Z,2021-11-14T09:52:00Z,1,GSM5689493,SRP345995,GSM5689493,testis,Eight months,,,,,,,,,,,testis,,,,,ZEA0.75,,,,,,,,,,,,,,,,,,,,,,,,,,,,,,,,,,,,,,,,,,,,,,,,,,,,,,,
SRR16940500,RNA-Seq,128,12809345920,PRJNA780258,SAMN23133877,8338424329,"B604, COLLEGE OF LIFE SCIENCES, QINGDAO AGRICULTURAL UNIVERSITY",public,"run.zq,fastq,sra","gs,s3,ncbi","ncbi.public,gs.us-east1,s3.us-east-1",SRX13132457,Illumina NovaSeq 6000,PAIRED,cDNA,TRANSCRIPTOMIC,Ovis aries,ILLUMINA,2024-11-12T00:00:00Z,2021-11-14T09:53:00Z,1,GSM5689493,SRP345995,GSM5689493,testis,Eight months,,,,,,,,,,,testis,,,,,ZEA0.75,,,,,,,,,,,,,,,,,,,,,,,,,,,,,,,,,,,,,,,,,,,,,,,,,,,,,,,
SRR16940501,RNA-Seq,128,14826051456,PRJNA780258,SAMN23133877,9747228766,"B604, COLLEGE OF LIFE SCIENCES, QINGDAO AGRICULTURAL UNIVERSITY",public,"sra,fastq,run.zq","ncbi,gs,s3","ncbi.public,gs.us-east1,s3.us-east-1",SRX13132457,Illumina NovaSeq 6000,PAIRED,cDNA,TRANSCRIPTOMIC,Ovis aries,ILLUMINA,2024-11-12T00:00:00Z,2021-11-14T09:53:00Z,1,GSM5689493,SRP345995,GSM5689493,testis,Eight months,,,,,,,,,,,testis,,,,,ZEA0.75,,,,,,,,,,,,,,,,,,,,,,,,,,,,,,,,,,,,,,,,,,,,,,,,,,,,,,,
SRR16940502,RNA-Seq,128,9830545152,PRJNA780258,SAMN23133878,7071939785,"B604, COLLEGE OF LIFE SCIENCES, QINGDAO AGRICULTURAL UNIVERSITY",public,"fastq,run.zq,sra","s3,ncbi,gs","s3.us-east-1,ncbi.public,gs.us-east1",SRX13132456,Illumina NovaSeq 6000,PAIRED,cDNA,TRANSCRIPTOMIC,Ovis aries,ILLUMINA,2024-11-12T00:00:00Z,2021-11-14T09:45:00Z,1,GSM5689492,SRP345995,GSM5689492,testis,Eight months,,,,,,,,,,,testis,,,,,Control,,,,,,,,,,,,,,,,,,,,,,,,,,,,,,,,,,,,,,,,,,,,,,,,,,,,,,,
SRR16940503,RNA-Seq,128,9677524992,PRJNA780258,SAMN23133878,6951809736,"B604, COLLEGE OF LIFE SCIENCES, QINGDAO AGRICULTURAL UNIVERSITY",public,"sra,fastq,run.zq","ncbi,s3,gs","s3.us-east-1,gs.us-east1,ncbi.public",SRX13132456,Illumina NovaSeq 6000,PAIRED,cDNA,TRANSCRIPTOMIC,Ovis aries,ILLUMINA,2024-11-12T00:00:00Z,2021-11-14T09:44:00Z,1,GSM5689492,SRP345995,GSM5689492,testis,Eight months,,,,,,,,,,,testis,,,,,Control,,,,,,,,,,,,,,,,,,,,,,,,,,,,,,,,,,,,,,,,,,,,,,,,,,,,,,,
SRR16940504,RNA-Seq,128,10035583744,PRJNA780258,SAMN23133878,7203163177,"B604, COLLEGE OF LIFE SCIENCES, QINGDAO AGRICULTURAL UNIVERSITY",public,"sra,fastq,run.zq","ncbi,s3,gs","gs.us-east1,ncbi.public,s3.us-east-1",SRX13132456,Illumina NovaSeq 6000,PAIRED,cDNA,TRANSCRIPTOMIC,Ovis aries,ILLUMINA,2024-11-12T00:00:00Z,2021-11-14T09:45:00Z,1,GSM5689492,SRP345995,GSM5689492,testis,Eight months,,,,,,,,,,,testis,,,,,Control,,,,,,,,,,,,,,,,,,,,,,,,,,,,,,,,,,,,,,,,,,,,,,,,,,,,,,,
SRR16940505,RNA-Seq,128,8086520320,PRJNA780258,SAMN23133878,5776585536,"B604, COLLEGE OF LIFE SCIENCES, QINGDAO AGRICULTURAL UNIVERSITY",public,"sra,fastq,run.zq","s3,ncbi,gs","gs.us-east1,s3.us-east-1,ncbi.public",SRX13132456,Illumina NovaSeq 6000,PAIRED,cDNA,TRANSCRIPTOMIC,Ovis aries,ILLUMINA,2024-11-12T00:00:00Z,2021-11-14T09:39:00Z,1,GSM5689492,SRP345995,GSM5689492,testis,Eight months,,,,,,,,,,,testis,,,,,Control,,,,,,,,,,,,,,,,,,,,,,,,,,,,,,,,,,,,,,,,,,,,,,,,,,,,,,,
SRR1634153,ncRNA-Seq,50,230553650,PRJNA265167,SAMN03145805,131931730,GEO,public,"run.zq,sra,fastq","gs,s3,ncbi","gs.us-east1,ncbi.public,s3.us-east-1",SRX745930,Illumina HiSeq 2000,SINGLE,size fractionation,TRANSCRIPTOMIC,Ovis aries,ILLUMINA,2017-02-14T00:00:00Z,2014-10-29T10:44:00Z,1,GSM1533497,SRP049367,,testis,,,,,,,,,,,,Testes tissue,,,,GSM1533497,,,,,,,,,,,,,,,,,,,,,,,,,,,,,,,,,,,,,,,,,,,,,,,,fed for a 10% increase in body mass over 65 days,,,,,,,,
SRR1634154,ncRNA-Seq,50,285267700,PRJNA265167,SAMN03145816,164142832,GEO,public,"run.zq,sra,fastq","ncbi,s3,gs","gs.us-east1,ncbi.public,s3.us-east-1",SRX745931,Illumina HiSeq 2000,SINGLE,size fractionation,TRANSCRIPTOMIC,Ovis aries,ILLUMINA,2017-02-14T00:00:00Z,2014-10-29T10:44:00Z,1,GSM1533498,SRP049367,,testis,,,,,,,,,,,,Testes tissue,,,,GSM1533498,,,,,,,,,,,,,,,,,,,,,,,,,,,,,,,,,,,,,,,,,,,,,,,,fed for a 10% increase in body mass over 65 days,,,,,,,,
SRR1634155,ncRNA-Seq,50,153232200,PRJNA265167,SAMN03145812,89929982,GEO,public,"sra,run.zq,fastq","ncbi,gs,s3","ncbi.public,s3.us-east-1,gs.us-east1",SRX745932,Illumina HiSeq 2000,SINGLE,size fractionation,TRANSCRIPTOMIC,Ovis aries,ILLUMINA,2017-02-14T00:00:00Z,2014-10-29T10:44:00Z,1,GSM1533499,SRP049367,,testis,,,,,,,,,,,,Testes tissue,,,,GSM1533499,,,,,,,,,,,,,,,,,,,,,,,,,,,,,,,,,,,,,,,,,,,,,,,,fed for a 10% increase in body mass over 65 days,,,,,,,,
SRR1634156,ncRNA-Seq,50,280410250,PRJNA265167,SAMN03145811,161577628,GEO,public,"sra,run.zq,fastq","gs,s3,ncbi","gs.us-east1,s3.us-east-1,ncbi.public",SRX745933,Illumina HiSeq 2000,SINGLE,size fractionation,TRANSCRIPTOMIC,Ovis aries,ILLUMINA,2017-02-14T00:00:00Z,2014-10-29T10:44:00Z,1,GSM1533500,SRP049367,,testis,,,,,,,,,,,,Testes tissue,,,,GSM1533500,,,,,,,,,,,,,,,,,,,,,,,,,,,,,,,,,,,,,,,,,,,,,,,,fed for a 10% increase in body mass over 65 days,,,,,,,,
SRR1634157,ncRNA-Seq,50,12714900,PRJNA265167,SAMN03145803,7523605,GEO,public,"run.zq,sra,fastq","s3,ncbi,gs","gs.us-east1,ncbi.public,s3.us-east-1",SRX745934,Illumina HiSeq 2000,SINGLE,size fractionation,TRANSCRIPTOMIC,Ovis aries,ILLUMINA,2017-02-14T00:00:00Z,2014-10-29T10:43:00Z,1,GSM1533501,SRP049367,,testis,,,,,,,,,,,,Testes tissue,,,,GSM1533501,,,,,,,,,,,,,,,,,,,,,,,,,,,,,,,,,,,,,,,,,,,,,,,,fed for a 10% increase in body mass over 65 days,,,,,,,,
SRR1634158,ncRNA-Seq,50,333499700,PRJNA265167,SAMN03145818,191498225,GEO,public,"fastq,sra,run.zq","gs,ncbi,s3","gs.us-east1,s3.us-east-1,ncbi.public",SRX745935,Illumina HiSeq 2000,SINGLE,size fractionation,TRANSCRIPTOMIC,Ovis aries,ILLUMINA,2017-02-14T00:00:00Z,2014-10-29T10:44:00Z,1,GSM1533502,SRP049367,,testis,,,,,,,,,,,,Testes tissue,,,,GSM1533502,,,,,,,,,,,,,,,,,,,,,,,,,,,,,,,,,,,,,,,,,,,,,,,,fed for a 10% increase in body mass over 65 days,,,,,,,,
SRR1634159,ncRNA-Seq,50,294365650,PRJNA265167,SAMN03145808,171139921,GEO,public,"fastq,run.zq,sra","gs,s3,ncbi","ncbi.public,gs.us-east1,s3.us-east-1",SRX745936,Illumina HiSeq 2000,SINGLE,size fractionation,TRANSCRIPTOMIC,Ovis aries,ILLUMINA,2017-02-14T00:00:00Z,2014-10-29T10:44:00Z,1,GSM1533503,SRP049367,,testis,,,,,,,,,,,,Testes tissue,,,,GSM1533503,,,,,,,,,,,,,,,,,,,,,,,,,,,,,,,,,,,,,,,,,,,,,,,,fed for a 10% increase in body mass over 65 days,,,,,,,,
SRR1634160,ncRNA-Seq,50,280771650,PRJNA265167,SAMN03145813,163696383,GEO,public,"run.zq,sra,fastq","s3,ncbi,gs","gs.us-east1,s3.us-east-1,ncbi.public",SRX745937,Illumina HiSeq 2000,SINGLE,size fractionation,TRANSCRIPTOMIC,Ovis aries,ILLUMINA,2017-02-14T00:00:00Z,2014-10-29T10:44:00Z,1,GSM1533504,SRP049367,,testis,,,,,,,,,,,,Testes tissue,,,,GSM1533504,,,,,,,,,,,,,,,,,,,,,,,,,,,,,,,,,,,,,,,,,,,,,,,,fed for a 10% increase in body mass over 65 days,,,,,,,,
SRR1634161,ncRNA-Seq,50,132516950,PRJNA265167,SAMN03145807,79172841,GEO,public,"sra,run.zq,fastq","s3,gs,ncbi","s3.us-east-1,gs.us-east1,ncbi.public",SRX745938,Illumina HiSeq 2000,SINGLE,size fractionation,TRANSCRIPTOMIC,Ovis aries,ILLUMINA,2017-02-14T00:00:00Z,2014-10-29T10:44:00Z,1,GSM1533505,SRP049367,,testis,,,,,,,,,,,,Testes tissue,,,,GSM1533505,,,,,,,,,,,,,,,,,,,,,,,,,,,,,,,,,,,,,,,,,,,,,,,,fed for a 10% decrease in body mass over 65 days,,,,,,,,
SRR1634162,ncRNA-Seq,50,267367800,PRJNA265167,SAMN03145806,157456728,GEO,public,"fastq,sra,run.zq","s3,ncbi,gs","gs.us-east1,ncbi.public,s3.us-east-1",SRX745939,Illumina HiSeq 2000,SINGLE,size fractionation,TRANSCRIPTOMIC,Ovis aries,ILLUMINA,2017-02-14T00:00:00Z,2014-10-29T10:44:00Z,1,GSM1533506,SRP049367,,testis,,,,,,,,,,,,Testes tissue,,,,GSM1533506,,,,,,,,,,,,,,,,,,,,,,,,,,,,,,,,,,,,,,,,,,,,,,,,fed for a 10% decrease in body mass over 65 days,,,,,,,,
SRR1634163,ncRNA-Seq,50,244175800,PRJNA265167,SAMN03145804,143616668,GEO,public,"fastq,run.zq,sra","gs,s3,ncbi","gs.us-east1,s3.us-east-1,ncbi.public",SRX745940,Illumina HiSeq 2000,SINGLE,size fractionation,TRANSCRIPTOMIC,Ovis aries,ILLUMINA,2017-02-14T00:00:00Z,2014-10-29T10:45:00Z,1,GSM1533507,SRP049367,,testis,,,,,,,,,,,,Testes tissue,,,,GSM1533507,,,,,,,,,,,,,,,,,,,,,,,,,,,,,,,,,,,,,,,,,,,,,,,,fed for a 10% decrease in body mass over 65 days,,,,,,,,
SRR1634164,ncRNA-Seq,50,178227700,PRJNA265167,SAMN03145814,104388523,GEO,public,"run.zq,fastq,sra","ncbi,gs,s3","s3.us-east-1,ncbi.public,gs.us-east1",SRX745941,Illumina HiSeq 2000,SINGLE,size fractionation,TRANSCRIPTOMIC,Ovis aries,ILLUMINA,2017-02-14T00:00:00Z,2014-10-29T10:45:00Z,1,GSM1533508,SRP049367,,testis,,,,,,,,,,,,Testes tissue,,,,GSM1533508,,,,,,,,,,,,,,,,,,,,,,,,,,,,,,,,,,,,,,,,,,,,,,,,fed for a 10% decrease in body mass over 65 days,,,,,,,,
SRR1634165,ncRNA-Seq,50,142170800,PRJNA265167,SAMN03145810,83960976,GEO,public,"run.zq,fastq,sra","gs,ncbi,s3","s3.us-east-1,ncbi.public,gs.us-east1",SRX745942,Illumina HiSeq 2000,SINGLE,size fractionation,TRANSCRIPTOMIC,Ovis aries,ILLUMINA,2017-02-14T00:00:00Z,2014-10-29T10:45:00Z,1,GSM1533509,SRP049367,,testis,,,,,,,,,,,,Testes tissue,,,,GSM1533509,,,,,,,,,,,,,,,,,,,,,,,,,,,,,,,,,,,,,,,,,,,,,,,,fed for a 10% decrease in body mass over 65 days,,,,,,,,
SRR1634166,ncRNA-Seq,50,11143150,PRJNA265167,SAMN03145815,6648850,GEO,public,"fastq,run.zq,sra","s3,ncbi,gs","ncbi.public,s3.us-east-1,gs.us-east1",SRX745943,Illumina HiSeq 2000,SINGLE,size fractionation,TRANSCRIPTOMIC,Ovis aries,ILLUMINA,2017-02-14T00:00:00Z,2014-10-29T10:44:00Z,1,GSM1533510,SRP049367,,testis,,,,,,,,,,,,Testes tissue,,,,GSM1533510,,,,,,,,,,,,,,,,,,,,,,,,,,,,,,,,,,,,,,,,,,,,,,,,fed for a 10% decrease in body mass over 65 days,,,,,,,,
SRR1634167,ncRNA-Seq,50,369524850,PRJNA265167,SAMN03145809,214280951,GEO,public,"fastq,sra,run.zq","s3,ncbi,gs","ncbi.public,gs.us-east1,s3.us-east-1",SRX745944,Illumina HiSeq 2000,SINGLE,size fractionation,TRANSCRIPTOMIC,Ovis aries,ILLUMINA,2017-02-14T00:00:00Z,2014-10-29T10:46:00Z,1,GSM1533511,SRP049367,,testis,,,,,,,,,,,,Testes tissue,,,,GSM1533511,,,,,,,,,,,,,,,,,,,,,,,,,,,,,,,,,,,,,,,,,,,,,,,,fed for a 10% decrease in body mass over 65 days,,,,,,,,
SRR1634168,ncRNA-Seq,50,19747300,PRJNA265167,SAMN03145817,11735579,GEO,public,"sra,run.zq,fastq","s3,ncbi,gs","s3.us-east-1,gs.us-east1,ncbi.public",SRX745945,Illumina HiSeq 2000,SINGLE,size fractionation,TRANSCRIPTOMIC,Ovis aries,ILLUMINA,2017-02-14T00:00:00Z,2014-10-29T10:44:00Z,1,GSM1533512,SRP049367,,testis,,,,,,,,,,,,Testes tissue,,,,GSM1533512,,,,,,,,,,,,,,,,,,,,,,,,,,,,,,,,,,,,,,,,,,,,,,,,fed for a 10% decrease in body mass over 65 days,,,,,,,,
SRR27828127,RNA-Seq,302,7949577710,PRJNA1071818,SAMN39711994,2411513594,GANSU AGRICULTURAL UNIVERSITY,public,"run.zq,fastq,sra","s3,ncbi,gs","ncbi.public,s3.us-east-1,gs.us-east1",SRX23491512,Illumina NovaSeq 6000,PAIRED,cDNA,TRANSCRIPTOMIC,Ovis aries,ILLUMINA,2024-02-01T00:00:00Z,2024-02-01T06:16:00Z,1,TSM-4,SRP487327,LRA126517,testis,15 months,Model organism or animal,male,Tibetan sheep,2023-05-05,China,Asia,China:Hualong,,not applicable,not applicable,,,,,,,,,,,,,,,,,,,,,,,,,,,,,,,,,,,,,,,,,,,,,,,,,,,,,,,,,,,,,
SRR27828128,RNA-Seq,302,8454432620,PRJNA1071818,SAMN39711993,2623752560,GANSU AGRICULTURAL UNIVERSITY,public,"sra,fastq,run.zq","gs,ncbi,s3","s3.us-east-1,ncbi.public,gs.us-east1",SRX23491511,Illumina NovaSeq 6000,PAIRED,cDNA,TRANSCRIPTOMIC,Ovis aries,ILLUMINA,2024-02-01T00:00:00Z,2024-02-01T06:17:00Z,1,TSM-3,SRP487327,LRA126516,testis,14 months,Model organism or animal,male,Tibetan sheep,2023-05-05,China,Asia,China:Hualong,,not applicable,not applicable,,,,,,,,,,,,,,,,,,,,,,,,,,,,,,,,,,,,,,,,,,,,,,,,,,,,,,,,,,,,,
SRR27828129,RNA-Seq,302,8725161124,PRJNA1071818,SAMN39711992,2636264070,GANSU AGRICULTURAL UNIVERSITY,public,"sra,run.zq,fastq","gs,ncbi,s3","ncbi.public,gs.us-east1,s3.us-east-1",SRX23491510,Illumina NovaSeq 6000,PAIRED,cDNA,TRANSCRIPTOMIC,Ovis aries,ILLUMINA,2024-02-01T00:00:00Z,2024-02-01T06:17:00Z,1,TSM-2,SRP487327,LRA126515,testis,13 months,Model organism or animal,male,Tibetan sheep,2023-05-05,China,Asia,China:Hualong,,not applicable,not applicable,,,,,,,,,,,,,,,,,,,,,,,,,,,,,,,,,,,,,,,,,,,,,,,,,,,,,,,,,,,,,
SRR27828130,RNA-Seq,302,8317178754,PRJNA1071818,SAMN39711991,2548151086,GANSU AGRICULTURAL UNIVERSITY,public,"fastq,sra,run.zq","ncbi,s3,gs","gs.us-east1,ncbi.public,s3.us-east-1",SRX23491509,Illumina NovaSeq 6000,PAIRED,cDNA,TRANSCRIPTOMIC,Ovis aries,ILLUMINA,2024-02-01T00:00:00Z,2024-02-01T06:16:00Z,1,TSM-1,SRP487327,LRA126514,testis,12 months,Model organism or animal,male,Tibetan sheep,2023-05-05,China,Asia,China:Hualong,,not applicable,not applicable,,,,,,,,,,,,,,,,,,,,,,,,,,,,,,,,,,,,,,,,,,,,,,,,,,,,,,,,,,,,,
SRR27828131,RNA-Seq,302,8617299106,PRJNA1071818,SAMN39711990,2586377618,GANSU AGRICULTURAL UNIVERSITY,public,"fastq,sra,run.zq","gs,s3,ncbi","gs.us-east1,s3.us-east-1,ncbi.public",SRX23491508,Illumina NovaSeq 6000,PAIRED,cDNA,TRANSCRIPTOMIC,Ovis aries,ILLUMINA,2024-02-01T00:00:00Z,2024-02-01T06:16:00Z,1,TSH-6,SRP487327,LRA126513,testis,12 months,Model organism or animal,male,Tibetan sheep,2023-05-05,China,Asia,China:Haibei,,not applicable,not applicable,,,,,,,,,,,,,,,,,,,,,,,,,,,,,,,,,,,,,,,,,,,,,,,,,,,,,,,,,,,,,
SRR27828132,RNA-Seq,302,8181315900,PRJNA1071818,SAMN39711989,2496414783,GANSU AGRICULTURAL UNIVERSITY,public,"sra,fastq,run.zq","gs,ncbi,s3","s3.us-east-1,gs.us-east1,ncbi.public",SRX23491507,Illumina NovaSeq 6000,PAIRED,cDNA,TRANSCRIPTOMIC,Ovis aries,ILLUMINA,2024-02-01T00:00:00Z,2024-02-01T06:16:00Z,1,TSH-5,SRP487327,LRA126512,testis,12 months,Model organism or animal,male,Tibetan sheep,2023-05-05,China,Asia,China:Haibei,,not applicable,not applicable,,,,,,,,,,,,,,,,,,,,,,,,,,,,,,,,,,,,,,,,,,,,,,,,,,,,,,,,,,,,,
SRR27828133,RNA-Seq,302,7257966000,PRJNA1071818,SAMN39711988,2212975606,GANSU AGRICULTURAL UNIVERSITY,public,"run.zq,fastq,sra","s3,ncbi,gs","ncbi.public,gs.us-east1,s3.us-east-1",SRX23491506,Illumina NovaSeq 6000,PAIRED,cDNA,TRANSCRIPTOMIC,Ovis aries,ILLUMINA,2024-02-01T00:00:00Z,2024-02-01T06:16:00Z,1,TSH-4,SRP487327,LRA126511,testis,12 months,Model organism or animal,male,Tibetan sheep,2023-05-05,China,Asia,China:Haibei,,not applicable,not applicable,,,,,,,,,,,,,,,,,,,,,,,,,,,,,,,,,,,,,,,,,,,,,,,,,,,,,,,,,,,,,
SRR27828134,RNA-Seq,302,7620417038,PRJNA1071818,SAMN39711987,2339713291,GANSU AGRICULTURAL UNIVERSITY,public,"fastq,run.zq,sra","gs,ncbi,s3","s3.us-east-1,gs.us-east1,ncbi.public",SRX23491505,Illumina NovaSeq 6000,PAIRED,cDNA,TRANSCRIPTOMIC,Ovis aries,ILLUMINA,2024-02-01T00:00:00Z,2024-02-01T06:16:00Z,1,TSH-3,SRP487327,LRA126510,testis,12 months,Model organism or animal,male,Tibetan sheep,2023-05-05,China,Asia,China:Haibei,,not applicable,not applicable,,,,,,,,,,,,,,,,,,,,,,,,,,,,,,,,,,,,,,,,,,,,,,,,,,,,,,,,,,,,,
SRR27828135,RNA-Seq,302,8366871948,PRJNA1071818,SAMN39712002,2526315218,GANSU AGRICULTURAL UNIVERSITY,public,"run.zq,fastq,sra","s3,ncbi,gs","gs.us-east1,ncbi.public,s3.us-east-1",SRX23491504,Illumina NovaSeq 6000,PAIRED,cDNA,TRANSCRIPTOMIC,Ovis aries,ILLUMINA,2024-02-01T00:00:00Z,2024-02-01T06:17:00Z,1,ST-6,SRP487327,LRA126525,testis,23 months,Model organism or animal,male,Small Tail Han sheep,2023-05-05,China,Asia,China:Linxia,,not applicable,not applicable,,,,,,,,,,,,,,,,,,,,,,,,,,,,,,,,,,,,,,,,,,,,,,,,,,,,,,,,,,,,,
SRR27828136,RNA-Seq,302,8832772784,PRJNA1071818,SAMN39712001,2693971977,GANSU AGRICULTURAL UNIVERSITY,public,"sra,run.zq,fastq","ncbi,gs,s3","s3.us-east-1,ncbi.public,gs.us-east1",SRX23491503,Illumina NovaSeq 6000,PAIRED,cDNA,TRANSCRIPTOMIC,Ovis aries,ILLUMINA,2024-02-01T00:00:00Z,2024-02-01T06:16:00Z,1,ST-5,SRP487327,LRA126524,testis,22 months,Model organism or animal,male,Small Tail Han sheep,2023-05-05,China,Asia,China:Linxia,,not applicable,not applicable,,,,,,,,,,,,,,,,,,,,,,,,,,,,,,,,,,,,,,,,,,,,,,,,,,,,,,,,,,,,,
SRR27828137,RNA-Seq,302,7127790108,PRJNA1071818,SAMN39712000,2172141974,GANSU AGRICULTURAL UNIVERSITY,public,"sra,run.zq,fastq","s3,ncbi,gs","s3.us-east-1,gs.us-east1,ncbi.public",SRX23491502,Illumina NovaSeq 6000,PAIRED,cDNA,TRANSCRIPTOMIC,Ovis aries,ILLUMINA,2024-02-01T00:00:00Z,2024-02-01T06:16:00Z,1,ST-4,SRP487327,LRA126523,testis,21 months,Model organism or animal,male,Small Tail Han sheep,2023-05-05,China,Asia,China:Linxia,,not applicable,not applicable,,,,,,,,,,,,,,,,,,,,,,,,,,,,,,,,,,,,,,,,,,,,,,,,,,,,,,,,,,,,,
SRR27828138,RNA-Seq,302,8274965496,PRJNA1071818,SAMN39711999,2536280510,GANSU AGRICULTURAL UNIVERSITY,public,"run.zq,sra,fastq","gs,s3,ncbi","s3.us-east-1,gs.us-east1,ncbi.public",SRX23491501,Illumina NovaSeq 6000,PAIRED,cDNA,TRANSCRIPTOMIC,Ovis aries,ILLUMINA,2024-02-01T00:00:00Z,2024-02-01T06:17:00Z,1,ST-3,SRP487327,LRA126522,testis,20 months,Model organism or animal,male,Small Tail Han sheep,2023-05-05,China,Asia,China:Linxia,,not applicable,not applicable,,,,,,,,,,,,,,,,,,,,,,,,,,,,,,,,,,,,,,,,,,,,,,,,,,,,,,,,,,,,,
SRR27828139,RNA-Seq,302,7131808822,PRJNA1071818,SAMN39711998,2171389092,GANSU AGRICULTURAL UNIVERSITY,public,"run.zq,fastq,sra","s3,gs,ncbi","ncbi.public,gs.us-east1,s3.us-east-1",SRX23491500,Illumina NovaSeq 6000,PAIRED,cDNA,TRANSCRIPTOMIC,Ovis aries,ILLUMINA,2024-02-01T00:00:00Z,2024-02-01T06:16:00Z,1,ST-2,SRP487327,LRA126521,testis,19 months,Model organism or animal,male,Small Tail Han sheep,2023-05-05,China,Asia,China:Linxia,,not applicable,not applicable,,,,,,,,,,,,,,,,,,,,,,,,,,,,,,,,,,,,,,,,,,,,,,,,,,,,,,,,,,,,,
SRR27828140,RNA-Seq,302,7867110268,PRJNA1071818,SAMN39711997,2364916625,GANSU AGRICULTURAL UNIVERSITY,public,"run.zq,sra,fastq","ncbi,gs,s3","gs.us-east1,ncbi.public,s3.us-east-1",SRX23491499,Illumina NovaSeq 6000,PAIRED,cDNA,TRANSCRIPTOMIC,Ovis aries,ILLUMINA,2024-02-01T00:00:00Z,2024-02-01T06:16:00Z,1,ST-1,SRP487327,LRA126520,testis,18 months,Model organism or animal,male,Small Tail Han sheep,2023-05-05,China,Asia,China:Linxia,,not applicable,not applicable,,,,,,,,,,,,,,,,,,,,,,,,,,,,,,,,,,,,,,,,,,,,,,,,,,,,,,,,,,,,,
SRR27828141,RNA-Seq,302,8339394478,PRJNA1071818,SAMN39711996,2588559993,GANSU AGRICULTURAL UNIVERSITY,public,"fastq,sra,run.zq","ncbi,s3,gs","ncbi.public,gs.us-east1,s3.us-east-1",SRX23491498,Illumina NovaSeq 6000,PAIRED,cDNA,TRANSCRIPTOMIC,Ovis aries,ILLUMINA,2024-02-01T00:00:00Z,2024-02-01T06:17:00Z,1,TSM-6,SRP487327,LRA126519,testis,17 months,Model organism or animal,male,Tibetan sheep,2023-05-05,China,Asia,China:Hualong,,not applicable,not applicable,,,,,,,,,,,,,,,,,,,,,,,,,,,,,,,,,,,,,,,,,,,,,,,,,,,,,,,,,,,,,
SRR27828142,RNA-Seq,302,8864915248,PRJNA1071818,SAMN39711995,2749350924,GANSU AGRICULTURAL UNIVERSITY,public,"run.zq,sra,fastq","s3,ncbi,gs","gs.us-east1,s3.us-east-1,ncbi.public",SRX23491497,Illumina NovaSeq 6000,PAIRED,cDNA,TRANSCRIPTOMIC,Ovis aries,ILLUMINA,2024-02-01T00:00:00Z,2024-02-01T06:16:00Z,1,TSM-5,SRP487327,LRA126518,testis,16 months,Model organism or animal,male,Tibetan sheep,2023-05-05,China,Asia,China:Hualong,,not applicable,not applicable,,,,,,,,,,,,,,,,,,,,,,,,,,,,,,,,,,,,,,,,,,,,,,,,,,,,,,,,,,,,,
SRR27828143,RNA-Seq,302,7532177772,PRJNA1071818,SAMN39711986,2280941024,GANSU AGRICULTURAL UNIVERSITY,public,"fastq,run.zq,sra","s3,ncbi,gs","s3.us-east-1,gs.us-east1,ncbi.public",SRX23491496,Illumina NovaSeq 6000,PAIRED,cDNA,TRANSCRIPTOMIC,Ovis aries,ILLUMINA,2024-02-01T00:00:00Z,2024-02-01T06:16:00Z,1,TSH-2,SRP487327,LRA126509,testis,12 months,Model organism or animal,male,Tibetan sheep,2023-05-05,China,Asia,China:Haibei,,not applicable,not applicable,,,,,,,,,,,,,,,,,,,,,,,,,,,,,,,,,,,,,,,,,,,,,,,,,,,,,,,,,,,,,
SRR27828144,RNA-Seq,302,8764497832,PRJNA1071818,SAMN39711985,2633356382,GANSU AGRICULTURAL UNIVERSITY,public,"run.zq,fastq,sra","gs,s3,ncbi","gs.us-east1,s3.us-east-1,ncbi.public",SRX23491495,Illumina NovaSeq 6000,PAIRED,cDNA,TRANSCRIPTOMIC,Ovis aries,ILLUMINA,2024-02-01T00:00:00Z,2024-02-01T06:17:00Z,1,TSH-1,SRP487327,LRA126508,testis,12 months,Model organism or animal,male,Tibetan sheep,2023-05-05,China,Asia,China:Haibei,,not applicable,not applicable,,,,,,,,,,,,,,,,,,,,,,,,,,,,,,,,,,,,,,,,,,,,,,,,,,,,,,,,,,,,,
SRR28769291,RNA-Seq,300,10760571900,PRJNA1102897,SAMN41034569,3213673601,GANSU AGRICULTURE UNIVERSITY,public,"fastq,sra,run.zq","s3,gs,ncbi","gs.us-east1,ncbi.public,s3.us-east-1",SRX24334566,Illumina NovaSeq 6000,PAIRED,cDNA,TRANSCRIPTOMIC,Ovis aries,ILLUMINA,2024-04-22T00:00:00Z,2024-04-22T14:34:00Z,1,OV-1,SRP503322,9,testis,not collected,Model organism or animal,male,not collected,2023-10-15,China,Asia,China:Gansu,not collected,not applicable,not collected,,I,,not collected,,,,,,,,,,,,,,,,,,,,,,,,,,,,,,,,,,,,,,,,,,,,,,,,,,,,,,,,,
SRR28769292,RNA-Seq,300,10314251400,PRJNA1102897,SAMN41034567,3072802521,GANSU AGRICULTURE UNIVERSITY,public,"sra,fastq,run.zq","gs,ncbi,s3","ncbi.public,s3.us-east-1,gs.us-east1",SRX24334565,Illumina NovaSeq 6000,PAIRED,cDNA,TRANSCRIPTOMIC,Ovis aries,ILLUMINA,2024-04-22T00:00:00Z,2024-04-22T14:33:00Z,1,CK-4,SRP503322,7,testis,not collected,Model organism or animal,male,not collected,2023-10-15,China,Asia,China:Gansu,not collected,not applicable,not collected,,G,,not collected,,,,,,,,,,,,,,,,,,,,,,,,,,,,,,,,,,,,,,,,,,,,,,,,,,,,,,,,,
SRR21177733,RNA-Seq,178,41145751090,PRJNA872564,SAMN30469772,13699930389,"SHEEP BREEDING ENGINEERING TECHNOLOGY CENTER, LANZHOU INSTITUTE OF HUSBANDRY AND PHARMACEUTICAL SCIENCES,, CHINESE ACADEMY OF AGRICULTURAL SCIENCES",public,"sra,fastq,run.zq","s3,ncbi,gs","ncbi.public,gs.us-east1,s3.us-east-1",SRX17188824,Illumina NovaSeq 6000,PAIRED,cDNA,TRANSCRIPTOMIC,Ovis aries,ILLUMINA,2022-08-26T00:00:00Z,2022-08-23T22:34:00Z,1,GSM6505536,SRP393517,GSM6505536,testis,6 month,,,,,,,,,,,testis,,,,,,,,,,,,,,,,,,,,,,,,,,,,,,,,,,,,,,,,,,,,,,,,,,,,,,,,,,,Sexual maturation,
SRR38122101,RNA-Seq,118,42190644294,PRJNA1454120,SAMN57293897,11423033306,COLLEGE OF VETERINARY MEDICINE,public,"fastq,sra,run.zq","ncbi,s3,gs","ncbi.public,s3.us-east-1,gs.us-east1",SRX32968246,Illumina NovaSeq 6000,PAIRED,cDNA,TRANSCRIPTOMIC,Ovis aries,ILLUMINA,2026-06-30T00:00:00Z,2026-04-15T22:39:00Z,1,E120,SRP692252,E120,testis,,Model organism or animal,male,Hu sheep,2023-08,China,Asia,China: Hohhot,E120,,,,,,,,,,,,,,,,,,,,,,,,,,,,,,,,,,,,,,,,,,,,,,,,,,,,,,,,,,,,,,,
SRR38122102,RNA-Seq,118,43760464610,PRJNA1454120,SAMN57293896,13350624111,COLLEGE OF VETERINARY MEDICINE,public,"sra,run.zq,fastq","s3,gs,ncbi","s3.us-east-1,ncbi.public,gs.us-east1",SRX32968245,Illumina NovaSeq 6000,PAIRED,cDNA,TRANSCRIPTOMIC,Ovis aries,ILLUMINA,2026-06-30T00:00:00Z,2026-04-15T22:32:00Z,1,E90,SRP692252,E90,testis,,Model organism or animal,male,Hu sheep,2023-08,China,Asia,China: Hohhot,E90,,,,,,,,,,,,,,,,,,,,,,,,,,,,,,,,,,,,,,,,,,,,,,,,,,,,,,,,,,,,,,,
SRR38122103,RNA-Seq,119,44062332895,PRJNA1454120,SAMN57293895,13889417337,COLLEGE OF VETERINARY MEDICINE,public,"run.zq,fastq,sra","ncbi,gs,s3","s3.us-east-1,ncbi.public,gs.us-east1",SRX32968244,Illumina NovaSeq 6000,PAIRED,cDNA,TRANSCRIPTOMIC,Ovis aries,ILLUMINA,2026-06-30T00:00:00Z,2026-04-15T22:30:00Z,1,E60,SRP692252,E60,testis,,Model organism or animal,male,Hu sheep,2023-08,China,Asia,China: Hohhot,E60,,,,,,,,,,,,,,,,,,,,,,,,,,,,,,,,,,,,,,,,,,,,,,,,,,,,,,,,,,,,,,,
SRR30951857,RNA-Seq,300,10425942000,PRJNA1171477,SAMN44246305,3512605322,"MINISTRY OF AGRICULTURE AND RURAL AFFAIRS, LANZHOU INSTITUTE OF HUSBANDRY AND PHARMACEUTICAL SCIENCE",public,"fastq,sra,run.zq","ncbi,s3,gs","gs.us-east1,s3.us-east-1,ncbi.public",SRX26353991,Illumina HiSeq 2500,PAIRED,cDNA,TRANSCRIPTOMIC,Ovis aries,ILLUMINA,2025-11-14T00:00:00Z,2024-10-11T12:10:00Z,1,M3-2_1,SRP537953,M3-2_1,Testicles,3,Model organism or animal,male,,2023-04-30,China,Asia,China:Gansu,sexually immature,,Lanzhou,,,,,,,,,,,,,,,,,,,,,,,,,,,,,,,,,,,,,,,,,,,,,repli cate =biological repli cate17,,,,,,,,,,,,,,,,
SRR30951858,RNA-Seq,300,12106656900,PRJNA1171477,SAMN44246303,4040412686,"MINISTRY OF AGRICULTURE AND RURAL AFFAIRS, LANZHOU INSTITUTE OF HUSBANDRY AND PHARMACEUTICAL SCIENCE",public,"run.zq,sra,fastq","gs,ncbi,s3","ncbi.public,s3.us-east-1,gs.us-east1",SRX26353990,Illumina HiSeq 2500,PAIRED,cDNA,TRANSCRIPTOMIC,Ovis aries,ILLUMINA,2025-11-14T00:00:00Z,2024-10-11T12:14:00Z,1,M3-1_1,SRP537953,M3-1_1,Testicles,3,Model organism or animal,male,,2023-04-30,China,Asia,China:Gansu,sexually immature,,Lanzhou,,,,,,,,,,,,,,,,,,,,,,,,,,,,,,,,,,,,,,,,,,,,,repli cate =biological repli cate13,,,,,,,,,,,,,,,,
SRR30951859,RNA-Seq,300,14491688400,PRJNA1171477,SAMN44246301,4811279054,"MINISTRY OF AGRICULTURE AND RURAL AFFAIRS, LANZHOU INSTITUTE OF HUSBANDRY AND PHARMACEUTICAL SCIENCE",public,"run.zq,fastq,sra","ncbi,gs,s3","s3.us-east-1,gs.us-east1,ncbi.public",SRX26353989,Illumina HiSeq 2500,PAIRED,cDNA,TRANSCRIPTOMIC,Ovis aries,ILLUMINA,2025-11-14T00:00:00Z,2024-10-11T12:18:00Z,1,M0-3_1,SRP537953,M0-3_1,Testicles,0,Model organism or animal,male,,2023-04-30,China,Asia,China:Gansu,newborn,,Lanzhou,,,,,,,,,,,,,,,,,,,,,,,,,,,,,,,,,,,,,,,,,,,,,repli cate =biological repli cate9,,,,,,,,,,,,,,,,
SRR30951860,RNA-Seq,300,10860047400,PRJNA1171477,SAMN44246319,3649249293,"MINISTRY OF AGRICULTURE AND RURAL AFFAIRS, LANZHOU INSTITUTE OF HUSBANDRY AND PHARMACEUTICAL SCIENCE",public,"sra,fastq,run.zq","gs,s3,ncbi","s3.us-east-1,gs.us-east1,ncbi.public",SRX26353988,Illumina HiSeq 2500,PAIRED,cDNA,TRANSCRIPTOMIC,Ovis aries,ILLUMINA,2025-11-14T00:00:00Z,2024-10-11T12:16:00Z,1,Y1-3_1,SRP537953,Y1-3_1,Testicles,12,Model organism or animal,male,,2023-04-30,China,Asia,China:Gansu,adult,,Lanzhou,,,,,,,,,,,,,,,,,,,,,,,,,,,,,,,,,,,,,,,,,,,,,repli cate =biological repli cate45,,,,,,,,,,,,,,,,
SRR30951861,RNA-Seq,300,10957486200,PRJNA1171477,SAMN44246317,3621207459,"MINISTRY OF AGRICULTURE AND RURAL AFFAIRS, LANZHOU INSTITUTE OF HUSBANDRY AND PHARMACEUTICAL SCIENCE",public,"sra,run.zq,fastq","gs,s3,ncbi","s3.us-east-1,ncbi.public,gs.us-east1",SRX26353987,Illumina HiSeq 2500,PAIRED,cDNA,TRANSCRIPTOMIC,Ovis aries,ILLUMINA,2025-11-14T00:00:00Z,2024-10-11T12:16:00Z,1,Y1-2_1,SRP537953,Y1-2_1,Testicles,12,Model organism or animal,male,,2023-04-30,China,Asia,China:Gansu,adult,,Lanzhou,,,,,,,,,,,,,,,,,,,,,,,,,,,,,,,,,,,,,,,,,,,,,repli cate =biological repli cate41,,,,,,,,,,,,,,,,
SRR30951862,RNA-Seq,300,13743121800,PRJNA1171477,SAMN44246299,4520204893,"MINISTRY OF AGRICULTURE AND RURAL AFFAIRS, LANZHOU INSTITUTE OF HUSBANDRY AND PHARMACEUTICAL SCIENCE",public,"sra,fastq,run.zq","s3,gs,ncbi","s3.us-east-1,gs.us-east1,ncbi.public",SRX26353986,Illumina HiSeq 2500,PAIRED,cDNA,TRANSCRIPTOMIC,Ovis aries,ILLUMINA,2025-11-14T00:00:00Z,2024-10-11T12:17:00Z,1,M0-2_1,SRP537953,M0-2_1,Testicles,0,Model organism or animal,male,,2023-04-30,China,Asia,China:Gansu,newborn,,Lanzhou,,,,,,,,,,,,,,,,,,,,,,,,,,,,,,,,,,,,,,,,,,,,,repli cate =biological repli cate5,,,,,,,,,,,,,,,,
SRR30951863,RNA-Seq,300,10556629200,PRJNA1171477,SAMN44246315,3518329855,"MINISTRY OF AGRICULTURE AND RURAL AFFAIRS, LANZHOU INSTITUTE OF HUSBANDRY AND PHARMACEUTICAL SCIENCE",public,"sra,run.zq,fastq","ncbi,s3,gs","ncbi.public,s3.us-east-1,gs.us-east1",SRX26353985,Illumina HiSeq 2500,PAIRED,cDNA,TRANSCRIPTOMIC,Ovis aries,ILLUMINA,2025-11-14T00:00:00Z,2024-10-11T12:14:00Z,1,Y1-1_1,SRP537953,Y1-1_1,Testicles,12,Model organism or animal,male,,2023-04-30,China,Asia,China:Gansu,adult,,Lanzhou,,,,,,,,,,,,,,,,,,,,,,,,,,,,,,,,,,,,,,,,,,,,,repli cate =biological repli cate37,,,,,,,,,,,,,,,,
SRR30951864,RNA-Seq,300,11182061400,PRJNA1171477,SAMN44246313,3683040693,"MINISTRY OF AGRICULTURE AND RURAL AFFAIRS, LANZHOU INSTITUTE OF HUSBANDRY AND PHARMACEUTICAL SCIENCE",public,"sra,run.zq,fastq","gs,ncbi,s3","s3.us-east-1,ncbi.public,gs.us-east1",SRX26353984,Illumina HiSeq 2500,PAIRED,cDNA,TRANSCRIPTOMIC,Ovis aries,ILLUMINA,2025-11-14T00:00:00Z,2024-10-11T12:14:00Z,1,M6-3_1,SRP537953,M6-3_1,Testicles,6,Model organism or animal,male,,2023-04-30,China,Asia,China:Gansu,sexually mature,,Lanzhou,,,,,,,,,,,,,,,,,,,,,,,,,,,,,,,,,,,,,,,,,,,,,repli cate =biological repli cate33,,,,,,,,,,,,,,,,
SRR30951865,RNA-Seq,300,11470916400,PRJNA1171477,SAMN44246311,3779024209,"MINISTRY OF AGRICULTURE AND RURAL AFFAIRS, LANZHOU INSTITUTE OF HUSBANDRY AND PHARMACEUTICAL SCIENCE",public,"sra,run.zq,fastq","gs,s3,ncbi","s3.us-east-1,gs.us-east1,ncbi.public",SRX26353983,Illumina HiSeq 2500,PAIRED,cDNA,TRANSCRIPTOMIC,Ovis aries,ILLUMINA,2025-11-14T00:00:00Z,2024-10-11T12:17:00Z,1,M6-2_1,SRP537953,M6-2_1,Testicles,6,Model organism or animal,male,,2023-04-30,China,Asia,China:Gansu,sexually mature,,Lanzhou,,,,,,,,,,,,,,,,,,,,,,,,,,,,,,,,,,,,,,,,,,,,,repli cate =biological repli cate29,,,,,,,,,,,,,,,,
SRR30951866,RNA-Seq,300,9276921000,PRJNA1171477,SAMN44246309,3122525439,"MINISTRY OF AGRICULTURE AND RURAL AFFAIRS, LANZHOU INSTITUTE OF HUSBANDRY AND PHARMACEUTICAL SCIENCE",public,"fastq,run.zq,sra","gs,ncbi,s3","gs.us-east1,s3.us-east-1,ncbi.public",SRX26353982,Illumina HiSeq 2500,PAIRED,cDNA,TRANSCRIPTOMIC,Ovis aries,ILLUMINA,2025-11-14T00:00:00Z,2024-10-11T12:15:00Z,1,M6-1_1,SRP537953,M6-1_1,Testicles,6,Model organism or animal,male,,2023-04-30,China,Asia,China:Gansu,sexually mature,,Lanzhou,,,,,,,,,,,,,,,,,,,,,,,,,,,,,,,,,,,,,,,,,,,,,repli cate =biological repli cate25,,,,,,,,,,,,,,,,
SRR30951867,RNA-Seq,300,11039750400,PRJNA1171477,SAMN44246307,3710176357,"MINISTRY OF AGRICULTURE AND RURAL AFFAIRS, LANZHOU INSTITUTE OF HUSBANDRY AND PHARMACEUTICAL SCIENCE",public,"fastq,sra,run.zq","ncbi,s3,gs","s3.us-east-1,ncbi.public,gs.us-east1",SRX26353981,Illumina HiSeq 2500,PAIRED,cDNA,TRANSCRIPTOMIC,Ovis aries,ILLUMINA,2025-11-14T00:00:00Z,2024-10-11T12:16:00Z,1,M3-3_1,SRP537953,M3-3_1,Testicles,3,Model organism or animal,male,,2023-04-30,China,Asia,China:Gansu,sexually immature,,Lanzhou,,,,,,,,,,,,,,,,,,,,,,,,,,,,,,,,,,,,,,,,,,,,,repli cate =biological repli cate21,,,,,,,,,,,,,,,,
SRR30951868,RNA-Seq,300,11159145000,PRJNA1171477,SAMN44246297,3709973678,"MINISTRY OF AGRICULTURE AND RURAL AFFAIRS, LANZHOU INSTITUTE OF HUSBANDRY AND PHARMACEUTICAL SCIENCE",public,"run.zq,fastq,sra","s3,ncbi,gs","ncbi.public,gs.us-east1,s3.us-east-1",SRX26353980,Illumina HiSeq 2500,PAIRED,cDNA,TRANSCRIPTOMIC,Ovis aries,ILLUMINA,2025-11-14T00:00:00Z,2024-10-11T12:16:00Z,1,M0-1_1,SRP537953,M0-1_1,Testicles,0,Model organism or animal,male,,2023-04-30,China,Asia,China:Gansu,newborn,,Lanzhou,,,,,,,,,,,,,,,,,,,,,,,,,,,,,,,,,,,,,,,,,,,,,repli cate =biological repli cate1,,,,,,,,,,,,,,,,
SRR27630975,RNA-Seq,300,6750604200,PRJNA1066045,SAMN39477167,2158696633,NANJING AGRICULTURAL UNIVERSITY,public,"fastq,run.zq,sra","ncbi,gs,s3","s3.us-east-1,gs.us-east1,ncbi.public",SRX23301316,Illumina NovaSeq 6000,PAIRED,Oligo-dT,TRANSCRIPTOMIC,Ovis aries,ILLUMINA,2026-02-02T00:00:00Z,2024-01-18T19:45:00Z,1,Testis4,SRP484551,T4,testis,embryo 120day,Model organism or animal,male,Hu sheep,2023-03-05,China,Asia,China:Nanjing,,,,,,,,,,,,,,,,,,,,,,,,,,,,,,,,,,,,,,,,,,,replicate=biological replicate 9,,,,,,,,,,,,,,,,,,,,,
SRR27630978,RNA-Seq,300,6434614800,PRJNA1066045,SAMN39477164,2090345455,NANJING AGRICULTURAL UNIVERSITY,public,"fastq,sra,run.zq","ncbi,s3,gs","ncbi.public,s3.us-east-1,gs.us-east1",SRX23301308,Illumina NovaSeq 6000,PAIRED,Oligo-dT,TRANSCRIPTOMIC,Ovis aries,ILLUMINA,2026-02-02T00:00:00Z,2024-01-18T19:49:00Z,1,Testis1,SRP484551,T1,testis,embryo 120day,Model organism or animal,male,Hu sheep,2023-03-05,China,Asia,China:Nanjing,,,,,,,,,,,,,,,,,,,,,,,,,,,,,,,,,,,,,,,,,,,replicate=biological replicate 6,,,,,,,,,,,,,,,,,,,,,
SRR27630985,RNA-Seq,297,12304896458,PRJNA1066045,SAMN39477182,5125214940,NANJING AGRICULTURAL UNIVERSITY,public,"fastq,run.zq,sra","ncbi,gs,s3","ncbi.public,s3.us-east-1,gs.us-east1",SRX23301294,Illumina NovaSeq 6000,PAIRED,Oligo-dT,TRANSCRIPTOMIC,Ovis aries,ILLUMINA,2026-02-02T00:00:00Z,2024-01-18T19:54:00Z,1,Testis10,SRP484551,T10,testis,postnatal 3M day,Model organism or animal,male,Hu sheep,missing,China,Asia,China:Nanjing,,,,,,,,,,,,,,,,,,,,,,,,,,,,,,,,,,,,,,,,,,,replicate=biological replicate 24,,,,,,,,,,,,,,,,,,,,,
SRR35241939,RNA-Seq,151,3131689264,PRJNA1314618,SAMN50937005,892986529,GANSU AGRICULTURAL UNIVERSITY,public,"sra,run.zq,fastq","gs,ncbi,s3","s3.us-east-1,ncbi.public,gs.us-east1",SRX30345033,Illumina HiSeq 2500,PAIRED,RT-PCR,METATRANSCRIPTOMIC,sheep metagenome,ILLUMINA,2025-09-03T00:00:00Z,2025-09-03T12:29:00Z,1,Hypothalamic Tissue T5,SRP616917,Hypothalamic Tissue T5,,,Metagenome or environmental,,,2024-10-20T12:23:04Z,China,Asia,China:Linxia,,,,,,,,,,,,,,,,,,,,,,,,,,,,,,,,,,,,,,,,,,,,,Ovis aries,Hypothalamic Tissue,37.22 N 103.04 E,,,,,,,,,,,,,,,,,
SRR35241940,RNA-Seq,151,3704357821,PRJNA1314618,SAMN50937004,1055444021,GANSU AGRICULTURAL UNIVERSITY,public,"fastq,sra,run.zq","ncbi,s3,gs","gs.us-east1,ncbi.public,s3.us-east-1",SRX30345032,Illumina HiSeq 2500,PAIRED,RT-PCR,METATRANSCRIPTOMIC,sheep metagenome,ILLUMINA,2025-09-03T00:00:00Z,2025-09-03T12:29:00Z,1,Hypothalamic Tissue T4,SRP616917,Hypothalamic Tissue T4,,,Metagenome or environmental,,,2024-10-20T12:19:04Z,China,Asia,China:Linxia,,,,,,,,,,,,,,,,,,,,,,,,,,,,,,,,,,,,,,,,,,,,,Ovis aries,Hypothalamic Tissue,37.22 N 103.04 E,,,,,,,,,,,,,,,,,
SRR35241941,RNA-Seq,151,3348879510,PRJNA1314618,SAMN50937003,958419284,GANSU AGRICULTURAL UNIVERSITY,public,"sra,run.zq,fastq","s3,ncbi,gs","s3.us-east-1,gs.us-east1,ncbi.public",SRX30345031,Illumina HiSeq 2500,PAIRED,RT-PCR,METATRANSCRIPTOMIC,sheep metagenome,ILLUMINA,2025-09-03T00:00:00Z,2025-09-03T12:29:00Z,1,Hypothalamic Tissue T3,SRP616917,Hypothalamic Tissue T3,,,Metagenome or environmental,,,2024-10-20T12:17:03Z,China,Asia,China:Linxia,,,,,,,,,,,,,,,,,,,,,,,,,,,,,,,,,,,,,,,,,,,,,Ovis aries,Hypothalamic Tissue,37.22 N 103.04 E,,,,,,,,,,,,,,,,,
SRR35241942,RNA-Seq,151,2834301559,PRJNA1314618,SAMN50937002,801826784,GANSU AGRICULTURAL UNIVERSITY,public,"sra,run.zq,fastq","gs,ncbi,s3","gs.us-east1,s3.us-east-1,ncbi.public",SRX30345030,Illumina HiSeq 2500,PAIRED,RT-PCR,METATRANSCRIPTOMIC,sheep metagenome,ILLUMINA,2025-09-03T00:00:00Z,2025-09-03T12:29:00Z,1,Hypothalamic Tissue T2,SRP616917,Hypothalamic Tissue T2,,,Metagenome or environmental,,,2024-10-20T12:15:03Z,China,Asia,China:Linxia,,,,,,,,,,,,,,,,,,,,,,,,,,,,,,,,,,,,,,,,,,,,,Ovis aries,Hypothalamic Tissue,37.22 N 103.04 E,,,,,,,,,,,,,,,,,
SRR35241943,RNA-Seq,151,2914841788,PRJNA1314618,SAMN50937001,831144168,GANSU AGRICULTURAL UNIVERSITY,public,"sra,run.zq,fastq","s3,ncbi,gs","ncbi.public,gs.us-east1,s3.us-east-1",SRX30345029,Illumina HiSeq 2500,PAIRED,RT-PCR,METATRANSCRIPTOMIC,sheep metagenome,ILLUMINA,2025-09-03T00:00:00Z,2025-09-03T12:29:00Z,1,Hypothalamic Tissue T1,SRP616917,Hypothalamic Tissue T1,,,Metagenome or environmental,,,2024-10-20T12:13:02Z,China,Asia,China:Linxia,,,,,,,,,,,,,,,,,,,,,,,,,,,,,,,,,,,,,,,,,,,,,Ovis aries,Hypothalamic Tissue,37.22 N 103.04 E,,,,,,,,,,,,,,,,,
SRR35241944,RNA-Seq,151,2947571340,PRJNA1314618,SAMN50937000,841421217,GANSU AGRICULTURAL UNIVERSITY,public,"sra,run.zq,fastq","gs,ncbi,s3","gs.us-east1,s3.us-east-1,ncbi.public",SRX30345028,Illumina HiSeq 2500,PAIRED,RT-PCR,METATRANSCRIPTOMIC,sheep metagenome,ILLUMINA,2025-09-03T00:00:00Z,2025-09-03T12:28:00Z,1,Hypothalamic Tissue CK5,SRP616917,Hypothalamic Tissue CK5,,,Metagenome or environmental,,,2024-10-20T12:10:02Z,China,Asia,China:Linxia,,,,,,,,,,,,,,,,,,,,,,,,,,,,,,,,,,,,,,,,,,,,,Ovis aries,Hypothalamic Tissue,37.22 N 103.04 E,,,,,,,,,,,,,,,,,
SRR35241945,RNA-Seq,151,2861068272,PRJNA1314618,SAMN50936999,816618454,GANSU AGRICULTURAL UNIVERSITY,public,"sra,run.zq,fastq","ncbi,gs,s3","ncbi.public,s3.us-east-1,gs.us-east1",SRX30345027,Illumina HiSeq 2500,PAIRED,RT-PCR,METATRANSCRIPTOMIC,sheep metagenome,ILLUMINA,2025-09-03T00:00:00Z,2025-09-03T12:29:00Z,1,Hypothalamic Tissue CK4,SRP616917,Hypothalamic Tissue CK4,,,Metagenome or environmental,,,2024-10-20T12:07:01Z,China,Asia,China:Linxia,,,,,,,,,,,,,,,,,,,,,,,,,,,,,,,,,,,,,,,,,,,,,Ovis aries,Hypothalamic Tissue,37.22 N 103.04 E,,,,,,,,,,,,,,,,,
SRR35241946,RNA-Seq,151,2749653677,PRJNA1314618,SAMN50937025,782882515,GANSU AGRICULTURAL UNIVERSITY,public,"run.zq,sra,fastq","ncbi,s3,gs","ncbi.public,s3.us-east-1,gs.us-east1",SRX30345026,Illumina HiSeq 2500,PAIRED,RT-PCR,METATRANSCRIPTOMIC,sheep metagenome,ILLUMINA,2025-09-03T00:00:00Z,2025-09-03T12:29:00Z,1,Testicular Tissue T5,SRP616917,Testicular Tissue T5,,,Metagenome or environmental,,,2024-10-20T13:19:17Z,China,Asia,China:Linxia,,,,,,,,,,,,,,,,,,,,,,,,,,,,,,,,,,,,,,,,,,,,,Ovis aries,Testicular Tissue,37.22 N 103.04 E,,,,,,,,,,,,,,,,,
SRR35241947,RNA-Seq,151,3455773316,PRJNA1314618,SAMN50937024,973479523,GANSU AGRICULTURAL UNIVERSITY,public,"fastq,sra,run.zq","gs,ncbi,s3","gs.us-east1,s3.us-east-1,ncbi.public",SRX30345025,Illumina HiSeq 2500,PAIRED,RT-PCR,METATRANSCRIPTOMIC,sheep metagenome,ILLUMINA,2025-09-03T00:00:00Z,2025-09-03T12:29:00Z,1,Testicular Tissue T4,SRP616917,Testicular Tissue T4,,,Metagenome or environmental,,,2024-10-20T13:17:16Z,China,Asia,China:Linxia,,,,,,,,,,,,,,,,,,,,,,,,,,,,,,,,,,,,,,,,,,,,,Ovis aries,Testicular Tissue,37.22 N 103.04 E,,,,,,,,,,,,,,,,,
SRR35241948,RNA-Seq,151,2733794902,PRJNA1314618,SAMN50937023,778891997,GANSU AGRICULTURAL UNIVERSITY,public,"sra,run.zq,fastq","gs,s3,ncbi","s3.us-east-1,ncbi.public,gs.us-east1",SRX30345024,Illumina HiSeq 2500,PAIRED,RT-PCR,METATRANSCRIPTOMIC,sheep metagenome,ILLUMINA,2025-09-03T00:00:00Z,2025-09-03T12:29:00Z,1,Testicular Tissue T3,SRP616917,Testicular Tissue T3,,,Metagenome or environmental,,,2024-10-20T13:15:15Z,China,Asia,China:Linxia,,,,,,,,,,,,,,,,,,,,,,,,,,,,,,,,,,,,,,,,,,,,,Ovis aries,Testicular Tissue,37.22 N 103.04 E,,,,,,,,,,,,,,,,,
SRR35241949,RNA-Seq,151,2810943067,PRJNA1314618,SAMN50937022,796301847,GANSU AGRICULTURAL UNIVERSITY,public,"sra,fastq,run.zq","ncbi,s3,gs","s3.us-east-1,gs.us-east1,ncbi.public",SRX30345023,Illumina HiSeq 2500,PAIRED,RT-PCR,METATRANSCRIPTOMIC,sheep metagenome,ILLUMINA,2025-09-03T00:00:00Z,2025-09-03T12:29:00Z,1,Testicular Tissue T2,SRP616917,Testicular Tissue T2,,,Metagenome or environmental,,,2024-10-20T13:13:14Z,China,Asia,China:Linxia,,,,,,,,,,,,,,,,,,,,,,,,,,,,,,,,,,,,,,,,,,,,,Ovis aries,Testicular Tissue,37.22 N 103.04 E,,,,,,,,,,,,,,,,,
SRR35241950,RNA-Seq,151,3347324965,PRJNA1314618,SAMN50937021,945080790,GANSU AGRICULTURAL UNIVERSITY,public,"sra,fastq,run.zq","gs,ncbi,s3","ncbi.public,s3.us-east-1,gs.us-east1",SRX30345022,Illumina HiSeq 2500,PAIRED,RT-PCR,METATRANSCRIPTOMIC,sheep metagenome,ILLUMINA,2025-09-03T00:00:00Z,2025-09-03T12:29:00Z,1,Testicular Tissue T1,SRP616917,Testicular Tissue T1,,,Metagenome or environmental,,,2024-10-20T13:09:13Z,China,Asia,China:Linxia,,,,,,,,,,,,,,,,,,,,,,,,,,,,,,,,,,,,,,,,,,,,,Ovis aries,Testicular Tissue,37.22 N 103.04 E,,,,,,,,,,,,,,,,,
SRR35241951,RNA-Seq,151,3509641358,PRJNA1314618,SAMN50937020,992868432,GANSU AGRICULTURAL UNIVERSITY,public,"sra,run.zq,fastq","gs,ncbi,s3","s3.us-east-1,gs.us-east1,ncbi.public",SRX30345021,Illumina HiSeq 2500,PAIRED,RT-PCR,METATRANSCRIPTOMIC,sheep metagenome,ILLUMINA,2025-09-03T00:00:00Z,2025-09-03T12:29:00Z,1,Testicular Tissue CK5,SRP616917,Testicular Tissue CK5,,,Metagenome or environmental,,,2024-10-20T13:05:12Z,China,Asia,China:Linxia,,,,,,,,,,,,,,,,,,,,,,,,,,,,,,,,,,,,,,,,,,,,,Ovis aries,Testicular Tissue,37.22 N 103.04 E,,,,,,,,,,,,,,,,,
SRR35241952,RNA-Seq,151,3933242262,PRJNA1314618,SAMN50937019,1114978942,GANSU AGRICULTURAL UNIVERSITY,public,"fastq,run.zq,sra","gs,ncbi,s3","gs.us-east1,ncbi.public,s3.us-east-1",SRX30345020,Illumina HiSeq 2500,PAIRED,RT-PCR,METATRANSCRIPTOMIC,sheep metagenome,ILLUMINA,2025-09-03T00:00:00Z,2025-09-03T12:29:00Z,1,Testicular Tissue CK4,SRP616917,Testicular Tissue CK4,,,Metagenome or environmental,,,2024-10-20T13:03:11Z,China,Asia,China:Linxia,,,,,,,,,,,,,,,,,,,,,,,,,,,,,,,,,,,,,,,,,,,,,Ovis aries,Testicular Tissue,37.22 N 103.04 E,,,,,,,,,,,,,,,,,
SRR35241953,RNA-Seq,151,3372973221,PRJNA1314618,SAMN50937018,956422789,GANSU AGRICULTURAL UNIVERSITY,public,"sra,fastq,run.zq","s3,gs,ncbi","ncbi.public,s3.us-east-1,gs.us-east1",SRX30345019,Illumina HiSeq 2500,PAIRED,RT-PCR,METATRANSCRIPTOMIC,sheep metagenome,ILLUMINA,2025-09-03T00:00:00Z,2025-09-03T12:29:00Z,1,Testicular Tissue CK3,SRP616917,Testicular Tissue CK3,,,Metagenome or environmental,,,2024-10-20T12:57:11Z,China,Asia,China:Linxia,,,,,,,,,,,,,,,,,,,,,,,,,,,,,,,,,,,,,,,,,,,,,Ovis aries,Testicular Tissue,37.22 N 103.04 E,,,,,,,,,,,,,,,,,
SRR35241954,RNA-Seq,151,3893271958,PRJNA1314618,SAMN50937017,1115959724,GANSU AGRICULTURAL UNIVERSITY,public,"run.zq,fastq,sra","gs,s3,ncbi","gs.us-east1,ncbi.public,s3.us-east-1",SRX30345018,Illumina HiSeq 2500,PAIRED,RT-PCR,METATRANSCRIPTOMIC,sheep metagenome,ILLUMINA,2025-09-03T00:00:00Z,2025-09-03T12:30:00Z,1,Testicular Tissue CK2,SRP616917,Testicular Tissue CK2,,,Metagenome or environmental,,,2024-10-20T12:55:10Z,China,Asia,China:Linxia,,,,,,,,,,,,,,,,,,,,,,,,,,,,,,,,,,,,,,,,,,,,,Ovis aries,Testicular Tissue,37.22 N 103.04 E,,,,,,,,,,,,,,,,,
SRR35241955,RNA-Seq,151,3667950664,PRJNA1314618,SAMN50937016,1050825400,GANSU AGRICULTURAL UNIVERSITY,public,"run.zq,fastq,sra","ncbi,s3,gs","s3.us-east-1,gs.us-east1,ncbi.public",SRX30345017,Illumina HiSeq 2500,PAIRED,RT-PCR,METATRANSCRIPTOMIC,sheep metagenome,ILLUMINA,2025-09-03T00:00:00Z,2025-09-03T12:29:00Z,1,Testicular Tissue CK1,SRP616917,Testicular Tissue CK1,,,Metagenome or environmental,,,2024-10-20T12:53:10Z,China,Asia,China:Linxia,,,,,,,,,,,,,,,,,,,,,,,,,,,,,,,,,,,,,,,,,,,,,Ovis aries,Testicular Tissue,37.22 N 103.04 E,,,,,,,,,,,,,,,,,
SRR35241956,RNA-Seq,151,2772517946,PRJNA1314618,SAMN50936998,791305646,GANSU AGRICULTURAL UNIVERSITY,public,"fastq,sra,run.zq","ncbi,gs,s3","s3.us-east-1,ncbi.public,gs.us-east1",SRX30345016,Illumina HiSeq 2500,PAIRED,RT-PCR,METATRANSCRIPTOMIC,sheep metagenome,ILLUMINA,2025-09-03T00:00:00Z,2025-09-03T12:29:00Z,1,Hypothalamic Tissue CK3,SRP616917,Hypothalamic Tissue CK3,,,Metagenome or environmental,,,2024-10-20T12:05:01Z,China,Asia,China:Linxia,,,,,,,,,,,,,,,,,,,,,,,,,,,,,,,,,,,,,,,,,,,,,Ovis aries,Hypothalamic Tissue,37.22 N 103.04 E,,,,,,,,,,,,,,,,,
SRR35241957,RNA-Seq,151,3678291144,PRJNA1314618,SAMN50937015,1045695074,GANSU AGRICULTURAL UNIVERSITY,public,"fastq,run.zq,sra","s3,gs,ncbi","s3.us-east-1,ncbi.public,gs.us-east1",SRX30345015,Illumina HiSeq 2500,PAIRED,RT-PCR,METATRANSCRIPTOMIC,sheep metagenome,ILLUMINA,2025-09-03T00:00:00Z,2025-09-03T12:29:00Z,1,Pituitary Tissue T5,SRP616917,Pituitary Tissue T5,,,Metagenome or environmental,,,2024-10-20T12:51:09Z,China,Asia,China:Linxia,,,,,,,,,,,,,,,,,,,,,,,,,,,,,,,,,,,,,,,,,,,,,Ovis aries,Pituitary Tissue,37.22 N 103.04 E,,,,,,,,,,,,,,,,,
SRR35241958,RNA-Seq,151,3395023902,PRJNA1314618,SAMN50937014,969355615,GANSU AGRICULTURAL UNIVERSITY,public,"fastq,sra,run.zq","gs,s3,ncbi","ncbi.public,gs.us-east1,s3.us-east-1",SRX30345014,Illumina HiSeq 2500,PAIRED,RT-PCR,METATRANSCRIPTOMIC,sheep metagenome,ILLUMINA,2025-09-03T00:00:00Z,2025-09-03T12:29:00Z,1,Pituitary Tissue T4,SRP616917,Pituitary Tissue T4,,,Metagenome or environmental,,,2024-10-20T12:47:09Z,China,Asia,China:Linxia,,,,,,,,,,,,,,,,,,,,,,,,,,,,,,,,,,,,,,,,,,,,,Ovis aries,Pituitary Tissue,37.22 N 103.04 E,,,,,,,,,,,,,,,,,
SRR35241959,RNA-Seq,151,3193900660,PRJNA1314618,SAMN50937013,905972199,GANSU AGRICULTURAL UNIVERSITY,public,"fastq,sra,run.zq","s3,ncbi,gs","s3.us-east-1,ncbi.public,gs.us-east1",SRX30345013,Illumina HiSeq 2500,PAIRED,RT-PCR,METATRANSCRIPTOMIC,sheep metagenome,ILLUMINA,2025-09-03T00:00:00Z,2025-09-03T12:29:00Z,1,Pituitary Tissue T3,SRP616917,Pituitary Tissue T3,,,Metagenome or environmental,,,2024-10-20T12:43:08Z,China,Asia,China:Linxia,,,,,,,,,,,,,,,,,,,,,,,,,,,,,,,,,,,,,,,,,,,,,Ovis aries,Pituitary Tissue,37.22 N 103.04 E,,,,,,,,,,,,,,,,,
SRR35241960,RNA-Seq,151,3354165114,PRJNA1314618,SAMN50937012,954899639,GANSU AGRICULTURAL UNIVERSITY,public,"fastq,run.zq,sra","s3,gs,ncbi","s3.us-east-1,ncbi.public,gs.us-east1",SRX30345012,Illumina HiSeq 2500,PAIRED,RT-PCR,METATRANSCRIPTOMIC,sheep metagenome,ILLUMINA,2025-09-03T00:00:00Z,2025-09-03T12:29:00Z,1,Pituitary Tissue T2,SRP616917,Pituitary Tissue T2,,,Metagenome or environmental,,,2024-10-20T12:41:08Z,China,Asia,China:Linxia,,,,,,,,,,,,,,,,,,,,,,,,,,,,,,,,,,,,,,,,,,,,,Ovis aries,Pituitary Tissue,37.22 N 103.04 E,,,,,,,,,,,,,,,,,
SRR35241961,RNA-Seq,151,3710898839,PRJNA1314618,SAMN50937011,1050986167,GANSU AGRICULTURAL UNIVERSITY,public,"sra,fastq,run.zq","s3,ncbi,gs","s3.us-east-1,gs.us-east1,ncbi.public",SRX30345011,Illumina HiSeq 2500,PAIRED,RT-PCR,METATRANSCRIPTOMIC,sheep metagenome,ILLUMINA,2025-09-03T00:00:00Z,2025-09-03T12:29:00Z,1,Pituitary Tissue T1,SRP616917,Pituitary Tissue T1,,,Metagenome or environmental,,,2024-10-20T12:39:07Z,China,Asia,China:Linxia,,,,,,,,,,,,,,,,,,,,,,,,,,,,,,,,,,,,,,,,,,,,,Ovis aries,Pituitary Tissue,37.22 N 103.04 E,,,,,,,,,,,,,,,,,
SRR35241962,RNA-Seq,151,3544194386,PRJNA1314618,SAMN50937010,1012249777,GANSU AGRICULTURAL UNIVERSITY,public,"sra,fastq,run.zq","ncbi,gs,s3","s3.us-east-1,ncbi.public,gs.us-east1",SRX30345010,Illumina HiSeq 2500,PAIRED,RT-PCR,METATRANSCRIPTOMIC,sheep metagenome,ILLUMINA,2025-09-03T00:00:00Z,2025-09-03T12:29:00Z,1,Pituitary Tissue CK5,SRP616917,Pituitary Tissue CK5,,,Metagenome or environmental,,,2024-10-20T12:36:07Z,China,Asia,China:Linxia,,,,,,,,,,,,,,,,,,,,,,,,,,,,,,,,,,,,,,,,,,,,,Ovis aries,Pituitary Tissue,37.22 N 103.04 E,,,,,,,,,,,,,,,,,
SRR35241963,RNA-Seq,151,3412755228,PRJNA1314618,SAMN50937009,955110672,GANSU AGRICULTURAL UNIVERSITY,public,"fastq,sra","ncbi,gs,s3","gs.us-east1,ncbi.public,s3.us-east-1",SRX30345009,Illumina HiSeq 2500,PAIRED,RT-PCR,METATRANSCRIPTOMIC,sheep metagenome,ILLUMINA,2025-09-03T00:00:00Z,2025-09-03T12:29:00Z,1,Pituitary Tissue CK4,SRP616917,Pituitary Tissue CK4,,,Metagenome or environmental,,,2024-10-20T12:33:06Z,China,Asia,China:Linxia,,,,,,,,,,,,,,,,,,,,,,,,,,,,,,,,,,,,,,,,,,,,,Ovis aries,Pituitary Tissue,37.22 N 103.04 E,,,,,,,,,,,,,,,,,
SRR35241964,RNA-Seq,151,2816252378,PRJNA1314618,SAMN50937008,804138654,GANSU AGRICULTURAL UNIVERSITY,public,"run.zq,sra,fastq","gs,s3,ncbi","gs.us-east1,ncbi.public,s3.us-east-1",SRX30345008,Illumina HiSeq 2500,PAIRED,RT-PCR,METATRANSCRIPTOMIC,sheep metagenome,ILLUMINA,2025-09-03T00:00:00Z,2025-09-03T12:29:00Z,1,Pituitary Tissue CK3,SRP616917,Pituitary Tissue CK3,,,Metagenome or environmental,,,2024-10-20T12:31:06Z,China,Asia,China:Linxia,,,,,,,,,,,,,,,,,,,,,,,,,,,,,,,,,,,,,,,,,,,,,Ovis aries,Pituitary Tissue,37.22 N 103.04 E,,,,,,,,,,,,,,,,,
SRR35241965,RNA-Seq,151,3796379939,PRJNA1314618,SAMN50937007,1068382811,GANSU AGRICULTURAL UNIVERSITY,public,"sra,fastq,run.zq","ncbi,gs,s3","gs.us-east1,ncbi.public,s3.us-east-1",SRX30345007,Illumina HiSeq 2500,PAIRED,RT-PCR,METATRANSCRIPTOMIC,sheep metagenome,ILLUMINA,2025-09-03T00:00:00Z,2025-09-03T12:29:00Z,1,Pituitary Tissue CK2,SRP616917,Pituitary Tissue CK2,,,Metagenome or environmental,,,2024-10-20T12:29:05Z,China,Asia,China:Linxia,,,,,,,,,,,,,,,,,,,,,,,,,,,,,,,,,,,,,,,,,,,,,Ovis aries,Pituitary Tissue,37.22 N 103.04 E,,,,,,,,,,,,,,,,,
SRR35241966,RNA-Seq,151,3357369787,PRJNA1314618,SAMN50937006,953491880,GANSU AGRICULTURAL UNIVERSITY,public,"run.zq,sra,fastq","gs,s3,ncbi","gs.us-east1,ncbi.public,s3.us-east-1",SRX30345006,Illumina HiSeq 2500,PAIRED,RT-PCR,METATRANSCRIPTOMIC,sheep metagenome,ILLUMINA,2025-09-03T00:00:00Z,2025-09-03T12:30:00Z,1,Pituitary Tissue CK1,SRP616917,Pituitary Tissue CK1,,,Metagenome or environmental,,,2024-10-20T12:26:05Z,China,Asia,China:Linxia,,,,,,,,,,,,,,,,,,,,,,,,,,,,,,,,,,,,,,,,,,,,,Ovis aries,Pituitary Tissue,37.22 N 103.04 E,,,,,,,,,,,,,,,,,
SRR35241967,RNA-Seq,151,2849072077,PRJNA1314618,SAMN50936997,812943073,GANSU AGRICULTURAL UNIVERSITY,public,"fastq,sra,run.zq","gs,ncbi,s3","ncbi.public,s3.us-east-1,gs.us-east1",SRX30345005,Illumina HiSeq 2500,PAIRED,RT-PCR,METATRANSCRIPTOMIC,sheep metagenome,ILLUMINA,2025-09-03T00:00:00Z,2025-09-03T12:29:00Z,1,Hypothalamic Tissue CK2,SRP616917,Hypothalamic Tissue CK2,,,Metagenome or environmental,,,2024-10-20T12:03:00Z,China,Asia,China:Linxia,,,,,,,,,,,,,,,,,,,,,,,,,,,,,,,,,,,,,,,,,,,,,Ovis aries,Hypothalamic Tissue,37.22 N 103.04 E,,,,,,,,,,,,,,,,,
SRR35241968,RNA-Seq,151,3414300109,PRJNA1314618,SAMN50936996,969151984,GANSU AGRICULTURAL UNIVERSITY,public,"run.zq,sra,fastq","s3,ncbi,gs","s3.us-east-1,ncbi.public,gs.us-east1",SRX30345004,Illumina HiSeq 2500,PAIRED,RT-PCR,METATRANSCRIPTOMIC,sheep metagenome,ILLUMINA,2025-09-03T00:00:00Z,2025-09-03T12:29:00Z,1,Hypothalamic Tissue CK1,SRP616917,Hypothalamic Tissue CK1,,,Metagenome or environmental,,,2024-10-20T12:01:00Z,China,Asia,China:Linxia,,,,,,,,,,,,,,,,,,,,,,,,,,,,,,,,,,,,,,,,,,,,,Ovis aries,Hypothalamic Tissue,37.22 N 103.04 E,,,,,,,,,,,,,,,,,
SRR6167198,RNA-Seq,250,6550495750,PRJNA414012,SAMN07780906,2982039964,CHINA AGRICULTURAL UNIVERSITY,public,"sra,fastq,run.zq","gs,ncbi,s3","gs.us-east1,ncbi.public,s3.us-east-1",SRX3274362,Illumina HiSeq 2500,PAIRED,PCR,TRANSCRIPTOMIC,Ovis aries,ILLUMINA,2018-10-13T00:00:00Z,2017-10-13T14:03:00Z,1,CK-1,SRP119816,,testis,,Model organism or animal,male,Hu sheep,,,,,puberty,,,,,,,,Control,,,,,,,,,,,,,,,,,,,,,,,,,,,,,,,,,,biological replicate 1,,,,,,,,,,,,,,,,,,,,,
SRR6168917,RNA-Seq,250,5383973000,PRJNA414012,SAMN07780907,2165985544,CHINA AGRICULTURAL UNIVERSITY,public,"run.zq,fastq,sra","ncbi,s3,gs","ncbi.public,gs.us-east1,s3.us-east-1",SRX3279754,Illumina HiSeq 2500,PAIRED,PCR,TRANSCRIPTOMIC,Ovis aries,ILLUMINA,2017-10-23T00:00:00Z,2017-10-13T11:00:00Z,1,CK-2,SRP119816,,testis,,Model organism or animal,male,Hu sheep,,,,,puberty,,,,,,,,Control,,,,,,,,,,,,,,,,,,,,,,,,,,,,,,,,,,biological replicate 2,,,,,,,,,,,,,,,,,,,,,
SRR6168944,RNA-Seq,250,4621903750,PRJNA414012,SAMN07780908,1881034062,CHINA AGRICULTURAL UNIVERSITY,public,"fastq,run.zq,sra","ncbi,s3,gs","ncbi.public,gs.us-east1,s3.us-east-1",SRX3279767,Illumina HiSeq 2500,PAIRED,PCR,TRANSCRIPTOMIC,Ovis aries,ILLUMINA,2017-10-23T00:00:00Z,2017-10-13T12:01:00Z,1,CK-3,SRP119816,,testis,,Model organism or animal,male,Hu sheep,,,,,puberty,,,,,,,,Control,,,,,,,,,,,,,,,,,,,,,,,,,,,,,,,,,,biological replicate 3,,,,,,,,,,,,,,,,,,,,,
SRR6168945,RNA-Seq,250,6550495750,PRJNA414012,SAMN07780906,2982039963,CHINA AGRICULTURAL UNIVERSITY,public,"run.zq,sra","gs,s3,ncbi","gs.us-east1,s3.us-east-1,ncbi.public",SRX3279753,Illumina HiSeq 2500,PAIRED,PCR,TRANSCRIPTOMIC,Ovis aries,ILLUMINA,2017-10-23T00:00:00Z,2017-10-13T14:04:00Z,1,CK-1,SRP119816,,testis,,Model organism or animal,male,Hu sheep,,,,,puberty,,,,,,,,Control,,,,,,,,,,,,,,,,,,,,,,,,,,,,,,,,,,biological replicate 1,,,,,,,,,,,,,,,,,,,,,
SRR6168948,RNA-Seq,250,4331764500,PRJNA414012,SAMN07780909,1894351259,CHINA AGRICULTURAL UNIVERSITY,public,"run.zq,fastq,sra","s3,ncbi,gs","s3.us-east-1,ncbi.public,gs.us-east1",SRX3279796,Illumina HiSeq 2500,PAIRED,PCR,TRANSCRIPTOMIC,Ovis aries,ILLUMINA,2017-10-23T00:00:00Z,2017-10-13T16:20:00Z,1,VE200-1,SRP119816,,testis,,Model organism or animal,male,Hu sheep,,,,,puberty,,,,,,,,VE200,,,,,,,,,,,,,,,,,,,,,,,,,,,,,,,,,,biological replicate 1,,,,,,,,,,,,,,,,,,,,,
SRR6168949,RNA-Seq,250,5201405500,PRJNA414012,SAMN07780910,2098059073,CHINA AGRICULTURAL UNIVERSITY,public,"sra,fastq,run.zq","s3,ncbi,gs","ncbi.public,s3.us-east-1,gs.us-east1",SRX3279797,Illumina HiSeq 2500,PAIRED,PCR,TRANSCRIPTOMIC,Ovis aries,ILLUMINA,2017-10-23T00:00:00Z,2017-10-13T17:03:00Z,1,VE200-2,SRP119816,,testis,,Model organism or animal,male,Hu sheep,,,,,puberty,,,,,,,,VE200,,,,,,,,,,,,,,,,,,,,,,,,,,,,,,,,,,biological replicate 2,,,,,,,,,,,,,,,,,,,,,
SRR6168950,RNA-Seq,250,3918296250,PRJNA414012,SAMN07780911,1607965376,CHINA AGRICULTURAL UNIVERSITY,public,"run.zq,fastq,sra","s3,ncbi,gs","gs.us-east1,s3.us-east-1,ncbi.public",SRX3279798,Illumina HiSeq 2500,PAIRED,PCR,TRANSCRIPTOMIC,Ovis aries,ILLUMINA,2017-10-23T00:00:00Z,2017-10-13T17:00:00Z,1,VE200-3,SRP119816,,testis,,Model organism or animal,male,Hu sheep,,,,,puberty,,,,,,,,VE200,,,,,,,,,,,,,,,,,,,,,,,,,,,,,,,,,,biological replicate 3,,,,,,,,,,,,,,,,,,,,,
SRR6168951,RNA-Seq,250,4363876750,PRJNA414012,SAMN07780912,1776169539,CHINA AGRICULTURAL UNIVERSITY,public,"sra,fastq,run.zq","s3,gs,ncbi","s3.us-east-1,gs.us-east1,ncbi.public",SRX3279799,Illumina HiSeq 2500,PAIRED,PCR,TRANSCRIPTOMIC,Ovis aries,ILLUMINA,2017-10-23T00:00:00Z,2017-10-13T16:08:00Z,1,VE2000-1,SRP119816,,testis,,Model organism or animal,male,Hu sheep,,,,,puberty,,,,,,,,VE2000,,,,,,,,,,,,,,,,,,,,,,,,,,,,,,,,,,biological replicate 1,,,,,,,,,,,,,,,,,,,,,
SRR6168952,RNA-Seq,250,3946404500,PRJNA414012,SAMN07780913,1606968103,CHINA AGRICULTURAL UNIVERSITY,public,"sra,run.zq,fastq","gs,s3,ncbi","ncbi.public,s3.us-east-1,gs.us-east1",SRX3279800,Illumina HiSeq 2500,PAIRED,PCR,TRANSCRIPTOMIC,Ovis aries,ILLUMINA,2017-10-23T00:00:00Z,2017-10-13T16:18:00Z,1,VE2000-2,SRP119816,,testis,,Model organism or animal,male,Hu sheep,,,,,puberty,,,,,,,,VE2000,,,,,,,,,,,,,,,,,,,,,,,,,,,,,,,,,,biological replicate 2,,,,,,,,,,,,,,,,,,,,,
SRR6168953,RNA-Seq,250,4296375750,PRJNA414012,SAMN07780914,1733747794,CHINA AGRICULTURAL UNIVERSITY,public,"sra,fastq,run.zq","s3,gs,ncbi","gs.us-east1,s3.us-east-1,ncbi.public",SRX3279801,Illumina HiSeq 2500,PAIRED,PCR,TRANSCRIPTOMIC,Ovis aries,ILLUMINA,2017-10-23T00:00:00Z,2017-10-13T16:19:00Z,1,VE2000-3,SRP119816,,testis,,Model organism or animal,male,Hu sheep,,,,,puberty,,,,,,,,VE2000,,,,,,,,,,,,,,,,,,,,,,,,,,,,,,,,,,biological replicate 3,,,,,,,,,,,,,,,,,,,,,
SRR19369643,RNA-Seq,299,6601817458,PRJNA841692,SAMN28599918,2110785457,GANSU AGRICULTURAL UNIVERSITY,public,"run.zq,fastq,sra","ncbi,s3,gs","s3.us-east-1,ncbi.public,gs.us-east1",SRX15428118,Illumina NovaSeq 6000,PAIRED,PCR,TRANSCRIPTOMIC,Ovis aries,ILLUMINA,2026-05-06T00:00:00Z,2022-05-23T23:26:00Z,1,HY-GW-3,SRP376740,HY-GW-3,testis,6,Model organism or animal,male,Hu sheep,,,,,,,,,,,,,,,,,,,,,,,,,,,,,,,,,,,,,,,,,,,,,,,,,,,,,,,,,,,,,,,,,6,6,,
SRR19369644,RNA-Seq,299,6626596628,PRJNA841692,SAMN28599917,2010815766,GANSU AGRICULTURAL UNIVERSITY,public,"sra,fastq,run.zq","s3,ncbi,gs","gs.us-east1,s3.us-east-1,ncbi.public",SRX15428117,Illumina NovaSeq 6000,PAIRED,PCR,TRANSCRIPTOMIC,Ovis aries,ILLUMINA,2026-05-06T00:00:00Z,2022-05-23T23:26:00Z,1,HY-GW-2,SRP376740,HY-GW-2,testis,6,Model organism or animal,male,Hu sheep,,,,,,,,,,,,,,,,,,,,,,,,,,,,,,,,,,,,,,,,,,,,,,,,,,,,,,,,,,,,,,,,,5,5,,
SRR19369645,RNA-Seq,299,6545343426,PRJNA841692,SAMN28599916,1963204357,GANSU AGRICULTURAL UNIVERSITY,public,"sra,fastq,run.zq","gs,ncbi,s3","s3.us-east-1,ncbi.public,gs.us-east1",SRX15428116,Illumina NovaSeq 6000,PAIRED,PCR,TRANSCRIPTOMIC,Ovis aries,ILLUMINA,2026-05-06T00:00:00Z,2022-05-23T23:27:00Z,1,HY-GW-1,SRP376740,HY-GW-1,testis,6,Model organism or animal,male,Hu sheep,,,,,,,,,,,,,,,,,,,,,,,,,,,,,,,,,,,,,,,,,,,,,,,,,,,,,,,,,,,,,,,,,4,4,,
SRR19369646,RNA-Seq,299,6924677432,PRJNA841692,SAMN28599915,2228130790,GANSU AGRICULTURAL UNIVERSITY,public,"sra,fastq,run.zq","ncbi,gs,s3","ncbi.public,s3.us-east-1,gs.us-east1",SRX15428115,Illumina NovaSeq 6000,PAIRED,PCR,TRANSCRIPTOMIC,Ovis aries,ILLUMINA,2026-05-06T00:00:00Z,2022-05-23T23:28:00Z,1,ZY-GW-4,SRP376740,ZY-GW-4,testis,6,Model organism or animal,male,Tibetan sheep,,,,,,,,,,,,,,,,,,,,,,,,,,,,,,,,,,,,,,,,,,,,,,,,,,,,,,,,,,,,,,,,,3,3,,
SRR19369647,RNA-Seq,299,6774075146,PRJNA841692,SAMN28599914,2172290539,GANSU AGRICULTURAL UNIVERSITY,public,"sra,run.zq,fastq","ncbi,s3,gs","gs.us-east1,ncbi.public,s3.us-east-1",SRX15428114,Illumina NovaSeq 6000,PAIRED,PCR,TRANSCRIPTOMIC,Ovis aries,ILLUMINA,2026-05-06T00:00:00Z,2022-05-23T23:26:00Z,1,ZY-GW-2,SRP376740,ZY-GW-2,testis,6,Model organism or animal,male,Tibetan sheep,,,,,,,,,,,,,,,,,,,,,,,,,,,,,,,,,,,,,,,,,,,,,,,,,,,,,,,,,,,,,,,,,2,2,,
SRR19369648,RNA-Seq,299,6328982274,PRJNA841692,SAMN28599913,1898527993,GANSU AGRICULTURAL UNIVERSITY,public,"sra,fastq,run.zq","s3,gs,ncbi","s3.us-east-1,gs.us-east1,ncbi.public",SRX15428113,Illumina NovaSeq 6000,PAIRED,PCR,TRANSCRIPTOMIC,Ovis aries,ILLUMINA,2026-05-06T00:00:00Z,2022-05-23T23:23:00Z,1,ZY-GW-1,SRP376740,ZY-GW-1,testis,6,Model organism or animal,male,Tibetan sheep,,,,,,,,,,,,,,,,,,,,,,,,,,,,,,,,,,,,,,,,,,,,,,,,,,,,,,,,,,,,,,,,,1,1,,
SRR1997836,RNA-Seq,200,3789387400,PRJNA282344,SAMN03568763,1835340079,GEO,public,"fastq,run.zq,sra","gs,s3,ncbi","ncbi.public,gs.us-east1,s3.us-east-1",SRX1009868,Illumina HiSeq 2000,PAIRED,cDNA,TRANSCRIPTOMIC,Ovis aries,ILLUMINA,2017-03-09T00:00:00Z,2015-04-26T20:13:00Z,1,GSM1666936,SRP057670,,testes,,,,,,,,,,,,10% increase in body mass_Testes,,,,GSM1666936,,,,,,,,,,,,,,,,,,,,,,,,,,,,,,,,,,,,,,,,,,,,,,,,,10% increase in body mass over 65 days,male,,,,,,
SRR1997837,RNA-Seq,200,3772947800,PRJNA282344,SAMN03568764,1830096846,GEO,public,"sra,run.zq,fastq","ncbi,s3,gs","ncbi.public,s3.us-east-1,gs.us-east1",SRX1009869,Illumina HiSeq 2000,PAIRED,cDNA,TRANSCRIPTOMIC,Ovis aries,ILLUMINA,2017-03-09T00:00:00Z,2015-04-26T20:18:00Z,1,GSM1666937,SRP057670,,testes,,,,,,,,,,,,10% increase in body mass_Testes,,,,GSM1666937,,,,,,,,,,,,,,,,,,,,,,,,,,,,,,,,,,,,,,,,,,,,,,,,,10% increase in body mass over 65 days,male,,,,,,
SRR1997838,RNA-Seq,200,3484410400,PRJNA282344,SAMN03568765,1685022568,GEO,public,"run.zq,fastq,sra","gs,s3,ncbi","gs.us-east1,ncbi.public,s3.us-east-1",SRX1009870,Illumina HiSeq 2000,PAIRED,cDNA,TRANSCRIPTOMIC,Ovis aries,ILLUMINA,2017-03-09T00:00:00Z,2015-04-26T20:18:00Z,1,GSM1666938,SRP057670,,testes,,,,,,,,,,,,10% increase in body mass_Testes,,,,GSM1666938,,,,,,,,,,,,,,,,,,,,,,,,,,,,,,,,,,,,,,,,,,,,,,,,,10% increase in body mass over 65 days,male,,,,,,
SRR1997839,RNA-Seq,200,4876288400,PRJNA282344,SAMN03568766,2347469063,GEO,public,"run.zq,sra,fastq","gs,s3,ncbi","ncbi.public,gs.us-east1,s3.us-east-1",SRX1009871,Illumina HiSeq 2000,PAIRED,cDNA,TRANSCRIPTOMIC,Ovis aries,ILLUMINA,2017-03-09T00:00:00Z,2015-04-26T20:18:00Z,1,GSM1666939,SRP057670,,testes,,,,,,,,,,,,10% increase in body mass_Testes,,,,GSM1666939,,,,,,,,,,,,,,,,,,,,,,,,,,,,,,,,,,,,,,,,,,,,,,,,,10% increase in body mass over 65 days,male,,,,,,
SRR1997840,RNA-Seq,200,5430850800,PRJNA282344,SAMN03568767,2618853804,GEO,public,"fastq,sra,run.zq","gs,s3,ncbi","gs.us-east1,ncbi.public,s3.us-east-1",SRX1009872,Illumina HiSeq 2000,PAIRED,cDNA,TRANSCRIPTOMIC,Ovis aries,ILLUMINA,2017-03-09T00:00:00Z,2015-04-26T20:21:00Z,1,GSM1666940,SRP057670,,testes,,,,,,,,,,,,10% increase in body mass_Testes,,,,GSM1666940,,,,,,,,,,,,,,,,,,,,,,,,,,,,,,,,,,,,,,,,,,,,,,,,,10% increase in body mass over 65 days,male,,,,,,
SRR1997841,RNA-Seq,200,4568509800,PRJNA282344,SAMN03568768,2209670591,GEO,public,"fastq,run.zq,sra","ncbi,s3,gs","gs.us-east1,ncbi.public,s3.us-east-1",SRX1009873,Illumina HiSeq 2000,PAIRED,cDNA,TRANSCRIPTOMIC,Ovis aries,ILLUMINA,2017-03-09T00:00:00Z,2015-04-26T20:19:00Z,1,GSM1666941,SRP057670,,testes,,,,,,,,,,,,10% increase in body mass_Testes,,,,GSM1666941,,,,,,,,,,,,,,,,,,,,,,,,,,,,,,,,,,,,,,,,,,,,,,,,,10% increase in body mass over 65 days,male,,,,,,
SRR1997842,RNA-Seq,200,6422015800,PRJNA282344,SAMN03568769,3077792171,GEO,public,"run.zq,sra,fastq","gs,ncbi,s3","s3.us-east-1,ncbi.public,gs.us-east1",SRX1009874,Illumina HiSeq 2000,PAIRED,cDNA,TRANSCRIPTOMIC,Ovis aries,ILLUMINA,2017-03-09T00:00:00Z,2015-04-26T20:23:00Z,1,GSM1666942,SRP057670,,testes,,,,,,,,,,,,10% increase in body mass_Testes,,,,GSM1666942,,,,,,,,,,,,,,,,,,,,,,,,,,,,,,,,,,,,,,,,,,,,,,,,,10% increase in body mass over 65 days,male,,,,,,
SRR1997843,RNA-Seq,200,4901989800,PRJNA282344,SAMN03568770,2325461195,GEO,public,"sra,run.zq,fastq","s3,ncbi,gs","ncbi.public,s3.us-east-1,gs.us-east1",SRX1009875,Illumina HiSeq 2000,PAIRED,cDNA,TRANSCRIPTOMIC,Ovis aries,ILLUMINA,2017-03-09T00:00:00Z,2015-04-26T20:20:00Z,1,GSM1666943,SRP057670,,testes,,,,,,,,,,,,10% increase in body mass_Testes,,,,GSM1666943,,,,,,,,,,,,,,,,,,,,,,,,,,,,,,,,,,,,,,,,,,,,,,,,,10% increase in body mass over 65 days,male,,,,,,
SRR1997844,RNA-Seq,200,3961149000,PRJNA282344,SAMN03568771,1912095766,GEO,public,"fastq,sra,run.zq","ncbi,gs,s3","s3.us-east-1,gs.us-east1,ncbi.public",SRX1009876,Illumina HiSeq 2000,PAIRED,cDNA,TRANSCRIPTOMIC,Ovis aries,ILLUMINA,2017-03-09T00:00:00Z,2015-04-26T20:19:00Z,1,GSM1666944,SRP057670,,testes,,,,,,,,,,,,10% decrease in body mass_Testes,,,,GSM1666944,,,,,,,,,,,,,,,,,,,,,,,,,,,,,,,,,,,,,,,,,,,,,,,,,10% decrease in body mass over 65 days,male,,,,,,
SRR1997845,RNA-Seq,200,3705567000,PRJNA282344,SAMN03568772,1799276054,GEO,public,"sra,fastq,run.zq","s3,ncbi,gs","ncbi.public,gs.us-east1,s3.us-east-1",SRX1009877,Illumina HiSeq 2000,PAIRED,cDNA,TRANSCRIPTOMIC,Ovis aries,ILLUMINA,2017-03-09T00:00:00Z,2015-04-26T20:24:00Z,1,GSM1666945,SRP057670,,testes,,,,,,,,,,,,10% decrease in body mass_Testes,,,,GSM1666945,,,,,,,,,,,,,,,,,,,,,,,,,,,,,,,,,,,,,,,,,,,,,,,,,10% decrease in body mass over 65 days,male,,,,,,
SRR1997846,RNA-Seq,200,3768901600,PRJNA282344,SAMN03568773,1833128483,GEO,public,"sra,run.zq,fastq","s3,gs,ncbi","gs.us-east1,s3.us-east-1,ncbi.public",SRX1009878,Illumina HiSeq 2000,PAIRED,cDNA,TRANSCRIPTOMIC,Ovis aries,ILLUMINA,2017-03-09T00:00:00Z,2015-04-26T20:20:00Z,1,GSM1666946,SRP057670,,testes,,,,,,,,,,,,10% decrease in body mass_Testes,,,,GSM1666946,,,,,,,,,,,,,,,,,,,,,,,,,,,,,,,,,,,,,,,,,,,,,,,,,10% decrease in body mass over 65 days,male,,,,,,
SRR1997847,RNA-Seq,200,4225810200,PRJNA282344,SAMN03568774,2036022272,GEO,public,"fastq,sra,run.zq","s3,ncbi,gs","ncbi.public,gs.us-east1,s3.us-east-1",SRX1009879,Illumina HiSeq 2000,PAIRED,cDNA,TRANSCRIPTOMIC,Ovis aries,ILLUMINA,2017-03-09T00:00:00Z,2015-04-26T20:19:00Z,1,GSM1666947,SRP057670,,testes,,,,,,,,,,,,10% decrease in body mass_Testes,,,,GSM1666947,,,,,,,,,,,,,,,,,,,,,,,,,,,,,,,,,,,,,,,,,,,,,,,,,10% decrease in body mass over 65 days,male,,,,,,
SRR1997848,RNA-Seq,200,4503841400,PRJNA282344,SAMN03568775,2164300217,GEO,public,"sra,run.zq,fastq","ncbi,s3,gs","s3.us-east-1,ncbi.public,gs.us-east1",SRX1009880,Illumina HiSeq 2000,PAIRED,cDNA,TRANSCRIPTOMIC,Ovis aries,ILLUMINA,2017-03-09T00:00:00Z,2015-04-26T20:27:00Z,1,GSM1666948,SRP057670,,testes,,,,,,,,,,,,10% decrease in body mass_Testes,,,,GSM1666948,,,,,,,,,,,,,,,,,,,,,,,,,,,,,,,,,,,,,,,,,,,,,,,,,10% decrease in body mass over 65 days,male,,,,,,
SRR1997849,RNA-Seq,200,4907293000,PRJNA282344,SAMN03568776,2372118672,GEO,public,"fastq,sra,run.zq","gs,ncbi,s3","gs.us-east1,ncbi.public,s3.us-east-1",SRX1009881,Illumina HiSeq 2000,PAIRED,cDNA,TRANSCRIPTOMIC,Ovis aries,ILLUMINA,2017-03-09T00:00:00Z,2015-04-26T20:22:00Z,1,GSM1666949,SRP057670,,testes,,,,,,,,,,,,10% decrease in body mass_Testes,,,,GSM1666949,,,,,,,,,,,,,,,,,,,,,,,,,,,,,,,,,,,,,,,,,,,,,,,,,10% decrease in body mass over 65 days,male,,,,,,
SRR1997850,RNA-Seq,200,3184914400,PRJNA282344,SAMN03568777,1538311855,GEO,public,"run.zq,fastq,sra","ncbi,s3,gs","s3.us-east-1,gs.us-east1,ncbi.public",SRX1009882,Illumina HiSeq 2000,PAIRED,cDNA,TRANSCRIPTOMIC,Ovis aries,ILLUMINA,2017-03-09T00:00:00Z,2015-04-26T20:20:00Z,1,GSM1666950,SRP057670,,testes,,,,,,,,,,,,10% decrease in body mass_Testes,,,,GSM1666950,,,,,,,,,,,,,,,,,,,,,,,,,,,,,,,,,,,,,,,,,,,,,,,,,10% decrease in body mass over 65 days,male,,,,,,
SRR1997851,RNA-Seq,200,4723675800,PRJNA282344,SAMN03568778,2268747666,GEO,public,"fastq,run.zq,sra","s3,ncbi,gs","ncbi.public,s3.us-east-1,gs.us-east1",SRX1009883,Illumina HiSeq 2000,PAIRED,cDNA,TRANSCRIPTOMIC,Ovis aries,ILLUMINA,2017-03-09T00:00:00Z,2015-04-26T20:25:00Z,1,GSM1666951,SRP057670,,testes,,,,,,,,,,,,10% decrease in body mass_Testes,,,,GSM1666951,,,,,,,,,,,,,,,,,,,,,,,,,,,,,,,,,,,,,,,,,,,,,,,,,10% decrease in body mass over 65 days,male,,,,,,
SRR9641578,RNA-Seq,150,4000373400,PRJNA552574,SAMN12212064,1653120376,GEO,public,"sra,fastq,run.zq","gs,s3,ncbi","s3.us-east-1,gs.us-east1,ncbi.public",SRX6403422,Illumina HiSeq 3000,SINGLE,cDNA,TRANSCRIPTOMIC,Ovis aries,ILLUMINA,2019-07-08T00:00:00Z,2019-07-03T14:23:00Z,1,GSM3927612,SRP212933,,Testicle,60 days,,,Santa Ines,,,,,,,,Testicle,,,,GSM3927612,Maternal Gossypol-rich (Cottonseed) Diet,,,,,,,,,,,,,,,,,,,,,,,,,,,,,,,,,,,,,,,,,,,,,,,,,,,,,,,
SRR9641579,RNA-Seq,150,3807703500,PRJNA552574,SAMN12212062,1583998040,GEO,public,"run.zq,sra,fastq","s3,gs,ncbi","ncbi.public,gs.us-east1,s3.us-east-1",SRX6403423,Illumina HiSeq 3000,SINGLE,cDNA,TRANSCRIPTOMIC,Ovis aries,ILLUMINA,2019-07-08T00:00:00Z,2019-07-03T14:21:00Z,1,GSM3927613,SRP212933,,Testicle,60 days,,,Santa Ines,,,,,,,,Testicle,,,,GSM3927613,Maternal Control Diet,,,,,,,,,,,,,,,,,,,,,,,,,,,,,,,,,,,,,,,,,,,,,,,,,,,,,,,
SRR9641580,RNA-Seq,150,3455805900,PRJNA552574,SAMN12212061,1463152388,GEO,public,"sra,run.zq,fastq","gs,ncbi,s3","s3.us-east-1,gs.us-east1,ncbi.public",SRX6403424,Illumina HiSeq 3000,SINGLE,cDNA,TRANSCRIPTOMIC,Ovis aries,ILLUMINA,2019-07-08T00:00:00Z,2019-07-03T14:22:00Z,1,GSM3927614,SRP212933,,Testicle,60 days,,,Santa Ines,,,,,,,,Testicle,,,,GSM3927614,Maternal Gossypol-rich (Cottonseed) Diet,,,,,,,,,,,,,,,,,,,,,,,,,,,,,,,,,,,,,,,,,,,,,,,,,,,,,,,
SRR9641581,RNA-Seq,150,3638085300,PRJNA552574,SAMN12212060,1500702523,GEO,public,"sra,fastq,run.zq","ncbi,gs,s3","ncbi.public,s3.us-east-1,gs.us-east1",SRX6403425,Illumina HiSeq 3000,SINGLE,cDNA,TRANSCRIPTOMIC,Ovis aries,ILLUMINA,2019-07-08T00:00:00Z,2019-07-03T14:22:00Z,1,GSM3927615,SRP212933,,Testicle,60 days,,,Santa Ines,,,,,,,,Testicle,,,,GSM3927615,Maternal Gossypol-rich (Cottonseed) Diet,,,,,,,,,,,,,,,,,,,,,,,,,,,,,,,,,,,,,,,,,,,,,,,,,,,,,,,
SRR9641582,RNA-Seq,150,3779229750,PRJNA552574,SAMN12212059,1576772578,GEO,public,"sra,fastq,run.zq","s3,gs,ncbi","s3.us-east-1,gs.us-east1,ncbi.public",SRX6403426,Illumina HiSeq 3000,SINGLE,cDNA,TRANSCRIPTOMIC,Ovis aries,ILLUMINA,2019-07-08T00:00:00Z,2019-07-03T14:20:00Z,1,GSM3927616,SRP212933,,Testicle,60 days,,,Santa Ines,,,,,,,,Testicle,,,,GSM3927616,Maternal Gossypol-rich (Cottonseed) Diet,,,,,,,,,,,,,,,,,,,,,,,,,,,,,,,,,,,,,,,,,,,,,,,,,,,,,,,
SRR9641583,RNA-Seq,150,2983145100,PRJNA552574,SAMN12212054,1264660888,GEO,public,"sra,fastq,run.zq","s3,gs,ncbi","gs.us-east1,s3.us-east-1,ncbi.public",SRX6403427,Illumina HiSeq 3000,SINGLE,cDNA,TRANSCRIPTOMIC,Ovis aries,ILLUMINA,2019-07-08T00:00:00Z,2019-07-03T14:22:00Z,1,GSM3927617,SRP212933,,Testicle,60 days,,,Santa Ines,,,,,,,,Testicle,,,,GSM3927617,Maternal Control Diet,,,,,,,,,,,,,,,,,,,,,,,,,,,,,,,,,,,,,,,,,,,,,,,,,,,,,,,
SRR9641584,RNA-Seq,150,4341816900,PRJNA552574,SAMN12212053,1809730656,GEO,public,"run.zq,fastq,sra","ncbi,s3,gs","ncbi.public,gs.us-east1,s3.us-east-1",SRX6403428,Illumina HiSeq 3000,SINGLE,cDNA,TRANSCRIPTOMIC,Ovis aries,ILLUMINA,2019-07-08T00:00:00Z,2019-07-03T14:28:00Z,1,GSM3927618,SRP212933,,Testicle,60 days,,,Santa Ines,,,,,,,,Testicle,,,,GSM3927618,Maternal Control Diet,,,,,,,,,,,,,,,,,,,,,,,,,,,,,,,,,,,,,,,,,,,,,,,,,,,,,,,
SRR9641585,RNA-Seq,150,3754355400,PRJNA552574,SAMN12212052,1555504150,GEO,public,"run.zq,fastq,sra","s3,gs,ncbi","ncbi.public,s3.us-east-1,gs.us-east1",SRX6403429,Illumina HiSeq 3000,SINGLE,cDNA,TRANSCRIPTOMIC,Ovis aries,ILLUMINA,2019-07-08T00:00:00Z,2019-07-03T14:22:00Z,1,GSM3927619,SRP212933,,Testicle,60 days,,,Santa Ines,,,,,,,,Testicle,,,,GSM3927619,Maternal Gossypol-rich (Cottonseed) Diet,,,,,,,,,,,,,,,,,,,,,,,,,,,,,,,,,,,,,,,,,,,,,,,,,,,,,,,
SRR9641586,RNA-Seq,150,3727738500,PRJNA552574,SAMN12212051,1581914468,GEO,public,"run.zq,fastq,sra","ncbi,s3,gs","gs.us-east1,ncbi.public,s3.us-east-1",SRX6403430,Illumina HiSeq 3000,SINGLE,cDNA,TRANSCRIPTOMIC,Ovis aries,ILLUMINA,2019-07-08T00:00:00Z,2019-07-03T14:26:00Z,1,GSM3927620,SRP212933,,Testicle,60 days,,,Santa Ines,,,,,,,,Testicle,,,,GSM3927620,Maternal Control Diet,,,,,,,,,,,,,,,,,,,,,,,,,,,,,,,,,,,,,,,,,,,,,,,,,,,,,,,
SRR9641587,RNA-Seq,150,3576345000,PRJNA552574,SAMN12212050,1524254310,GEO,public,"run.zq,fastq,sra","ncbi,s3,gs","gs.us-east1,s3.us-east-1,ncbi.public",SRX6403431,Illumina HiSeq 3000,SINGLE,cDNA,TRANSCRIPTOMIC,Ovis aries,ILLUMINA,2019-07-08T00:00:00Z,2019-07-03T14:22:00Z,1,GSM3927621,SRP212933,,Testicle,60 days,,,Santa Ines,,,,,,,,Testicle,,,,GSM3927621,Maternal Control Diet,,,,,,,,,,,,,,,,,,,,,,,,,,,,,,,,,,,,,,,,,,,,,,,,,,,,,,,
SRR9641588,RNA-Seq,150,3146597100,PRJNA552574,SAMN12212049,1346639943,GEO,public,"sra,fastq,run.zq","s3,ncbi,gs","s3.us-east-1,ncbi.public,gs.us-east1",SRX6403432,Illumina HiSeq 3000,SINGLE,cDNA,TRANSCRIPTOMIC,Ovis aries,ILLUMINA,2019-07-08T00:00:00Z,2019-07-03T14:18:00Z,1,GSM3927622,SRP212933,,Testicle,60 days,,,Santa Ines,,,,,,,,Testicle,,,,GSM3927622,Maternal Control Diet,,,,,,,,,,,,,,,,,,,,,,,,,,,,,,,,,,,,,,,,,,,,,,,,,,,,,,,
SRR9641589,RNA-Seq,150,3154626450,PRJNA552574,SAMN12212048,1335092012,GEO,public,"fastq,run.zq,sra","gs,ncbi,s3","s3.us-east-1,ncbi.public,gs.us-east1",SRX6403433,Illumina HiSeq 3000,SINGLE,cDNA,TRANSCRIPTOMIC,Ovis aries,ILLUMINA,2019-07-08T00:00:00Z,2019-07-03T14:22:00Z,1,GSM3927623,SRP212933,,Testicle,60 days,,,Santa Ines,,,,,,,,Testicle,,,,GSM3927623,Maternal Gossypol-rich (Cottonseed) Diet,,,,,,,,,,,,,,,,,,,,,,,,,,,,,,,,,,,,,,,,,,,,,,,,,,,,,,,
SRR9641590,RNA-Seq,150,3704052300,PRJNA552574,SAMN12212047,1547821938,GEO,public,"sra,fastq,run.zq","ncbi,gs,s3","gs.us-east1,s3.us-east-1,ncbi.public",SRX6403434,Illumina HiSeq 3000,SINGLE,cDNA,TRANSCRIPTOMIC,Ovis aries,ILLUMINA,2019-07-08T00:00:00Z,2019-07-03T14:19:00Z,1,GSM3927624,SRP212933,,Testicle,60 days,,,Santa Ines,,,,,,,,Testicle,,,,GSM3927624,Maternal Control Diet,,,,,,,,,,,,,,,,,,,,,,,,,,,,,,,,,,,,,,,,,,,,,,,,,,,,,,,
SRR9641591,RNA-Seq,150,2995469850,PRJNA552574,SAMN12212046,1280506442,GEO,public,"fastq,sra,run.zq","gs,s3,ncbi","s3.us-east-1,ncbi.public,gs.us-east1",SRX6403435,Illumina HiSeq 3000,SINGLE,cDNA,TRANSCRIPTOMIC,Ovis aries,ILLUMINA,2019-07-08T00:00:00Z,2019-07-03T14:22:00Z,1,GSM3927625,SRP212933,,Testicle,60 days,,,Santa Ines,,,,,,,,Testicle,,,,GSM3927625,Maternal Control Diet,,,,,,,,,,,,,,,,,,,,,,,,,,,,,,,,,,,,,,,,,,,,,,,,,,,,,,,
SRR9641592,RNA-Seq,150,3901705500,PRJNA552574,SAMN12212045,1624226550,GEO,public,"run.zq,sra,fastq","ncbi,gs,s3","ncbi.public,gs.us-east1,s3.us-east-1",SRX6403436,Illumina HiSeq 3000,SINGLE,cDNA,TRANSCRIPTOMIC,Ovis aries,ILLUMINA,2019-07-08T00:00:00Z,2019-07-03T14:23:00Z,1,GSM3927626,SRP212933,,Testicle,60 days,,,Santa Ines,,,,,,,,Testicle,,,,GSM3927626,Maternal Gossypol-rich (Cottonseed) Diet,,,,,,,,,,,,,,,,,,,,,,,,,,,,,,,,,,,,,,,,,,,,,,,,,,,,,,,
SRR9641593,RNA-Seq,150,3858659250,PRJNA552574,SAMN12212044,1590917890,GEO,public,"sra,fastq,run.zq","s3,ncbi,gs","s3.us-east-1,gs.us-east1,ncbi.public",SRX6403437,Illumina HiSeq 3000,SINGLE,cDNA,TRANSCRIPTOMIC,Ovis aries,ILLUMINA,2019-07-08T00:00:00Z,2019-07-03T14:20:00Z,1,GSM3927627,SRP212933,,Testicle,60 days,,,Santa Ines,,,,,,,,Testicle,,,,GSM3927627,Maternal Control Diet,,,,,,,,,,,,,,,,,,,,,,,,,,,,,,,,,,,,,,,,,,,,,,,,,,,,,,,
SRR9641594,RNA-Seq,150,3951100800,PRJNA552574,SAMN12212043,1638396576,GEO,public,"fastq,run.zq,sra","ncbi,s3,gs","ncbi.public,s3.us-east-1,gs.us-east1",SRX6403438,Illumina HiSeq 3000,SINGLE,cDNA,TRANSCRIPTOMIC,Ovis aries,ILLUMINA,2019-07-08T00:00:00Z,2019-07-03T14:23:00Z,1,GSM3927628,SRP212933,,Testicle,60 days,,,Santa Ines,,,,,,,,Testicle,,,,GSM3927628,Maternal Gossypol-rich (Cottonseed) Diet,,,,,,,,,,,,,,,,,,,,,,,,,,,,,,,,,,,,,,,,,,,,,,,,,,,,,,,
SRR9641595,RNA-Seq,150,3951852300,PRJNA552574,SAMN12212042,1643164818,GEO,public,"fastq,run.zq,sra","ncbi,gs,s3","s3.us-east-1,ncbi.public,gs.us-east1",SRX6403439,Illumina HiSeq 3000,SINGLE,cDNA,TRANSCRIPTOMIC,Ovis aries,ILLUMINA,2019-07-08T00:00:00Z,2019-07-03T14:23:00Z,1,GSM3927629,SRP212933,,Testicle,60 days,,,Santa Ines,,,,,,,,Testicle,,,,GSM3927629,Maternal Gossypol-rich (Cottonseed) Diet,,,,,,,,,,,,,,,,,,,,,,,,,,,,,,,,,,,,,,,,,,,,,,,,,,,,,,,
SRR6809231,RNA-Seq,300,8163861300,PRJNA437085,SAMN08638795,3138442057,GEO,public,"run.zq,sra,fastq","s3,gs,ncbi","s3.us-east-1,gs.us-east1,ncbi.public",SRX3767445,Illumina HiSeq 2000,PAIRED,cDNA,TRANSCRIPTOMIC,Ovis aries,ILLUMINA,2020-03-05T00:00:00Z,2018-03-06T15:54:00Z,1,GSM3031393,SRP134010,,,,,,Hu sheep,,,,,,,,maintenance energy level_testis,,,,GSM3031393,,,,,,,,,,,,,,,,,,,,,,,,,,,,,,,,,,,,,,,,,,,,,,,,,,,maintenance energy,testis,,,,
SRR6809232,RNA-Seq,300,10041474900,PRJNA437085,SAMN08638804,3868307292,GEO,public,"fastq,sra,run.zq","s3,ncbi,gs","s3.us-east-1,ncbi.public,gs.us-east1",SRX3767446,Illumina HiSeq 2000,PAIRED,cDNA,TRANSCRIPTOMIC,Ovis aries,ILLUMINA,2020-03-05T00:00:00Z,2018-03-06T15:55:00Z,1,GSM3031394,SRP134010,,,,,,Hu sheep,,,,,,,,maintenance energy level_testis,,,,GSM3031394,,,,,,,,,,,,,,,,,,,,,,,,,,,,,,,,,,,,,,,,,,,,,,,,,,,maintenance energy,testis,,,,
SRR6809233,RNA-Seq,300,9062619000,PRJNA437085,SAMN08638803,3503769894,GEO,public,"fastq,sra,run.zq","ncbi,s3,gs","s3.us-east-1,gs.us-east1,ncbi.public",SRX3767447,Illumina HiSeq 2000,PAIRED,cDNA,TRANSCRIPTOMIC,Ovis aries,ILLUMINA,2020-03-05T00:00:00Z,2018-03-06T16:05:00Z,1,GSM3031395,SRP134010,,,,,,Hu sheep,,,,,,,,maintenance energy level_testis,,,,GSM3031395,,,,,,,,,,,,,,,,,,,,,,,,,,,,,,,,,,,,,,,,,,,,,,,,,,,maintenance energy,testis,,,,
SRR6809234,RNA-Seq,300,7779921600,PRJNA437085,SAMN08638802,3011464452,GEO,public,"fastq,run.zq,sra","gs,ncbi,s3","s3.us-east-1,gs.us-east1,ncbi.public",SRX3767448,Illumina HiSeq 2000,PAIRED,cDNA,TRANSCRIPTOMIC,Ovis aries,ILLUMINA,2020-03-05T00:00:00Z,2018-03-06T22:35:00Z,1,GSM3031396,SRP134010,,,,,,Hu sheep,,,,,,,,55% energy level_testis,,,,GSM3031396,,,,,,,,,,,,,,,,,,,,,,,,,,,,,,,,,,,,,,,,,,,,,,,,,,,55% energy levels,testis,,,,
SRR6809235,RNA-Seq,300,8235463200,PRJNA437085,SAMN08638801,3172016557,GEO,public,"fastq,sra,run.zq","s3,gs,ncbi","s3.us-east-1,ncbi.public,gs.us-east1",SRX3767449,Illumina HiSeq 2000,PAIRED,cDNA,TRANSCRIPTOMIC,Ovis aries,ILLUMINA,2020-03-05T00:00:00Z,2018-03-06T15:50:00Z,1,GSM3031397,SRP134010,,,,,,Hu sheep,,,,,,,,55% energy level_testis,,,,GSM3031397,,,,,,,,,,,,,,,,,,,,,,,,,,,,,,,,,,,,,,,,,,,,,,,,,,,55% energy levels,testis,,,,
SRR6809236,RNA-Seq,300,7575681600,PRJNA437085,SAMN08638800,2916836160,GEO,public,"sra,run.zq,fastq","ncbi,s3,gs","s3.us-east-1,ncbi.public,gs.us-east1",SRX3767450,Illumina HiSeq 2000,PAIRED,cDNA,TRANSCRIPTOMIC,Ovis aries,ILLUMINA,2020-03-05T00:00:00Z,2018-03-06T15:50:00Z,1,GSM3031398,SRP134010,,,,,,Hu sheep,,,,,,,,55% energy level_testis,,,,GSM3031398,,,,,,,,,,,,,,,,,,,,,,,,,,,,,,,,,,,,,,,,,,,,,,,,,,,55% energy levels,testis,,,,
SRR11348536,OTHER,300,13191211800,PRJNA613135,SAMN14395246,4346606214,GANSU AGRICULTURAL UNIVERSITY,public,"sra,fastq,run.zq","gs,ncbi,s3","ncbi.public,gs.us-east1,s3.us-east-1",SRX7950461,Illumina HiSeq 4000,PAIRED,PCR,TRANSCRIPTOMIC,Ovis aries,ILLUMINA,2021-02-08T00:00:00Z,2020-03-19T03:17:00Z,1,OT_3Y-4,SRP253288,OT_3Y-4,Testis,three-year-old,Model organism or animal,male,,,,,,adult,Tibetan sheep,,,,,,,three-year-old,,,,,,,,,,,,,,,,,,,,,,,,,,,,,,,,,,biological replicate 4,,,,,,,,,,,,,,,,,,,,,
SRR11348537,OTHER,300,13383402300,PRJNA613135,SAMN14395245,4453171774,GANSU AGRICULTURAL UNIVERSITY,public,"fastq,sra,run.zq","s3,ncbi,gs","ncbi.public,s3.us-east-1,gs.us-east1",SRX7950460,Illumina HiSeq 4000,PAIRED,PCR,TRANSCRIPTOMIC,Ovis aries,ILLUMINA,2021-02-08T00:00:00Z,2020-03-19T03:08:00Z,1,OT_3Y-3,SRP253288,OT_3Y-3,Testis,three-year-old,Model organism or animal,male,,,,,,adult,Tibetan sheep,,,,,,,three-year-old,,,,,,,,,,,,,,,,,,,,,,,,,,,,,,,,,,biological replicate 3,,,,,,,,,,,,,,,,,,,,,
SRR11348538,OTHER,300,13931042400,PRJNA613135,SAMN14395236,4533888715,GANSU AGRICULTURAL UNIVERSITY,public,"fastq,sra,run.zq","gs,ncbi,s3","ncbi.public,gs.us-east1,s3.us-east-1",SRX7950459,Illumina HiSeq 4000,PAIRED,PCR,TRANSCRIPTOMIC,Ovis aries,ILLUMINA,2021-02-08T00:00:00Z,2020-03-19T05:17:00Z,1,OT_3M_2,SRP253288,OT_3M_2,Testis,three-month-old,Model organism or animal,male,,,,,,prepuberty,Tibetan sheep,,,,,,,three-month-old,,,,,,,,,,,,,,,,,,,,,,,,,,,,,,,,,,biological replicate 2,,,,,,,,,,,,,,,,,,,,,
SRR11348539,OTHER,300,13002919200,PRJNA613135,SAMN14395235,4242177348,GANSU AGRICULTURAL UNIVERSITY,public,"fastq,sra,run.zq","s3,ncbi,gs","gs.us-east1,ncbi.public,s3.us-east-1",SRX7950458,Illumina HiSeq 4000,PAIRED,PCR,TRANSCRIPTOMIC,Ovis aries,ILLUMINA,2021-02-08T00:00:00Z,2020-03-19T04:25:00Z,1,OT_3M_1,SRP253288,OT_3M_1,Testis,three-month-old,Model organism or animal,male,,,,,,prepuberty,Tibetan sheep,,,,,,,three-month-old,,,,,,,,,,,,,,,,,,,,,,,,,,,,,,,,,,biological replicate 1,,,,,,,,,,,,,,,,,,,,,
SRR11348540,OTHER,300,12789101100,PRJNA613135,SAMN14395244,4218090327,GANSU AGRICULTURAL UNIVERSITY,public,"fastq,run.zq,sra","gs,s3,ncbi","ncbi.public,s3.us-east-1,gs.us-east1",SRX7950457,Illumina HiSeq 4000,PAIRED,PCR,TRANSCRIPTOMIC,Ovis aries,ILLUMINA,2021-02-08T00:00:00Z,2020-03-19T04:31:00Z,1,OT_3Y-2,SRP253288,OT_3Y-2,Testis,three-year-old,Model organism or animal,male,,,,,,adult,Tibetan sheep,,,,,,,three-year-old,,,,,,,,,,,,,,,,,,,,,,,,,,,,,,,,,,biological replicate 2,,,,,,,,,,,,,,,,,,,,,
SRR11348541,OTHER,300,12561136800,PRJNA613135,SAMN14395243,4136833492,GANSU AGRICULTURAL UNIVERSITY,public,"run.zq,sra,fastq","gs,s3,ncbi","gs.us-east1,ncbi.public,s3.us-east-1",SRX7950456,Illumina HiSeq 4000,PAIRED,PCR,TRANSCRIPTOMIC,Ovis aries,ILLUMINA,2021-02-08T00:00:00Z,2020-03-19T04:24:00Z,1,OT_3Y-1,SRP253288,OT_3Y-1,Testis,three-year-old,Model organism or animal,male,,,,,,adult,Tibetan sheep,,,,,,,three-year-old,,,,,,,,,,,,,,,,,,,,,,,,,,,,,,,,,,biological replicate 1,,,,,,,,,,,,,,,,,,,,,
SRR11348542,OTHER,300,12571343400,PRJNA613135,SAMN14395242,4150868806,GANSU AGRICULTURAL UNIVERSITY,public,"run.zq,fastq,sra","ncbi,s3,gs","gs.us-east1,s3.us-east-1,ncbi.public",SRX7950455,Illumina HiSeq 4000,PAIRED,PCR,TRANSCRIPTOMIC,Ovis aries,ILLUMINA,2021-02-08T00:00:00Z,2020-03-19T02:54:00Z,1,OT_1Y-4,SRP253288,OT_1Y-4,Testis,one-year-old,Model organism or animal,male,,,,,,puberty,Tibetan sheep,,,,,,,one-year-old,,,,,,,,,,,,,,,,,,,,,,,,,,,,,,,,,,biological replicate 4,,,,,,,,,,,,,,,,,,,,,
SRR11348543,OTHER,300,11891810700,PRJNA613135,SAMN14395241,3830912563,GANSU AGRICULTURAL UNIVERSITY,public,"sra,fastq,run.zq","gs,s3,ncbi","s3.us-east-1,gs.us-east1,ncbi.public",SRX7950454,Illumina HiSeq 4000,PAIRED,PCR,TRANSCRIPTOMIC,Ovis aries,ILLUMINA,2021-02-08T00:00:00Z,2020-03-19T04:38:00Z,1,OT_1Y-3,SRP253288,OT_1Y-3,Testis,one-year-old,Model organism or animal,male,,,,,,puberty,Tibetan sheep,,,,,,,one-year-old,,,,,,,,,,,,,,,,,,,,,,,,,,,,,,,,,,biological replicate 3,,,,,,,,,,,,,,,,,,,,,
SRR11348544,OTHER,300,11338651800,PRJNA613135,SAMN14395240,3661332713,GANSU AGRICULTURAL UNIVERSITY,public,"fastq,sra,run.zq","s3,ncbi,gs","ncbi.public,gs.us-east1,s3.us-east-1",SRX7950453,Illumina HiSeq 4000,PAIRED,PCR,TRANSCRIPTOMIC,Ovis aries,ILLUMINA,2021-02-08T00:00:00Z,2020-03-19T03:01:00Z,1,OT_1Y-2,SRP253288,OT_1Y-2,Testis,one-year-old,Model organism or animal,male,,,,,,puberty,Tibetan sheep,,,,,,,one-year-old,,,,,,,,,,,,,,,,,,,,,,,,,,,,,,,,,,biological replicate 2,,,,,,,,,,,,,,,,,,,,,
SRR11348545,OTHER,300,12024735600,PRJNA613135,SAMN14395239,3914509718,GANSU AGRICULTURAL UNIVERSITY,public,"fastq,run.zq,sra","s3,gs,ncbi","gs.us-east1,s3.us-east-1,ncbi.public",SRX7950452,Illumina HiSeq 4000,PAIRED,PCR,TRANSCRIPTOMIC,Ovis aries,ILLUMINA,2021-02-08T00:00:00Z,2020-03-19T03:06:00Z,1,OT_1Y-1,SRP253288,OT_1Y-1,Testis,one-year-old,Model organism or animal,male,,,,,,puberty,Tibetan sheep,,,,,,,one-year-old,,,,,,,,,,,,,,,,,,,,,,,,,,,,,,,,,,biological replicate 1,,,,,,,,,,,,,,,,,,,,,
SRR11348546,OTHER,300,12586989600,PRJNA613135,SAMN14395238,4050765800,GANSU AGRICULTURAL UNIVERSITY,public,"fastq,sra,run.zq","gs,ncbi,s3","gs.us-east1,s3.us-east-1,ncbi.public",SRX7950451,Illumina HiSeq 4000,PAIRED,PCR,TRANSCRIPTOMIC,Ovis aries,ILLUMINA,2021-02-08T00:00:00Z,2020-03-19T04:06:00Z,1,OT_3M_4,SRP253288,OT_3M_4,Testis,three-month-old,Model organism or animal,male,,,,,,prepuberty,Tibetan sheep,,,,,,,three-month-old,,,,,,,,,,,,,,,,,,,,,,,,,,,,,,,,,,biological replicate 4,,,,,,,,,,,,,,,,,,,,,
SRR11348547,OTHER,300,12156869400,PRJNA613135,SAMN14395237,3933522076,GANSU AGRICULTURAL UNIVERSITY,public,"sra,fastq,run.zq","s3,ncbi,gs","ncbi.public,s3.us-east-1,gs.us-east1",SRX7950450,Illumina HiSeq 4000,PAIRED,PCR,TRANSCRIPTOMIC,Ovis aries,ILLUMINA,2021-02-08T00:00:00Z,2020-03-19T03:01:00Z,1,OT_3M_3,SRP253288,OT_3M_3,Testis,three-month-old,Model organism or animal,male,,,,,,prepuberty,Tibetan sheep,,,,,,,three-month-old,,,,,,,,,,,,,,,,,,,,,,,,,,,,,,,,,,biological replicate 3,,,,,,,,,,,,,,,,,,,,,
SRR11397689,miRNA-Seq,50,808122750,PRJNA613135,SAMN14433285,283922611,GANSU AGRICULTURAL UNIVERSITY,public,"sra,run.zq,fastq","ncbi,s3,gs","ncbi.public,gs.us-east1,s3.us-east-1",SRX7976430,Illumina HiSeq 2500,SINGLE,PCR,TRANSCRIPTOMIC,Ovis aries,ILLUMINA,2021-02-08T00:00:00Z,2020-03-24T02:12:00Z,1,sOT_3Y-2,SRP253288,sOT_3Y-2,Testis,three-year-old,Model organism or animal,male,,,,,,adult,Tibetan sheep,,,,,,,three-year-old,,,,,,,,,,,,,,,,,,,,,,,,,,,,,,,,,,biological replicate 2,,,,,,,,,,,,,,,,,,,,,
SRR11397690,miRNA-Seq,50,871733650,PRJNA613135,SAMN14433284,313909951,GANSU AGRICULTURAL UNIVERSITY,public,"run.zq,fastq,sra","s3,ncbi,gs","ncbi.public,s3.us-east-1,gs.us-east1",SRX7976429,Illumina HiSeq 2500,SINGLE,PCR,TRANSCRIPTOMIC,Ovis aries,ILLUMINA,2021-02-08T00:00:00Z,2020-03-24T02:12:00Z,1,sOT_3Y-1,SRP253288,sOT_3Y-1,Testis,three-year-old,Model organism or animal,male,,,,,,adult,Tibetan sheep,,,,,,,three-year-old,,,,,,,,,,,,,,,,,,,,,,,,,,,,,,,,,,biological replicate 1,,,,,,,,,,,,,,,,,,,,,
SRR11397691,miRNA-Seq,50,674608650,PRJNA613135,SAMN14433283,237474447,GANSU AGRICULTURAL UNIVERSITY,public,"sra,fastq,run.zq","ncbi,s3,gs","s3.us-east-1,ncbi.public,gs.us-east1",SRX7976428,Illumina HiSeq 2500,SINGLE,PCR,TRANSCRIPTOMIC,Ovis aries,ILLUMINA,2021-02-08T00:00:00Z,2020-03-24T02:12:00Z,1,sOT_1Y-4,SRP253288,sOT_1Y-4,Testis,one-year-old,Model organism or animal,male,,,,,,puberty,Tibetan sheep,,,,,,,one-year-old,,,,,,,,,,,,,,,,,,,,,,,,,,,,,,,,,,biological replicate 4,,,,,,,,,,,,,,,,,,,,,
SRR11397692,miRNA-Seq,50,667955850,PRJNA613135,SAMN14433282,234910383,GANSU AGRICULTURAL UNIVERSITY,public,"sra,run.zq,fastq","ncbi,s3,gs","gs.us-east1,ncbi.public,s3.us-east-1",SRX7976427,Illumina HiSeq 2500,SINGLE,PCR,TRANSCRIPTOMIC,Ovis aries,ILLUMINA,2021-02-08T00:00:00Z,2020-03-24T02:16:00Z,1,sOT_1Y-3,SRP253288,sOT_1Y-3,Testis,one-year-old,Model organism or animal,male,,,,,,puberty,Tibetan sheep,,,,,,,one-year-old,,,,,,,,,,,,,,,,,,,,,,,,,,,,,,,,,,biological replicate 3,,,,,,,,,,,,,,,,,,,,,
SRR11397693,miRNA-Seq,50,742887200,PRJNA613135,SAMN14433281,260700027,GANSU AGRICULTURAL UNIVERSITY,public,"sra,run.zq,fastq","s3,ncbi,gs","gs.us-east1,s3.us-east-1,ncbi.public",SRX7976426,Illumina HiSeq 2500,SINGLE,PCR,TRANSCRIPTOMIC,Ovis aries,ILLUMINA,2021-02-08T00:00:00Z,2020-03-24T02:12:00Z,1,sOT_1Y-2,SRP253288,sOT_1Y-2,Testis,one-year-old,Model organism or animal,male,,,,,,puberty,Tibetan sheep,,,,,,,one-year-old,,,,,,,,,,,,,,,,,,,,,,,,,,,,,,,,,,biological replicate 2,,,,,,,,,,,,,,,,,,,,,
SRR11397694,miRNA-Seq,50,735864650,PRJNA613135,SAMN14433280,258868832,GANSU AGRICULTURAL UNIVERSITY,public,"sra,run.zq,fastq","s3,ncbi,gs","gs.us-east1,s3.us-east-1,ncbi.public",SRX7976425,Illumina HiSeq 2500,SINGLE,PCR,TRANSCRIPTOMIC,Ovis aries,ILLUMINA,2021-02-08T00:00:00Z,2020-03-24T02:20:00Z,1,sOT_1Y-1,SRP253288,sOT_1Y-1,Testis,one-year-old,Model organism or animal,male,,,,,,puberty,Tibetan sheep,,,,,,,one-year-old,,,,,,,,,,,,,,,,,,,,,,,,,,,,,,,,,,biological replicate 1,,,,,,,,,,,,,,,,,,,,,
SRR11397695,miRNA-Seq,50,750584000,PRJNA613135,SAMN14433279,260442462,GANSU AGRICULTURAL UNIVERSITY,public,"run.zq,fastq,sra","ncbi,gs,s3","s3.us-east-1,ncbi.public,gs.us-east1",SRX7976424,Illumina HiSeq 2500,SINGLE,PCR,TRANSCRIPTOMIC,Ovis aries,ILLUMINA,2021-02-08T00:00:00Z,2020-03-24T02:11:00Z,1,sOT_3M_4,SRP253288,sOT_3M_4,Testis,three-month-old,Model organism or animal,male,,,,,,prepuberty,Tibetan sheep,,,,,,,three-month-old,,,,,,,,,,,,,,,,,,,,,,,,,,,,,,,,,,biological replicate 4,,,,,,,,,,,,,,,,,,,,,
SRR11397696,miRNA-Seq,50,713034600,PRJNA613135,SAMN14433278,251495762,GANSU AGRICULTURAL UNIVERSITY,public,"run.zq,sra,fastq","gs,ncbi,s3","gs.us-east1,s3.us-east-1,ncbi.public",SRX7976423,Illumina HiSeq 2500,SINGLE,PCR,TRANSCRIPTOMIC,Ovis aries,ILLUMINA,2021-02-08T00:00:00Z,2020-03-24T02:14:00Z,1,sOT_3M_3,SRP253288,sOT_3M_3,Testis,three-month-old,Model organism or animal,male,,,,,,prepuberty,Tibetan sheep,,,,,,,three-month-old,,,,,,,,,,,,,,,,,,,,,,,,,,,,,,,,,,biological replicate 3,,,,,,,,,,,,,,,,,,,,,
SRR11397697,miRNA-Seq,50,841380650,PRJNA613135,SAMN14433287,297948832,GANSU AGRICULTURAL UNIVERSITY,public,"fastq,run.zq,sra","s3,gs,ncbi","s3.us-east-1,ncbi.public,gs.us-east1",SRX7976422,Illumina HiSeq 2500,SINGLE,PCR,TRANSCRIPTOMIC,Ovis aries,ILLUMINA,2021-02-08T00:00:00Z,2020-03-24T02:15:00Z,1,sOT_3Y-4,SRP253288,sOT_3Y-4,Testis,three-year-old,Model organism or animal,male,,,,,,adult,Tibetan sheep,,,,,,,three-year-old,,,,,,,,,,,,,,,,,,,,,,,,,,,,,,,,,,biological replicate 4,,,,,,,,,,,,,,,,,,,,,
SRR11397698,miRNA-Seq,50,919437900,PRJNA613135,SAMN14433286,324471183,GANSU AGRICULTURAL UNIVERSITY,public,"sra,run.zq,fastq","gs,s3,ncbi","ncbi.public,gs.us-east1,s3.us-east-1",SRX7976421,Illumina HiSeq 2500,SINGLE,PCR,TRANSCRIPTOMIC,Ovis aries,ILLUMINA,2021-02-08T00:00:00Z,2020-03-24T02:16:00Z,1,sOT_3Y-3,SRP253288,sOT_3Y-3,Testis,three-year-old,Model organism or animal,male,,,,,,adult,Tibetan sheep,,,,,,,three-year-old,,,,,,,,,,,,,,,,,,,,,,,,,,,,,,,,,,biological replicate 3,,,,,,,,,,,,,,,,,,,,,
SRR11397699,miRNA-Seq,50,689116650,PRJNA613135,SAMN14433277,238391010,GANSU AGRICULTURAL UNIVERSITY,public,"run.zq,fastq,sra","s3,gs,ncbi","s3.us-east-1,ncbi.public,gs.us-east1",SRX7976420,Illumina HiSeq 2500,SINGLE,PCR,TRANSCRIPTOMIC,Ovis aries,ILLUMINA,2021-02-08T00:00:00Z,2020-03-24T02:15:00Z,1,sOT_3M_2,SRP253288,sOT_3M_2,Testis,three-month-old,Model organism or animal,male,,,,,,prepuberty,Tibetan sheep,,,,,,,three-month-old,,,,,,,,,,,,,,,,,,,,,,,,,,,,,,,,,,biological replicate 2,,,,,,,,,,,,,,,,,,,,,
SRR11397700,miRNA-Seq,50,558480100,PRJNA613135,SAMN14433276,196596572,GANSU AGRICULTURAL UNIVERSITY,public,"sra,fastq,run.zq","gs,ncbi,s3","ncbi.public,s3.us-east-1,gs.us-east1",SRX7976419,Illumina HiSeq 2500,SINGLE,PCR,TRANSCRIPTOMIC,Ovis aries,ILLUMINA,2021-02-08T00:00:00Z,2020-03-24T02:14:00Z,1,sOT_3M_1,SRP253288,sOT_3M_1,Testis,three-month-old,Model organism or animal,male,,,,,,prepuberty,Tibetan sheep,,,,,,,three-month-old,,,,,,,,,,,,,,,,,,,,,,,,,,,,,,,,,,biological replicate 1,,,,,,,,,,,,,,,,,,,,,
ERR2074792,RNA-Seq,250,3503097250,PRJEB19199,SAMEA5275918,1587259747,Edinburgh Genomics,public,"fastq,sra,run.zq","ncbi,gs,ena,s3","gs.us-east1,s3.us-east-1,ncbi.public,ena",ERX2133444,Illumina HiSeq 2500,PAIRED,Inverse rRNA,TRANSCRIPTOMIC,Ovis aries,ILLUMINA,2017-08-10T00:00:00Z,2017-08-22T06:43:00Z,2,SAMEA5275918,ERP021182,SHPM2Tes,,,,,,,,,,,,,,,OAR_RI_AM2_Tes,,,,adult,2,transcription profiling by high throughput sequencing,2017-08-04,2018-11-16,total RNA,ftp://ftp.faang.ebi.ac.uk/ftp/protocols/samples/ROSLIN_SOP_Isolation_of_RNA_from_RNAlater_preserved_tissue_20161108.pdf,fed,normal,2015-04,"Edinburgh Genomics, The University of Edinburgh, EH9 3FL, Edinburgh,      Scotland",55.923953,-3.173114,specimen from organism,testis,FAANG,mate 2 sense,8,2.31,2.09,"RNAlater, frozen","cryopreservation, other",176,not applicable,"Edinburgh Genomics, The University of Edinburgh, EH9 3FL, Edinburgh,      Scotland",55.923953,-3.173114,2014-03-19,https://data.faang.org/api/fire_api/samples/ROSLIN_SOP_Harvest_of_Large_Animal_Tissues_20160516.pdf,ERS2107322,The Roslin Institute Sheep Gene Expression Atlas Project,GSB-718,Roslin Sheep Atlas,,,,,,,,,,,,,,,,,,,,,,
ERR2074793,RNA-Seq,250,3495993000,PRJEB19199,SAMEA5275918,1582873203,Edinburgh Genomics,public,"fastq,sra,run.zq","ncbi,ena,gs,s3","ena,s3.us-east-1,ncbi.public,gs.us-east1",ERX2133444,Illumina HiSeq 2500,PAIRED,Inverse rRNA,TRANSCRIPTOMIC,Ovis aries,ILLUMINA,2017-08-10T00:00:00Z,2017-08-22T06:45:00Z,2,SAMEA5275918,ERP021182,SHPM2Tes,,,,,,,,,,,,,,,OAR_RI_AM2_Tes,,,,adult,2,transcription profiling by high throughput sequencing,2017-08-04,2018-11-16,total RNA,ftp://ftp.faang.ebi.ac.uk/ftp/protocols/samples/ROSLIN_SOP_Isolation_of_RNA_from_RNAlater_preserved_tissue_20161108.pdf,fed,normal,2015-04,"Edinburgh Genomics, The University of Edinburgh, EH9 3FL, Edinburgh,      Scotland",55.923953,-3.173114,specimen from organism,testis,FAANG,mate 2 sense,8,2.31,2.09,"RNAlater, frozen","cryopreservation, other",176,not applicable,"Edinburgh Genomics, The University of Edinburgh, EH9 3FL, Edinburgh,      Scotland",55.923953,-3.173114,2014-03-19,https://data.faang.org/api/fire_api/samples/ROSLIN_SOP_Harvest_of_Large_Animal_Tissues_20160516.pdf,ERS2107322,The Roslin Institute Sheep Gene Expression Atlas Project,GSB-718,Roslin Sheep Atlas,,,,,,,,,,,,,,,,,,,,,,
ERR2074794,RNA-Seq,250,3510217500,PRJEB19199,SAMEA5275918,1589190113,Edinburgh Genomics,public,"sra,fastq,run.zq","ncbi,ena,s3,gs","ncbi.public,ena,gs.us-east1,s3.us-east-1",ERX2133444,Illumina HiSeq 2500,PAIRED,Inverse rRNA,TRANSCRIPTOMIC,Ovis aries,ILLUMINA,2017-08-10T00:00:00Z,2017-08-22T06:46:00Z,2,SAMEA5275918,ERP021182,SHPM2Tes,,,,,,,,,,,,,,,OAR_RI_AM2_Tes,,,,adult,2,transcription profiling by high throughput sequencing,2017-08-04,2018-11-16,total RNA,ftp://ftp.faang.ebi.ac.uk/ftp/protocols/samples/ROSLIN_SOP_Isolation_of_RNA_from_RNAlater_preserved_tissue_20161108.pdf,fed,normal,2015-04,"Edinburgh Genomics, The University of Edinburgh, EH9 3FL, Edinburgh,      Scotland",55.923953,-3.173114,specimen from organism,testis,FAANG,mate 2 sense,8,2.31,2.09,"RNAlater, frozen","cryopreservation, other",176,not applicable,"Edinburgh Genomics, The University of Edinburgh, EH9 3FL, Edinburgh,      Scotland",55.923953,-3.173114,2014-03-19,https://data.faang.org/api/fire_api/samples/ROSLIN_SOP_Harvest_of_Large_Animal_Tissues_20160516.pdf,ERS2107322,The Roslin Institute Sheep Gene Expression Atlas Project,GSB-718,Roslin Sheep Atlas,,,,,,,,,,,,,,,,,,,,,,
ERR2074795,RNA-Seq,250,3500016000,PRJEB19199,SAMEA5275918,1578888435,Edinburgh Genomics,public,"run.zq,fastq,sra","s3,ncbi,ena,gs","s3.us-east-1,ncbi.public,gs.us-east1,ena",ERX2133444,Illumina HiSeq 2500,PAIRED,Inverse rRNA,TRANSCRIPTOMIC,Ovis aries,ILLUMINA,2017-08-10T00:00:00Z,2017-08-22T06:46:00Z,2,SAMEA5275918,ERP021182,SHPM2Tes,,,,,,,,,,,,,,,OAR_RI_AM2_Tes,,,,adult,2,transcription profiling by high throughput sequencing,2017-08-04,2018-11-16,total RNA,ftp://ftp.faang.ebi.ac.uk/ftp/protocols/samples/ROSLIN_SOP_Isolation_of_RNA_from_RNAlater_preserved_tissue_20161108.pdf,fed,normal,2015-04,"Edinburgh Genomics, The University of Edinburgh, EH9 3FL, Edinburgh,      Scotland",55.923953,-3.173114,specimen from organism,testis,FAANG,mate 2 sense,8,2.31,2.09,"RNAlater, frozen","cryopreservation, other",176,not applicable,"Edinburgh Genomics, The University of Edinburgh, EH9 3FL, Edinburgh,      Scotland",55.923953,-3.173114,2014-03-19,https://data.faang.org/api/fire_api/samples/ROSLIN_SOP_Harvest_of_Large_Animal_Tissues_20160516.pdf,ERS2107322,The Roslin Institute Sheep Gene Expression Atlas Project,GSB-718,Roslin Sheep Atlas,,,,,,,,,,,,,,,,,,,,,,
ERR2074796,RNA-Seq,250,3413882750,PRJEB19199,SAMEA5275918,1533300867,Edinburgh Genomics,public,"run.zq,fastq,sra","ena,s3,gs,ncbi","s3.us-east-1,ncbi.public,gs.us-east1,ena",ERX2133444,Illumina HiSeq 2500,PAIRED,Inverse rRNA,TRANSCRIPTOMIC,Ovis aries,ILLUMINA,2017-08-10T00:00:00Z,2017-08-22T06:47:00Z,2,SAMEA5275918,ERP021182,SHPM2Tes,,,,,,,,,,,,,,,OAR_RI_AM2_Tes,,,,adult,2,transcription profiling by high throughput sequencing,2017-08-04,2018-11-16,total RNA,ftp://ftp.faang.ebi.ac.uk/ftp/protocols/samples/ROSLIN_SOP_Isolation_of_RNA_from_RNAlater_preserved_tissue_20161108.pdf,fed,normal,2015-04,"Edinburgh Genomics, The University of Edinburgh, EH9 3FL, Edinburgh,      Scotland",55.923953,-3.173114,specimen from organism,testis,FAANG,mate 2 sense,8,2.31,2.09,"RNAlater, frozen","cryopreservation, other",176,not applicable,"Edinburgh Genomics, The University of Edinburgh, EH9 3FL, Edinburgh,      Scotland",55.923953,-3.173114,2014-03-19,https://data.faang.org/api/fire_api/samples/ROSLIN_SOP_Harvest_of_Large_Animal_Tissues_20160516.pdf,ERS2107322,The Roslin Institute Sheep Gene Expression Atlas Project,GSB-718,Roslin Sheep Atlas,,,,,,,,,,,,,,,,,,,,,,
ERR2074797,RNA-Seq,250,3458631750,PRJEB19199,SAMEA5275918,1578723355,Edinburgh Genomics,public,"sra,run.zq,fastq","ena,s3,ncbi,gs","ena,gs.us-east1,s3.us-east-1,ncbi.public",ERX2133444,Illumina HiSeq 2500,PAIRED,Inverse rRNA,TRANSCRIPTOMIC,Ovis aries,ILLUMINA,2017-08-10T00:00:00Z,2017-08-22T06:47:00Z,2,SAMEA5275918,ERP021182,SHPM2Tes,,,,,,,,,,,,,,,OAR_RI_AM2_Tes,,,,adult,2,transcription profiling by high throughput sequencing,2017-08-04,2018-11-16,total RNA,ftp://ftp.faang.ebi.ac.uk/ftp/protocols/samples/ROSLIN_SOP_Isolation_of_RNA_from_RNAlater_preserved_tissue_20161108.pdf,fed,normal,2015-04,"Edinburgh Genomics, The University of Edinburgh, EH9 3FL, Edinburgh,      Scotland",55.923953,-3.173114,specimen from organism,testis,FAANG,mate 2 sense,8,2.31,2.09,"RNAlater, frozen","cryopreservation, other",176,not applicable,"Edinburgh Genomics, The University of Edinburgh, EH9 3FL, Edinburgh,      Scotland",55.923953,-3.173114,2014-03-19,https://data.faang.org/api/fire_api/samples/ROSLIN_SOP_Harvest_of_Large_Animal_Tissues_20160516.pdf,ERS2107322,The Roslin Institute Sheep Gene Expression Atlas Project,GSB-718,Roslin Sheep Atlas,,,,,,,,,,,,,,,,,,,,,,
ERR2074798,RNA-Seq,250,3494590250,PRJEB19199,SAMEA5275918,1570782396,Edinburgh Genomics,public,"sra,fastq,run.zq","gs,ncbi,ena,s3","ena,gs.us-east1,s3.us-east-1,ncbi.public",ERX2133444,Illumina HiSeq 2500,PAIRED,Inverse rRNA,TRANSCRIPTOMIC,Ovis aries,ILLUMINA,2017-08-10T00:00:00Z,2017-08-22T06:49:00Z,2,SAMEA5275918,ERP021182,SHPM2Tes,,,,,,,,,,,,,,,OAR_RI_AM2_Tes,,,,adult,2,transcription profiling by high throughput sequencing,2017-08-04,2018-11-16,total RNA,ftp://ftp.faang.ebi.ac.uk/ftp/protocols/samples/ROSLIN_SOP_Isolation_of_RNA_from_RNAlater_preserved_tissue_20161108.pdf,fed,normal,2015-04,"Edinburgh Genomics, The University of Edinburgh, EH9 3FL, Edinburgh,      Scotland",55.923953,-3.173114,specimen from organism,testis,FAANG,mate 2 sense,8,2.31,2.09,"RNAlater, frozen","cryopreservation, other",176,not applicable,"Edinburgh Genomics, The University of Edinburgh, EH9 3FL, Edinburgh,      Scotland",55.923953,-3.173114,2014-03-19,https://data.faang.org/api/fire_api/samples/ROSLIN_SOP_Harvest_of_Large_Animal_Tissues_20160516.pdf,ERS2107322,The Roslin Institute Sheep Gene Expression Atlas Project,GSB-718,Roslin Sheep Atlas,,,,,,,,,,,,,,,,,,,,,,
ERR2074799,RNA-Seq,250,3500645000,PRJEB19199,SAMEA5275918,1573215577,Edinburgh Genomics,public,"sra,fastq,run.zq","ncbi,ena,s3,gs","ncbi.public,s3.us-east-1,gs.us-east1,ena",ERX2133444,Illumina HiSeq 2500,PAIRED,Inverse rRNA,TRANSCRIPTOMIC,Ovis aries,ILLUMINA,2017-08-10T00:00:00Z,2017-08-22T06:49:00Z,2,SAMEA5275918,ERP021182,SHPM2Tes,,,,,,,,,,,,,,,OAR_RI_AM2_Tes,,,,adult,2,transcription profiling by high throughput sequencing,2017-08-04,2018-11-16,total RNA,ftp://ftp.faang.ebi.ac.uk/ftp/protocols/samples/ROSLIN_SOP_Isolation_of_RNA_from_RNAlater_preserved_tissue_20161108.pdf,fed,normal,2015-04,"Edinburgh Genomics, The University of Edinburgh, EH9 3FL, Edinburgh,      Scotland",55.923953,-3.173114,specimen from organism,testis,FAANG,mate 2 sense,8,2.31,2.09,"RNAlater, frozen","cryopreservation, other",176,not applicable,"Edinburgh Genomics, The University of Edinburgh, EH9 3FL, Edinburgh,      Scotland",55.923953,-3.173114,2014-03-19,https://data.faang.org/api/fire_api/samples/ROSLIN_SOP_Harvest_of_Large_Animal_Tissues_20160516.pdf,ERS2107322,The Roslin Institute Sheep Gene Expression Atlas Project,GSB-718,Roslin Sheep Atlas,,,,,,,,,,,,,,,,,,,,,,
ERR2074800,RNA-Seq,250,3497146000,PRJEB19199,SAMEA5275918,1579920883,Edinburgh Genomics,public,"run.zq,fastq,sra","ncbi,gs,ena,s3","ena,gs.us-east1,ncbi.public,s3.us-east-1",ERX2133444,Illumina HiSeq 2500,PAIRED,Inverse rRNA,TRANSCRIPTOMIC,Ovis aries,ILLUMINA,2017-08-10T00:00:00Z,2017-08-22T06:51:00Z,2,SAMEA5275918,ERP021182,SHPM2Tes,,,,,,,,,,,,,,,OAR_RI_AM2_Tes,,,,adult,2,transcription profiling by high throughput sequencing,2017-08-04,2018-11-16,total RNA,ftp://ftp.faang.ebi.ac.uk/ftp/protocols/samples/ROSLIN_SOP_Isolation_of_RNA_from_RNAlater_preserved_tissue_20161108.pdf,fed,normal,2015-04,"Edinburgh Genomics, The University of Edinburgh, EH9 3FL, Edinburgh,      Scotland",55.923953,-3.173114,specimen from organism,testis,FAANG,mate 2 sense,8,2.31,2.09,"RNAlater, frozen","cryopreservation, other",176,not applicable,"Edinburgh Genomics, The University of Edinburgh, EH9 3FL, Edinburgh,      Scotland",55.923953,-3.173114,2014-03-19,https://data.faang.org/api/fire_api/samples/ROSLIN_SOP_Harvest_of_Large_Animal_Tissues_20160516.pdf,ERS2107322,The Roslin Institute Sheep Gene Expression Atlas Project,GSB-718,Roslin Sheep Atlas,,,,,,,,,,,,,,,,,,,,,,
ERR2077617,RNA-Seq,250,1233314000,PRJEB19199,SAMEA6660418,529217751,Edinburgh Genomics,public,"run.zq,fastq,sra","ncbi,gs,s3,ena","s3.us-east-1,gs.us-east1,ncbi.public,ena",ERX2133512,Illumina HiSeq 2500,PAIRED,Inverse rRNA,TRANSCRIPTOMIC,Ovis aries,ILLUMINA,2017-08-10T00:00:00Z,2017-08-23T16:29:00Z,1,SAMEA6660418,ERP021182,SHPM1Tes,,,,,,,,,,,,,,,OAR_RI_AM1_Tes,,,,adult,2,transcription profiling by high throughput sequencing,2017-08-04,2018-11-16,total RNA,ftp://ftp.faang.ebi.ac.uk/ftp/protocols/samples/ROSLIN_SOP_Isolation_of_RNA_from_RNAlater_preserved_tissue_20161108.pdf,fed,normal,2015-10,"Edinburgh Genomics, The University of Edinburgh, EH9 3FL, Edinburgh,      Scotland",55.923953,-3.173114,specimen from organism,testis,FAANG,mate 2 sense,8.7,2.27,2.13,"RNAlater, frozen","cryopreservation, other",336,not applicable,"Edinburgh Genomics, The University of Edinburgh, EH9 3FL, Edinburgh,      Scotland",55.923953,-3.173114,2014-03-12,https://data.faang.org/api/fire_api/samples/ROSLIN_SOP_Harvest_of_Large_Animal_Tissues_20160516.pdf,ERS2107239,The Roslin Institute Sheep Gene Expression Atlas Project,GSB-718,Roslin Sheep Atlas,,,,,,,,,,,,,,,,,,,,,,
ERR2077618,RNA-Seq,250,1220366750,PRJEB19199,SAMEA6660418,531577241,Edinburgh Genomics,public,"run.zq,sra,fastq","ena,gs,s3,ncbi","s3.us-east-1,ena,gs.us-east1,ncbi.public",ERX2133512,Illumina HiSeq 2500,PAIRED,Inverse rRNA,TRANSCRIPTOMIC,Ovis aries,ILLUMINA,2017-08-10T00:00:00Z,2017-08-23T16:30:00Z,1,SAMEA6660418,ERP021182,SHPM1Tes,,,,,,,,,,,,,,,OAR_RI_AM1_Tes,,,,adult,2,transcription profiling by high throughput sequencing,2017-08-04,2018-11-16,total RNA,ftp://ftp.faang.ebi.ac.uk/ftp/protocols/samples/ROSLIN_SOP_Isolation_of_RNA_from_RNAlater_preserved_tissue_20161108.pdf,fed,normal,2015-10,"Edinburgh Genomics, The University of Edinburgh, EH9 3FL, Edinburgh,      Scotland",55.923953,-3.173114,specimen from organism,testis,FAANG,mate 2 sense,8.7,2.27,2.13,"RNAlater, frozen","cryopreservation, other",336,not applicable,"Edinburgh Genomics, The University of Edinburgh, EH9 3FL, Edinburgh,      Scotland",55.923953,-3.173114,2014-03-12,https://data.faang.org/api/fire_api/samples/ROSLIN_SOP_Harvest_of_Large_Animal_Tissues_20160516.pdf,ERS2107239,The Roslin Institute Sheep Gene Expression Atlas Project,GSB-718,Roslin Sheep Atlas,,,,,,,,,,,,,,,,,,,,,,
ERR2077619,RNA-Seq,250,1238117750,PRJEB19199,SAMEA6660418,530878448,Edinburgh Genomics,public,"fastq,run.zq,sra","ena,ncbi,gs,s3","s3.us-east-1,ena,gs.us-east1,ncbi.public",ERX2133512,Illumina HiSeq 2500,PAIRED,Inverse rRNA,TRANSCRIPTOMIC,Ovis aries,ILLUMINA,2017-08-10T00:00:00Z,2017-08-23T16:30:00Z,1,SAMEA6660418,ERP021182,SHPM1Tes,,,,,,,,,,,,,,,OAR_RI_AM1_Tes,,,,adult,2,transcription profiling by high throughput sequencing,2017-08-04,2018-11-16,total RNA,ftp://ftp.faang.ebi.ac.uk/ftp/protocols/samples/ROSLIN_SOP_Isolation_of_RNA_from_RNAlater_preserved_tissue_20161108.pdf,fed,normal,2015-10,"Edinburgh Genomics, The University of Edinburgh, EH9 3FL, Edinburgh,      Scotland",55.923953,-3.173114,specimen from organism,testis,FAANG,mate 2 sense,8.7,2.27,2.13,"RNAlater, frozen","cryopreservation, other",336,not applicable,"Edinburgh Genomics, The University of Edinburgh, EH9 3FL, Edinburgh,      Scotland",55.923953,-3.173114,2014-03-12,https://data.faang.org/api/fire_api/samples/ROSLIN_SOP_Harvest_of_Large_Animal_Tissues_20160516.pdf,ERS2107239,The Roslin Institute Sheep Gene Expression Atlas Project,GSB-718,Roslin Sheep Atlas,,,,,,,,,,,,,,,,,,,,,,
ERR2077620,RNA-Seq,250,1278556250,PRJEB19199,SAMEA6660418,558836186,Edinburgh Genomics,public,"run.zq,fastq,sra","s3,gs,ncbi,ena","s3.us-east-1,ncbi.public,gs.us-east1,ena",ERX2133512,Illumina HiSeq 2500,PAIRED,Inverse rRNA,TRANSCRIPTOMIC,Ovis aries,ILLUMINA,2017-08-10T00:00:00Z,2017-08-23T16:30:00Z,1,SAMEA6660418,ERP021182,SHPM1Tes,,,,,,,,,,,,,,,OAR_RI_AM1_Tes,,,,adult,2,transcription profiling by high throughput sequencing,2017-08-04,2018-11-16,total RNA,ftp://ftp.faang.ebi.ac.uk/ftp/protocols/samples/ROSLIN_SOP_Isolation_of_RNA_from_RNAlater_preserved_tissue_20161108.pdf,fed,normal,2015-10,"Edinburgh Genomics, The University of Edinburgh, EH9 3FL, Edinburgh,      Scotland",55.923953,-3.173114,specimen from organism,testis,FAANG,mate 2 sense,8.7,2.27,2.13,"RNAlater, frozen","cryopreservation, other",336,not applicable,"Edinburgh Genomics, The University of Edinburgh, EH9 3FL, Edinburgh,      Scotland",55.923953,-3.173114,2014-03-12,https://data.faang.org/api/fire_api/samples/ROSLIN_SOP_Harvest_of_Large_Animal_Tissues_20160516.pdf,ERS2107239,The Roslin Institute Sheep Gene Expression Atlas Project,GSB-718,Roslin Sheep Atlas,,,,,,,,,,,,,,,,,,,,,,
ERR2077621,RNA-Seq,250,1265703750,PRJEB19199,SAMEA6660418,552404348,Edinburgh Genomics,public,"sra,run.zq,fastq","ncbi,ena,s3,gs","gs.us-east1,ncbi.public,ena,s3.us-east-1",ERX2133512,Illumina HiSeq 2500,PAIRED,Inverse rRNA,TRANSCRIPTOMIC,Ovis aries,ILLUMINA,2017-08-10T00:00:00Z,2017-08-23T16:31:00Z,1,SAMEA6660418,ERP021182,SHPM1Tes,,,,,,,,,,,,,,,OAR_RI_AM1_Tes,,,,adult,2,transcription profiling by high throughput sequencing,2017-08-04,2018-11-16,total RNA,ftp://ftp.faang.ebi.ac.uk/ftp/protocols/samples/ROSLIN_SOP_Isolation_of_RNA_from_RNAlater_preserved_tissue_20161108.pdf,fed,normal,2015-10,"Edinburgh Genomics, The University of Edinburgh, EH9 3FL, Edinburgh,      Scotland",55.923953,-3.173114,specimen from organism,testis,FAANG,mate 2 sense,8.7,2.27,2.13,"RNAlater, frozen","cryopreservation, other",336,not applicable,"Edinburgh Genomics, The University of Edinburgh, EH9 3FL, Edinburgh,      Scotland",55.923953,-3.173114,2014-03-12,https://data.faang.org/api/fire_api/samples/ROSLIN_SOP_Harvest_of_Large_Animal_Tissues_20160516.pdf,ERS2107239,The Roslin Institute Sheep Gene Expression Atlas Project,GSB-718,Roslin Sheep Atlas,,,,,,,,,,,,,,,,,,,,,,
ERR2077622,RNA-Seq,250,1295392500,PRJEB19199,SAMEA6660418,562564245,Edinburgh Genomics,public,"run.zq,sra,fastq","s3,gs,ena,ncbi","ncbi.public,gs.us-east1,ena,s3.us-east-1",ERX2133512,Illumina HiSeq 2500,PAIRED,Inverse rRNA,TRANSCRIPTOMIC,Ovis aries,ILLUMINA,2017-08-10T00:00:00Z,2017-08-23T16:31:00Z,1,SAMEA6660418,ERP021182,SHPM1Tes,,,,,,,,,,,,,,,OAR_RI_AM1_Tes,,,,adult,2,transcription profiling by high throughput sequencing,2017-08-04,2018-11-16,total RNA,ftp://ftp.faang.ebi.ac.uk/ftp/protocols/samples/ROSLIN_SOP_Isolation_of_RNA_from_RNAlater_preserved_tissue_20161108.pdf,fed,normal,2015-10,"Edinburgh Genomics, The University of Edinburgh, EH9 3FL, Edinburgh,      Scotland",55.923953,-3.173114,specimen from organism,testis,FAANG,mate 2 sense,8.7,2.27,2.13,"RNAlater, frozen","cryopreservation, other",336,not applicable,"Edinburgh Genomics, The University of Edinburgh, EH9 3FL, Edinburgh,      Scotland",55.923953,-3.173114,2014-03-12,https://data.faang.org/api/fire_api/samples/ROSLIN_SOP_Harvest_of_Large_Animal_Tissues_20160516.pdf,ERS2107239,The Roslin Institute Sheep Gene Expression Atlas Project,GSB-718,Roslin Sheep Atlas,,,,,,,,,,,,,,,,,,,,,,
ERR2077623,RNA-Seq,250,1227295750,PRJEB19199,SAMEA6660418,523692208,Edinburgh Genomics,public,"fastq,run.zq,sra","gs,ncbi,s3,ena","ncbi.public,gs.us-east1,s3.us-east-1,ena",ERX2133512,Illumina HiSeq 2500,PAIRED,Inverse rRNA,TRANSCRIPTOMIC,Ovis aries,ILLUMINA,2017-08-10T00:00:00Z,2017-08-23T16:32:00Z,1,SAMEA6660418,ERP021182,SHPM1Tes,,,,,,,,,,,,,,,OAR_RI_AM1_Tes,,,,adult,2,transcription profiling by high throughput sequencing,2017-08-04,2018-11-16,total RNA,ftp://ftp.faang.ebi.ac.uk/ftp/protocols/samples/ROSLIN_SOP_Isolation_of_RNA_from_RNAlater_preserved_tissue_20161108.pdf,fed,normal,2015-10,"Edinburgh Genomics, The University of Edinburgh, EH9 3FL, Edinburgh,      Scotland",55.923953,-3.173114,specimen from organism,testis,FAANG,mate 2 sense,8.7,2.27,2.13,"RNAlater, frozen","cryopreservation, other",336,not applicable,"Edinburgh Genomics, The University of Edinburgh, EH9 3FL, Edinburgh,      Scotland",55.923953,-3.173114,2014-03-12,https://data.faang.org/api/fire_api/samples/ROSLIN_SOP_Harvest_of_Large_Animal_Tissues_20160516.pdf,ERS2107239,The Roslin Institute Sheep Gene Expression Atlas Project,GSB-718,Roslin Sheep Atlas,,,,,,,,,,,,,,,,,,,,,,
ERR2077624,RNA-Seq,250,1281158500,PRJEB19199,SAMEA6660418,557883600,Edinburgh Genomics,public,"sra,fastq,run.zq","gs,ncbi,ena,s3","ena,gs.us-east1,ncbi.public,s3.us-east-1",ERX2133512,Illumina HiSeq 2500,PAIRED,Inverse rRNA,TRANSCRIPTOMIC,Ovis aries,ILLUMINA,2017-08-10T00:00:00Z,2017-08-23T16:32:00Z,1,SAMEA6660418,ERP021182,SHPM1Tes,,,,,,,,,,,,,,,OAR_RI_AM1_Tes,,,,adult,2,transcription profiling by high throughput sequencing,2017-08-04,2018-11-16,total RNA,ftp://ftp.faang.ebi.ac.uk/ftp/protocols/samples/ROSLIN_SOP_Isolation_of_RNA_from_RNAlater_preserved_tissue_20161108.pdf,fed,normal,2015-10,"Edinburgh Genomics, The University of Edinburgh, EH9 3FL, Edinburgh,      Scotland",55.923953,-3.173114,specimen from organism,testis,FAANG,mate 2 sense,8.7,2.27,2.13,"RNAlater, frozen","cryopreservation, other",336,not applicable,"Edinburgh Genomics, The University of Edinburgh, EH9 3FL, Edinburgh,      Scotland",55.923953,-3.173114,2014-03-12,https://data.faang.org/api/fire_api/samples/ROSLIN_SOP_Harvest_of_Large_Animal_Tissues_20160516.pdf,ERS2107239,The Roslin Institute Sheep Gene Expression Atlas Project,GSB-718,Roslin Sheep Atlas,,,,,,,,,,,,,,,,,,,,,,
ERR2077625,RNA-Seq,250,1291391500,PRJEB19199,SAMEA6660418,560265522,Edinburgh Genomics,public,"sra,fastq,run.zq","s3,gs,ena,ncbi","ena,gs.us-east1,ncbi.public,s3.us-east-1",ERX2133512,Illumina HiSeq 2500,PAIRED,Inverse rRNA,TRANSCRIPTOMIC,Ovis aries,ILLUMINA,2017-08-10T00:00:00Z,2017-08-23T16:33:00Z,1,SAMEA6660418,ERP021182,SHPM1Tes,,,,,,,,,,,,,,,OAR_RI_AM1_Tes,,,,adult,2,transcription profiling by high throughput sequencing,2017-08-04,2018-11-16,total RNA,ftp://ftp.faang.ebi.ac.uk/ftp/protocols/samples/ROSLIN_SOP_Isolation_of_RNA_from_RNAlater_preserved_tissue_20161108.pdf,fed,normal,2015-10,"Edinburgh Genomics, The University of Edinburgh, EH9 3FL, Edinburgh,      Scotland",55.923953,-3.173114,specimen from organism,testis,FAANG,mate 2 sense,8.7,2.27,2.13,"RNAlater, frozen","cryopreservation, other",336,not applicable,"Edinburgh Genomics, The University of Edinburgh, EH9 3FL, Edinburgh,      Scotland",55.923953,-3.173114,2014-03-12,https://data.faang.org/api/fire_api/samples/ROSLIN_SOP_Harvest_of_Large_Animal_Tissues_20160516.pdf,ERS2107239,The Roslin Institute Sheep Gene Expression Atlas Project,GSB-718,Roslin Sheep Atlas,,,,,,,,,,,,,,,,,,,,,,
ERR2077626,RNA-Seq,250,1185780750,PRJEB19199,SAMEA6660418,505507232,Edinburgh Genomics,public,"sra,fastq,run.zq","s3,ena,gs,ncbi","ncbi.public,s3.us-east-1,gs.us-east1,ena",ERX2133512,Illumina HiSeq 2500,PAIRED,Inverse rRNA,TRANSCRIPTOMIC,Ovis aries,ILLUMINA,2017-08-10T00:00:00Z,2017-08-23T16:34:00Z,1,SAMEA6660418,ERP021182,SHPM1Tes,,,,,,,,,,,,,,,OAR_RI_AM1_Tes,,,,adult,2,transcription profiling by high throughput sequencing,2017-08-04,2018-11-16,total RNA,ftp://ftp.faang.ebi.ac.uk/ftp/protocols/samples/ROSLIN_SOP_Isolation_of_RNA_from_RNAlater_preserved_tissue_20161108.pdf,fed,normal,2015-10,"Edinburgh Genomics, The University of Edinburgh, EH9 3FL, Edinburgh,      Scotland",55.923953,-3.173114,specimen from organism,testis,FAANG,mate 2 sense,8.7,2.27,2.13,"RNAlater, frozen","cryopreservation, other",336,not applicable,"Edinburgh Genomics, The University of Edinburgh, EH9 3FL, Edinburgh,      Scotland",55.923953,-3.173114,2014-03-12,https://data.faang.org/api/fire_api/samples/ROSLIN_SOP_Harvest_of_Large_Animal_Tissues_20160516.pdf,ERS2107239,The Roslin Institute Sheep Gene Expression Atlas Project,GSB-718,Roslin Sheep Atlas,,,,,,,,,,,,,,,,,,,,,,
ERR2077627,RNA-Seq,250,1222744750,PRJEB19199,SAMEA6660418,537265946,Edinburgh Genomics,public,"fastq,run.zq,sra","ncbi,ena,gs,s3","gs.us-east1,s3.us-east-1,ena,ncbi.public",ERX2133512,Illumina HiSeq 2500,PAIRED,Inverse rRNA,TRANSCRIPTOMIC,Ovis aries,ILLUMINA,2017-08-10T00:00:00Z,2017-08-23T16:34:00Z,1,SAMEA6660418,ERP021182,SHPM1Tes,,,,,,,,,,,,,,,OAR_RI_AM1_Tes,,,,adult,2,transcription profiling by high throughput sequencing,2017-08-04,2018-11-16,total RNA,ftp://ftp.faang.ebi.ac.uk/ftp/protocols/samples/ROSLIN_SOP_Isolation_of_RNA_from_RNAlater_preserved_tissue_20161108.pdf,fed,normal,2015-10,"Edinburgh Genomics, The University of Edinburgh, EH9 3FL, Edinburgh,      Scotland",55.923953,-3.173114,specimen from organism,testis,FAANG,mate 2 sense,8.7,2.27,2.13,"RNAlater, frozen","cryopreservation, other",336,not applicable,"Edinburgh Genomics, The University of Edinburgh, EH9 3FL, Edinburgh,      Scotland",55.923953,-3.173114,2014-03-12,https://data.faang.org/api/fire_api/samples/ROSLIN_SOP_Harvest_of_Large_Animal_Tissues_20160516.pdf,ERS2107239,The Roslin Institute Sheep Gene Expression Atlas Project,GSB-718,Roslin Sheep Atlas,,,,,,,,,,,,,,,,,,,,,,
ERR2077628,RNA-Seq,250,1294928500,PRJEB19199,SAMEA6660418,562493911,Edinburgh Genomics,public,"fastq,sra,run.zq","gs,s3,ncbi,ena","gs.us-east1,ena,s3.us-east-1,ncbi.public",ERX2133512,Illumina HiSeq 2500,PAIRED,Inverse rRNA,TRANSCRIPTOMIC,Ovis aries,ILLUMINA,2017-08-10T00:00:00Z,2017-08-23T16:33:00Z,1,SAMEA6660418,ERP021182,SHPM1Tes,,,,,,,,,,,,,,,OAR_RI_AM1_Tes,,,,adult,2,transcription profiling by high throughput sequencing,2017-08-04,2018-11-16,total RNA,ftp://ftp.faang.ebi.ac.uk/ftp/protocols/samples/ROSLIN_SOP_Isolation_of_RNA_from_RNAlater_preserved_tissue_20161108.pdf,fed,normal,2015-10,"Edinburgh Genomics, The University of Edinburgh, EH9 3FL, Edinburgh,      Scotland",55.923953,-3.173114,specimen from organism,testis,FAANG,mate 2 sense,8.7,2.27,2.13,"RNAlater, frozen","cryopreservation, other",336,not applicable,"Edinburgh Genomics, The University of Edinburgh, EH9 3FL, Edinburgh,      Scotland",55.923953,-3.173114,2014-03-12,https://data.faang.org/api/fire_api/samples/ROSLIN_SOP_Harvest_of_Large_Animal_Tissues_20160516.pdf,ERS2107239,The Roslin Institute Sheep Gene Expression Atlas Project,GSB-718,Roslin Sheep Atlas,,,,,,,,,,,,,,,,,,,,,,
ERR2077629,RNA-Seq,250,1239227750,PRJEB19199,SAMEA6660418,532764758,Edinburgh Genomics,public,"run.zq,sra,fastq","ena,ncbi,gs,s3","ena,s3.us-east-1,ncbi.public,gs.us-east1",ERX2133512,Illumina HiSeq 2500,PAIRED,Inverse rRNA,TRANSCRIPTOMIC,Ovis aries,ILLUMINA,2017-08-10T00:00:00Z,2017-08-23T16:34:00Z,1,SAMEA6660418,ERP021182,SHPM1Tes,,,,,,,,,,,,,,,OAR_RI_AM1_Tes,,,,adult,2,transcription profiling by high throughput sequencing,2017-08-04,2018-11-16,total RNA,ftp://ftp.faang.ebi.ac.uk/ftp/protocols/samples/ROSLIN_SOP_Isolation_of_RNA_from_RNAlater_preserved_tissue_20161108.pdf,fed,normal,2015-10,"Edinburgh Genomics, The University of Edinburgh, EH9 3FL, Edinburgh,      Scotland",55.923953,-3.173114,specimen from organism,testis,FAANG,mate 2 sense,8.7,2.27,2.13,"RNAlater, frozen","cryopreservation, other",336,not applicable,"Edinburgh Genomics, The University of Edinburgh, EH9 3FL, Edinburgh,      Scotland",55.923953,-3.173114,2014-03-12,https://data.faang.org/api/fire_api/samples/ROSLIN_SOP_Harvest_of_Large_Animal_Tissues_20160516.pdf,ERS2107239,The Roslin Institute Sheep Gene Expression Atlas Project,GSB-718,Roslin Sheep Atlas,,,,,,,,,,,,,,,,,,,,,,
ERR2077630,RNA-Seq,250,1241006750,PRJEB19199,SAMEA6660418,533512455,Edinburgh Genomics,public,"fastq,run.zq,sra","s3,ena,gs,ncbi","s3.us-east-1,ncbi.public,ena,gs.us-east1",ERX2133512,Illumina HiSeq 2500,PAIRED,Inverse rRNA,TRANSCRIPTOMIC,Ovis aries,ILLUMINA,2017-08-10T00:00:00Z,2017-08-23T16:35:00Z,1,SAMEA6660418,ERP021182,SHPM1Tes,,,,,,,,,,,,,,,OAR_RI_AM1_Tes,,,,adult,2,transcription profiling by high throughput sequencing,2017-08-04,2018-11-16,total RNA,ftp://ftp.faang.ebi.ac.uk/ftp/protocols/samples/ROSLIN_SOP_Isolation_of_RNA_from_RNAlater_preserved_tissue_20161108.pdf,fed,normal,2015-10,"Edinburgh Genomics, The University of Edinburgh, EH9 3FL, Edinburgh,      Scotland",55.923953,-3.173114,specimen from organism,testis,FAANG,mate 2 sense,8.7,2.27,2.13,"RNAlater, frozen","cryopreservation, other",336,not applicable,"Edinburgh Genomics, The University of Edinburgh, EH9 3FL, Edinburgh,      Scotland",55.923953,-3.173114,2014-03-12,https://data.faang.org/api/fire_api/samples/ROSLIN_SOP_Harvest_of_Large_Animal_Tissues_20160516.pdf,ERS2107239,The Roslin Institute Sheep Gene Expression Atlas Project,GSB-718,Roslin Sheep Atlas,,,,,,,,,,,,,,,,,,,,,,
ERR2077631,RNA-Seq,250,1206071250,PRJEB19199,SAMEA6660418,561134932,Edinburgh Genomics,public,"run.zq,fastq,sra","ncbi,gs,ena,s3","ena,gs.us-east1,s3.us-east-1,ncbi.public",ERX2133512,Illumina HiSeq 2500,PAIRED,Inverse rRNA,TRANSCRIPTOMIC,Ovis aries,ILLUMINA,2017-08-10T00:00:00Z,2019-06-08T07:44:00Z,1,SAMEA6660418,ERP021182,SHPM1Tes,,,,,,,,,,,,,,,OAR_RI_AM1_Tes,,,,adult,2,transcription profiling by high throughput sequencing,2017-08-04,2019-05-29,total RNA,ftp://ftp.faang.ebi.ac.uk/ftp/protocols/samples/ROSLIN_SOP_Isolation_of_RNA_from_RNAlater_preserved_tissue_20161108.pdf,fed,normal,2015-10,"Edinburgh Genomics, The University of Edinburgh, EH9 3FL, Edinburgh,      Scotland",55.923953,-3.173114,specimen from organism,testis,FAANG,mate 2 sense,8.7,2.27,2.13,"RNAlater, frozen","cryopreservation, other",336,not applicable,"Edinburgh Genomics, The University of Edinburgh, EH9 3FL, Edinburgh,      Scotland",55.923953,-3.173114,2014-03-12,https://data.faang.org/api/fire_api/samples/ROSLIN_SOP_Harvest_of_Large_Animal_Tissues_20160516.pdf,ERS2107239,The Roslin Institute Sheep Gene Expression Atlas Project,GSB-718,Roslin Sheep Atlas,,,,,,,,,,,,,,,,,,,,,,
ERR2077632,RNA-Seq,250,1276988500,PRJEB19199,SAMEA6660418,558739842,Edinburgh Genomics,public,"fastq,run.zq,sra","gs,ncbi,ena,s3","ncbi.public,gs.us-east1,s3.us-east-1,ena",ERX2133512,Illumina HiSeq 2500,PAIRED,Inverse rRNA,TRANSCRIPTOMIC,Ovis aries,ILLUMINA,2017-08-10T00:00:00Z,2017-08-23T16:34:00Z,1,SAMEA6660418,ERP021182,SHPM1Tes,,,,,,,,,,,,,,,OAR_RI_AM1_Tes,,,,adult,2,transcription profiling by high throughput sequencing,2017-08-04,2018-11-16,total RNA,ftp://ftp.faang.ebi.ac.uk/ftp/protocols/samples/ROSLIN_SOP_Isolation_of_RNA_from_RNAlater_preserved_tissue_20161108.pdf,fed,normal,2015-10,"Edinburgh Genomics, The University of Edinburgh, EH9 3FL, Edinburgh,      Scotland",55.923953,-3.173114,specimen from organism,testis,FAANG,mate 2 sense,8.7,2.27,2.13,"RNAlater, frozen","cryopreservation, other",336,not applicable,"Edinburgh Genomics, The University of Edinburgh, EH9 3FL, Edinburgh,      Scotland",55.923953,-3.173114,2014-03-12,https://data.faang.org/api/fire_api/samples/ROSLIN_SOP_Harvest_of_Large_Animal_Tissues_20160516.pdf,ERS2107239,The Roslin Institute Sheep Gene Expression Atlas Project,GSB-718,Roslin Sheep Atlas,,,,,,,,,,,,,,,,,,,,,,
ERR2077633,RNA-Seq,250,1211429750,PRJEB19199,SAMEA6660418,514937709,Edinburgh Genomics,public,"sra,fastq,run.zq","ncbi,s3,gs,ena","ena,s3.us-east-1,ncbi.public,gs.us-east1",ERX2133512,Illumina HiSeq 2500,PAIRED,Inverse rRNA,TRANSCRIPTOMIC,Ovis aries,ILLUMINA,2017-08-10T00:00:00Z,2017-08-21T06:05:00Z,1,SAMEA6660418,ERP021182,SHPM1Tes,,,,,,,,,,,,,,,OAR_RI_AM1_Tes,,,,adult,2,transcription profiling by high throughput sequencing,2017-08-04,2018-11-16,total RNA,ftp://ftp.faang.ebi.ac.uk/ftp/protocols/samples/ROSLIN_SOP_Isolation_of_RNA_from_RNAlater_preserved_tissue_20161108.pdf,fed,normal,2015-10,"Edinburgh Genomics, The University of Edinburgh, EH9 3FL, Edinburgh,      Scotland",55.923953,-3.173114,specimen from organism,testis,FAANG,mate 2 sense,8.7,2.27,2.13,"RNAlater, frozen","cryopreservation, other",336,not applicable,"Edinburgh Genomics, The University of Edinburgh, EH9 3FL, Edinburgh,      Scotland",55.923953,-3.173114,2014-03-12,https://data.faang.org/api/fire_api/samples/ROSLIN_SOP_Harvest_of_Large_Animal_Tissues_20160516.pdf,ERS2107239,The Roslin Institute Sheep Gene Expression Atlas Project,GSB-718,Roslin Sheep Atlas,,,,,,,,,,,,,,,,,,,,,,
ERR2077634,RNA-Seq,250,1300438250,PRJEB19199,SAMEA6660418,564219206,Edinburgh Genomics,public,"sra,run.zq,fastq","s3,gs,ena,ncbi","ena,ncbi.public,gs.us-east1,s3.us-east-1",ERX2133512,Illumina HiSeq 2500,PAIRED,Inverse rRNA,TRANSCRIPTOMIC,Ovis aries,ILLUMINA,2017-08-10T00:00:00Z,2017-08-21T06:05:00Z,1,SAMEA6660418,ERP021182,SHPM1Tes,,,,,,,,,,,,,,,OAR_RI_AM1_Tes,,,,adult,2,transcription profiling by high throughput sequencing,2017-08-04,2018-11-16,total RNA,ftp://ftp.faang.ebi.ac.uk/ftp/protocols/samples/ROSLIN_SOP_Isolation_of_RNA_from_RNAlater_preserved_tissue_20161108.pdf,fed,normal,2015-10,"Edinburgh Genomics, The University of Edinburgh, EH9 3FL, Edinburgh,      Scotland",55.923953,-3.173114,specimen from organism,testis,FAANG,mate 2 sense,8.7,2.27,2.13,"RNAlater, frozen","cryopreservation, other",336,not applicable,"Edinburgh Genomics, The University of Edinburgh, EH9 3FL, Edinburgh,      Scotland",55.923953,-3.173114,2014-03-12,https://data.faang.org/api/fire_api/samples/ROSLIN_SOP_Harvest_of_Large_Animal_Tissues_20160516.pdf,ERS2107239,The Roslin Institute Sheep Gene Expression Atlas Project,GSB-718,Roslin Sheep Atlas,,,,,,,,,,,,,,,,,,,,,,
ERR2077635,RNA-Seq,250,1298269250,PRJEB19199,SAMEA6660418,566130990,Edinburgh Genomics,public,"run.zq,sra,fastq","ncbi,ena,s3,gs","gs.us-east1,ncbi.public,ena,s3.us-east-1",ERX2133512,Illumina HiSeq 2500,PAIRED,Inverse rRNA,TRANSCRIPTOMIC,Ovis aries,ILLUMINA,2017-08-10T00:00:00Z,2017-08-21T06:05:00Z,1,SAMEA6660418,ERP021182,SHPM1Tes,,,,,,,,,,,,,,,OAR_RI_AM1_Tes,,,,adult,2,transcription profiling by high throughput sequencing,2017-08-04,2018-11-16,total RNA,ftp://ftp.faang.ebi.ac.uk/ftp/protocols/samples/ROSLIN_SOP_Isolation_of_RNA_from_RNAlater_preserved_tissue_20161108.pdf,fed,normal,2015-10,"Edinburgh Genomics, The University of Edinburgh, EH9 3FL, Edinburgh,      Scotland",55.923953,-3.173114,specimen from organism,testis,FAANG,mate 2 sense,8.7,2.27,2.13,"RNAlater, frozen","cryopreservation, other",336,not applicable,"Edinburgh Genomics, The University of Edinburgh, EH9 3FL, Edinburgh,      Scotland",55.923953,-3.173114,2014-03-12,https://data.faang.org/api/fire_api/samples/ROSLIN_SOP_Harvest_of_Large_Animal_Tissues_20160516.pdf,ERS2107239,The Roslin Institute Sheep Gene Expression Atlas Project,GSB-718,Roslin Sheep Atlas,,,,,,,,,,,,,,,,,,,,,,
ERR2077636,RNA-Seq,250,1231121500,PRJEB19199,SAMEA6660418,536751200,Edinburgh Genomics,public,"run.zq,fastq,sra","gs,ncbi,s3,ena","s3.us-east-1,ena,gs.us-east1,ncbi.public",ERX2133512,Illumina HiSeq 2500,PAIRED,Inverse rRNA,TRANSCRIPTOMIC,Ovis aries,ILLUMINA,2017-08-10T00:00:00Z,2017-08-21T06:05:00Z,1,SAMEA6660418,ERP021182,SHPM1Tes,,,,,,,,,,,,,,,OAR_RI_AM1_Tes,,,,adult,2,transcription profiling by high throughput sequencing,2017-08-04,2018-11-16,total RNA,ftp://ftp.faang.ebi.ac.uk/ftp/protocols/samples/ROSLIN_SOP_Isolation_of_RNA_from_RNAlater_preserved_tissue_20161108.pdf,fed,normal,2015-10,"Edinburgh Genomics, The University of Edinburgh, EH9 3FL, Edinburgh,      Scotland",55.923953,-3.173114,specimen from organism,testis,FAANG,mate 2 sense,8.7,2.27,2.13,"RNAlater, frozen","cryopreservation, other",336,not applicable,"Edinburgh Genomics, The University of Edinburgh, EH9 3FL, Edinburgh,      Scotland",55.923953,-3.173114,2014-03-12,https://data.faang.org/api/fire_api/samples/ROSLIN_SOP_Harvest_of_Large_Animal_Tissues_20160516.pdf,ERS2107239,The Roslin Institute Sheep Gene Expression Atlas Project,GSB-718,Roslin Sheep Atlas,,,,,,,,,,,,,,,,,,,,,,
ERR2077637,RNA-Seq,250,1238213000,PRJEB19199,SAMEA6660418,531561184,Edinburgh Genomics,public,"run.zq,sra,fastq","ncbi,ena,gs,s3","gs.us-east1,s3.us-east-1,ncbi.public,ena",ERX2133512,Illumina HiSeq 2500,PAIRED,Inverse rRNA,TRANSCRIPTOMIC,Ovis aries,ILLUMINA,2017-08-10T00:00:00Z,2017-08-21T06:05:00Z,1,SAMEA6660418,ERP021182,SHPM1Tes,,,,,,,,,,,,,,,OAR_RI_AM1_Tes,,,,adult,2,transcription profiling by high throughput sequencing,2017-08-04,2018-11-16,total RNA,ftp://ftp.faang.ebi.ac.uk/ftp/protocols/samples/ROSLIN_SOP_Isolation_of_RNA_from_RNAlater_preserved_tissue_20161108.pdf,fed,normal,2015-10,"Edinburgh Genomics, The University of Edinburgh, EH9 3FL, Edinburgh,      Scotland",55.923953,-3.173114,specimen from organism,testis,FAANG,mate 2 sense,8.7,2.27,2.13,"RNAlater, frozen","cryopreservation, other",336,not applicable,"Edinburgh Genomics, The University of Edinburgh, EH9 3FL, Edinburgh,      Scotland",55.923953,-3.173114,2014-03-12,https://data.faang.org/api/fire_api/samples/ROSLIN_SOP_Harvest_of_Large_Animal_Tissues_20160516.pdf,ERS2107239,The Roslin Institute Sheep Gene Expression Atlas Project,GSB-718,Roslin Sheep Atlas,,,,,,,,,,,,,,,,,,,,,,
ERR2077827,RNA-Seq,250,1670213500,PRJEB19199,SAMEA5365918,727311008,Edinburgh Genomics,public,"run.zq,fastq,sra","ncbi,ena,s3,gs","gs.us-east1,s3.us-east-1,ncbi.public,ena",ERX2133478,Illumina HiSeq 2500,PAIRED,Inverse rRNA,TRANSCRIPTOMIC,Ovis aries,ILLUMINA,2017-08-10T00:00:00Z,2017-08-21T06:50:00Z,1,SAMEA5365918,ERP021182,SHPM3Tes,,,,,,,,,,,,,,,OAR_RI_AM3_Tes,,,,adult,2,transcription profiling by high throughput sequencing,2017-08-04,2018-11-16,total RNA,ftp://ftp.faang.ebi.ac.uk/ftp/protocols/samples/ROSLIN_SOP_Isolation_of_RNA_from_frozen_tissue_20161108.pdf,fed,normal,2015-10,"Edinburgh Genomics, The University of Edinburgh, EH9 3FL, Edinburgh,      Scotland",55.923953,-3.173114,specimen from organism,testis,FAANG,mate 2 sense,9,2.33,2.11,"frozen, -150 freezer","cryopreservation, other",321,not applicable,"Edinburgh Genomics, The University of Edinburgh, EH9 3FL, Edinburgh,      Scotland",55.923953,-3.173114,2014-03-26,https://data.faang.org/api/fire_api/samples/ROSLIN_SOP_Harvest_of_Large_Animal_Tissues_20160516.pdf,ERS2107387,The Roslin Institute Sheep Gene Expression Atlas Project,GSB-718,Roslin Sheep Atlas,,,,,,,,,,,,,,,,,,,,,,
ERR2077828,RNA-Seq,250,1729176750,PRJEB19199,SAMEA5365918,760392876,Edinburgh Genomics,public,"run.zq,fastq,sra","gs,ncbi,s3,ena","ncbi.public,s3.us-east-1,ena,gs.us-east1",ERX2133478,Illumina HiSeq 2500,PAIRED,Inverse rRNA,TRANSCRIPTOMIC,Ovis aries,ILLUMINA,2017-08-10T00:00:00Z,2017-08-21T06:50:00Z,1,SAMEA5365918,ERP021182,SHPM3Tes,,,,,,,,,,,,,,,OAR_RI_AM3_Tes,,,,adult,2,transcription profiling by high throughput sequencing,2017-08-04,2018-11-16,total RNA,ftp://ftp.faang.ebi.ac.uk/ftp/protocols/samples/ROSLIN_SOP_Isolation_of_RNA_from_frozen_tissue_20161108.pdf,fed,normal,2015-10,"Edinburgh Genomics, The University of Edinburgh, EH9 3FL, Edinburgh,      Scotland",55.923953,-3.173114,specimen from organism,testis,FAANG,mate 2 sense,9,2.33,2.11,"frozen, -150 freezer","cryopreservation, other",321,not applicable,"Edinburgh Genomics, The University of Edinburgh, EH9 3FL, Edinburgh,      Scotland",55.923953,-3.173114,2014-03-26,https://data.faang.org/api/fire_api/samples/ROSLIN_SOP_Harvest_of_Large_Animal_Tissues_20160516.pdf,ERS2107387,The Roslin Institute Sheep Gene Expression Atlas Project,GSB-718,Roslin Sheep Atlas,,,,,,,,,,,,,,,,,,,,,,
ERR2077829,RNA-Seq,250,1740150250,PRJEB19199,SAMEA5365918,766541544,Edinburgh Genomics,public,"run.zq,sra,fastq","ena,gs,s3,ncbi","ncbi.public,ena,gs.us-east1,s3.us-east-1",ERX2133478,Illumina HiSeq 2500,PAIRED,Inverse rRNA,TRANSCRIPTOMIC,Ovis aries,ILLUMINA,2017-08-10T00:00:00Z,2017-08-21T06:51:00Z,1,SAMEA5365918,ERP021182,SHPM3Tes,,,,,,,,,,,,,,,OAR_RI_AM3_Tes,,,,adult,2,transcription profiling by high throughput sequencing,2017-08-04,2018-11-16,total RNA,ftp://ftp.faang.ebi.ac.uk/ftp/protocols/samples/ROSLIN_SOP_Isolation_of_RNA_from_frozen_tissue_20161108.pdf,fed,normal,2015-10,"Edinburgh Genomics, The University of Edinburgh, EH9 3FL, Edinburgh,      Scotland",55.923953,-3.173114,specimen from organism,testis,FAANG,mate 2 sense,9,2.33,2.11,"frozen, -150 freezer","cryopreservation, other",321,not applicable,"Edinburgh Genomics, The University of Edinburgh, EH9 3FL, Edinburgh,      Scotland",55.923953,-3.173114,2014-03-26,https://data.faang.org/api/fire_api/samples/ROSLIN_SOP_Harvest_of_Large_Animal_Tissues_20160516.pdf,ERS2107387,The Roslin Institute Sheep Gene Expression Atlas Project,GSB-718,Roslin Sheep Atlas,,,,,,,,,,,,,,,,,,,,,,
ERR2077830,RNA-Seq,250,1713151250,PRJEB19199,SAMEA5365918,759510516,Edinburgh Genomics,public,"sra,run.zq,fastq","s3,ncbi,ena,gs","ncbi.public,s3.us-east-1,gs.us-east1,ena",ERX2133478,Illumina HiSeq 2500,PAIRED,Inverse rRNA,TRANSCRIPTOMIC,Ovis aries,ILLUMINA,2017-08-10T00:00:00Z,2017-08-21T06:51:00Z,1,SAMEA5365918,ERP021182,SHPM3Tes,,,,,,,,,,,,,,,OAR_RI_AM3_Tes,,,,adult,2,transcription profiling by high throughput sequencing,2017-08-04,2018-11-16,total RNA,ftp://ftp.faang.ebi.ac.uk/ftp/protocols/samples/ROSLIN_SOP_Isolation_of_RNA_from_frozen_tissue_20161108.pdf,fed,normal,2015-10,"Edinburgh Genomics, The University of Edinburgh, EH9 3FL, Edinburgh,      Scotland",55.923953,-3.173114,specimen from organism,testis,FAANG,mate 2 sense,9,2.33,2.11,"frozen, -150 freezer","cryopreservation, other",321,not applicable,"Edinburgh Genomics, The University of Edinburgh, EH9 3FL, Edinburgh,      Scotland",55.923953,-3.173114,2014-03-26,https://data.faang.org/api/fire_api/samples/ROSLIN_SOP_Harvest_of_Large_Animal_Tissues_20160516.pdf,ERS2107387,The Roslin Institute Sheep Gene Expression Atlas Project,GSB-718,Roslin Sheep Atlas,,,,,,,,,,,,,,,,,,,,,,
ERR2077831,RNA-Seq,250,1627028000,PRJEB19199,SAMEA5365918,724697771,Edinburgh Genomics,public,"run.zq,sra,fastq","ena,ncbi,s3,gs","ena,gs.us-east1,s3.us-east-1,ncbi.public",ERX2133478,Illumina HiSeq 2500,PAIRED,Inverse rRNA,TRANSCRIPTOMIC,Ovis aries,ILLUMINA,2017-08-10T00:00:00Z,2017-08-21T06:50:00Z,1,SAMEA5365918,ERP021182,SHPM3Tes,,,,,,,,,,,,,,,OAR_RI_AM3_Tes,,,,adult,2,transcription profiling by high throughput sequencing,2017-08-04,2018-11-16,total RNA,ftp://ftp.faang.ebi.ac.uk/ftp/protocols/samples/ROSLIN_SOP_Isolation_of_RNA_from_frozen_tissue_20161108.pdf,fed,normal,2015-10,"Edinburgh Genomics, The University of Edinburgh, EH9 3FL, Edinburgh,      Scotland",55.923953,-3.173114,specimen from organism,testis,FAANG,mate 2 sense,9,2.33,2.11,"frozen, -150 freezer","cryopreservation, other",321,not applicable,"Edinburgh Genomics, The University of Edinburgh, EH9 3FL, Edinburgh,      Scotland",55.923953,-3.173114,2014-03-26,https://data.faang.org/api/fire_api/samples/ROSLIN_SOP_Harvest_of_Large_Animal_Tissues_20160516.pdf,ERS2107387,The Roslin Institute Sheep Gene Expression Atlas Project,GSB-718,Roslin Sheep Atlas,,,,,,,,,,,,,,,,,,,,,,
ERR2077832,RNA-Seq,250,1736951000,PRJEB19199,SAMEA5365918,764836777,Edinburgh Genomics,public,"run.zq,sra,fastq","gs,s3,ena,ncbi","gs.us-east1,ncbi.public,s3.us-east-1,ena",ERX2133478,Illumina HiSeq 2500,PAIRED,Inverse rRNA,TRANSCRIPTOMIC,Ovis aries,ILLUMINA,2017-08-10T00:00:00Z,2017-08-21T06:51:00Z,1,SAMEA5365918,ERP021182,SHPM3Tes,,,,,,,,,,,,,,,OAR_RI_AM3_Tes,,,,adult,2,transcription profiling by high throughput sequencing,2017-08-04,2018-11-16,total RNA,ftp://ftp.faang.ebi.ac.uk/ftp/protocols/samples/ROSLIN_SOP_Isolation_of_RNA_from_frozen_tissue_20161108.pdf,fed,normal,2015-10,"Edinburgh Genomics, The University of Edinburgh, EH9 3FL, Edinburgh,      Scotland",55.923953,-3.173114,specimen from organism,testis,FAANG,mate 2 sense,9,2.33,2.11,"frozen, -150 freezer","cryopreservation, other",321,not applicable,"Edinburgh Genomics, The University of Edinburgh, EH9 3FL, Edinburgh,      Scotland",55.923953,-3.173114,2014-03-26,https://data.faang.org/api/fire_api/samples/ROSLIN_SOP_Harvest_of_Large_Animal_Tissues_20160516.pdf,ERS2107387,The Roslin Institute Sheep Gene Expression Atlas Project,GSB-718,Roslin Sheep Atlas,,,,,,,,,,,,,,,,,,,,,,
ERR2077833,RNA-Seq,250,1656090750,PRJEB19199,SAMEA5365918,715770081,Edinburgh Genomics,public,"run.zq,fastq,sra","ena,s3,ncbi,gs","gs.us-east1,s3.us-east-1,ncbi.public,ena",ERX2133478,Illumina HiSeq 2500,PAIRED,Inverse rRNA,TRANSCRIPTOMIC,Ovis aries,ILLUMINA,2017-08-10T00:00:00Z,2017-08-21T06:52:00Z,1,SAMEA5365918,ERP021182,SHPM3Tes,,,,,,,,,,,,,,,OAR_RI_AM3_Tes,,,,adult,2,transcription profiling by high throughput sequencing,2017-08-04,2018-11-16,total RNA,ftp://ftp.faang.ebi.ac.uk/ftp/protocols/samples/ROSLIN_SOP_Isolation_of_RNA_from_frozen_tissue_20161108.pdf,fed,normal,2015-10,"Edinburgh Genomics, The University of Edinburgh, EH9 3FL, Edinburgh,      Scotland",55.923953,-3.173114,specimen from organism,testis,FAANG,mate 2 sense,9,2.33,2.11,"frozen, -150 freezer","cryopreservation, other",321,not applicable,"Edinburgh Genomics, The University of Edinburgh, EH9 3FL, Edinburgh,      Scotland",55.923953,-3.173114,2014-03-26,https://data.faang.org/api/fire_api/samples/ROSLIN_SOP_Harvest_of_Large_Animal_Tissues_20160516.pdf,ERS2107387,The Roslin Institute Sheep Gene Expression Atlas Project,GSB-718,Roslin Sheep Atlas,,,,,,,,,,,,,,,,,,,,,,
ERR2077834,RNA-Seq,250,1637149250,PRJEB19199,SAMEA5365918,723828337,Edinburgh Genomics,public,"fastq,run.zq,sra","ena,ncbi,s3,gs","ena,ncbi.public,s3.us-east-1,gs.us-east1",ERX2133478,Illumina HiSeq 2500,PAIRED,Inverse rRNA,TRANSCRIPTOMIC,Ovis aries,ILLUMINA,2017-08-10T00:00:00Z,2017-08-21T06:53:00Z,1,SAMEA5365918,ERP021182,SHPM3Tes,,,,,,,,,,,,,,,OAR_RI_AM3_Tes,,,,adult,2,transcription profiling by high throughput sequencing,2017-08-04,2018-11-16,total RNA,ftp://ftp.faang.ebi.ac.uk/ftp/protocols/samples/ROSLIN_SOP_Isolation_of_RNA_from_frozen_tissue_20161108.pdf,fed,normal,2015-10,"Edinburgh Genomics, The University of Edinburgh, EH9 3FL, Edinburgh,      Scotland",55.923953,-3.173114,specimen from organism,testis,FAANG,mate 2 sense,9,2.33,2.11,"frozen, -150 freezer","cryopreservation, other",321,not applicable,"Edinburgh Genomics, The University of Edinburgh, EH9 3FL, Edinburgh,      Scotland",55.923953,-3.173114,2014-03-26,https://data.faang.org/api/fire_api/samples/ROSLIN_SOP_Harvest_of_Large_Animal_Tissues_20160516.pdf,ERS2107387,The Roslin Institute Sheep Gene Expression Atlas Project,GSB-718,Roslin Sheep Atlas,,,,,,,,,,,,,,,,,,,,,,
ERR2077835,RNA-Seq,250,1632905250,PRJEB19199,SAMEA5365918,702544127,Edinburgh Genomics,public,"sra,fastq,run.zq","gs,ncbi,ena,s3","gs.us-east1,ncbi.public,ena,s3.us-east-1",ERX2133478,Illumina HiSeq 2500,PAIRED,Inverse rRNA,TRANSCRIPTOMIC,Ovis aries,ILLUMINA,2017-08-10T00:00:00Z,2017-08-21T06:52:00Z,1,SAMEA5365918,ERP021182,SHPM3Tes,,,,,,,,,,,,,,,OAR_RI_AM3_Tes,,,,adult,2,transcription profiling by high throughput sequencing,2017-08-04,2018-11-16,total RNA,ftp://ftp.faang.ebi.ac.uk/ftp/protocols/samples/ROSLIN_SOP_Isolation_of_RNA_from_frozen_tissue_20161108.pdf,fed,normal,2015-10,"Edinburgh Genomics, The University of Edinburgh, EH9 3FL, Edinburgh,      Scotland",55.923953,-3.173114,specimen from organism,testis,FAANG,mate 2 sense,9,2.33,2.11,"frozen, -150 freezer","cryopreservation, other",321,not applicable,"Edinburgh Genomics, The University of Edinburgh, EH9 3FL, Edinburgh,      Scotland",55.923953,-3.173114,2014-03-26,https://data.faang.org/api/fire_api/samples/ROSLIN_SOP_Harvest_of_Large_Animal_Tissues_20160516.pdf,ERS2107387,The Roslin Institute Sheep Gene Expression Atlas Project,GSB-718,Roslin Sheep Atlas,,,,,,,,,,,,,,,,,,,,,,
ERR2077836,RNA-Seq,250,1719474000,PRJEB19199,SAMEA5365918,758923459,Edinburgh Genomics,public,"sra,run.zq,fastq","gs,s3,ena,ncbi","ena,s3.us-east-1,ncbi.public,gs.us-east1",ERX2133478,Illumina HiSeq 2500,PAIRED,Inverse rRNA,TRANSCRIPTOMIC,Ovis aries,ILLUMINA,2017-08-10T00:00:00Z,2017-08-21T06:53:00Z,1,SAMEA5365918,ERP021182,SHPM3Tes,,,,,,,,,,,,,,,OAR_RI_AM3_Tes,,,,adult,2,transcription profiling by high throughput sequencing,2017-08-04,2018-11-16,total RNA,ftp://ftp.faang.ebi.ac.uk/ftp/protocols/samples/ROSLIN_SOP_Isolation_of_RNA_from_frozen_tissue_20161108.pdf,fed,normal,2015-10,"Edinburgh Genomics, The University of Edinburgh, EH9 3FL, Edinburgh,      Scotland",55.923953,-3.173114,specimen from organism,testis,FAANG,mate 2 sense,9,2.33,2.11,"frozen, -150 freezer","cryopreservation, other",321,not applicable,"Edinburgh Genomics, The University of Edinburgh, EH9 3FL, Edinburgh,      Scotland",55.923953,-3.173114,2014-03-26,https://data.faang.org/api/fire_api/samples/ROSLIN_SOP_Harvest_of_Large_Animal_Tissues_20160516.pdf,ERS2107387,The Roslin Institute Sheep Gene Expression Atlas Project,GSB-718,Roslin Sheep Atlas,,,,,,,,,,,,,,,,,,,,,,
ERR2077837,RNA-Seq,250,1708112750,PRJEB19199,SAMEA5365918,758194668,Edinburgh Genomics,public,"fastq,sra,run.zq","ncbi,ena,s3,gs","ena,s3.us-east-1,gs.us-east1,ncbi.public",ERX2133478,Illumina HiSeq 2500,PAIRED,Inverse rRNA,TRANSCRIPTOMIC,Ovis aries,ILLUMINA,2017-08-10T00:00:00Z,2017-08-21T06:54:00Z,1,SAMEA5365918,ERP021182,SHPM3Tes,,,,,,,,,,,,,,,OAR_RI_AM3_Tes,,,,adult,2,transcription profiling by high throughput sequencing,2017-08-04,2018-11-16,total RNA,ftp://ftp.faang.ebi.ac.uk/ftp/protocols/samples/ROSLIN_SOP_Isolation_of_RNA_from_frozen_tissue_20161108.pdf,fed,normal,2015-10,"Edinburgh Genomics, The University of Edinburgh, EH9 3FL, Edinburgh,      Scotland",55.923953,-3.173114,specimen from organism,testis,FAANG,mate 2 sense,9,2.33,2.11,"frozen, -150 freezer","cryopreservation, other",321,not applicable,"Edinburgh Genomics, The University of Edinburgh, EH9 3FL, Edinburgh,      Scotland",55.923953,-3.173114,2014-03-26,https://data.faang.org/api/fire_api/samples/ROSLIN_SOP_Harvest_of_Large_Animal_Tissues_20160516.pdf,ERS2107387,The Roslin Institute Sheep Gene Expression Atlas Project,GSB-718,Roslin Sheep Atlas,,,,,,,,,,,,,,,,,,,,,,
ERR2077838,RNA-Seq,250,1669715750,PRJEB19199,SAMEA5365918,724928439,Edinburgh Genomics,public,"run.zq,fastq,sra","gs,ena,ncbi,s3","gs.us-east1,s3.us-east-1,ncbi.public,ena",ERX2133478,Illumina HiSeq 2500,PAIRED,Inverse rRNA,TRANSCRIPTOMIC,Ovis aries,ILLUMINA,2017-08-10T00:00:00Z,2017-08-21T06:54:00Z,1,SAMEA5365918,ERP021182,SHPM3Tes,,,,,,,,,,,,,,,OAR_RI_AM3_Tes,,,,adult,2,transcription profiling by high throughput sequencing,2017-08-04,2018-11-16,total RNA,ftp://ftp.faang.ebi.ac.uk/ftp/protocols/samples/ROSLIN_SOP_Isolation_of_RNA_from_frozen_tissue_20161108.pdf,fed,normal,2015-10,"Edinburgh Genomics, The University of Edinburgh, EH9 3FL, Edinburgh,      Scotland",55.923953,-3.173114,specimen from organism,testis,FAANG,mate 2 sense,9,2.33,2.11,"frozen, -150 freezer","cryopreservation, other",321,not applicable,"Edinburgh Genomics, The University of Edinburgh, EH9 3FL, Edinburgh,      Scotland",55.923953,-3.173114,2014-03-26,https://data.faang.org/api/fire_api/samples/ROSLIN_SOP_Harvest_of_Large_Animal_Tissues_20160516.pdf,ERS2107387,The Roslin Institute Sheep Gene Expression Atlas Project,GSB-718,Roslin Sheep Atlas,,,,,,,,,,,,,,,,,,,,,,
ERR2077839,RNA-Seq,250,1668888750,PRJEB19199,SAMEA5365918,726208585,Edinburgh Genomics,public,"run.zq,fastq,sra","gs,ncbi,ena,s3","s3.us-east-1,gs.us-east1,ena,ncbi.public",ERX2133478,Illumina HiSeq 2500,PAIRED,Inverse rRNA,TRANSCRIPTOMIC,Ovis aries,ILLUMINA,2017-08-10T00:00:00Z,2017-08-21T06:55:00Z,1,SAMEA5365918,ERP021182,SHPM3Tes,,,,,,,,,,,,,,,OAR_RI_AM3_Tes,,,,adult,2,transcription profiling by high throughput sequencing,2017-08-04,2018-11-16,total RNA,ftp://ftp.faang.ebi.ac.uk/ftp/protocols/samples/ROSLIN_SOP_Isolation_of_RNA_from_frozen_tissue_20161108.pdf,fed,normal,2015-10,"Edinburgh Genomics, The University of Edinburgh, EH9 3FL, Edinburgh,      Scotland",55.923953,-3.173114,specimen from organism,testis,FAANG,mate 2 sense,9,2.33,2.11,"frozen, -150 freezer","cryopreservation, other",321,not applicable,"Edinburgh Genomics, The University of Edinburgh, EH9 3FL, Edinburgh,      Scotland",55.923953,-3.173114,2014-03-26,https://data.faang.org/api/fire_api/samples/ROSLIN_SOP_Harvest_of_Large_Animal_Tissues_20160516.pdf,ERS2107387,The Roslin Institute Sheep Gene Expression Atlas Project,GSB-718,Roslin Sheep Atlas,,,,,,,,,,,,,,,,,,,,,,
ERR2077840,RNA-Seq,250,1678197000,PRJEB19199,SAMEA5365918,743234059,Edinburgh Genomics,public,"fastq,sra,run.zq","s3,gs,ena,ncbi","gs.us-east1,ncbi.public,ena,s3.us-east-1",ERX2133478,Illumina HiSeq 2500,PAIRED,Inverse rRNA,TRANSCRIPTOMIC,Ovis aries,ILLUMINA,2017-08-10T00:00:00Z,2017-08-21T06:53:00Z,1,SAMEA5365918,ERP021182,SHPM3Tes,,,,,,,,,,,,,,,OAR_RI_AM3_Tes,,,,adult,2,transcription profiling by high throughput sequencing,2017-08-04,2018-11-16,total RNA,ftp://ftp.faang.ebi.ac.uk/ftp/protocols/samples/ROSLIN_SOP_Isolation_of_RNA_from_frozen_tissue_20161108.pdf,fed,normal,2015-10,"Edinburgh Genomics, The University of Edinburgh, EH9 3FL, Edinburgh,      Scotland",55.923953,-3.173114,specimen from organism,testis,FAANG,mate 2 sense,9,2.33,2.11,"frozen, -150 freezer","cryopreservation, other",321,not applicable,"Edinburgh Genomics, The University of Edinburgh, EH9 3FL, Edinburgh,      Scotland",55.923953,-3.173114,2014-03-26,https://data.faang.org/api/fire_api/samples/ROSLIN_SOP_Harvest_of_Large_Animal_Tissues_20160516.pdf,ERS2107387,The Roslin Institute Sheep Gene Expression Atlas Project,GSB-718,Roslin Sheep Atlas,,,,,,,,,,,,,,,,,,,,,,
ERR2077841,RNA-Seq,250,1604624000,PRJEB19199,SAMEA5365918,755951705,Edinburgh Genomics,public,"sra,fastq,run.zq","s3,ncbi,ena,gs","gs.us-east1,ena,s3.us-east-1,ncbi.public",ERX2133478,Illumina HiSeq 2500,PAIRED,Inverse rRNA,TRANSCRIPTOMIC,Ovis aries,ILLUMINA,2017-08-10T00:00:00Z,2019-06-09T15:43:00Z,1,SAMEA5365918,ERP021182,SHPM3Tes,,,,,,,,,,,,,,,OAR_RI_AM3_Tes,,,,adult,2,transcription profiling by high throughput sequencing,2017-08-04,2019-06-07,total RNA,ftp://ftp.faang.ebi.ac.uk/ftp/protocols/samples/ROSLIN_SOP_Isolation_of_RNA_from_frozen_tissue_20161108.pdf,fed,normal,2015-10,"Edinburgh Genomics, The University of Edinburgh, EH9 3FL, Edinburgh,      Scotland",55.923953,-3.173114,specimen from organism,testis,FAANG,mate 2 sense,9,2.33,2.11,"frozen, -150 freezer","cryopreservation, other",321,not applicable,"Edinburgh Genomics, The University of Edinburgh, EH9 3FL, Edinburgh,      Scotland",55.923953,-3.173114,2014-03-26,https://data.faang.org/api/fire_api/samples/ROSLIN_SOP_Harvest_of_Large_Animal_Tissues_20160516.pdf,ERS2107387,The Roslin Institute Sheep Gene Expression Atlas Project,GSB-718,Roslin Sheep Atlas,,,,,,,,,,,,,,,,,,,,,,
ERR2077842,RNA-Seq,250,1597886000,PRJEB19199,SAMEA5365918,690070002,Edinburgh Genomics,public,"sra,run.zq,fastq","ncbi,gs,ena,s3","ena,ncbi.public,s3.us-east-1,gs.us-east1",ERX2133478,Illumina HiSeq 2500,PAIRED,Inverse rRNA,TRANSCRIPTOMIC,Ovis aries,ILLUMINA,2017-08-10T00:00:00Z,2017-08-21T06:55:00Z,1,SAMEA5365918,ERP021182,SHPM3Tes,,,,,,,,,,,,,,,OAR_RI_AM3_Tes,,,,adult,2,transcription profiling by high throughput sequencing,2017-08-04,2018-11-16,total RNA,ftp://ftp.faang.ebi.ac.uk/ftp/protocols/samples/ROSLIN_SOP_Isolation_of_RNA_from_frozen_tissue_20161108.pdf,fed,normal,2015-10,"Edinburgh Genomics, The University of Edinburgh, EH9 3FL, Edinburgh,      Scotland",55.923953,-3.173114,specimen from organism,testis,FAANG,mate 2 sense,9,2.33,2.11,"frozen, -150 freezer","cryopreservation, other",321,not applicable,"Edinburgh Genomics, The University of Edinburgh, EH9 3FL, Edinburgh,      Scotland",55.923953,-3.173114,2014-03-26,https://data.faang.org/api/fire_api/samples/ROSLIN_SOP_Harvest_of_Large_Animal_Tissues_20160516.pdf,ERS2107387,The Roslin Institute Sheep Gene Expression Atlas Project,GSB-718,Roslin Sheep Atlas,,,,,,,,,,,,,,,,,,,,,,
ERR2077843,RNA-Seq,250,1742257250,PRJEB19199,SAMEA5365918,766042992,Edinburgh Genomics,public,"sra,run.zq,fastq","gs,ncbi,ena,s3","s3.us-east-1,ena,ncbi.public,gs.us-east1",ERX2133478,Illumina HiSeq 2500,PAIRED,Inverse rRNA,TRANSCRIPTOMIC,Ovis aries,ILLUMINA,2017-08-10T00:00:00Z,2017-08-21T06:55:00Z,1,SAMEA5365918,ERP021182,SHPM3Tes,,,,,,,,,,,,,,,OAR_RI_AM3_Tes,,,,adult,2,transcription profiling by high throughput sequencing,2017-08-04,2018-11-16,total RNA,ftp://ftp.faang.ebi.ac.uk/ftp/protocols/samples/ROSLIN_SOP_Isolation_of_RNA_from_frozen_tissue_20161108.pdf,fed,normal,2015-10,"Edinburgh Genomics, The University of Edinburgh, EH9 3FL, Edinburgh,      Scotland",55.923953,-3.173114,specimen from organism,testis,FAANG,mate 2 sense,9,2.33,2.11,"frozen, -150 freezer","cryopreservation, other",321,not applicable,"Edinburgh Genomics, The University of Edinburgh, EH9 3FL, Edinburgh,      Scotland",55.923953,-3.173114,2014-03-26,https://data.faang.org/api/fire_api/samples/ROSLIN_SOP_Harvest_of_Large_Animal_Tissues_20160516.pdf,ERS2107387,The Roslin Institute Sheep Gene Expression Atlas Project,GSB-718,Roslin Sheep Atlas,,,,,,,,,,,,,,,,,,,,,,
ERR2077844,RNA-Seq,250,1741642250,PRJEB19199,SAMEA5365918,769729623,Edinburgh Genomics,public,"sra,fastq,run.zq","ena,s3,ncbi,gs","ncbi.public,s3.us-east-1,gs.us-east1,ena",ERX2133478,Illumina HiSeq 2500,PAIRED,Inverse rRNA,TRANSCRIPTOMIC,Ovis aries,ILLUMINA,2017-08-10T00:00:00Z,2017-08-21T06:56:00Z,1,SAMEA5365918,ERP021182,SHPM3Tes,,,,,,,,,,,,,,,OAR_RI_AM3_Tes,,,,adult,2,transcription profiling by high throughput sequencing,2017-08-04,2018-11-16,total RNA,ftp://ftp.faang.ebi.ac.uk/ftp/protocols/samples/ROSLIN_SOP_Isolation_of_RNA_from_frozen_tissue_20161108.pdf,fed,normal,2015-10,"Edinburgh Genomics, The University of Edinburgh, EH9 3FL, Edinburgh,      Scotland",55.923953,-3.173114,specimen from organism,testis,FAANG,mate 2 sense,9,2.33,2.11,"frozen, -150 freezer","cryopreservation, other",321,not applicable,"Edinburgh Genomics, The University of Edinburgh, EH9 3FL, Edinburgh,      Scotland",55.923953,-3.173114,2014-03-26,https://data.faang.org/api/fire_api/samples/ROSLIN_SOP_Harvest_of_Large_Animal_Tissues_20160516.pdf,ERS2107387,The Roslin Institute Sheep Gene Expression Atlas Project,GSB-718,Roslin Sheep Atlas,,,,,,,,,,,,,,,,,,,,,,
ERR2077845,RNA-Seq,250,1624311250,PRJEB19199,SAMEA5365918,717216791,Edinburgh Genomics,public,"run.zq,fastq,sra","ena,gs,ncbi,s3","gs.us-east1,ncbi.public,ena,s3.us-east-1",ERX2133478,Illumina HiSeq 2500,PAIRED,Inverse rRNA,TRANSCRIPTOMIC,Ovis aries,ILLUMINA,2017-08-10T00:00:00Z,2017-08-21T06:56:00Z,1,SAMEA5365918,ERP021182,SHPM3Tes,,,,,,,,,,,,,,,OAR_RI_AM3_Tes,,,,adult,2,transcription profiling by high throughput sequencing,2017-08-04,2018-11-16,total RNA,ftp://ftp.faang.ebi.ac.uk/ftp/protocols/samples/ROSLIN_SOP_Isolation_of_RNA_from_frozen_tissue_20161108.pdf,fed,normal,2015-10,"Edinburgh Genomics, The University of Edinburgh, EH9 3FL, Edinburgh,      Scotland",55.923953,-3.173114,specimen from organism,testis,FAANG,mate 2 sense,9,2.33,2.11,"frozen, -150 freezer","cryopreservation, other",321,not applicable,"Edinburgh Genomics, The University of Edinburgh, EH9 3FL, Edinburgh,      Scotland",55.923953,-3.173114,2014-03-26,https://data.faang.org/api/fire_api/samples/ROSLIN_SOP_Harvest_of_Large_Animal_Tissues_20160516.pdf,ERS2107387,The Roslin Institute Sheep Gene Expression Atlas Project,GSB-718,Roslin Sheep Atlas,,,,,,,,,,,,,,,,,,,,,,
ERR2077846,RNA-Seq,250,1662413750,PRJEB19199,SAMEA5365918,722696041,Edinburgh Genomics,public,"fastq,sra,run.zq","gs,ncbi,s3,ena","ena,s3.us-east-1,gs.us-east1,ncbi.public",ERX2133478,Illumina HiSeq 2500,PAIRED,Inverse rRNA,TRANSCRIPTOMIC,Ovis aries,ILLUMINA,2017-08-10T00:00:00Z,2017-08-21T06:56:00Z,1,SAMEA5365918,ERP021182,SHPM3Tes,,,,,,,,,,,,,,,OAR_RI_AM3_Tes,,,,adult,2,transcription profiling by high throughput sequencing,2017-08-04,2018-11-16,total RNA,ftp://ftp.faang.ebi.ac.uk/ftp/protocols/samples/ROSLIN_SOP_Isolation_of_RNA_from_frozen_tissue_20161108.pdf,fed,normal,2015-10,"Edinburgh Genomics, The University of Edinburgh, EH9 3FL, Edinburgh,      Scotland",55.923953,-3.173114,specimen from organism,testis,FAANG,mate 2 sense,9,2.33,2.11,"frozen, -150 freezer","cryopreservation, other",321,not applicable,"Edinburgh Genomics, The University of Edinburgh, EH9 3FL, Edinburgh,      Scotland",55.923953,-3.173114,2014-03-26,https://data.faang.org/api/fire_api/samples/ROSLIN_SOP_Harvest_of_Large_Animal_Tissues_20160516.pdf,ERS2107387,The Roslin Institute Sheep Gene Expression Atlas Project,GSB-718,Roslin Sheep Atlas,,,,,,,,,,,,,,,,,,,,,,
ERR2077847,RNA-Seq,250,1667266500,PRJEB19199,SAMEA5365918,725436587,Edinburgh Genomics,public,"run.zq,fastq,sra","ncbi,s3,gs,ena","gs.us-east1,ncbi.public,ena,s3.us-east-1",ERX2133478,Illumina HiSeq 2500,PAIRED,Inverse rRNA,TRANSCRIPTOMIC,Ovis aries,ILLUMINA,2017-08-10T00:00:00Z,2017-08-21T06:56:00Z,1,SAMEA5365918,ERP021182,SHPM3Tes,,,,,,,,,,,,,,,OAR_RI_AM3_Tes,,,,adult,2,transcription profiling by high throughput sequencing,2017-08-04,2018-11-16,total RNA,ftp://ftp.faang.ebi.ac.uk/ftp/protocols/samples/ROSLIN_SOP_Isolation_of_RNA_from_frozen_tissue_20161108.pdf,fed,normal,2015-10,"Edinburgh Genomics, The University of Edinburgh, EH9 3FL, Edinburgh,      Scotland",55.923953,-3.173114,specimen from organism,testis,FAANG,mate 2 sense,9,2.33,2.11,"frozen, -150 freezer","cryopreservation, other",321,not applicable,"Edinburgh Genomics, The University of Edinburgh, EH9 3FL, Edinburgh,      Scotland",55.923953,-3.173114,2014-03-26,https://data.faang.org/api/fire_api/samples/ROSLIN_SOP_Harvest_of_Large_Animal_Tissues_20160516.pdf,ERS2107387,The Roslin Institute Sheep Gene Expression Atlas Project,GSB-718,Roslin Sheep Atlas,,,,,,,,,,,,,,,,,,,,,,
SRR10821773,RNA-Seq,300,11535473700,PRJNA597576,SAMN13678651,3682776048,NORTHWEST A&F UNIVERSITY,public,"run.zq,fastq,sra","ncbi,s3,gs","s3.us-east-1,ncbi.public,gs.us-east1",SRX7495160,HiSeq X Ten,PAIRED,size fractionation,TRANSCRIPTOMIC,Ovis aries,ILLUMINA,2020-01-03T00:00:00Z,2020-01-03T00:12:00Z,1,Husheep,SRP239350,Hu_rna-seq,blood,2 years,Model organism or animal,male,Hu sheep,,,,,,,,,Hu2020,,,,,,,,,,,,,,,,,,,,,,,,,,,,,,,,,,,,,,,,,,,,,,,,,,,,,,,,,,,
SRR15931175,RNA-Seq,300,39268710000,PRJNA764185,SAMN21471092,14696221678,GEO,public,"fastq,sra,run.zq","s3,gs,ncbi","ncbi.public,s3.us-east-1,gs.us-east1",SRX12221284,Illumina NovaSeq 6000,PAIRED,cDNA,TRANSCRIPTOMIC,Ovis aries,ILLUMINA,2021-12-31T00:00:00Z,2021-09-17T15:23:00Z,1,GSM5584788,SRP337619,,testis,3 month-old,,male,Hu,,,,,,,,testis- healthy sheep,,,,GSM5584788,,,,,,,,,,,,,,,,,,,,,,,,,,,,,,,,,,,,,,,,,,,,,,,,,,,,,,,Sexual maturation,
SRR15931176,RNA-Seq,300,37185529500,PRJNA764185,SAMN21471092,13775633828,GEO,public,"run.zq,sra,fastq","s3,gs,ncbi","gs.us-east1,s3.us-east-1,ncbi.public",SRX12221284,Illumina NovaSeq 6000,PAIRED,cDNA,TRANSCRIPTOMIC,Ovis aries,ILLUMINA,2021-12-31T00:00:00Z,2021-09-17T14:30:00Z,1,GSM5584788,SRP337619,,testis,3 month-old,,male,Hu,,,,,,,,testis- healthy sheep,,,,GSM5584788,,,,,,,,,,,,,,,,,,,,,,,,,,,,,,,,,,,,,,,,,,,,,,,,,,,,,,,Sexual maturation,
SRR15931177,RNA-Seq,300,36345342000,PRJNA764185,SAMN21471092,13527042662,GEO,public,"fastq,sra,run.zq","gs,ncbi,s3","s3.us-east-1,ncbi.public,gs.us-east1",SRX12221284,Illumina NovaSeq 6000,PAIRED,cDNA,TRANSCRIPTOMIC,Ovis aries,ILLUMINA,2021-12-31T00:00:00Z,2021-09-17T14:26:00Z,1,GSM5584788,SRP337619,,testis,3 month-old,,male,Hu,,,,,,,,testis- healthy sheep,,,,GSM5584788,,,,,,,,,,,,,,,,,,,,,,,,,,,,,,,,,,,,,,,,,,,,,,,,,,,,,,,Sexual maturation,
SRR15931178,RNA-Seq,300,36424348800,PRJNA764185,SAMN21471092,13629670612,GEO,public,"sra,run.zq,fastq","s3,gs,ncbi","gs.us-east1,ncbi.public,s3.us-east-1",SRX12221284,Illumina NovaSeq 6000,PAIRED,cDNA,TRANSCRIPTOMIC,Ovis aries,ILLUMINA,2021-12-31T00:00:00Z,2021-09-17T14:27:00Z,1,GSM5584788,SRP337619,,testis,3 month-old,,male,Hu,,,,,,,,testis- healthy sheep,,,,GSM5584788,,,,,,,,,,,,,,,,,,,,,,,,,,,,,,,,,,,,,,,,,,,,,,,,,,,,,,,Sexual maturation,
SRR15886129,RNA-Seq,296,13490889212,PRJNA763055,SAMN21421651,5732623028,LANZHOU UNIVERSITY,public,"fastq,sra,run.zq","gs,s3,ncbi","ncbi.public,s3.us-east-1,gs.us-east1",SRX12176991,HiSeq X Ten,PAIRED,Oligo-dT,TRANSCRIPTOMIC,Ovis aries,ILLUMINA,2023-10-22T00:00:00Z,2021-09-14T09:47:00Z,1,M12_1,SRP336970,M12_1,testis,12-month-old,Model organism or animal,male,Hu sheep,,,,,,,,,,,,,,,,,,,,,,,,,,,,,,,,,,,,,,,,,,,,,,,,,,,,,,,,,,,,,,,,,,,,
SRR15886130,RNA-Seq,296,8301435930,PRJNA763055,SAMN21421650,3563188151,LANZHOU UNIVERSITY,public,"sra,fastq,run.zq","gs,s3,ncbi","ncbi.public,s3.us-east-1,gs.us-east1",SRX12176990,HiSeq X Ten,PAIRED,Oligo-dT,TRANSCRIPTOMIC,Ovis aries,ILLUMINA,2023-10-22T00:00:00Z,2021-09-14T09:42:00Z,1,M6_3,SRP336970,M6_3,testis,6-month-old,Model organism or animal,male,Hu sheep,,,,,,,,,,,,,,,,,,,,,,,,,,,,,,,,,,,,,,,,,,,,,,,,,,,,,,,,,,,,,,,,,,,,
SRR15886131,RNA-Seq,296,6441936512,PRJNA763055,SAMN21421649,2729419619,LANZHOU UNIVERSITY,public,"sra,fastq,run.zq","s3,gs,ncbi","ncbi.public,gs.us-east1,s3.us-east-1",SRX12176989,HiSeq X Ten,PAIRED,Oligo-dT,TRANSCRIPTOMIC,Ovis aries,ILLUMINA,2023-10-22T00:00:00Z,2021-09-14T09:39:00Z,1,M6_2,SRP336970,M6_2,testis,6-month-old,Model organism or animal,male,Hu sheep,,,,,,,,,,,,,,,,,,,,,,,,,,,,,,,,,,,,,,,,,,,,,,,,,,,,,,,,,,,,,,,,,,,,
SRR15886132,RNA-Seq,296,6424902612,PRJNA763055,SAMN21421648,2720684182,LANZHOU UNIVERSITY,public,"fastq,run.zq,sra","ncbi,gs,s3","gs.us-east1,s3.us-east-1,ncbi.public",SRX12176988,HiSeq X Ten,PAIRED,Oligo-dT,TRANSCRIPTOMIC,Ovis aries,ILLUMINA,2023-10-22T00:00:00Z,2021-09-14T09:40:00Z,1,M6_1,SRP336970,M6_1,testis,6-month-old,Model organism or animal,male,Hu sheep,,,,,,,,,,,,,,,,,,,,,,,,,,,,,,,,,,,,,,,,,,,,,,,,,,,,,,,,,,,,,,,,,,,,
SRR15886133,RNA-Seq,288,6338214892,PRJNA763055,SAMN21421647,2711052536,LANZHOU UNIVERSITY,public,"sra,fastq,run.zq","s3,gs,ncbi","s3.us-east-1,gs.us-east1,ncbi.public",SRX12176987,HiSeq X Ten,PAIRED,Oligo-dT,TRANSCRIPTOMIC,Ovis aries,ILLUMINA,2023-10-22T00:00:00Z,2021-09-14T09:42:00Z,1,M3_3,SRP336970,M3_3,testis,3-month-old,Model organism or animal,male,Hu sheep,,,,,,,,,,,,,,,,,,,,,,,,,,,,,,,,,,,,,,,,,,,,,,,,,,,,,,,,,,,,,,,,,,,,
SRR15886134,RNA-Seq,286,6318930950,PRJNA763055,SAMN21421646,2662588067,LANZHOU UNIVERSITY,public,"sra,run.zq,fastq","gs,ncbi,s3","s3.us-east-1,gs.us-east1,ncbi.public",SRX12176986,HiSeq X Ten,PAIRED,Oligo-dT,TRANSCRIPTOMIC,Ovis aries,ILLUMINA,2023-10-22T00:00:00Z,2021-09-14T09:45:00Z,1,M3_2,SRP336970,M3_2,testis,3-month-old,Model organism or animal,male,Hu sheep,,,,,,,,,,,,,,,,,,,,,,,,,,,,,,,,,,,,,,,,,,,,,,,,,,,,,,,,,,,,,,,,,,,,
SRR15886135,RNA-Seq,290,6612706230,PRJNA763055,SAMN21421645,2791996275,LANZHOU UNIVERSITY,public,"sra,fastq,run.zq","gs,s3,ncbi","s3.us-east-1,gs.us-east1,ncbi.public",SRX12176985,HiSeq X Ten,PAIRED,Oligo-dT,TRANSCRIPTOMIC,Ovis aries,ILLUMINA,2023-10-22T00:00:00Z,2021-09-14T09:38:00Z,1,M3_1,SRP336970,M3_1,testis,3-month-old,Model organism or animal,male,Hu sheep,,,,,,,,,,,,,,,,,,,,,,,,,,,,,,,,,,,,,,,,,,,,,,,,,,,,,,,,,,,,,,,,,,,,
SRR15886136,RNA-Seq,294,7009821236,PRJNA763055,SAMN21421644,3055236581,LANZHOU UNIVERSITY,public,"sra,run.zq,fastq","s3,gs,ncbi","s3.us-east-1,ncbi.public,gs.us-east1",SRX12176984,HiSeq X Ten,PAIRED,Oligo-dT,TRANSCRIPTOMIC,Ovis aries,ILLUMINA,2023-10-22T00:00:00Z,2021-09-14T09:44:00Z,1,M0_3,SRP336970,M0_3,testis,0-month-old,Model organism or animal,male,Hu sheep,,,,,,,,,,,,,,,,,,,,,,,,,,,,,,,,,,,,,,,,,,,,,,,,,,,,,,,,,,,,,,,,,,,,
SRR15886137,RNA-Seq,296,7811525962,PRJNA763055,SAMN21421652,3333444721,LANZHOU UNIVERSITY,public,"run.zq,sra,fastq","ncbi,gs,s3","s3.us-east-1,ncbi.public,gs.us-east1",SRX12176983,HiSeq X Ten,PAIRED,Oligo-dT,TRANSCRIPTOMIC,Ovis aries,ILLUMINA,2023-10-22T00:00:00Z,2021-09-14T09:46:00Z,1,M12_3,SRP336970,M12_3,testis,12-month-old,Model organism or animal,male,Hu sheep,,,,,,,,,,,,,,,,,,,,,,,,,,,,,,,,,,,,,,,,,,,,,,,,,,,,,,,,,,,,,,,,,,,,
SRR15886138,RNA-Seq,293,6521124514,PRJNA763055,SAMN21421643,2766887587,LANZHOU UNIVERSITY,public,"fastq,sra,run.zq","gs,s3,ncbi","s3.us-east-1,gs.us-east1,ncbi.public",SRX12176982,HiSeq X Ten,PAIRED,Oligo-dT,TRANSCRIPTOMIC,Ovis aries,ILLUMINA,2023-10-22T00:00:00Z,2021-09-14T09:42:00Z,1,M0_2,SRP336970,M0_2,testis,0-month-old,Model organism or animal,male,Hu sheep,,,,,,,,,,,,,,,,,,,,,,,,,,,,,,,,,,,,,,,,,,,,,,,,,,,,,,,,,,,,,,,,,,,,
SRR15886139,RNA-Seq,292,6617892522,PRJNA763055,SAMN21421642,2814089221,LANZHOU UNIVERSITY,public,"run.zq,sra,fastq","gs,ncbi,s3","ncbi.public,gs.us-east1,s3.us-east-1",SRX12176981,HiSeq X Ten,PAIRED,Oligo-dT,TRANSCRIPTOMIC,Ovis aries,ILLUMINA,2023-10-22T00:00:00Z,2021-09-14T09:37:00Z,1,M0_1,SRP336970,M0_1,testis,0-month-old,Model organism or animal,male,Hu sheep,,,,,,,,,,,,,,,,,,,,,,,,,,,,,,,,,,,,,,,,,,,,,,,,,,,,,,,,,,,,,,,,,,,,
SRR27630974,RNA-Seq,300,7909989300,PRJNA1066045,SAMN39477168,2537050718,NANJING AGRICULTURAL UNIVERSITY,public,"sra,fastq,run.zq","s3,ncbi,gs","s3.us-east-1,ncbi.public,gs.us-east1",SRX23301319,Illumina NovaSeq 6000,PAIRED,Oligo-dT,TRANSCRIPTOMIC,Ovis aries,ILLUMINA,2026-02-02T00:00:00Z,2024-01-18T19:44:00Z,1,Testis5,SRP484551,T5,testis,embryo 120day,Model organism or animal,male,Hu sheep,2023-03-05,China,Asia,China:Nanjing,,,,,,,,,,,,,,,,,,,,,,,,,,,,,,,,,,,,,,,,,,,replicate=biological replicate 10,,,,,,,,,,,,,,,,,,,,,
SRR27630976,RNA-Seq,300,6092209800,PRJNA1066045,SAMN39477166,1961305004,NANJING AGRICULTURAL UNIVERSITY,public,"sra,fastq,run.zq","s3,ncbi,gs","ncbi.public,gs.us-east1,s3.us-east-1",SRX23301313,Illumina NovaSeq 6000,PAIRED,Oligo-dT,TRANSCRIPTOMIC,Ovis aries,ILLUMINA,2026-02-02T00:00:00Z,2024-01-18T19:47:00Z,1,Testis3,SRP484551,T3,testis,embryo 120day,Model organism or animal,male,Hu sheep,2023-03-05,China,Asia,China:Nanjing,,,,,,,,,,,,,,,,,,,,,,,,,,,,,,,,,,,,,,,,,,,replicate=biological replicate 8,,,,,,,,,,,,,,,,,,,,,
SRR27630977,RNA-Seq,300,7094496000,PRJNA1066045,SAMN39477165,2274403315,NANJING AGRICULTURAL UNIVERSITY,public,"sra,fastq,run.zq","gs,ncbi,s3","gs.us-east1,ncbi.public,s3.us-east-1",SRX23301310,Illumina NovaSeq 6000,PAIRED,Oligo-dT,TRANSCRIPTOMIC,Ovis aries,ILLUMINA,2026-02-02T00:00:00Z,2024-01-18T19:46:00Z,1,Testis2,SRP484551,T2,testis,embryo 120day,Model organism or animal,male,Hu sheep,2023-03-05,China,Asia,China:Nanjing,,,,,,,,,,,,,,,,,,,,,,,,,,,,,,,,,,,,,,,,,,,replicate=biological replicate 7,,,,,,,,,,,,,,,,,,,,,
SRR27630981,RNA-Seq,293,17892468082,PRJNA1066045,SAMN39477186,7361988658,NANJING AGRICULTURAL UNIVERSITY,public,"run.zq,fastq,sra","gs,s3,ncbi","s3.us-east-1,ncbi.public,gs.us-east1",SRX23301302,Illumina NovaSeq 6000,PAIRED,Oligo-dT,TRANSCRIPTOMIC,Ovis aries,ILLUMINA,2026-02-02T00:00:00Z,2024-01-18T20:22:00Z,1,Testis14,SRP484551,T14,testis,postnatal 9M day,Model organism or animal,male,Hu sheep,missing,China,Asia,China:Nanjing,,,,,,,,,,,,,,,,,,,,,,,,,,,,,,,,,,,,,,,,,,,replicate=biological replicate 28,,,,,,,,,,,,,,,,,,,,,
SRR27630982,RNA-Seq,294,18166745994,PRJNA1066045,SAMN39477185,7434983408,NANJING AGRICULTURAL UNIVERSITY,public,"fastq,run.zq,sra","gs,ncbi,s3","s3.us-east-1,gs.us-east1,ncbi.public",SRX23301300,Illumina NovaSeq 6000,PAIRED,Oligo-dT,TRANSCRIPTOMIC,Ovis aries,ILLUMINA,2026-02-02T00:00:00Z,2024-01-18T20:15:00Z,1,Testis13,SRP484551,T13,testis,postnatal 9M day,Model organism or animal,male,Hu sheep,missing,China,Asia,China:Nanjing,,,,,,,,,,,,,,,,,,,,,,,,,,,,,,,,,,,,,,,,,,,replicate=biological replicate 27,,,,,,,,,,,,,,,,,,,,,
SRR27630983,RNA-Seq,294,15476576054,PRJNA1066045,SAMN39477184,6364959322,NANJING AGRICULTURAL UNIVERSITY,public,"sra,fastq,run.zq","s3,ncbi,gs","gs.us-east1,ncbi.public,s3.us-east-1",SRX23301298,Illumina NovaSeq 6000,PAIRED,Oligo-dT,TRANSCRIPTOMIC,Ovis aries,ILLUMINA,2026-02-02T00:00:00Z,2024-01-18T20:10:00Z,1,Testis12,SRP484551,T12,testis,postnatal 9M day,Model organism or animal,male,Hu sheep,missing,China,Asia,China:Nanjing,,,,,,,,,,,,,,,,,,,,,,,,,,,,,,,,,,,,,,,,,,,replicate=biological replicate 26,,,,,,,,,,,,,,,,,,,,,
SRR27630984,RNA-Seq,296,12361304850,PRJNA1066045,SAMN39477183,5105803361,NANJING AGRICULTURAL UNIVERSITY,public,"run.zq,sra,fastq","gs,ncbi,s3","gs.us-east1,ncbi.public,s3.us-east-1",SRX23301296,Illumina NovaSeq 6000,PAIRED,Oligo-dT,TRANSCRIPTOMIC,Ovis aries,ILLUMINA,2026-02-02T00:00:00Z,2024-01-18T19:59:00Z,1,Testis11,SRP484551,T11,testis,postnatal 3M day,Model organism or animal,male,Hu sheep,missing,China,Asia,China:Nanjing,,,,,,,,,,,,,,,,,,,,,,,,,,,,,,,,,,,,,,,,,,,replicate=biological replicate 25,,,,,,,,,,,,,,,,,,,,,
SRR27630986,RNA-Seq,297,11906401508,PRJNA1066045,SAMN39477181,4908427435,NANJING AGRICULTURAL UNIVERSITY,public,"fastq,run.zq,sra","ncbi,s3,gs","ncbi.public,s3.us-east-1,gs.us-east1",SRX23301291,Illumina NovaSeq 6000,PAIRED,Oligo-dT,TRANSCRIPTOMIC,Ovis aries,ILLUMINA,2026-02-02T00:00:00Z,2024-01-18T20:01:00Z,1,Testis9,SRP484551,T9,testis,postnatal 3M day,Model organism or animal,male,Hu sheep,missing,China,Asia,China:Nanjing,,,,,,,,,,,,,,,,,,,,,,,,,,,,,,,,,,,,,,,,,,,replicate=biological replicate 23,,,,,,,,,,,,,,,,,,,,,
SRR27630994,RNA-Seq,300,6324387600,PRJNA1066045,SAMN39477174,2070582283,NANJING AGRICULTURAL UNIVERSITY,public,"sra,fastq,run.zq","s3,ncbi,gs","ncbi.public,gs.us-east1,s3.us-east-1",SRX23301273,Illumina NovaSeq 6000,PAIRED,Oligo-dT,TRANSCRIPTOMIC,Ovis aries,ILLUMINA,2026-02-02T00:00:00Z,2024-01-18T19:49:00Z,1,Testis8,SRP484551,T8,testis,postnatal 0 day,Model organism or animal,male,Hu sheep,2023-03-05,China,Asia,China:Nanjing,,,,,,,,,,,,,,,,,,,,,,,,,,,,,,,,,,,,,,,,,,,replicate=biological replicate 16,,,,,,,,,,,,,,,,,,,,,
SRR27630995,RNA-Seq,300,6623912700,PRJNA1066045,SAMN39477173,2223499922,NANJING AGRICULTURAL UNIVERSITY,public,"run.zq,sra,fastq","s3,gs,ncbi","s3.us-east-1,ncbi.public,gs.us-east1",SRX23301271,Illumina NovaSeq 6000,PAIRED,Oligo-dT,TRANSCRIPTOMIC,Ovis aries,ILLUMINA,2026-02-02T00:00:00Z,2024-01-18T19:46:00Z,1,Testis7,SRP484551,T7,testis,postnatal 0 day,Model organism or animal,male,Hu sheep,2023-03-05,China,Asia,China:Nanjing,,,,,,,,,,,,,,,,,,,,,,,,,,,,,,,,,,,,,,,,,,,replicate=biological replicate 15,,,,,,,,,,,,,,,,,,,,,
SRR27630996,RNA-Seq,300,8561123700,PRJNA1066045,SAMN39477172,2766732971,NANJING AGRICULTURAL UNIVERSITY,public,"sra,run.zq,fastq","gs,s3,ncbi","ncbi.public,s3.us-east-1,gs.us-east1",SRX23301269,Illumina NovaSeq 6000,PAIRED,Oligo-dT,TRANSCRIPTOMIC,Ovis aries,ILLUMINA,2026-02-02T00:00:00Z,2024-01-18T19:46:00Z,1,Testis6,SRP484551,T6,testis,postnatal 0 day,Model organism or animal,male,Hu sheep,2023-03-05,China,Asia,China:Nanjing,,,,,,,,,,,,,,,,,,,,,,,,,,,,,,,,,,,,,,,,,,,replicate=biological replicate 14,,,,,,,,,,,,,,,,,,,,,
DRR1108301,RNA-Seq,300,8678538600,PRJDB43899,SAMD02041020,3197464775,"JIANGSU COLLABORATIVE INNOVATION CENTER FOR SOLID ",public,"run.zq,sra","gs,ncbi,s3","gs.us-east1,ncbi.public,s3.us-east-1",DRX1081798,Illumina HiSeq 1500,PAIRED,PolyA,TRANSCRIPTOMIC,Ovis aries,ILLUMINA,2026-09-26T00:00:00Z,2026-09-27T08:09:00Z,1,SAMD02041020,DRP019798,missing,testis,6 Month,,male,Hu sheep,missing: data agreement established pre-2023,uncalculated,uncalculated,missing: data agreement established pre-2023,missing,missing,missing,,missing,SAMC5927048_S1,missing,,,,,,,,,,,,,,,,,,,,,,,,,,,,,,,,,,,,,Lanzhou University,,,,,PRJCA046721,2026-01-01T00:00:00Z,2026-01-01T00:00:00Z,2026-01-01T00:00:00Z,SAMC5927048,2025-09-22,2025-09-22,,,,,,,,,
DRR1108302,RNA-Seq,300,13738990800,PRJDB43899,SAMD02041021,5255848950,"JIANGSU COLLABORATIVE INNOVATION CENTER FOR SOLID ",public,"run.zq,sra","gs,ncbi,s3","gs.us-east1,ncbi.public,s3.us-east-1",DRX1081799,Illumina HiSeq 1500,PAIRED,PolyA,TRANSCRIPTOMIC,Ovis aries,ILLUMINA,2026-09-26T00:00:00Z,2026-09-27T08:13:00Z,1,SAMD02041021,DRP019798,missing,testis,6 Month,,male,Hu sheep,missing: data agreement established pre-2023,uncalculated,uncalculated,missing: data agreement established pre-2023,missing,missing,missing,,missing,SAMC5927049_S2,missing,,,,,,,,,,,,,,,,,,,,,,,,,,,,,,,,,,,,,Lanzhou University,,,,,PRJCA046721,2026-01-01T00:00:00Z,2026-01-01T00:00:00Z,2026-01-01T00:00:00Z,SAMC5927049,2025-09-22,2025-09-22,,,,,,,,,
DRR1108303,RNA-Seq,300,11336837400,PRJDB43899,SAMD02041022,4215231651,"JIANGSU COLLABORATIVE INNOVATION CENTER FOR SOLID ",public,"run.zq,sra","gs,ncbi,s3","gs.us-east1,ncbi.public,s3.us-east-1",DRX1081800,Illumina HiSeq 1500,PAIRED,PolyA,TRANSCRIPTOMIC,Ovis aries,ILLUMINA,2026-09-26T00:00:00Z,2026-09-27T08:10:00Z,1,SAMD02041022,DRP019798,missing,testis,6 Month,,male,Hu sheep,missing: data agreement established pre-2023,uncalculated,uncalculated,missing: data agreement established pre-2023,missing,missing,missing,,missing,SAMC5927050_S3,missing,,,,,,,,,,,,,,,,,,,,,,,,,,,,,,,,,,,,,Lanzhou University,,,,,PRJCA046721,2026-01-01T00:00:00Z,2026-01-01T00:00:00Z,2026-01-01T00:00:00Z,SAMC5927050,2025-09-22,2025-09-22,,,,,,,,,
DRR1108304,RNA-Seq,300,13167064200,PRJDB43899,SAMD02041023,4882162068,"JIANGSU COLLABORATIVE INNOVATION CENTER FOR SOLID ",public,"run.zq,sra","gs,ncbi,s3","gs.us-east1,ncbi.public,s3.us-east-1",DRX1081801,Illumina HiSeq 1500,PAIRED,PolyA,TRANSCRIPTOMIC,Ovis aries,ILLUMINA,2026-09-26T00:00:00Z,2026-09-27T08:12:00Z,1,SAMD02041023,DRP019798,missing,testis,6 Month,,male,Hu sheep,missing: data agreement established pre-2023,uncalculated,uncalculated,missing: data agreement established pre-2023,missing,missing,missing,,missing,SAMC5927051_S4,missing,,,,,,,,,,,,,,,,,,,,,,,,,,,,,,,,,,,,,Lanzhou University,,,,,PRJCA046721,2026-01-01T00:00:00Z,2026-01-01T00:00:00Z,2026-01-01T00:00:00Z,SAMC5927051,2025-09-22,2025-09-22,,,,,,,,,
DRR1108305,RNA-Seq,300,12043897200,PRJDB43899,SAMD02041024,4459621150,"JIANGSU COLLABORATIVE INNOVATION CENTER FOR SOLID ",public,"run.zq,sra","gs,ncbi,s3","gs.us-east1,ncbi.public,s3.us-east-1",DRX1081802,Illumina HiSeq 1500,PAIRED,PolyA,TRANSCRIPTOMIC,Ovis aries,ILLUMINA,2026-09-26T00:00:00Z,2026-09-27T08:11:00Z,1,SAMD02041024,DRP019798,missing,testis,6 Month,,male,Hu sheep,missing: data agreement established pre-2023,uncalculated,uncalculated,missing: data agreement established pre-2023,missing,missing,missing,,missing,SAMC5927052_S5,missing,,,,,,,,,,,,,,,,,,,,,,,,,,,,,,,,,,,,,Lanzhou University,,,,,PRJCA046721,2026-01-01T00:00:00Z,2026-01-01T00:00:00Z,2026-01-01T00:00:00Z,SAMC5927052,2025-09-22,2025-09-22,,,,,,,,,
DRR1108306,RNA-Seq,300,11652313500,PRJDB43899,SAMD02041025,4331109898,"JIANGSU COLLABORATIVE INNOVATION CENTER FOR SOLID ",public,"run.zq,sra","gs,ncbi,s3","gs.us-east1,ncbi.public,s3.us-east-1",DRX1081803,Illumina HiSeq 1500,PAIRED,PolyA,TRANSCRIPTOMIC,Ovis aries,ILLUMINA,2026-09-26T00:00:00Z,2026-09-27T08:12:00Z,1,SAMD02041025,DRP019798,missing,testis,6 Month,,male,Hu sheep,missing: data agreement established pre-2023,uncalculated,uncalculated,missing: data agreement established pre-2023,missing,missing,missing,,missing,SAMC5927053_W1,missing,,,,,,,,,,,,,,,,,,,,,,,,,,,,,,,,,,,,,Lanzhou University,,,,,PRJCA046721,2026-01-01T00:00:00Z,2026-01-01T00:00:00Z,2026-01-01T00:00:00Z,SAMC5927053,2025-09-22,2025-09-22,,,,,,,,,
DRR1108307,RNA-Seq,300,12673745400,PRJDB43899,SAMD02041026,4699600703,"JIANGSU COLLABORATIVE INNOVATION CENTER FOR SOLID ",public,"run.zq,sra","gs,ncbi,s3","gs.us-east1,ncbi.public,s3.us-east-1",DRX1081804,Illumina HiSeq 1500,PAIRED,PolyA,TRANSCRIPTOMIC,Ovis aries,ILLUMINA,2026-09-26T00:00:00Z,2026-09-27T08:12:00Z,1,SAMD02041026,DRP019798,missing,testis,6 Month,,male,Hu sheep,missing: data agreement established pre-2023,uncalculated,uncalculated,missing: data agreement established pre-2023,missing,missing,missing,,missing,SAMC5927054_W2,missing,,,,,,,,,,,,,,,,,,,,,,,,,,,,,,,,,,,,,Lanzhou University,,,,,PRJCA046721,2026-01-01T00:00:00Z,2026-01-01T00:00:00Z,2026-01-01T00:00:00Z,SAMC5927054,2025-09-22,2025-09-22,,,,,,,,,
DRR1108308,RNA-Seq,300,11951819400,PRJDB43899,SAMD02041027,4420873025,"JIANGSU COLLABORATIVE INNOVATION CENTER FOR SOLID ",public,"run.zq,sra","gs,ncbi,s3","gs.us-east1,ncbi.public,s3.us-east-1",DRX1081805,Illumina HiSeq 1500,PAIRED,PolyA,TRANSCRIPTOMIC,Ovis aries,ILLUMINA,2026-09-26T00:00:00Z,2026-09-27T08:11:00Z,1,SAMD02041027,DRP019798,missing,testis,6 Month,,male,Hu sheep,missing: data agreement established pre-2023,uncalculated,uncalculated,missing: data agreement established pre-2023,missing,missing,missing,,missing,SAMC5927055_W3,missing,,,,,,,,,,,,,,,,,,,,,,,,,,,,,,,,,,,,,Lanzhou University,,,,,PRJCA046721,2026-01-01T00:00:00Z,2026-01-01T00:00:00Z,2026-01-01T00:00:00Z,SAMC5927055,2025-09-22,2025-09-22,,,,,,,,,
DRR1108309,RNA-Seq,300,13759748700,PRJDB43899,SAMD02041028,5117704616,"JIANGSU COLLABORATIVE INNOVATION CENTER FOR SOLID ",public,"run.zq,sra","gs,ncbi,s3","gs.us-east1,ncbi.public,s3.us-east-1",DRX1081806,Illumina HiSeq 1500,PAIRED,PolyA,TRANSCRIPTOMIC,Ovis aries,ILLUMINA,2026-09-26T00:00:00Z,2026-09-27T08:14:00Z,1,SAMD02041028,DRP019798,missing,testis,6 Month,,male,Hu sheep,missing: data agreement established pre-2023,uncalculated,uncalculated,missing: data agreement established pre-2023,missing,missing,missing,,missing,SAMC5927056_W4,missing,,,,,,,,,,,,,,,,,,,,,,,,,,,,,,,,,,,,,Lanzhou University,,,,,PRJCA046721,2026-01-01T00:00:00Z,2026-01-01T00:00:00Z,2026-01-01T00:00:00Z,SAMC5927056,2025-09-22,2025-09-22,,,,,,,,,
DRR1108310,RNA-Seq,300,7997952000,PRJDB43899,SAMD02041029,3012214102,"JIANGSU COLLABORATIVE INNOVATION CENTER FOR SOLID ",public,"run.zq,sra","gs,ncbi,s3","gs.us-east1,ncbi.public,s3.us-east-1",DRX1081807,Illumina HiSeq 1500,PAIRED,PolyA,TRANSCRIPTOMIC,Ovis aries,ILLUMINA,2026-09-26T00:00:00Z,2026-09-27T08:08:00Z,1,SAMD02041029,DRP019798,missing,testis,6 Month,,male,Hu sheep,missing: data agreement established pre-2023,uncalculated,uncalculated,missing: data agreement established pre-2023,missing,missing,missing,,missing,SAMC5927057_W5,missing,,,,,,,,,,,,,,,,,,,,,,,,,,,,,,,,,,,,,Lanzhou University,,,,,PRJCA046721,2026-01-01T00:00:00Z,2026-01-01T00:00:00Z,2026-01-01T00:00:00Z,SAMC5927057,2025-09-22,2025-09-22,,,,,,,,,
DRR1105445,RNA-Seq,300,91500077700,PRJDB43613,SAMD02038964,40860430714,"JIANGSU COLLABORATIVE INNOVATION CENTER FOR SOLID ",public,"run.zq,sra","gs,ncbi,s3","gs.us-east1,ncbi.public,s3.us-east-1",DRX1078974,Illumina NovaSeq 6000,PAIRED,cDNA,TRANSCRIPTOMIC,Ovis aries,ILLUMINA,2026-09-25T00:00:00Z,2026-09-26T05:08:00Z,1,SAMD02038964,DRP019628,missing,Testis,1 Day,,male,missing,missing: data agreement established pre-2023,uncalculated,uncalculated,missing: data agreement established pre-2023,missing,missing,missing,,missing,SAMC4772369_T0M-1,missing,,,,,,,,,,,,,,,,,,,,,,,,,,,,,,,,,,,,,Gansu Agricultural University,,,,,PRJCA035469,2026-01-23T00:00:00Z,2026-01-23T00:00:00Z,2026-01-23T00:00:00Z,SAMC4772369,2025-02-24,2025-02-24,,,,,,,,,
DRR1105446,RNA-Seq,300,94311287400,PRJDB43613,SAMD02038965,41978532399,"JIANGSU COLLABORATIVE INNOVATION CENTER FOR SOLID ",public,"run.zq,sra","gs,ncbi,s3","gs.us-east1,ncbi.public,s3.us-east-1",DRX1078975,Illumina NovaSeq 6000,PAIRED,cDNA,TRANSCRIPTOMIC,Ovis aries,ILLUMINA,2026-09-25T00:00:00Z,2026-09-26T05:01:00Z,1,SAMD02038965,DRP019628,missing,Testis,1 Day,,male,missing,missing: data agreement established pre-2023,uncalculated,uncalculated,missing: data agreement established pre-2023,missing,missing,missing,,missing,SAMC4772370_T0M-2,missing,,,,,,,,,,,,,,,,,,,,,,,,,,,,,,,,,,,,,Gansu Agricultural University,,,,,PRJCA035469,2026-01-23T00:00:00Z,2026-01-23T00:00:00Z,2026-01-23T00:00:00Z,SAMC4772370,2025-02-24,2025-02-24,,,,,,,,,
DRR1105447,RNA-Seq,300,88545340800,PRJDB43613,SAMD02038966,39485299860,"JIANGSU COLLABORATIVE INNOVATION CENTER FOR SOLID ",public,"run.zq,sra","gs,ncbi,s3","gs.us-east1,ncbi.public,s3.us-east-1",DRX1078976,Illumina NovaSeq 6000,PAIRED,cDNA,TRANSCRIPTOMIC,Ovis aries,ILLUMINA,2026-09-25T00:00:00Z,2026-09-26T04:56:00Z,1,SAMD02038966,DRP019628,missing,Testis,3 Month,,male,missing,missing: data agreement established pre-2023,uncalculated,uncalculated,missing: data agreement established pre-2023,missing,missing,missing,,missing,SAMC4772371_T3M-1,missing,,,,,,,,,,,,,,,,,,,,,,,,,,,,,,,,,,,,,Gansu Agricultural University,,,,,PRJCA035469,2026-01-23T00:00:00Z,2026-01-23T00:00:00Z,2026-01-23T00:00:00Z,SAMC4772371,2025-02-24,2025-02-24,,,,,,,,,
DRR1105448,RNA-Seq,300,91322253000,PRJDB43613,SAMD02038967,40669630052,"JIANGSU COLLABORATIVE INNOVATION CENTER FOR SOLID ",public,"run.zq,sra","gs,ncbi,s3","gs.us-east1,ncbi.public,s3.us-east-1",DRX1078977,Illumina NovaSeq 6000,PAIRED,cDNA,TRANSCRIPTOMIC,Ovis aries,ILLUMINA,2026-09-25T00:00:00Z,2026-09-26T05:09:00Z,1,SAMD02038967,DRP019628,missing,Testis,3 Month,,male,missing,missing: data agreement established pre-2023,uncalculated,uncalculated,missing: data agreement established pre-2023,missing,missing,missing,,missing,SAMC4772372_T3M-2,missing,,,,,,,,,,,,,,,,,,,,,,,,,,,,,,,,,,,,,Gansu Agricultural University,,,,,PRJCA035469,2026-01-23T00:00:00Z,2026-01-23T00:00:00Z,2026-01-23T00:00:00Z,SAMC4772372,2025-02-24,2025-02-24,,,,,,,,,
DRR1105449,RNA-Seq,300,97748358600,PRJDB43613,SAMD02038968,43634517766,"JIANGSU COLLABORATIVE INNOVATION CENTER FOR SOLID ",public,"run.zq,sra","gs,ncbi,s3","gs.us-east1,ncbi.public,s3.us-east-1",DRX1078978,Illumina NovaSeq 6000,PAIRED,cDNA,TRANSCRIPTOMIC,Ovis aries,ILLUMINA,2026-09-25T00:00:00Z,2026-09-26T05:14:00Z,1,SAMD02038968,DRP019628,missing,Testis,1 Year,,male,missing,missing: data agreement established pre-2023,uncalculated,uncalculated,missing: data agreement established pre-2023,missing,missing,missing,,missing,SAMC4772373_T1Y-1,missing,,,,,,,,,,,,,,,,,,,,,,,,,,,,,,,,,,,,,Gansu Agricultural University,,,,,PRJCA035469,2026-01-23T00:00:00Z,2026-01-23T00:00:00Z,2026-01-23T00:00:00Z,SAMC4772373,2025-02-24,2025-02-24,,,,,,,,,
DRR1105450,RNA-Seq,300,95056318800,PRJDB43613,SAMD02038969,42355751679,"JIANGSU COLLABORATIVE INNOVATION CENTER FOR SOLID ",public,"run.zq,sra","gs,ncbi,s3","gs.us-east1,ncbi.public,s3.us-east-1",DRX1078979,Illumina NovaSeq 6000,PAIRED,cDNA,TRANSCRIPTOMIC,Ovis aries,ILLUMINA,2026-09-25T00:00:00Z,2026-09-26T05:10:00Z,1,SAMD02038969,DRP019628,missing,Testis,1 Year,,male,missing,missing: data agreement established pre-2023,uncalculated,uncalculated,missing: data agreement established pre-2023,missing,missing,missing,,missing,SAMC4772374_T1Y-2,missing,,,,,,,,,,,,,,,,,,,,,,,,,,,,,,,,,,,,,Gansu Agricultural University,,,,,PRJCA035469,2026-01-23T00:00:00Z,2026-01-23T00:00:00Z,2026-01-23T00:00:00Z,SAMC4772374,2025-02-24,2025-02-24,,,,,,,,,
DRR1105451,RNA-Seq,300,95544581100,PRJDB43613,SAMD02038970,42457046239,"JIANGSU COLLABORATIVE INNOVATION CENTER FOR SOLID ",public,"run.zq,sra","gs,ncbi,s3","gs.us-east1,ncbi.public,s3.us-east-1",DRX1078980,Illumina NovaSeq 6000,PAIRED,cDNA,TRANSCRIPTOMIC,Ovis aries,ILLUMINA,2026-09-25T00:00:00Z,2026-09-26T05:00:00Z,1,SAMD02038970,DRP019628,missing,Testis,3 Year,,male,missing,missing: data agreement established pre-2023,uncalculated,uncalculated,missing: data agreement established pre-2023,missing,missing,missing,,missing,SAMC4772375_T3Y-1,missing,,,,,,,,,,,,,,,,,,,,,,,,,,,,,,,,,,,,,Gansu Agricultural University,,,,,PRJCA035469,2026-01-23T00:00:00Z,2026-01-23T00:00:00Z,2026-01-23T00:00:00Z,SAMC4772375,2025-02-24,2025-02-24,,,,,,,,,
DRR1105452,RNA-Seq,300,91539052500,PRJDB43613,SAMD02038971,40934075505,"JIANGSU COLLABORATIVE INNOVATION CENTER FOR SOLID ",public,"run.zq,sra","gs,ncbi,s3","gs.us-east1,ncbi.public,s3.us-east-1",DRX1078981,Illumina NovaSeq 6000,PAIRED,cDNA,TRANSCRIPTOMIC,Ovis aries,ILLUMINA,2026-09-25T00:00:00Z,2026-09-26T05:18:00Z,1,SAMD02038971,DRP019628,missing,Testis,3 Year,,male,missing,missing: data agreement established pre-2023,uncalculated,uncalculated,missing: data agreement established pre-2023,missing,missing,missing,,missing,SAMC4772376_T3Y-2,missing,,,,,,,,,,,,,,,,,,,,,,,,,,,,,,,,,,,,,Gansu Agricultural University,,,,,PRJCA035469,2026-01-23T00:00:00Z,2026-01-23T00:00:00Z,2026-01-23T00:00:00Z,SAMC4772376,2025-02-24,2025-02-24,,,,,,,,,
